response,onset,offset,subject,trial
number two,5.13452203049895,6.08893714594271,S1,1
number one,1.44458195165616,2.06099584251371,S1,10
number two,0.948999892326408,1.60565272213303,S1,100
number one,1.24310781983476,1.89513171372967,S1,11
number two,4.28221553681714,4.91707863868439,S1,12
number one,1.99258702999272,2.62795838335334,S1,13
number four,2.21724328606945,2.96409354424501,S1,14
number one,1.32693748342711,2.02172624230415,S1,15
number one,1.14879254191637,1.8203162839433,S1,16
number three,3.92881724577381,4.62376510443535,S1,17
number one,2.76271701290958,3.43026788868158,S1,18
number three,1.7975008605852,2.53650258175559,S1,19
number one,6.25901655119879,7.12683008625137,S1,2
number one,2.88914071652757,3.62042310900264,S1,20
number two,4.21390595756375,5.02196161356109,S1,21
number three,1.44073908438878,2.077017306521,S1,22
number three,5.95250967857022,6.65454133460613,S1,23
number one,3.17787747388112,3.78466303147765,S1,24
number three,4.96380641252485,5.7024861735859,S1,26
number two,2.03539056104369,2.69157419112223,S1,27
number one,6.12409516417009,7.01549943672248,S1,28
number three,5.72634119029138,6.45377664640153,S1,29
number two,4.94850662514002,5.59854408590746,S1,30
number one,2.48184411113843,3.19830997459225,S1,31
number two,1.23437143532112,1.94368455816061,S1,32
number three,3.36347635279011,4.03529168133117,S1,33
number one,1.06257607942776,1.75859308864108,S1,34
number three,2.78046844762001,3.51116168877189,S1,35
number one,2.69482104166968,3.43016096076985,S1,36
number two,1.91861968883939,2.52851907027871,S1,37
number one,4.91775410887246,5.5986302183524,S1,38
number three,3.32463844332914,4.06148277142182,S1,39
number two,6.35141889974622,7.10790540706421,S1,4
number one,1.69348182003725,2.41405284362741,S1,40
number one,6.23869977870666,6.96573497832868,S1,41
number three,5.1075269047378,5.84724872117522,S1,42
number two,1.19997893454571,1.90678464478161,S1,43
number two,5.61409577164199,6.34075973843353,S1,44
number two,3.88200951063156,4.62008787450723,S1,45
number one,5.11102355158931,5.9510781276366,S1,46
number two,2.33142168031871,3.01586634975275,S1,47
number one,3.59994096915875,4.35982969573371,S1,48
number two,2.96781299507755,3.63006883717342,S1,49
number two,2.08902603189828,2.81203715661674,S1,5
number one,1.60721028009597,2.33850925751827,S1,50
number one,3.35594856095049,4.09686989333886,S1,51
number two,4.96935155749047,5.731087962896,S1,52
number one,2.27172622623346,2.86333096451432,S1,53
number one,1.63766510941726,2.31643570199164,S1,54
number two,2.51753649250865,3.12950368902581,S1,55
number two,5.48672922663041,6.14211928626872,S1,56
number two,1.17878383481907,1.84305436230717,S1,57
number one,1.74765940432398,2.663313955301,S1,58
number one,3.53870526845276,4.20086179371347,S1,59
number two,5.10984935661011,6.28412812835978,S1,6
number two,1.89061077925146,2.51803582155754,S1,60
number one,2.85734582989822,3.56478205740127,S1,61
number three,7.34413863858796,8.01732801072236,S1,62
number one,1.66019073974972,2.33929573114386,S1,63
number three,3.22351482601073,3.94198399681158,S1,64
number two,1.44383516619499,2.14738482702318,S1,65
number one,2.01684583230883,2.68812754981511,S1,66
number two,1.76244961599097,2.45871260311353,S1,67
number one,1.54995078834747,2.29913373863602,S1,68
number two,6.38212846584417,7.05555446274896,S1,69
number one,2.99704377172556,3.78261023927643,S1,7
number three,2.38797016637981,3.02700467174822,S1,70
number one,1.22615664096964,1.87398762878645,S1,71
number three,4.62496789880611,5.40283567242158,S1,72
number one,1.41494405955153,2.14215629384284,S1,73
number one,3.41423021256696,4.10159007217345,S1,74
number one,3.20255785527062,3.94134088655543,S1,75
number one,4.42130281831608,5.13007066280327,S1,76
number one,1.26079254191637,1.92916350475933,S1,77
number one,2.85338624445762,3.52333055953305,S1,78
number one,2.7297811011955,3.43687839794552,S1,79
number four,1.58458907418389,2.46313904839044,S1,8
number two,3.61439788766912,5.02102945595909,S1,80
number two,2.59820770717926,3.25043669515999,S1,81
number two,3.0808107660735,3.77272126521291,S1,82
number two,1.65799371636205,2.36080833618588,S1,83
number two,1.0029178129083,1.68254233741689,S1,84
number four,4.63680417709252,5.32294080041655,S1,85
number two,2.45911632444142,3.16177300157011,S1,87
number one,7.49743038741601,8.28854104854793,S1,88
number four,2.5273058556756,3.5256251834067,S1,89
number four,3.75476399073686,4.42431952379345,S1,9
number one,2.45296060914326,3.34435880697661,S1,90
number two,2.52168795550349,3.17589874825432,S1,91
number one,1.3116391552605,2.0539637477481,S1,92
number two,5.93019459350005,6.67963017496155,S1,93
number two,5.30896483894763,5.94027760501791,S1,95
number one,2.44478701360062,3.00581952298992,S1,96
number one,2.55374708276885,3.24174546284377,S1,97
number four,1.59028054595332,2.28591494429097,S1,98
number one,5.8911188378966,6.57439783624293,S1,99
number one,4.1669252933212,5.09000037464084,S10,1
number one,3.10958844788252,3.99727995860646,S10,10
number one,5.97136905763591,8.89277161776302,S10,100
number two,3.11487861006214,3.84941367406531,S10,11
number one,4.08206312393107,5.02085767125937,S10,12
number three,5.42996131192633,9.54204867768257,S10,13
number one,4.94400721864971,5.90438700927795,S10,14
number one,3.89027431885841,4.72697525845032,S10,15
number two,2.76561370136,3.5986082226953,S10,16
number two,3.31621903431747,4.23813717102232,S10,17
number four,3.32538220423458,4.12574713126199,S10,18
number two,1.312602771488,2.12246345268756,S10,19
number one,2.48166261212531,3.3438949712094,S10,2
number one,4.01096593758142,4.99527868824451,S10,20
number four,7.17382585546552,8.44067032399111,S10,21
number one,4.42617906001758,5.67738105305805,S10,23
number one,2.04262590525492,2.79814149098513,S10,25
number two,1.86899096041681,2.64838766662823,S10,26
number one,4.72179544732055,5.58332313992957,S10,28
number two,6.09942574270717,7.07763372695028,S10,3
number two,1.78902045494252,2.59443644356418,S10,33
number three,4.21344414648091,5.14896269760932,S10,34
number three,6.11008806988577,7.69392020638195,S10,35
number three,3.24135406590059,4.02739611964019,S10,37
number two,1.90555544775987,2.70970938487513,S10,38
number four,4.96559782895429,5.77656998532962,S10,39
number three,6.6276580541984504,7.58630187875671,S10,4
number four,4.28092269036056,6.43175455777432,S10,40
number two,3.15341113171432,4.07127754601706,S10,41
number one,2.67176693922703,3.5461978481948,S10,42
number one,3.13225585081403,4.1670730669641,S10,43
number two,4.69362391713644,5.61690954172801,S10,44
number two,2.64784100258933,3.41552625302819,S10,45
number two,1.7532919812826,2.5900656280451,S10,46
number three,2.45218199246691,3.22300727010689,S10,47
number one,3.95431215310892,4.85844525921709,S10,48
number one,4.24580709820329,5.12395837378214,S10,49
number two,2.329709165216,3.03752774874413,S10,5
number three,6.79533266744076,7.73325253213074,S10,52
number one,3.93472022688347,4.70188279843285,S10,55
number one,5.96315553432184,7.30095341497738,S10,56
number four,4.05438641091022,4.92038691246523,S10,57
number three,4.32865907744388,5.70385699946855,S10,58
number two,2.66387028152368,3.43380264481791,S10,59
number one,7.36503310568106,8.31323257813306,S10,6
number two,2.40835589822379,3.35148596754455,S10,60
number two,1.94825388689874,2.95878361318516,S10,61
number two,4.49570912494516,5.48933893708169,S10,62
number two,1.02466075580231,1.68188690036364,S10,63
number one,4.8082027006276,5.97508096004868,S10,64
number two,4.70138358808707,5.76999448208141,S10,67
number one,1.32139660655125,2.05672046647463,S10,69
number one,1.66586199101879,2.37674701594095,S10,7
number two,3.15404202201106,3.87861279892709,S10,70
number one,3.82796100806454,4.59183001068398,S10,71
number one,4.29059153592372,5.17303253456733,S10,72
number four,6.69763268153556,7.73325253213074,S10,73
number two,2.15089091097317,2.98569992651589,S10,74
number three,3.36939670905884,4.28170838339223,S10,75
number two,3.10331570243429,4.17466662436195,S10,76
number one,3.01959242167881,5.29933717777481,S10,77
number one,5.4465698116362,6.2850846962877,S10,78
number two,6.07208061408556,6.95746251893289,S10,79
number two,3.66549742276795,4.66697763239598,S10,8
number two,4.04014591142164,4.97868850973283,S10,80
number two,4.64779267025972,5.67374631120125,S10,82
number one,3.28219765782356,4.17329015078989,S10,83
number three,2.65567800656903,4.00657416088689,S10,89
number three,2.86325788815242,3.60950034423432,S10,9
number two,2.38194256198608,3.20013150910497,S10,90
number one,3.85778100839403,5.35702329424011,S10,91
number two,1.73018926684496,2.48419557472285,S10,92
number two,5.34115586747151,6.24787677773893,S10,93
number one,4.23762401964403,5.01081008373691,S10,94
number one,6.21312747124143,7.16274835789549,S10,95
number two,3.49877656375433,4.28497776053047,S10,96
number two,3.84214573203336,4.60437168439295,S10,98
number four,5.92574781057817,6.88910661826844,S10,99
number four,4.12115249433106,5.10972392290249,S11,1
number two,1.6515418792517,2.49414214852608,S11,10
number one,2.55689593962585,3.45892789824263,S11,100
number three,4.15415361040249,5.64234557468821,S11,11
number one,1.01702972647392,1.90421164611678,S11,12
number one,2.10924307327097,2.96532052508503,S11,13
number four,2.84482617630385,3.92600159438776,S11,14
number two,3.68686621315193,4.83407709750567,S11,15
number three,1.86306829294218,2.76823534934807,S11,16
number one,1.51654216269841,2.28291103316327,S11,17
number three,2.13658106575964,3.87338910147392,S11,18
number four,3.14488688704649,4.14442451459751,S11,19
number one,2.40018774801587,3.37669107851474,S11,2
number one,3.21280447491497,4.10257993197279,S11,20
number two,3.65740465561225,4.66323196570295,S11,21
number two,2.61673256802721,3.53189519557823,S11,22
number one,2.33929506802721,3.22560406037415,S11,23
number one,3.85028815901361,5.03218087443311,S11,24
number two,2.58658999433106,3.42420160147392,S11,25
number four,2.41013107638889,3.23911616000567,S11,26
number two,3.04058987032313,4.15041732213719,S11,27
number two,2.77018597647392,3.53612347647392,S11,28
number three,2.24237124433107,3.02494936933107,S11,29
number two,1.60063070436508,2.50741819019274,S11,3
number four,2.25092593183107,3.18497727111678,S11,30
number one,2.36345815617914,3.31658953373016,S11,31
number one,1.90505874433107,2.84205651218821,S11,32
number one,2.10483910856009,2.88615376984127,S11,33
number one,2.5458694550737,3.45574225836168,S11,34
number two,1.49491037769274,2.3812685303288,S11,35
number two,2.80457102111678,3.65931432468821,S11,36
number two,3.30110204081633,4.17397760770975,S11,37
number three,3.48192704790249,4.34560450325964,S11,38
number one,0.680809151785714,1.53271045918367,S11,39
number one,2.60475786564626,3.44435785147392,S11,4
number one,1.18043803146259,2.00896322278912,S11,40
number one,1.56574085884354,2.40368640164399,S11,41
number two,2.06970843962585,2.87951888463719,S11,42
number two,2.64215375212585,3.60815874787415,S11,43
number one,1.29159222647392,2.10988463718821,S11,44
number two,2.69515249433107,3.56792035147392,S11,45
number two,1.17609566326531,1.97652136479592,S11,46
number one,1.47247950325964,2.44620718183107,S11,47
number one,2.42728939909297,3.32540093537415,S11,48
number two,1.69418941326531,2.60607300524376,S11,49
number two,3.14569827097506,4.0207534545068,S11,5
number two,1.14790695861678,1.94354311933107,S11,50
number four,2.11823285147392,2.84600070861678,S11,51
number one,1.66574512825964,2.48042146754535,S11,52
number two,3.30837124433107,4.21372838718821,S11,53
number two,1.88700405683107,2.76225517290249,S11,54
number one,1.7593040497449,2.567858825822,S11,55
number two,1.7557435515873001,2.6624091553288,S11,56
number one,1.21757660147392,1.97450740504535,S11,57
number two,1.32165671060091,2.1874985473356,S11,58
number two,2.42988017290249,3.2162864229025,S11,59
number two,4.8624502196712,5.74332066680839,S11,6
number two,2.21582327097506,3.06435094246032,S11,60
number two,1.43166142290249,2.32334669075964,S11,61
number two,1.48400205498866,2.31376714852608,S11,62
number one,1.55620048540249,2.56239468183107,S11,63
number one,2.20395160147392,3.39758999433107,S11,64
number three,2.23270124716553,3.07988095238095,S11,65
number one,1.74683301445578,2.7275356079932,S11,66
number three,2.05572371031746,3.16041067885488,S11,67
number two,1.66613128897392,2.64240919075964,S11,68
number one,1.51729646754535,2.36813910147392,S11,69
number three,2.33537794075964,3.18863686933107,S11,7
number two,2.00863798540249,3.06402861040249,S11,70
number two,1.63700467687075,2.69087416737528,S11,71
number three,2.4198801729025,3.38851856575964,S11,72
number two,2.18041971371882,3.23710232426304,S11,73
number two,1.86787414965986,2.92483808106576,S11,74
number one,1.69808577806122,2.80202993905896,S11,75
number three,2.48125740504535,3.40275294075964,S11,76
number one,1.82148731575964,2.84253642290249,S11,77
number four,2.88736008361678,4.36193597647392,S11,78
number one,2.41906767290249,3.30693597647392,S11,79
number two,2.55084222647392,3.47645606575964,S11,8
number one,3.15153865504535,3.97697392290249,S11,80
number two,1.29762570861678,2.31863017290249,S11,81
number one,1.34577749433107,2.29059892290249,S11,82
number one,2.07055190617914,2.9674106079932,S11,83
number one,2.24852414611678,3.48167704790249,S11,84
number one,1.19565695861678,2.11261008361678,S11,85
number one,1.14178642290249,2.18531320861678,S11,86
number three,2.53239021754535,3.51391923540249,S11,87
number one,1.81822245252268,4.08300650155896,S11,88
number one,2.54046901573129,3.55731637967687,S11,89
number one,2.72710896754535,3.58790137825964,S11,9
number one,1.51052473072562,2.50359534438775,S11,90
number four,3.07026374716553,3.9053466553288,S11,91
number two,2.93702341978458,3.87850974348073,S11,92
number two,1.30661231575964,2.22830874433107,S11,93
number one,1.83700910572562,2.7601064696712,S11,94
number three,2.52399178004535,3.40846722647392,S11,95
number two,1.67382436933107,2.47086199688209,S11,96
number two,2.72784401573129,3.63771681901927,S11,97
number one,1.51406600765306,2.37990784438776,S11,98
number four,3.76395606575964,4.57100963718821,S11,99
number one,2.77584580498866,3.9792925170068,S12,1
number one,2.01764856150794,3.06349039824263,S12,10
number two,2.61756990504535,3.67070048540249,S12,100
number one,1.24920829790249,2.33110003897392,S12,11
number two,3.48755651218821,4.54380651218821,S12,12
number one,2.46073954790249,3.46495271754535,S12,13
number two,2.15309222647392,3.16654088718821,S12,14
number one,2.39628530683107,3.40691588718821,S12,15
number one,3.86086901218821,5.12723619968821,S12,16
number two,1.15009557468821,2.16798061933107,S12,17
number one,0.98970489654195,1.94130061295351,S12,18
number three,2.41227239229025,3.41736699263039,S12,19
number one,1.66754758361678,2.82308329790249,S12,2
number three,2.58226436720522,3.583124450822,S12,20
number one,5.83199461451247,6.7880518707483,S12,21
number one,1.33163017290249,2.22392928004535,S12,22
number three,2.99115584254535,3.91266811933107,S12,23
number two,4.50954535147392,6.82816142290249,S12,24
number two,2.43628865504535,3.44252749433107,S12,25
number two,2.23973338293651,3.14686959679705,S12,26
number one,1.49672838718821,2.45228642290249,S12,27
number one,1.53967481575964,2.46302303004535,S12,28
number two,3.03573731575964,4.27424178004535,S12,29
number four,2.42344713718821,4.00862570861678,S12,3
number one,2.24676962868481,3.1965709502551,S12,30
number two,1.99417928004535,3.34857660147392,S12,31
number one,1.88305428004535,2.91483999433107,S12,32
number one,3.94852584679705,5.13908822278912,S12,33
number two,1.95830204790249,2.82768820861678,S12,34
number three,1.33939356575964,2.36720606575964,S12,35
number one,1.49495656179138,2.43858822278911,S12,36
number one,5.94198731575964,6.99985561933107,S12,37
number two,2.04800963718821,3.01836678004535,S12,38
number one,1.06323490646259,1.96151031037415,S12,39
number one,1.85090249433107,2.88322392290249,S12,4
number two,1.38163548752834,2.36085530045351,S12,40
number two,1.30460561933107,2.46187682468821,S12,41
number two,0.960032879818594,1.97948866213152,S12,42
number two,1.04533776218821,2.12321722647392,S12,43
number three,1.95112414965986,3.02224004393424,S12,44
number three,2.39178195861678,3.34177079790249,S12,45
number one,1.99424178004535,3.03888463718821,S12,46
number two,1.16389356575964,2.22681767290249,S12,47
number two,4.78691142290249,5.73320606575964,S12,48
number one,1.77886585884354,2.77651812287415,S12,49
number three,4.77723508361678,5.84504758361678,S12,5
number three,1.43705002834467,2.28406498015873,S12,50
number three,4.11774289611678,5.12128642290249,S12,51
number one,1.58406767290249,2.56793246882086,S12,52
number two,3.23521945861678,4.42059892290249,S12,53
number two,1.85649178004535,2.94814356575964,S12,54
number two,1.35773345379819,2.1273706420068,S12,55
number two,3.01908999433107,4.26299624433107,S12,56
number two,2.2534851899093,3.37692499291383,S12,57
number two,1.96661240433673,2.99841096230159,S12,58
number one,1.59415249433107,2.45174178004535,S12,59
number two,1.41567704790249,3.21648061933107,S12,6
number four,2.54711890589569,3.57497339143991,S12,60
number two,3.06890695861678,4.09820383361678,S12,61
number two,1.76704869968821,2.77472169075964,S12,62
number three,3.95906776147959,4.79143835034014,S12,63
number four,4.46241142290249,5.88682548540249,S12,64
number three,4.36816923540249,5.57578642290249,S12,65
number two,4.91978084254535,6.00324624433107,S12,66
number two,2.02938463718821,3.06207436933107,S12,67
number two,1.6600580534297,2.56302405753968,S12,7
number three,2.30513398171769,3.10192022746599,S12,70
number two,1.11626227678571,2.18405599844104,S12,71
number one,1.20675182468821,2.10469267290249,S12,72
number two,3.3705683106576,4.24614140447846,S12,73
number two,1.43211224489796,4.74985884353742,S12,74
number one,1.04160338718821,2.01124624433107,S12,75
number two,1.22725060232426,2.40471800595238,S12,76
number one,3.69965807468821,4.48163352111678,S12,77
number one,2.86949066397392,3.84865361040249,S12,78
number one,2.34315249433107,3.18456432468821,S12,79
number one,2.99517609126984,3.9554722930839,S12,8
number two,2.52009375,3.34689921697846,S12,80
number one,2.46177710459184,3.22549946853741,S12,81
number one,3.50682660147392,4.47559892290249,S12,82
number two,2.09438017290249,2.99912347647392,S12,83
number two,1.87051186933107,2.94913910147392,S12,84
number one,1.97227093962585,2.96534155328798,S12,85
number two,1.05305133928571,2.00766744614512,S12,86
number one,4.12017616213152,5.12589478812358,S12,87
number two,1.85062347647392,2.80925628897392,S12,88
number one,4.39074397675737,6.87945535714286,S12,89
number two,2.86494820011338,3.99668183106576,S12,9
number three,3.32233776218821,4.19228753897392,S12,90
number four,3.83897317885488,4.83079343820862,S12,91
number one,5.90158106575964,8.4818489229025,S12,92
number two,3.90393374433107,5.09656767290249,S12,93
number one,2.64671598639456,3.56415433673469,S12,94
number three,3.5471655151644,4.65741982001134,S12,95
number one,3.53947815688776,4.48738082837302,S12,96
number three,2.41527653769841,3.33675028344671,S12,97
number one,1.34232879818594,2.31930725623583,S12,98
number one,1.71925931831066,2.71865522250567,S12,99
number one,2.53961238662131,3.30961840986395,S13,1
number two,2.64130676020408,3.29464824263039,S13,10
number three,2.21561297123016,2.8464424957483,S13,100
number three,4.00427655541383,4.71410870181406,S13,11
number three,2.08693190192744,2.72644401927438,S13,12
number one,2.91554189696712,3.73993461238662,S13,13
number one,4.07820631377551,4.72446171697846,S13,14
number two,1.54940575396825,2.18656561791383,S13,15
number two,1.09083999433107,1.67721276218821,S13,16
number four,3.85451856575964,4.67605874433107,S13,17
number four,1.88001133786848,2.57572243480726,S13,18
number one,3.24352855725624,3.96375070861678,S13,19
number one,3.04091030683107,3.89001744968821,S13,2
number three,1.64498844954649,2.34208028628118,S13,20
number two,1.10752210884354,1.70023327664399,S13,21
number four,2.31931990504535,2.94990026218821,S13,22
number one,2.88623285147392,3.6634091907596402,S13,23
number two,2.7732827026644,3.58937716128118,S13,24
number two,2.86996722647392,3.94251186933107,S13,25
number three,1.70966588718821,2.45043039611678,S13,26
number four,2.99363640873016,3.85395528628118,S13,27
number three,2.19459754109977,3.44841539115646,S13,28
number one,0.826679280045351,1.39621053004535,S13,29
number one,6.32177526218821,7.12180316397392,S13,3
number two,2.84519044075964,3.50506767290249,S13,30
number one,3.20846834254535,3.92875852111678,S13,31
number two,1.30884222647392,1.95953419075964,S13,32
number one,2.24591142290249,2.97367928004535,S13,33
number one,4.95472615504535,5.97832548540249,S13,34
number one,1.15290249433107,1.83147392290249,S13,36
number two,2.96742346938776,3.86708333333333,S13,37
number two,1.20587478741497,1.84146683673469,S13,38
number one,1.41466923540249,2.04594155683107,S13,39
number four,2.08067242417801,2.87951702451814,S13,4
number one,1.49100963718821,2.11509445861678,S13,40
number two,1.65511231575964,2.37676410147392,S13,41
number one,1.54213017290249,2.20913910147392,S13,42
number one,1.82157994968821,2.50372280683107,S13,43
number four,4.74304311933106,5.74024178004535,S13,44
number three,3.32141904053288,4.12077614795918,S13,45
number one,1.58986483134921,2.23284155328798,S13,46
number two,3.27404311933107,4.04014803004535,S13,47
number four,2.00199833475057,2.79479108205782,S13,48
number two,1.91333999433107,2.67456767290249,S13,49
number two,4.88135673540249,5.68333776218821,S13,5
number one,1.17615807468821,1.80383664611678,S13,50
number one,1.94048285147392,2.71813910147392,S13,51
number two,2.30921053004535,3.69268151218821,S13,52
number two,3.70128734410431,4.36833188066893,S13,53
number one,0.894682858560091,1.48090433673469,S13,54
number two,3.78086104024943,4.54297236394558,S13,55
number two,2.01763219246032,2.64483395337302,S13,56
number two,2.17720048540249,2.92602303004535,S13,57
number one,1.67843374433107,2.26773061933107,S13,58
number one,4.83407709750567,5.77883900226757,S13,59
number two,4.87713095238095,5.60133304988662,S13,6
number three,3.83127972647392,4.78229535147392,S13,60
number three,2.71474959254535,3.59714356575964,S13,61
number one,1.14032436933107,1.85745606575964,S13,62
number one,1.42324826388889,2.11749358701814,S13,63
number two,1.75411901218821,2.31857213718821,S13,64
number two,1.91819044075964,2.6165442354025,S13,65
number two,1.65712914540816,2.38458326247166,S13,66
number one,1.02313463718821,1.69456320861678,S13,67
number two,3.39566811933107,4.14307883361678,S13,68
number four,4.33707993197279,5.1866855867347,S13,69
number two,2.54823954790249,3.25808329790249,S13,7
number one,1.73508776218821,2.42374847647392,S13,70
number three,3.28709222647392,4.03154535147392,S13,71
number two,5.03024199263039,5.75876868976757,S13,72
number one,1.45634669075964,2.21040361040249,S13,74
number two,2.38247372803288,3.18778348214286,S13,75
number four,2.51768820861678,3.26638240504535,S13,77
number four,4.15448410926871,4.88516429280045,S13,79
number two,3.96727731717687,4.7138502692743796,S13,8
number two,3.86031147250567,4.60577933673469,S13,81
number four,2.59771053004535,3.34623731575964,S13,82
number four,3.67645762471655,4.50088718820862,S13,83
number three,3.02965249433107,3.75447392290249,S13,84
number one,3.40747392290249,4.08292035147392,S13,85
number two,1.11612570861678,1.75476410147392,S13,86
number one,2.14150963718821,2.71813910147392,S13,87
number one,4.89417382369614,5.57813587726757,S13,88
number two,5.12998341836735,5.83988864087302,S13,89
number three,2.84802637825964,3.57264133361678,S13,9
number one,0.967535306831066,1.52511343183107,S13,90
number one,2.1016108276644,2.72567120181406,S13,91
number two,2.08036454790249,2.90367928004535,S13,92
number one,1.51127515589569,2.4433985260771,S13,93
number one,1.25069490504535,1.91368039611678,S13,94
number three,4.10714312287415,4.94631058673469,S13,95
number two,2.19156547619048,2.82124801587302,S13,98
number one,2.66266220238095,3.26544547193878,S13,99
number one,6.99282994968821,7.79450405683107,S14,1
number one,4.13887012825964,5.01565026218821,S14,10
number one,1.30238812712585,2.02080684878118,S14,11
number three,4.0728217651644,5.19506887755102,S14,12
number two,1.10292704790249,1.80303865504535,S14,13
number two,5.46561678004535,8.40533218183107,S14,15
number one,1.35649390589569,2.04628893849206,S14,16
number two,0.979646417942177,1.77881335034014,S14,17
number four,1.53587386621315,2.51568147675737,S14,18
number one,0.706879056831066,2.15115361040249,S14,19
number four,1.46330087868481,2.28215433673469,S14,21
number two,0.781886869331066,1.63116142290249,S14,22
number one,2.09800963718821,3.48805428004535,S14,23
number two,2.3516747803288,3.18356058673469,S14,24
number one,1.01748173540249,1.79734780683107,S14,25
number two,0.796975162981859,1.55798529620181,S14,26
number two,1.97266370819161,3.00989133361678,S14,28
number one,0.767819798752834,1.66527427012472,S14,29
number three,1.73925517290249,2.94532660147392,S14,3
number one,1.12851920351474,2.13332468820862,S14,30
number three,4.18370762471655,5.28684183673469,S14,31
number four,2.28894281462585,3.06707986111111,S14,32
number two,0.931706065759637,1.67963017290249,S14,33
number one,1.76062012825964,2.94463240504535,S14,35
number four,1.55426215277778,2.94318558673469,S14,36
number one,1.31260976473923,3.10418475410998,S14,38
number four,1.73987012825964,2.44766030683107,S14,39
number three,2.76997615504535,3.70834669075964,S14,4
number two,0.730476332199547,1.5828643707483,S14,41
number one,2.5104545776644,3.41710317460318,S14,45
number two,1.68986890589569,2.55473922902494,S14,49
number four,3.44034892290249,4.37825070861678,S14,5
number two,0.83873508361678,1.68847838718821,S14,50
number one,0.729973214285714,1.50130966553288,S14,53
number two,2.16235785147392,3.22087905683107,S14,54
number three,1.07584445861678,2.21899178004535,S14,55
number one,3.39980537840136,4.26415114795918,S14,6
number three,2.86153422619048,3.75712592120181,S14,60
number one,1.31137138605442,2.62902214427438,S14,62
number three,2.22115846442744,2.98324808673469,S14,65
number three,2.28747289540816,3.2786045564059,S14,66
number one,0.77987179350907,1.8464332305839,S14,67
number one,1.66245383361678,2.56932325325964,S14,68
number two,5.49463164328231,6.45126633361678,S14,7
number one,1.53118374433107,2.43241142290249,S14,70
number one,2.6564594848356,3.38664478812358,S14,71
number three,1.93493112244898,3.70066276927438,S14,72
number two,1.02346485260771,2.51761734693878,S14,73
number four,3.74603837159864,4.67296510062358,S14,8
number one,2.40377046130952,3.18473922902494,S14,83
number four,3.76751162131519,4.71675092120181,S14,85
number one,2.53230931122449,3.74695943168934,S14,87
number two,4.11975852111678,4.97762124433107,S14,88
number three,3.44661566397392,4.60379200325964,S14,89
number two,1.63502191397392,2.40229869968821,S14,9
number three,1.99855204790249,2.91316142290249,S14,90
number three,3.04470160147392,4.42549808673469,S14,94
number one,0.898617169784581,1.80491712726757,S14,99
number two,1.34500974348073,2.02983471513605,S15,10
number two,4.10972339143991,4.94549241780045,S15,100
number two,2.22740472647392,2.89313017290249,S15,11
number one,2.64720048540249,3.34418709254535,S15,12
number one,1.44531767290249,2.07978195861678,S15,13
number two,1.42324674036281,2.30396386054422,S15,14
number two,2.88746945861678,3.85829535147392,S15,15
number two,3.34675083262472,4.04577905328798,S15,16
number two,1.80388052721088,2.40027614795918,S15,17
number one,2.5143393920068,3.23209998582766,S15,18
number one,1.74367947491497,2.43947153132086,S15,19
number two,2.55744155683107,3.38312794075964,S15,2
number two,1.85572280683107,2.65487459254535,S15,20
number two,2.69595606575964,3.48931544075964,S15,21
number one,0.993462514172336,1.7311485260771,S15,22
number one,2.17031381094104,3.0093033234127,S15,23
number two,3.40623954790249,4.1933489229025,S15,24
number one,1.51358281958617,2.25223370181406,S15,25
number two,1.39810175736961,2.23073922902494,S15,26
number one,1.96653530683107,2.69295829790249,S15,27
number one,3.62099512825964,4.44191030683107,S15,28
number one,1.19551856575964,1.90627749433107,S15,3
number two,3.58839021754535,4.42549808673469,S15,30
number two,1.89144827097506,3.2649019805839,S15,31
number one,0.769578798185941,1.54276509353741,S15,32
number one,2.54976968183107,3.21962459254535,S15,33
number two,3.34013357426304,4.24429758361678,S15,34
number one,3.15913575325964,3.74172503897392,S15,35
number four,3.17133999433106,4.32848285147392,S15,36
number three,3.23245548115079,3.9849234162415,S15,37
number two,2.03547838718821,3.08872615504535,S15,38
number four,3.77914021754535,4.72439133361678,S15,39
number one,1.97227093962585,2.75028167517007,S15,4
number two,3.94226016865079,4.91853922193878,S15,40
number three,2.36762012825964,3.11336231575964,S15,41
number one,2.41617035147392,3.14582994968821,S15,42
number two,1.14673731575964,1.83794267290249,S15,43
number one,1.65436789611678,2.47687347647392,S15,44
number one,0.800268565759637,1.41131767290249,S15,45
number three,2.79343709254535,3.87950294075964,S15,46
number one,2.29461635487528,3.21296952947846,S15,47
number two,2.63901075325964,3.40685673540249,S15,48
number two,2.10492258361678,3.05079311933107,S15,49
number one,2.52174289611678,3.27448843183107,S15,5
number two,2.0140014526644,2.67131189767574,S15,50
number one,3.69864374291383,4.60577933673469,S15,51
number two,3.96578307468821,4.78538128897392,S15,52
number four,2.25229535147392,3.12050963718821,S15,53
number two,2.13694267290249,2.82751186933107,S15,54
number three,4.07630151643991,4.89574525226757,S15,55
number four,2.76144825325964,3.56491923540249,S15,56
number one,1.9062456420068,2.68747526927438,S15,57
number four,2.17847392290249,2.96775963718821,S15,58
number two,1.47770269982993,2.22433933886054,S15,59
number two,4.86371499433107,5.54644936933107,S15,6
number one,1.26808218183107,1.97169267290249,S15,60
number two,1.46976077097506,2.38833290816327,S15,61
number three,2.87509892290249,3.93936231575964,S15,62
number two,2.15423866213152,2.95743842120181,S15,63
number one,1.51521276218821,2.44861119968821,S15,64
number two,3.46757052508503,4.30467839427438,S15,65
number two,1.64849971655329,2.36411568168934,S15,66
number two,1.12527239229025,1.74329482001134,S15,67
number two,5.50209892290249,6.58658553004535,S15,68
number two,2.62586511479592,3.31394387755102,S15,69
number three,3.83642816397392,4.66710338718821,S15,7
number two,2.21495429421769,3.06787556689342,S15,70
number one,1.94628594458617,2.7646866850907,S15,71
number four,2.3116064696712,3.13624365787982,S15,72
number one,1.93355938208617,2.78815121882086,S15,73
number two,1.87498619968821,2.62649847647392,S15,74
number four,4.48549330357143,5.23341422193878,S15,75
number two,2.72449516369048,3.50730270337302,S15,76
number four,3.15334748795351,4.01737446853741,S15,77
number two,1.13624178004535,1.85568374433107,S15,78
number two,4.82237124433107,5.61917928004535,S15,79
number one,5.04616142290249,5.88555874433107,S15,8
number three,6.14055651218821,7.0620520479025,S15,81
number four,3.70944054705215,4.49611367984694,S15,82
number four,3.80712570861678,4.51512794075964,S15,83
number one,6.00736231575964,6.79885785147392,S15,84
number two,2.54489579790249,3.29492928004535,S15,85
number two,1.17778504109977,1.94622236394558,S15,86
number two,2.20757217261905,3.36942839427438,S15,87
number one,2.8170873901644,3.72897098214286,S15,88
number two,1.23781014384921,1.89414438066893,S15,89
number one,2.28853546626984,3.00961858701814,S15,9
number three,4.43104508574263,5.32396821853742,S15,90
number three,3.84234839143991,4.63272395833333,S15,91
number two,1.65970160147392,2.41708441397392,S15,92
number two,1.83493151218821,2.70996499433107,S15,94
number four,2.27902150651927,2.91745404620181,S15,95
number one,1.43787914540816,2.10187308673469,S15,97
number one,1.69921053004535,2.43904311933107,S15,98
number one,5.84570050992285,6.70758772263926,S16,1
number three,4.64672822381965,5.52353436796405,S16,100
number one,2.18573422622061,3.15277395777588,S16,11
number one,1.30765737941763,2.12941499812777,S16,12
number three,3.21876601564321,4.12725239814801,S16,13
number three,2.47385885759926,3.24989206606337,S16,16
number two,2.26074475412655,3.08105051498511,S16,17
number one,1.4111334943616,2.16838482863025,S16,18
number two,1.88338482702318,2.53238351083405,S16,2
number one,1.7131081444626,2.58480747479715,S16,20
number four,1.94040043005154,2.96572313744775,S16,21
number two,1.91561161653416,2.77977684889217,S16,25
number three,1.46547655528075,2.20260726298552,S16,31
number one,1.31970516720744,2.21751826835152,S16,33
number two,0.773561588490818,1.41899624428085,S16,34
number four,1.76685461654541,2.62219010013644,S16,35
number two,1.17628504895934,1.86337337826697,S16,36
number four,1.97629036514204,3.09162700582241,S16,37
number two,5.25724902008996,6.0758935863502,S16,41
number four,2.36925705543261,3.11610731360817,S16,45
number two,1.92073989435131,2.74887596805791,S16,47
number four,1.88927522816355,2.72772530699027,S16,49
number one,1.38093238259159,2.07034472584214,S16,57
number two,1.85862832201154,2.51466153047564,S16,58
number one,1.13657077288747,1.73908696008524,S16,59
number two,6.34915797644359,7.5402734587811,S16,6
number four,3.14894724476136,4.02679881912604,S16,63
number four,1.9109622258542,2.79119701856646,S16,64
number two,3.83781790306484,4.6797243041795,S16,67
number four,2.25864379486734,3.14615687238751,S16,7
number one,2.89119023030899,3.51959156674718,S16,70
number three,3.01048171879193,3.96980135025898,S16,71
number one,3.01258195165616,3.98418466503067,S16,73
number one,1.58000606829077,2.28922951670628,S16,8
number three,2.65826586377523,3.59429502242664,S16,82
number two,2.54679760418224,3.29039181295008,S16,85
number one,2.92057891108251,3.77564209298177,S16,88
number four,2.56650156287414,3.58773473084013,S16,89
number one,1.52261131279821,2.25331496775417,S16,9
number three,3.69222718806398,4.55878585972542,S16,93
number two,2.23745347134838,3.04879294689763,S16,95
number two,4.30370577146521,5.36352729043425,S16,96
number one,2.2448283024053,2.9731056374357,S16,98
number two,3.16225831055314,3.89618638780814,S16,99
number three,6.10968530062628,7.02260410670292,S17,1
number one,1.99727041981451,2.79624176738969,S17,10
number one,1.63456595489601,2.37786857714973,S17,100
number two,3.21955076006306,3.94808458323088,S17,11
number one,1.75009253179183,2.56823569267064,S17,12
number two,1.11741176470588,1.83794788276756,S17,13
number two,1.47581957120197,2.38790720143479,S17,14
number one,1.30439444532833,1.99257506697458,S17,15
number four,1.79326070026404,2.6183168914152,S17,16
number four,2.03880698303418,2.8754810261454,S17,17
number two,1.84446804263874,2.6075587246947,S17,18
number two,1.30685822280719,2.13832835302796,S17,19
number four,5.01003310239759,6.00594452720847,S17,2
number one,2.22527864157711,2.99267716725244,S17,20
number one,1.84336498294097,2.50645701493449,S17,21
number one,2.03219298321738,2.8372847548658,S17,22
number two,2.23982787653214,2.96740912589936,S17,23
number two,1.47277188787161,2.26491525124106,S17,24
number two,1.90284417702824,2.74080914614842,S17,25
number one,2.62915702505902,3.31573392087759,S17,26
number two,1.25962781578495,2.0054332222849,S17,27
number one,2.7727374130375,3.43098066214438,S17,28
number one,1.30881967566143,2.00918618371043,S17,29
number one,1.01315297524632,1.72837824607755,S17,31
number one,1.58472248015672,2.20144618168553,S17,32
number one,1.92340345616158,2.57834321519773,S17,33
number three,1.82965272213303,2.55589753331051,S17,34
number two,1.63321752797505,2.33428494289282,S17,36
number one,2.4126102103492,3.27293699166413,S17,38
number two,1.93160999660909,2.77358428029846,S17,39
number one,2.06473509885882,2.90818814272697,S17,40
number two,1.23892193343201,1.97341013835253,S17,41
number one,1.57706185446066,2.33285409906935,S17,42
number one,2.13781187977199,2.79333481183638,S17,43
number one,2.02998642669919,2.76071438053133,S17,44
number one,1.05041845171804,1.69715791858912,S17,46
number two,1.10901874002613,1.86464629225184,S17,47
number one,1.52361376357772,2.18747419931828,S17,48
number two,1.61972258140204,2.35731496775417,S17,49
number one,2.36360030277171,3.02002055762064,S17,50
number one,2.09183646470636,2.79741026048974,S17,51
number two,2.01645753241055,2.71416389206285,S17,52
number one,1.59194815596921,2.47199270390887,S17,54
number two,2.21407915455339,2.9163965152326,S17,56
number two,1.39025194656176,2.13308556193562,S17,57
number two,1.87376917031873,2.64627287059402,S17,58
number one,2.17097822582848,2.93765636696446,S17,59
number four,2.04510681380986,3.15282990304555,S17,6
number three,1.90307253503811,2.65966953528399,S17,60
number one,1.54965636696446,2.22600951063156,S17,61
number one,1.92339333162984,2.60363429548526,S17,62
number one,2.49582868649468,3.16951502850136,S17,64
number two,2.25124794335405,3.15902965844973,S17,66
number one,1.51492872811775,2.30012454138282,S17,67
number two,2.59943246696269,3.39241510580136,S17,68
number two,2.27574389755902,3.16799245963446,S17,69
number one,1.83943194627248,2.61729489868236,S17,70
number two,2.48184411113843,3.3299057454307,S17,71
number two,1.25952821610572,1.95908196531625,S17,72
number one,2.40042492177594,3.10709814528221,S17,73
number one,2.00656797980236,2.76102378622132,S17,74
number four,3.48025392325605,4.3517230892357,S17,76
number two,1.99276378824622,2.78478565723478,S17,77
number four,3.3623884059648,4.28353305659613,S17,78
number one,2.28884182106578,3.10317343322871,S17,79
number one,3.04902297625878,3.85351016872612,S17,80
number three,2.92609566236133,3.73777985411032,S17,81
number three,2.85808969692295,3.70966811142128,S17,83
number one,1.30393438660605,1.9944355509272,S17,84
number four,3.65684518948141,4.5310580071386,S17,86
number two,3.49923842308008,4.25980134704484,S17,87
number three,3.71994864451805,4.59989773258701,S17,89
number one,1.59156798140943,2.4436093280685802,S17,9
number three,4.0908528809114,4.99059060732727,S17,90
number three,3.27358737229832,4.17977866809374,S17,91
number three,3.6687933518789,4.67991818735526,S17,92
number four,3.63370603181031,4.7212944165618,S17,93
number one,3.82604150415186,4.60012472780277,S17,94
number three,3.70305314736336,4.51051087744335,S17,95
number four,4.4433936659001,5.24226434670254,S17,96
number one,2.86902533543538,3.72767896556213,S17,97
number one,4.19723559142533,5.06873908438878,S17,98
number four,3.30378535349883,4.17587201949053,S17,99
number two,3.80176334630238,4.82972961714807,S18,1
number two,7.35251677538485,8.68105435909303,S18,10
number one,4.3026265156665104,5.17819640627335,S18,100
number one,1.60637763860564,2.23399331138078,S18,11
number one,3.21101386418021,4.00592729943383,S18,12
number two,4.62981323613783,5.48702860421277,S18,13
number three,2.91105386733006,3.89250476094052,S18,14
number four,2.42777101201927,3.43161544135727,S18,15
number one,2.39443669515999,3.15103813091502,S18,16
number three,3.35374303295615,4.31506124698875,S18,17
number three,6.2523696129054,7.41642193262847,S18,18
number two,1.96580135025898,2.73214538184752,S18,19
number one,3.93488169243601,5.58370006315779,S18,2
number one,2.0956298406913,2.97200525832823,S18,20
number three,3.37227392161684,4.26004107667163,S18,21
number one,1.56882826383565,2.28639837621796,S18,22
number two,2.28711932001716,3.18717119618932,S18,23
number four,5.48453942862285,6.75875427118639,S18,24
number three,4.14856014695035,5.2400791641958,S18,25
number one,1.56163085314447,2.32504079543464,S18,26
number one,2.5396837674829,3.39233171822946,S18,27
number two,2.182188917334,3.0368654385449,S18,28
number two,3.29663568559954,4.11976165888042,S18,29
number one,5.08252707669413,6.45783131887293,S18,3
number one,1.75039221793135,2.53363004318193,S18,33
number four,3.42769058788174,4.44182848400404,S18,36
number one,2.25117099691282,3.14528459415895,S18,4
number two,2.17164199012938,2.96986007254307,S18,40
number two,3.15377219160757,4.1083535422201,S18,41
number one,2.13718820861678,3.13787667677513,S18,42
number one,3.2251372066899,4.02827735431522,S18,48
number one,1.9627719039423,2.82545529054996,S18,49
number four,6.62659525496946,8.07085893634562,S18,5
number one,4.29856422569028,5.26008483393357,S18,50
number one,3.00037986600263,3.9700143704068,S18,51
number two,2.12980058529436,3.40895456013731,S18,52
number three,2.11159825215227,3.09460928789186,S18,53
number two,3.08099257052218,3.96135146106635,S18,57
number two,3.3493185611594,4.09874662154018,S18,58
number two,4.35850895538938,5.44970630179783,S18,59
number one,3.77592164576674,4.60080099509683,S18,6
number two,3.12102639610061,3.87969362202712,S18,60
number four,6.37221260873827,7.26608321722263,S18,61
number one,5.85221944199366,6.76915874783648,S18,66
number two,1.82028869379077,2.57763259520676,S18,67
number two,2.33879031451938,3.14776064964138,S18,69
number four,2.78194819132472,3.7452023122502,S18,7
number two,7.53560462257192,8.82920678632899,S18,72
number two,3.5687520437894,4.60995281325382,S18,73
number two,3.22289679245192,4.39901196141107,S18,74
number two,2.79590644289844,3.65875953594289,S18,75
number one,3.87371945404668,4.84637492587396,S18,76
number two,5.13823225032985,6.2350166990491,S18,77
number two,4.10313447788754,5.22171665774744,S18,78
number one,6.73451886778808,7.87308513766953,S18,79
number one,1.96683688736539,2.82716897200647,S18,8
number one,1.57485644860354,2.37837110747914,S18,80
number two,4.55504991394148,5.47969447055931,S18,81
number one,2.56906954910478,3.50566365662731,S18,82
number one,6.02593053928399,7.07677188787161,S18,83
number one,5.4788474168784,6.6404308936426,S18,84
number two,4.73187295159027,5.85320129015462,S18,85
number three,7.94866294791009,9.15900819444244,S18,86
number two,4.49831018672529,5.50500876977297,S18,87
number three,6.34334473387749,7.44736417297843,S18,88
number two,5.58011905806499,6.75833511557233,S18,89
number three,3.833419857903,5.01203684686726,S18,90
number three,5.48364101303172,6.6200780456761,S18,91
number two,4.17500373964847,5.06512017176349,S18,92
number three,4.18571220295347,5.11864257992354,S18,93
number one,3.24916269479679,4.16164624243272,S18,94
number one,4.69503789949715,5.63779109716176,S18,95
number two,7.74894562483628,9.02938705442016,S18,96
number two,6.98760351690877,8.09515844249346,S18,97
number one,2.24712641683179,3.20640362168964,S18,98
number two,3.02756868851958,3.81135323848415,S18,99
number two,1.37779811040882,2.62218608246511,S19,1
number three,2.02075287946504,2.85391602424102,S19,11
number three,2.43635880697661,3.26708878571509,S19,12
number one,1.51574225834912,2.32165295997917,S19,13
number one,1.52827588866872,2.20951657771542,S19,14
number two,2.26510222402214,3.05271770394905,S19,15
number one,3.29738502951381,4.10104606019115,S19,16
number two,1.08865670605592,1.80261168563811,S19,17
number one,1.76440942963531,2.42724024870993,S19,18
number one,4.23766374019487,4.97276838446222,S19,19
number one,2.09915555619838,2.92171089158555,S19,2
number two,2.00519104348567,2.75999918360919,S19,20
number one,2.31722830176247,3.11462022238614,S19,21
number one,2.87730767809132,3.57735830075002,S19,22
number two,1.97801275048172,2.71514345818649,S19,23
number three,3.56723376900961,4.54252991156302,S19,24
number one,2.91883081264634,3.54952029325787,S19,25
number one,3.88169119535364,4.74996293778556,S19,26
number one,4.1151219941792,5.07117950151948,S19,27
number two,2.24368046335,3.09627943064776,S19,29
number one,3.70225897909364,4.60853416386635,S19,3
number three,3.32276928120646,4.12505655756278,S19,30
number two,2.68011424328768,3.43751435996085,S19,31
number three,3.97070364852768,5.05727649453356,S19,32
number one,2.42135094037615,3.04873789515806,S19,33
number two,2.62404545432631,3.35954620884498,S19,34
number one,1.38727330932373,2.0076591021951,S19,35
number two,2.25466153047564,3.00946967059916,S19,36
number two,2.08455667568232,2.85037567798204,S19,38
number four,3.69065910058803,4.68761769125321,S19,39
number one,4.80386189495879,5.4967200502691,S19,4
number three,2.59496324152151,3.34497235360007,S19,40
number one,3.3623884059648,4.13496133875237,S19,41
number four,3.94626849293934,4.72370756495369,S19,42
number two,2.52992749871033,3.21818892376228,S19,43
number one,1.19114953290553,1.85755228677817,S19,44
number one,1.68219590486797,2.38938422597955,S19,45
number one,2.5329058273912,3.12582444061962,S19,46
number three,4.16042497963041,5.01063880009835,S19,47
number three,2.17240942963531,2.9206325743148698,S19,48
number two,2.57353284767722,3.31396820254206,S19,49
number two,3.36559340844772,4.24365673016194,S19,5
number two,2.31638270087151,3.09627943064776,S19,50
number three,2.71165737941763,4.06111976678221,S19,51
number two,1.99545853361425,2.67984245585785,S19,52
number two,2.91711895681968,3.94973614827457,S19,54
number four,3.59856433497094,4.30764806484843,S19,55
number one,2.9554698730898,3.79877452024987,S19,56
number one,1.38441844207563,2.09373156491512,S19,57
number one,1.45130566925565,2.10105395411176,S19,58
number two,2.03748829973757,2.78576004216948,S19,59
number three,2.5273058556756,3.38041509937308,S19,6
number two,3.22608922123066,4.0167306826345,S19,60
number one,1.47709141809334,2.1092145323993,S19,61
number one,2.52622020374415,3.08547291687759,S19,63
number two,1.47056742697079,2.06964676955119,S19,64
number two,2.43846632950369,3.06172035400506,S19,68
number two,3.00935092109133,3.78214196521982,S19,69
number one,1.71415287400101,2.36970617966062,S19,7
number one,1.09603320203583,1.76911814685714,S19,70
number one,1.69813693188119,2.30413277600197,S19,72
number three,3.55660139075711,4.22770597716998,S19,73
number one,1.19003664437663,1.80912948633269,S19,74
number two,2.65771832909871,3.4495944048302,S19,75
number two,2.46989712511511,3.17949518120501,S19,76
number one,1.42610670613627,2.17993074177462,S19,77
number one,1.65381092195914,2.24874769184782,S19,79
number two,2.53933217945813,3.37885835137268,S19,8
number two,2.48534939116209,3.09605912083709,S19,80
number four,4.24640990854173,5.27375617234846,S19,81
number two,2.37147797271519,3.04419235967479,S19,82
number three,2.70678018998764,3.32248333871701,S19,84
number two,3.60235455467327,4.44217231310195,S19,86
number two,2.88914071652757,3.7396539338627,S19,87
number one,2.70385825012736,3.42134331644304,S19,88
number two,2.19085656431247,2.8472490490172,S19,89
number one,3.14488206849005,3.91137353254555,S19,90
number four,1.88306210194921,2.57932508907177,S19,91
number one,3.40268177953912,4.22082494041793,S19,92
number one,3.71248799600161,5.46174586782504,S19,93
number two,1.74088973742107,2.53473402212291,S19,97
number two,2.99017339852608,3.73615128968254,S2,10
number one,1.21862347647392,2.12030874433107,S2,11
number two,3.47950014172336,4.33422803287982,S2,12
number two,2.71547718253968,3.48847215136054,S2,13
number three,3.53883106575964,4.33892035147392,S2,14
number two,3.68563647959184,4.5050802154195,S2,15
number one,1.36898173540249,2.14839686082766,S2,16
number two,2.77323063704649,3.56486975623583,S2,17
number three,2.62067258361678,3.39570606575964,S2,18
number two,2.82111454790249,3.74656097647392,S2,19
number two,4.01605321712018,4.75264158163265,S2,2
number one,1.86314331774376,2.62282178287982,S2,20
number one,2.37989200680272,3.1342535430839,S2,21
number two,1.43586678004535,2.13979535147392,S2,22
number one,1.09260115504535,1.87834334254535,S2,23
number two,1.70299183319161,2.44104384566327,S2,24
number one,1.27592816397392,2.10400294075964,S2,25
number one,1.8606469848356,2.60222817460317,S2,26
number one,2.2777699829932,3.04927650226757,S2,27
number two,1.06898118622449,1.72093696853742,S2,30
number one,2.96201410147392,4.31370618976757,S2,31
number one,1.66933815192744,2.24646400226757,S2,32
number one,1.66354535147392,2.46187682468821,S2,33
number one,0.923502940759637,1.72372615504535,S2,34
number two,1.62117369968821,2.52961119968821,S2,35
number two,1.01919012188209,1.56407337726757,S2,36
number one,1.01050517290249,1.69793820861678,S2,37
number two,2.21880428004535,3.03054535147392,S2,38
number two,7.71979535147392,8.51292035147392,S2,4
number two,2.38902336663832,3.2236299957483,S2,42
number two,1.15229340277778,2.02030892148526,S2,43
number two,1.0004880952381,1.63981597222222,S2,44
number four,8.09659126984127,9.33546952947846,S2,45
number one,1.59767035147392,2.2995747590703,S2,46
number three,2.79918374433107,3.59730874433107,S2,47
number two,2.53732596371882,4.6767193877551,S2,48
number four,2.13307452876984,2.88771171697846,S2,49
number four,4.02906264172336,4.78166822562358,S2,5
number two,3.00858724844104,3.88942811082766,S2,50
number four,3.45070829790249,4.20334222647392,S2,51
number two,1.07724624433107,1.71462347647392,S2,52
number two,1.20932348356009,1.87680753968254,S2,53
number one,1.15490485048186,1.88275747590703,S2,55
number one,3.24784901147959,4.02487308673469,S2,56
number one,1.67857660147392,2.33170160147392,S2,57
number three,1.65185916241497,2.52744837726757,S2,58
number four,3.36099959254535,4.12081127763605,S2,59
number one,2.46397758999433,3.25647041524943,S2,6
number one,2.05747057468821,2.85863128897392,S2,60
number three,1.93330254393424,2.66591636550454,S2,61
number two,0.924087762188209,2.27553307468821,S2,63
number four,2.28530116213152,3.06380837230726,S2,64
number two,1.14120160147392,1.86788128897392,S2,65
number two,2.77188931405896,3.56938718820862,S2,66
number one,1.51411678004535,2.15617035147392,S2,67
number one,1.40901298540249,2.24584334254535,S2,68
number two,1.79352003613946,2.66543640164399,S2,7
number two,1.25398242630385,1.98413407029478,S2,70
number two,1.21026077097506,2.1109268707483,S2,71
number one,3.2035058106576,4.06863787910998,S2,72
number one,2.60137207695578,5.42706058673469,S2,73
number two,1.51870941397392,2.23017146754535,S2,74
number one,3.37676633361678,4.10833441397392,S2,75
number three,3.09157883361678,3.80193597647392,S2,77
number three,2.17303307468821,2.91929981575964,S2,78
number two,1.90638910147392,2.79276186933107,S2,8
number two,2.70951231221655,3.43728929280045,S2,81
number one,1.43164468183107,2.05581878897392,S2,82
number three,2.68489636479592,3.64427933673469,S2,83
number two,2.50705874433107,3.33434669075964,S2,84
number one,3.43374751984127,4.14506058673469,S2,85
number one,2.50765249433107,3.26095606575964,S2,86
number four,2.44685370606576,3.20570742984694,S2,87
number two,2.36106878897392,3.01331767290249,S2,88
number three,2.97559445861678,3.72165472647392,S2,89
number two,3.46641191893424,4.26968661422903,S2,9
number one,2.337116638322,3.04927650226757,S2,90
number two,4.24609210246599,4.91581556476757,S2,91
number one,2.91932619401927,3.70792632157029,S2,92
number one,2.41269033446712,3.37040150226757,S2,93
number one,2.81844414328231,3.55103431476757,S2,94
number three,3.17722503897392,3.97586901218821,S2,95
number two,2.55426714852608,3.2711485260771,S2,96
number two,1.9477065795068,2.69638359197846,S2,97
number one,1.28895975056689,2.07594954648526,S2,98
number three,3.58788017290249,4.32309222647392,S2,99
number four,3.7622302254235,4.82105375483527,S20,1
number one,1.54611679852664,2.28051986095643,S20,10
number one,3.71230034182348,4.76008716739708,S20,100
number four,2.81025371433714,3.80276561066193,S20,11
number four,2.27658843135648,3.23850804257446,S20,12
number two,2.19353730247119,2.9505687897649,S20,13
number two,3.06398622420856,4.15410670613627,S20,14
number one,4.27480272108844,5.81989574625031,S20,15
number one,1.90569181889623,2.74328661585116,S20,16
number two,4.43028692280125,5.82525503052627,S20,17
number one,1.99199837364665,2.85539819140508,S20,18
number one,4.45742714756585,5.47463885152454,S20,19
number one,3.36687171575458,4.36239667272532,S20,2
number two,1.82538690656986,2.66369533837631,S20,20
number one,1.42472790562008,2.40653479705135,S20,21
number one,2.15681208386969,3.10787925772719,S20,22
number two,3.17741783299665,4.03452424182524,S20,23
number two,5.2008933822525,6.54965110220795,S20,24
number one,2.21452141338463,2.97323357294725,S20,25
number one,1.50826481918068,2.28403421127487,S20,26
number two,1.25123284976641,1.99685890741839,S20,27
number two,1.79211964303794,2.65100922296629,S20,28
number two,2.53210375234431,3.51959156674718,S20,29
number two,3.64585197291768,4.42997670714872,S20,3
number one,1.09206114574344,1.91178373357375,S20,30
number two,2.23537348754763,3.20771731664553,S20,31
number one,1.4471377177377,2.69942918854289,S20,32
number one,3.00037986600263,3.79530545069433,S20,33
number three,1.8008747016879,2.60417124922258,S20,34
number one,1.54502986094036,2.44564948228287,S20,35
number two,1.45634503761344,2.21213728222213,S20,36
number one,1.37594896593175,2.1556391552605,S20,37
number two,1.24981552460342,1.96484032970618,S20,38
number one,1.31255322369912,2.12693835124411,S20,39
number three,2.6515298103177,3.45031891632155,S20,4
number two,3.19330675884812,4.21356334340965,S20,40
number one,1.96924328606945,2.90363227057891,S20,41
number two,1.77144517566063,2.57813122357377,S20,42
number two,2.72774647529695,4.05922769429057,S20,43
number two,1.44835880697661,2.52788497889115,S20,44
number four,3.48873543955735,4.49127062230515,S20,45
number three,2.3812587974949,3.15246347213584,S20,46
number one,3.58776631937916,4.48093226045438,S20,47
number two,2.50938438025813,3.25206603123177,S20,48
number three,4.3074658232771,5.24925381558246,S20,49
number one,4.51585217540831,5.33241590933562,S20,5
number two,1.33215350718601,2.216500691843,S20,50
number two,1.88973655325584,2.80410326379548,S20,51
number one,3.03814679928196,3.88145144644203,S20,52
number two,4.69484798256652,5.97109631322408,S20,53
number two,6.58226707871904,7.64480833618588,S20,54
number one,2.19641145454166,2.90562275351908,S20,55
number one,1.52713738346744,2.39121756975883,S20,56
number one,2.29296848377905,3.05614556183919,S20,57
number one,3.00439985150687,4.40892889203874,S20,58
number two,1.7285473418283,2.41890888403554,S20,59
number four,5.09594116200697,6.27145927286577,S20,6
number one,1.15626363637825,1.76086827341378,S20,60
number two,1.30670445849022,2.06209577164199,S20,61
number one,1.38974894054007,2.10237095320056,S20,62
number two,1.1065706282513,1.72893957583033,S20,63
number four,2.33490978399392,3.10447949139495,S20,64
number two,2.01139169884821,2.70258277768939,S20,65
number one,1.88453783441087,2.81340046379998,S20,66
number one,4.19558429636915,5.56447112821032,S20,67
number three,4.32212695519975,5.41861374268583,S20,68
number two,1.13047916033883,1.86753754995974,S20,69
number one,2.04556193561762,2.85508670938255,S20,7
number one,3.43658691428379,4.39048905345271,S20,70
number one,1.2604147972442,1.98551939329949,S20,71
number two,2.08492287517417,2.86889304155397,S20,72
number two,2.0373802147365,2.92944634239238,S20,73
number two,3.67959501230211,4.66297053118436,S20,74
number four,3.56919174416755,4.48242711060328,S20,75
number one,5.31106853665161,6.39091059395646,S20,76
number four,3.89787829670021,4.80271984777847,S20,77
number two,5.17095149706469,6.25686827341378,S20,78
number four,3.69646983612722,4.43863571452677,S20,79
number two,2.22275103133623,3.17842583137673,S20,8
number four,1.34513925088108,2.02333785562418,S20,80
number two,1.94545954606742,2.50295473691485,S20,83
number four,1.07188214402227,1.76809961896405,S20,84
number one,2.53304625946764,3.26838617856781,S20,85
number four,4.3110859508462,5.14415469641672,S20,86
number two,2.99241550435435,3.75345630621727,S20,87
number two,5.80698762396525,6.82958741086796,S20,88
number one,4.39832517103227,5.21309329514939,S20,89
number two,2.49284509948558,3.24727544993901,S20,9
number one,1.55461293272329,2.34398622420856,S20,91
number two,2.51169346774854,3.31151064763255,S20,92
number one,1.81767745170357,2.58642369718972,S20,93
number two,1.55754945190928,2.28352090072977,S20,94
number three,3.55937200904458,4.50206658084921,S20,95
number one,2.46722235882305,3.37377100237685,S20,96
number one,1.94639505280024,2.78645579999068,S20,97
number one,1.96044871281846,2.62044871281846,S20,98
number two,3.46641449190118,4.49471863283466,S20,99
number two,6.17724311893432,7.61478816104755,S21,1
number two,2.98148262999979,4.07247787146987,S21,10
number one,3.15974202050298,4.43354985689055,S21,100
number two,1.67192993181208,3.00803401199837,S21,11
number three,3.7608451187704,5.42263986076358,S21,12
number four,5.98666153047564,7.82103229082798,S21,13
number three,5.12478889708494,6.62133845666781,S21,14
number one,5.03589138788045,6.72213378845514,S21,15
number one,1.85204871346129,3.10179391274582,S21,16
number one,1.14163935775113,2.09474455163592,S21,17
number one,1.65457751293288,2.82955246676984,S21,18
number one,3.07407668609613,4.21677183644542,S21,19
number two,2.6225181671062,3.8896984850165,S21,2
number two,1.68804332656757,2.9554605585206,S21,20
number one,2.84885846386747,4.07906293119658,S21,21
number two,1.53809357960051,2.60092912345661,S21,22
number two,2.22082928593124,3.30565916969197,S21,23
number one,3.88145259067482,5.22137882622929,S21,24
number one,3.15803165603591,4.15142602583202,S21,25
number two,3.0830673217078,4.3663395703663,S21,26
number one,1.85338889290656,2.93313279046558,S21,27
number one,3.82849373002213,5.09034767641997,S21,28
number three,4.0566056398463,5.39694235284475,S21,29
number one,3.4587338742726,4.77185208541248,S21,3
number two,7.23881177852667,8.77991940229907,S21,30
number two,7.01397630216745,8.32527122977705,S21,31
number two,3.16496992371246,4.49332873711734,S21,32
number one,1.13919719212986,2.11776375128365,S21,33
number four,6.53611581821484,8.28398257937713,S21,34
number three,6.65287434813283,8.60564138265748,S21,35
number one,5.33620369915034,6.69038614321231,S21,36
number one,5.90546288876997,7.43217188562172,S21,37
number three,5.96206985284073,7.260686841805,S21,38
number two,2.28778778338645,3.41233977285693,S21,39
number two,1.45076563637503,2.81762544053766,S21,4
number one,4.59024974809201,5.86505538118862,S21,40
number two,1.99741176470588,2.94905950814061,S21,41
number one,4.02115176030251,5.08549113460645,S21,42
number one,5.72066821266659,7.21315378520886,S21,43
number three,6.79601092806601,8.43490937901265,S21,44
number one,1.98784893555816,3.02148667981249,S21,45
number one,5.85246855690067,7.30063297929614,S21,46
number two,3.74581430965961,5.20520481284883,S21,47
number four,3.94648072240945,5.17947695704788,S21,48
number two,1.9350353281875,3.00639707770658,S21,49
number one,4.6428526816349,6.32457790184347,S21,5
number four,3.79388298934031,4.91621953841778,S21,50
number three,7.70729321126041,9.65761975151506,S21,51
number two,2.45317672129093,3.6470294913146,S21,52
number four,3.52569484018507,4.80457506697458,S21,53
number four,3.61939535653619,4.95625877660301,S21,54
number one,1.62934007659289,2.55076561066194,S21,55
number one,0.943557779738401,1.78136798815912,S21,56
number two,2.92657803362309,4.13496133875237,S21,57
number two,2.88888561689736,3.87638403795253,S21,58
number two,2.47388113156909,3.57948607234058,S21,59
number two,1.38535344097478,2.6823302557971,S21,6
number four,3.96600398231582,5.4329434327948,S21,60
number four,4.44886989333886,5.90892861562296,S21,61
number one,6.14641891455377,7.67663639913797,S21,62
number two,2.18951016872613,3.25321777224946,S21,63
number two,2.02772175858295,3.11087097007478,S21,64
number two,2.09584286083911,3.12062366472693,S21,66
number two,3.59892531470419,4.86546913705241,S21,67
number three,6.83762204640892,8.14012936258841,S21,68
number three,2.990674084895,4.20716694710013,S21,69
number two,5.73266497281644,7.49538442204191,S21,7
number one,2.46959521479274,3.73498956530403,S21,70
number two,1.93489601463075,3.16684903680348,S21,71
number two,1.53300313217657,2.65488224526759,S21,72
number two,4.26303026270749,5.66001006667727,S21,73
number four,5.49991182979216,7.33046265253089,S21,74
number one,5.07472685459726,6.74752030932855,S21,75
number two,4.73187295159027,6.14688252168337,S21,76
number two,2.96275597467903,4.32867169036289,S21,77
number two,5.61474981639242,7.08322809927184,S21,78
number three,5.28873966936172,6.78302760140201,S21,79
number four,3.70825720167585,5.08330129160098,S21,8
number one,4.35296870876865,5.83815854373878,S21,80
number two,3.12730366363413,4.14855611642247,S21,81
number two,2.26334988935333,3.45425555282354,S21,82
number two,2.20341155578697,3.35087738549235,S21,83
number two,6.06444659791628,7.62178760660891,S21,84
number two,4.41070951754196,6.02934646629736,S21,85
number four,3.63169058788174,5.00791818735526,S21,86
number four,4.65756872387509,6.1931767020061,S21,87
number two,2.14175769584942,3.40422894941109,S21,88
number two,2.71012736018102,4.02922222704343,S21,89
number two,2.0067343949628,3.16164397325195,S21,9
number one,3.86090314680089,5.27450087504881,S21,90
number two,2.8780097484777,4.02709261053819,S21,91
number one,5.27412817657183,6.83304494809972,S21,92
number four,5.45337247509446,7.47513616852363,S21,93
number two,3.33926900880834,4.84179339205562,S21,94
number three,3.61198379432094,5.07930788058195,S21,95
number one,4.09138863256146,5.56842388039553,S21,96
number one,4.53163574827521,5.83985214326695,S21,97
number one,3.30647896749061,4.77500208758202,S21,98
number two,4.36505375483527,5.80906306940447,S21,99
number one,4.92861556510154,6.38640234246309,S22,1
number one,3.03821632749485,4.22066058230521,S22,10
number one,5.34728453309034,6.47678655076488,S22,100
number one,4.67161038873381,5.82183896209086,S22,11
number two,4.95641732355593,6.14985238432723,S22,12
number one,1.77975527560422,2.70243181609993,S22,13
number two,2.41690917652201,3.38862123483932,S22,14
number two,1.4832179233139,2.45638097166577,S22,15
number one,1.82214922916958,2.69262609461455,S22,16
number three,2.82728439166831,3.76230514695838,S22,17
number one,2.07359383271381,3.06343208126624,S22,18
number two,1.99907542133319,2.94739981133015,S22,19
number one,4.58341196076824,5.76379061825533,S22,2
number two,2.17153062028024,3.25161566634686,S22,20
number one,1.85781128837077,2.71780887776797,S22,21
number one,4.23378706663388,5.32872026883042,S22,22
number four,2.10345344884942,3.1948706422328,S22,23
number four,2.06502621610893,2.95537348754763,S22,24
number two,1.34640801220086,2.19435374471074,S22,25
number one,1.23648232626384,2.12521372243677,S22,26
number three,3.39285045423792,4.59229158008585,S22,27
number two,5.05243934682307,6.50029829763231,S22,28
number one,3.14084583230883,4.53142423234354,S22,29
number one,2.7328624558257,3.96719406798864,S22,3
number one,5.28362672297835,6.63454241455618,S22,30
number two,2.78706813167034,3.75345873610488,S22,31
number two,2.99537996724794,4.04454469337936,S22,32
number three,2.05108034539117,3.05173313662815,S22,33
number two,1.63890471851391,2.52975792726729,S22,34
number two,2.51698855285086,3.70108493839303,S22,35
number three,5.98289191339186,7.6154678353269,S22,36
number one,2.02030656439283,3.0181702881956,S22,37
number one,4.89628996016077,6.32251249736843,S22,38
number two,2.98000763678966,4.18783505691433,S22,39
number one,2.36844297236967,3.44707924615629,S22,4
number two,2.08399999357173,3.07478666968796,S22,40
number one,4.12869656135547,5.32879375686017,S22,41
number two,2.42226748370031,3.52859531603806,S22,42
number two,2.1835610581582,3.06552830288742,S22,43
number four,3.59187570931987,4.78403990029747,S22,44
number one,2.57011480576166,3.60621888594795,S22,45
number one,2.23554641454976,3.28638168841834,S22,46
number two,4.80411100343752,6.27274520410574,S22,47
number three,4.53125442305436,5.98908979816826,S22,48
number three,3.9127003283241,5.12122730537998,S22,49
number one,2.63495109208342,3.67292618573534,S22,5
number two,2.8048065684105,3.91581521283212,S22,50
number one,5.43316228981552,6.81626647124713,S22,51
number four,3.02312118421666,4.24480793120461,S22,52
number two,4.5208509813564,5.75797195022587,S22,53
number two,1.96657445950268,2.97129046638736,S22,54
number one,1.97008278009999,2.90587492828457,S22,55
number two,5.76638848310408,7.39526798671276,S22,56
number one,3.66224480474921,5.03923781882231,S22,57
number two,4.01101467414275,5.49176388949154,S22,58
number one,2.18442802663234,3.02601381757522,S22,59
number one,2.29822116798527,3.22361060086685,S22,6
number one,2.84732734539599,4.0243890134367,S22,60
number one,7.69891990852566,8.83537834732286,S22,61
number one,4.27890784265513,5.42163076314863,S22,62
number one,5.1581476092445,6.36947088554297,S22,63
number one,4.67913454859855,5.88036771656454,S22,64
number four,4.35270871079356,5.83749153958772,S22,65
number two,5.30878565723478,6.55370820456697,S22,66
number one,3.40460503558853,4.5016810708219,S22,67
number two,3.1675830428557,4.55218931910114,S22,68
number two,2.59449308398058,3.69905365519702,S22,69
number two,3.26594390366588,4.52754155477452,S22,7
number two,3.48197436082867,4.51295292092741,S22,70
number one,4.47040193748182,5.74776955922931,S22,71
number one,4.54911612195079,5.98181430965961,S22,72
number one,5.00657232531567,6.32891253850938,S22,73
number two,5.83804037277562,7.29970455652141,S22,74
number three,3.83960959162782,5.1018997607075,S22,75
number one,2.75601254799108,3.67328297423387,S22,76
number two,6.59063961006089,8.10130884160893,S22,77
number two,3.1653794433436,4.13798554602564,S22,78
number two,2.65594005634382,3.77769767505396,S22,79
number three,3.36334952294171,4.51113818057344,S22,8
number one,5.3392934619631,6.60756906135948,S22,80
number three,7.58957310152977,9.14056651094173,S22,81
number two,7.35786800503334,8.60103168014194,S22,82
number four,5.19023941142722,6.58684335420915,S22,83
number two,4.13067651478262,5.36566689647747,S22,84
number two,6.15305516905557,7.73564251724786,S22,85
number one,8.39198231581789,9.82360498898355,S22,86
number three,5.90396921499523,6.85096931624055,S22,87
number three,3.57914448671035,4.79929191917731,S22,88
number one,4.36395898118283,5.35145807720679,S22,89
number four,5.76439881012646,7.25410968242719,S22,9
number one,2.32329411121879,3.31032661096567,S22,90
number two,2.9393649507996,4.16617856781267,S22,91
number one,3.89238731637233,5.00618223192892,S22,92
number four,4.46852930409111,5.72882696532428,S22,93
number one,2.93517140189409,3.90615449392608,S22,94
number two,6.74685413442485,8.16177383724574,S22,95
number three,5.45429709233091,6.74128899752672,S22,96
number one,3.60713576354236,4.70437581618993,S22,97
number one,3.41409683873549,4.56443070722265,S22,98
number two,2.09426855079381,3.07196131464634,S22,99
number three,4.60816887718943,6.35310164547747,S23,1
number one,3.57837729790711,4.50066081372308,S23,10
number two,4.54713090376713,6.22357719312625,S23,100
number three,4.49650622015874,5.78305881710114,S23,11
number one,1.80866132798501,2.84227477336316,S23,12
number one,1.30316613713759,2.25566993383699,S23,13
number four,3.77515655900914,4.88956772106433,S23,14
number one,2.53048182164432,3.66417925242386,S23,15
number one,1.71538396563445,2.56890812228506,S23,16
number two,2.99467289566429,4.10159007217345,S23,17
number one,3.3958420187352,4.51026793367949,S23,18
number two,2.55529440691939,3.50119228414257,S23,2
number three,5.91817879280226,7.61160392189004,S23,23
number one,1.26807536508579,2.26014920667062,S23,24
number two,2.32170697676661,3.48850140538143,S23,25
number three,1.82140349151709,2.96112482583395,S23,26
number one,1.74639545778151,2.87340770846491,S23,27
number two,1.4773655582715,2.57932508907177,S23,28
number two,3.61415611385116,4.84093955011724,S23,29
number one,2.95808686205406,3.87043069115196,S23,3
number two,2.0865542104392,3.5972639401142,S23,30
number one,4.87982900148011,6.21975523703457,S23,32
number one,2.75760898415591,4.02529350374688,S23,34
number one,5.33390786033289,6.67277593768431,S23,36
number three,3.89040491377274,5.43986479411041,S23,37
number two,2.31300920689561,3.58662265227376,S23,38
number three,4.03462896483895,5.49153847563122,S23,4
number one,1.95913933766278,3.02002055762064,S23,40
number one,3.06720168549348,4.33328807185525,S23,41
number two,2.17782078935992,3.30353305016786,S23,42
number three,5.69782615696881,6.97388655703245,S23,43
number one,2.07792867508449,3.24707594845167,S23,44
number two,1.80049731057081,2.9582962373704502,S23,46
number one,2.86893020340666,4.06837373985739,S23,47
number two,5.60816710298577,7.23672426078865,S23,49
number two,4.40578960580216,5.67691241637217,S23,5
number four,4.846390193025,6.37062224729249,S23,50
number four,3.52117508208102,4.91109471258383,S23,55
number two,1.14077308995887,2.27439550277942,S23,58
number one,2.74470825438609,3.96280397460189,S23,59
number one,5.24944753805137,6.26245804345835,S23,6
number two,5.24934777123701,6.64458924131902,S23,61
number one,2.8786251271593,4.23549134352536,S23,63
number two,4.49333508825217,6.34725371594421,S23,64
number two,1.88973655325584,3.04235374471074,S23,65
number one,2.76457684760651,3.9933822010732,S23,67
number one,4.16425391682778,5.44742896998157,S23,68
number four,4.25398480677412,5.59431081669616,S23,69
number one,4.68259349362235,5.74102824101528,S23,7
number two,5.46538567234122,6.85512180775925,S23,70
number two,3.24885616897361,4.65933843416885,S23,73
number two,4.9379622306754,6.05655675282161,S23,75
number two,3.16428117271005,4.20871108925498,S23,76
number two,4.36168957542856,5.63021240624764,S23,8
number two,4.65868654931852,6.01313714883544,S23,81
number three,3.40194349868461,4.54714953290553,S23,82
number four,2.13769160033491,3.43403056965758,S23,87
number two,2.97417352804576,4.11851695216239,S23,88
number three,6.749502474082,8.12530484322243,S23,89
number one,3.38713535856109,4.3445414535292,S23,9
number three,7.37684639156868,9.41764343327693,S23,90
number one,6.38068400693611,7.68757476323863,S23,91
number one,1.81644036891865,2.80301225068341,S23,92
number four,2.70870725157533,3.88794000491763,S23,93
number two,3.12997376299918,4.3089520531104,S23,94
number one,1.91321574734311,3.0500143704068,S23,95
number one,3.86898354522532,4.98199453275286,S23,96
number two,3.86930484322243,5.06078201240336,S23,97
number two,2.03857612442567,3.3832214524364,S23,98
number two,3.23465667070041,4.56924814584468,S23,99
number one,2.5819439486638,3.82001720206155,S24,1
number one,3.49775748371638,4.38665183663827,S24,10
number one,3.6123215486998,4.79941884544983,S24,100
number one,2.94077586697329,3.75990467512306,S24,11
number two,1.27745023149822,1.92339333162984,S24,12
number four,3.69427568617809,4.72717703949049,S24,13
number two,2.81584629996577,3.52336516293264,S24,14
number two,3.78521858864028,4.80971513424647,S24,15
number one,3.23815963011711,4.26083077086256,S24,16
number one,2.49775194254409,3.53969990245094,S24,17
number one,2.87343605715378,3.75566750394937,S24,18
number four,5.35723235157517,7.47929573114386,S24,19
number three,2.65067035006774,3.84434685681502,S24,2
number two,1.16384317582455,1.88970460473346,S24,20
number two,1.12461240881895,1.79192820260634,S24,21
number two,3.09521659266116,3.83366136816172,S24,22
number two,1.44975234752536,2.23065748066295,S24,23
number three,4.80589125610083,6.13689257228996,S24,24
number three,3.33572011937305,4.31717101298351,S24,25
number three,7.32494481487374,8.8522749758538,S24,27
number four,3.87385642771165,5.11315985992791,S24,28
number three,6.86741560559967,8.74300940938624,S24,29
number two,2.40630866322433,3.63602001764561,S24,3
number two,1.56079590390373,2.31047023146608,S24,30
number one,5.38428007347517,6.65459060732727,S24,31
number four,5.64771385180578,6.93104877613696,S24,32
number three,3.20139636898936,4.24571346932347,S24,33
number four,5.63202915222314,7.05739515404555,S24,34
number two,2.1658701263638,2.78840569480804,S24,35
number three,5.8353409797654,7.23168361320432,S24,36
number two,2.87141196076824,3.81385602273038,S24,37
number two,1.55073483208544,2.31080367890128,S24,38
number two,0.98758407780783,1.86389267353528,S24,39
number two,2.17102034388052,3.29004433902075,S24,4
number four,3.62102473760589,4.59003798145764,S24,40
number one,3.30741277073078,4.04631122167743,S24,41
number one,1.18331085687287,1.83344117405999,S24,42
number two,4.06224723463683,4.98186857714973,S24,43
number two,3.41505625864804,4.51987505363591,S24,44
number one,3.65509660249642,4.57989206284924,S24,45
number four,2.89772554805055,4.04832554708631,S24,46
number two,6.25998833268247,7.69142789645979,S24,47
number one,1.31873645201052,2.18160169449306,S24,48
number two,2.35622648095383,3.10429245433113,S24,49
number three,4.43492881811359,5.47394876344112,S24,5
number two,1.75148484454023,2.43678306021204,S24,50
number two,1.68677998428287,2.60964995154688,S24,51
number one,1.14996840181856,1.87987501506627,S24,52
number two,1.14494817686111,1.8792525010004,S24,53
number two,1.56497529132135,2.40257008827627,S24,54
number two,1.08807731285285,1.92070106114735,S24,55
number four,3.19493367788883,4.27258883633775,S24,56
number one,3.82723184695565,4.88956772106433,S24,57
number two,2.61602024263521,3.72542188280935,S24,58
number two,2.29271276703452,3.2577576765646,S24,59
number two,4.07948566735931,5.32311429953508,S24,6
number two,3.52351806586088,4.45850844755573,S24,60
number four,3.35054975564523,4.56719448582646,S24,61
number three,2.54243514594593,3.66926515505801,S24,62
number four,5.69376206707583,7.16918982854186,S24,63
number three,5.48007280020442,6.89630387094597,S24,64
number three,2.56060179573838,3.55911551447888,S24,66
number two,1.23160660890862,2.0356116808169,S24,67
number two,1.94446445566178,2.75946650467416,S24,68
number three,2.42942755254712,3.55950753634787,S24,69
number two,2.65789633443739,3.64954041375586,S24,7
number two,3.2228700958295,4.13091909856312,S24,70
number one,1.31460037830393,1.99797589718618,S24,71
number four,4.40942795752839,6.00837905604009,S24,72
number one,1.35077857006256,2.23962538589733,S24,73
number two,5.25169159712078,6.77487976395377,S24,74
number two,2.84032512282021,3.83346917562205,S24,75
number two,3.32844425802449,4.30401983765394,S24,76
number one,2.26510222402214,3.2767184367723,S24,77
number two,3.64714203753791,4.46816345815435,S24,78
number two,4.16437863820227,5.3394855966483,S24,79
number four,3.14475973843353,4.2832046103582,S24,8
number one,1.6997764439109,2.49843190609577,S24,80
number three,4.00195148902935,5.00389607409229,S24,81
number two,1.59572987106489,2.47392162969606,S24,82
number one,1.5577264287241,2.43554762949356,S24,83
number two,1.83178373357375,2.74615044411339,S24,84
number two,2.02223670512382,2.93672491004434,S24,85
number one,1.89650524306108,2.61692198807234,S24,86
number two,4.38295068710215,5.82540487359602,S24,87
number one,2.77148607234058,3.67503978298147,S24,88
number two,3.23553548005548,4.58842400896101,S24,89
number one,2.13597407477047,2.9212773044961,S24,9
number three,3.83828287298855,4.79041003710721,S24,90
number three,2.16487796082288,3.1530313908696,S24,91
number two,4.72491217209776,6.07681756075924,S24,92
number two,3.02716635569891,4.10429715982779,S24,93
number four,2.61868658788817,3.64554832053303,S24,94
number one,1.22124693090087,1.97285976880712,S24,95
number one,2.78700324467136,3.70057503483321,S24,96
number two,1.83136844135244,2.61038057632692,S24,97
number one,1.934674084895,2.74800606829077,S24,98
number two,2.27522364447787,3.1519270969432,S24,99
number two,2.44415111586803,3.28728624943953,S25,10
number one,1.49091162248032,2.2640363904598,S25,13
number four,2.27101224425513,3.23024075493651,S25,14
number two,1.31249326075812,2.2150993152281,S25,15
number four,2.35926171271722,3.16950773883851,S25,16
number two,1.74137409501953,2.83190765784225,S25,17
number three,1.9535288042928,2.82944852157731,S25,18
number one,2.46742546657217,3.3562025677741,S25,19
number two,1.75314351282682,2.52348779511805,S25,2
number two,1.91103654955958,3.21891179604372,S25,20
number two,2.00281704328318,2.82407046031264,S25,21
number one,1.49091162248032,2.2640363904598,S25,23
number two,3.06280036834011,4.03682139843889,S25,24
number two,1.58814232198904,2.42475532863748,S25,25
number four,2.08500092085027,2.94459179334384,S25,26
number two,2.69662771453963,3.64032924334392,S25,27
number two,2.42749415910943,3.19978283361537,S25,28
number two,2.47244628293084,3.44321068507724,S25,29
number three,2.17650532020037,3.16430863429709,S25,3
number four,3.60931618269798,5.73566223919287,S25,30
number two,1.50054307345428,2.19490775908757,S25,31
number two,1.87752321169432,2.84644870960432,S25,32
number three,2.12980094527771,3.39093691773898,S25,33
number two,1.41169971603099,2.10282532290024,S25,34
number three,2.79086118624157,3.80580094527771,S25,36
number three,3.09169180282555,4.1934878947563,S25,37
number two,2.74477152788826,3.74367711421918,S25,38
number one,1.42745205391394,2.15379406059613,S25,39
number two,2.36985113081377,3.39700367857987,S25,4
number one,2.24226788868158,3.66185683269292,S25,40
number two,1.54232806375562,2.2370811457113,S25,41
number four,3.77162133608463,4.9500196351633,S25,42
number one,2.83660706049488,3.87040274744436,S25,43
number two,1.28319651073281,2.00918618371043,S25,44
number two,1.34852484929715,2.18767438863095,S25,47
number two,2.44807046031264,3.6623581995047,S25,49
number one,1.54572075898633,2.62816887076116,S25,5
number two,1.52241206844183,2.39148866293505,S25,50
number one,1.639076636277,2.32900070228895,S25,51
number three,2.18494562483628,3.17606641049994,S25,52
number two,1.79927669702419,2.64711308459127,S25,53
number two,2.8780836222039,4.06610427624865,S25,55
number one,1.85861090781694,2.7422395399927,S25,57
number two,1.11398359183031,1.85811237587404,S25,6
number one,1.29696549463159,2.09686058519793,S25,63
number two,1.39861090781694,2.23313151123903,S25,64
number one,1.85120785020836,3.08308797575255,S25,65
number two,1.6143205426749,2.37347683169653,S25,66
number one,2.46469656135547,3.59107096653923,S25,67
number four,2.50893347539819,3.63664431877169,S25,68
number two,1.34630698544478,2.2589700747769,S25,69
number two,1.75341823797792,2.67483162260888,S25,7
number three,3.42074373845924,5.96341208290545,S25,70
number four,4.35316836453457,5.72227639328824,S25,71
number one,1.45574283046552,2.45960837668401,S25,72
number three,1.7473791572854,2.56017656540528,S25,74
number four,2.15609192431993,3.12820491409415,S25,78
number two,2.78982627267775,4.02704810116818,S25,79
number one,1.6542532772145,2.46863840475949,S25,8
number three,1.9994656754268,3.11219414030673,S25,80
number three,1.58089905199027,2.52764401503573,S25,81
number two,3.2201842600494,5.14689074987425,S25,82
number two,1.78851593970922,2.5760789649193,S25,83
number four,2.15637516693424,3.07510632204689,S25,86
number one,1.37492112346947,2.20319691571408,S25,87
number three,1.5918683746591,2.37235435218264,S25,88
number one,1.32914771048982,2.14507967363652,S25,89
number two,2.13586877964037,3.009868982131,S25,9
number one,2.29372278389267,3.2436205261221,S25,93
number one,3.03054544227329,4.902388926655,S25,94
number two,1.78497610128389,2.7234588678845,S25,95
number three,3.06799999357172,4.30806884038756,S25,96
number two,1.57061374268583,2.53066234043818,S25,97
number two,3.78300118958226,4.46046063351435,S26,1
number two,2.04261862453381,2.78167642354504,S26,10
number one,3.85653477590281,4.86145744345645,S26,100
number one,3.67232728607018,4.54347253197677,S26,11
number four,5.8222398089373,6.75456703933205,S26,12
number four,6.19776379172687,7.12648791975251,S26,13
number one,4.76667651545749,5.63926383168359,S26,14
number one,4.84783041361322,5.77755834076672,S26,15
number two,6.06298050712154,7.34768788356349,S26,16
number one,3.4919680039088,4.40055394648776,S26,17
number two,5.08849480190708,5.99216593868648,S26,18
number four,5.69478553562039,6.54385497607517,S26,19
number three,3.12213657805875,3.94997928250215,S26,2
number four,6.80558158909664,7.7838049622643,S26,20
number two,6.3579415883191,7.19724841487023,S26,21
number one,7.70281356915716,8.63476706385803,S26,22
number one,7.64073392018112,8.60797096718534,S26,23
number one,7.4032917538695,8.35678209190333,S26,24
number one,3.0509973527775,3.85997703100713,S26,25
number one,6.72597073728423,7.57162109225106,S26,26
number three,5.50056428771812,6.44019024964909,S26,27
number four,6.66245025244726,7.6919237525045,S26,28
number four,6.41321681330662,7.37658406305338,S26,29
number one,3.85842776437488,4.57328410377803,S26,3
number two,5.22727394829241,6.24476185868569,S26,30
number three,5.96321992777073,7.00679158312353,S26,31
number two,6.73403540333126,7.66440324270958,S26,32
number one,7.0749353140346,8.03538952471665,S26,33
number two,7.26783326457898,8.29406171764928,S26,34
number two,4.3342018306176,5.30958667859849,S26,35
number one,6.83048570041485,7.71948589695871,S26,36
number two,5.84810546365511,6.89442026643091,S26,37
number two,7.63936396105696,8.67508742601708,S26,38
number four,7.87940859163011,8.97650168646144,S26,39
number two,2.91616740640589,3.73863007927269,S26,4
number one,8.54055702111515,9.54439969100139,S26,40
number two,3.60399631390285,4.51585646107316,S26,41
number two,3.18127535313699,4.06860190318763,S26,42
number three,5.14606230512101,6.22731180566205,S26,43
number one,5.19661883619642,6.15794505363439,S26,44
number two,4.46768929944716,5.41795765739887,S26,45
number one,2.85930415125093,3.7567254527168,S26,46
number two,6.78589927403565,7.73502828239632,S26,47
number two,5.26281654107298,6.08545571463849,S26,48
number two,3.02982095887002,3.88532373316208,S26,49
number two,3.73945964119588,4.56241682703349,S26,5
number three,3.29369125624639,4.14311991838751,S26,50
number one,3.83082496438093,4.74128450982467,S26,51
number four,4.63985416302197,5.56686706364205,S26,52
number two,1.36127301956871,2.14287889083033,S26,53
number two,4.56362760627587,5.39699003961834,S26,54
number four,4.99983072558759,5.93313765149055,S26,55
number one,4.19261835239617,5.01171727442873,S26,56
number one,4.86958227160057,5.68324492027735,S26,57
number two,3.26435837791567,4.04636792001169,S26,58
number two,3.75575101949624,4.5910639021898,S26,59
number four,2.75832761868285,3.69457363111047,S26,6
number four,4.58567551641957,5.49854762684698,S26,60
number two,1.33713516241506,2.15103431166095,S26,61
number one,2.82603304480504,3.75151873490074,S26,62
number three,2.51671722907246,3.39816560607381,S26,63
number one,3.83118321942669,4.86628050863341,S26,64
number one,2.33437696630845,3.21393126532724,S26,65
number one,4.10012717419137,5.08557022938995,S26,66
number four,6.63349155137414,7.58022030573968,S26,67
number three,5.27307088705592,6.21573390506236,S26,68
number three,4.60990270287393,5.64862097778046,S26,69
number one,2.46789476864581,3.26913874004112,S26,7
number two,4.68014525622575,5.84443172644935,S26,70
number one,3.46824594715298,4.40415723028196,S26,71
number one,3.51081299128464,4.41579038874166,S26,72
number four,3.73301861839031,4.66884813063759,S26,73
number one,4.20665103915062,5.09131608307062,S26,74
number two,4.18623950656214,5.18340625134239,S26,75
number four,3.81549992716598,4.83491392411199,S26,76
number three,4.61064571734786,5.64385709270126,S26,77
number one,3.84392240573514,4.81504557825529,S26,78
number two,3.00607870345373,3.98087573412969,S26,79
number two,1.84854693138412,2.67802246167455,S26,8
number one,1.15967343003099,1.93816397324796,S26,80
number four,3.50316846351904,4.51134045450826,S26,81
number two,3.76713804457826,4.73429345029012,S26,82
number two,4.89716376710489,5.81224498723185,S26,83
number four,4.30496713686003,5.2960273721511,S26,84
number two,3.80368859966465,4.7611286915867,S26,85
number one,2.68091906784939,3.67120228538023,S26,86
number two,2.2462550486452,3.10280283147937,S26,87
number two,2.99491287779796,3.88728434135851,S26,88
number two,3.76303728357678,4.71372551103201,S26,89
number one,4.31581832724623,5.07273626046884,S26,9
number one,2.01079852815293,2.87966015048204,S26,90
number three,5.45742292853219,6.33675796236581,S26,91
number two,4.09699069716432,5.00993628475484,S26,92
number one,4.03807138597493,4.87262500464962,S26,93
number one,4.33255775641473,5.22362347765508,S26,94
number three,4.7249039154943,5.72403005129099,S26,95
number two,4.24665445071033,5.18936256581159,S26,96
number three,4.95498129329694,5.97406056094431,S26,97
number three,3.59998347591762,4.62100541755489,S26,98
number one,3.83408352321773,4.89790584757556,S26,99
number two,7.16525194929984,8.1629085418342,S27,1
number three,3.81172211243124,4.6763523832082,S27,10
number three,8.52090432922031,9.28246881828189,S27,100
number one,7.10403246933232,8.62109122298512,S27,11
number three,6.23922593975679,7.30109042817042,S27,12
number two,5.12750180189196,6.02577644924693,S27,13
number one,8.57232008954144,9.40114248949306,S27,14
number one,2.67923827666319,3.32739264350041,S27,15
number two,3.81543582267281,4.67973149374047,S27,16
number one,2.98779927857127,3.73948698550927,S27,17
number two,3.0070958666036,3.82306753837105,S27,18
number one,1.7204138863151,2.49437333780657,S27,19
number one,3.87830463817093,4.78217171405197,S27,2
number two,7.45881613502635,8.46383819761368,S27,20
number one,3.02162777474203,3.77024576908761,S27,21
number two,8.02969543766284,8.82679410483635,S27,22
number one,5.46927027323435,6.18033327309828,S27,23
number three,2.23915564281239,2.95332101178567,S27,25
number two,4.01052398110971,4.77566617302722,S27,26
number one,1.78520054552318,2.49482665864173,S27,27
number one,3.92801165728224,4.61644861530177,S27,28
number one,5.64972921824743,6.40736041126861,S27,29
number one,3.21700490783677,4.07674525396993,S27,3
number one,2.39562528230681,3.05671512876502,S27,30
number four,8.42901894668334,9.48863065378548,S27,31
number three,4.73878432515984,5.51308381911342,S27,32
number one,2.32783102796274,3.04162084699121,S27,33
number three,6.49416639224921,7.38086430434875,S27,34
number two,3.46769267740962,4.30009511282553,S27,35
number one,1.4472784493626,2.22535443623952,S27,36
number three,2.50381433685408,3.26160881245997,S27,38
number three,8.90305576301851,9.79536035847295,S27,39
number one,3.56272877452389,4.51042128490723,S27,4
number two,5.01595086259713,5.93994731184886,S27,40
number three,3.26104562481147,4.11959737739947,S27,41
number three,2.43595799001154,3.22017469796682,S27,42
number one,5.86012487518026,6.74717501114108,S27,43
number three,8.14184091563037,9.5067853541953,S27,44
number one,3.84377338565863,4.65139393075465,S27,45
number three,2.4375924842015,3.07484359165051,S27,46
number one,1.76257383749351,2.40414687945238,S27,47
number four,5.70547855692176,6.65881312855336,S27,48
number one,3.83193102678684,4.63178346771029,S27,49
number two,3.72897745313245,4.60989516173351,S27,5
number one,2.39695924918809,3.13066461915489,S27,50
number one,7.07075602380508,7.88767512333187,S27,51
number four,6.88260473159525,7.84572835335849,S27,52
number two,5.47338355928677,6.47287785843515,S27,53
number two,2.51137698142721,3.1945758082116,S27,55
number one,7.70346661310307,8.72283719761584,S27,56
number three,4.87379756271225,5.6556407120791,S27,57
number two,2.8958569535127,3.67054728895474,S27,58
number one,8.26841854289252,9.40114248949306,S27,59
number two,2.77772039657222,3.77032274516326,S27,6
number one,2.25236956579647,3.1344169047870998,S27,61
number two,6.56280942325778,7.4370243817568,S27,62
number two,4.55571582302798,5.19447729438549,S27,63
number four,2.60748486888317,3.32527511123686,S27,64
number two,7.84650626960489,8.86130494174599,S27,65
number one,5.88041449874478,7.02270317630703,S27,69
number two,5.97860053290022,6.81647034311661,S27,7
number two,3.68173671715132,4.5370108958248,S27,71
number one,6.75480639950622,7.71882677959179,S27,72
number four,7.57930441138956,8.3737721555196991,S27,73
number two,9.01459383745032,9.8790139142968,S27,74
number three,5.45624104867544,6.23495202338176,S27,75
number two,6.6530427056913,7.54997843585171,S27,76
number four,3.42610972714482,4.28791520920641,S27,77
number two,2.1639803408152,2.85935188428919,S27,78
number one,6.81423932513705,7.77303466251213,S27,80
number one,3.09960828882299,3.86512577150661,S27,82
number two,7.62163517957365,8.51746875228731,S27,83
number two,4.63612408996477,5.24511914613095,S27,84
number one,4.40340934324836,5.18614199393378,S27,85
number two,3.14900398343272,3.74028780355406,S27,86
number two,6.45543600505782,7.03781599991745,S27,87
number two,2.77445522099904,3.34821389538635,S27,88
number two,5.7642371177984,6.46462143662277,S27,89
number one,2.84211687087789,3.71915169369685,S27,9
number one,5.79210025320319,7.21038911219054,S27,90
number three,7.6257484493074,8.63483482277096,S27,91
number two,3.88470440836581,4.59157920993211,S27,92
number one,1.73889052027485,2.38737546955142,S27,93
number one,3.16551362476059,3.79330250642607,S27,94
number one,7.77473086619203,8.50754310633839,S27,95
number two,4.68532881306472,5.37936960347338,S27,96
number two,1.62200492391545,2.25812121740078,S27,97
number one,3.41766559851443,4.13911337076546,S27,98
number one,3.37901661071526,4.15199636669851,S27,99
number one,1.49382356226964,2.29348183355861,S28,1
number two,1.30485655565158,1.87278100556183,S28,10
number two,2.90932932076196,3.6074156399802,S28,12
number four,3.56166227924395,4.33614185446165,S28,13
number one,0.908310279975182,1.38948329233974,S28,14
number two,4.33235946398103,5.02498543619402,S28,15
number two,2.14532315510352,2.80983222909142,S28,16
number four,4.99243681261864,5.85449881820263,S28,17
number three,3.38599974886806,4.27854511880757,S28,18
number four,4.69696428017461,5.47785597398569,S28,19
number three,3.32735572839342,4.25630523979407,S28,2
number one,3.65135107506629,4.37503651015238,S28,20
number one,3.18254016264486,3.82630719714596,S28,21
number two,2.63606221978476,3.30264435100859,S28,22
number three,4.48177615649952,5.17513527702069,S28,24
number one,1.69497555156699,2.23397043290715,S28,25
number two,2.37251906017564,3.17874986520124,S28,26
number three,2.7622636885373,3.64056788317933,S28,27
number one,1.12442014004299,1.6641733475149,S28,28
number two,1.48918861208979,2.19672234871147,S28,29
number one,1.38210537570077,1.96217849941279,S28,3
number four,2.68918687078523,3.43794530494065,S28,30
number three,3.62269751527104,4.18138644035247,S28,32
number four,3.46662061904023,4.04293053062702,S28,33
number two,2.47731763389395,3.23588681889694,S28,34
number one,3.6152970964716,4.21641302248369,S28,35
number three,1.76028499782106,2.48020123793274,S28,36
number one,1.49369542127383,2.02810444872846,S28,37
number four,2.38134269907746,3.00501882750929,S28,38
number three,3.19334758507095,4.00677912299556,S28,4
number one,1.05949119468634,1.61375979137583,S28,41
number two,0.911250625983292,1.45953487779477,S28,42
number one,3.48328050699107,4.869972697711,S28,43
number four,3.73409770140412,4.45794018628081,S28,44
number one,1.07409397874242,1.66576335984991,S28,46
number one,2.05924623856057,2.6053392718651,S28,49
number one,0.870794071808963,1.4826993184353,S28,5
number two,0.971442185180261,1.55497563927851,S28,50
number two,3.17950939251922,3.9047572237364,S28,51
number one,1.93835014440087,2.56874800387039,S28,54
number four,2.2601095673883,2.91560398339575,S28,55
number one,1.99227857918412,2.48539497883844,S28,57
number one,1.28899160554558,1.83976522118076,S28,58
number three,3.54100989108999,4.35617645527266,S28,59
number one,2.84550091219984,3.54980640312585,S28,6
number two,2.18932175910538,3.26299265254419,S28,60
number one,1.57968913928221,2.30262073537341,S28,63
number two,3.40462056549004,4.11081065390325,S28,64
number two,2.10433103713798,2.63832724800018,S28,65
number two,2.56955603381418,3.29008377096767,S28,68
number one,3.23562329470333,3.88100370419612,S28,69
number one,0.821602251323982,1.39081226594872,S28,7
number three,2.02809095407979,2.62770705459165,S28,70
number two,1.07499090754651,1.74294722443809,S28,71
number two,2.15987445803511,2.86152580749998,S28,72
number three,3.60310537939389,4.23029942313516,S28,73
number one,2.31840714396508,3.13595151676306,S28,74
number two,1.60988853434968,2.32050742685782,S28,77
number three,1.91862840967006,2.42887869219349,S28,78
number four,4.29001591917983,5.29575492569449,S28,79
number two,2.96753203594141,3.91386596201999,S28,8
number one,2.52309775957071,3.1326865217857,S28,81
number one,1.71272008390761,2.35482600526638,S28,83
number four,2.94732910102152,3.68733525006094,S28,85
number two,1.5931410936796,2.27015133099928,S28,9
number one,4.0552209942609,4.69539208712801,S28,90
number two,2.32621115579782,3.06594159520486,S28,93
number three,3.84716348412329,4.5644259567019,S28,94
number four,2.45369169861213,3.01222357390296,S28,95
number three,2.85060886938923,3.79108583541994,S28,96
number four,3.42566945866294,4.36437350705755,S29,1
number one,2.30515028030756,3.09897664472955,S29,10
number three,3.45836829237667,4.32679081447997,S29,11
number two,2.09670053993367,2.88276615184619,S29,12
number two,1.63979639477941,2.61726631434333,S29,13
number one,2.58626004897073,3.5884830098163,S29,14
number one,1.37897049569013,2.22813447561435,S29,15
number two,3.47821682657862,4.27160095873311,S29,16
number one,1.50808559906047,2.81643375102484,S29,17
number two,4.53351347618309,5.0003910936796,S29,18
number four,5.17411142871915,7.56792715696485,S29,19
number one,3.60972858915553,4.65125812116377,S29,2
number two,3.09909424095371,3.80263392718651,S29,20
number three,4.50606637915753,5.71306780839372,S29,21
number one,1.36202052726628,1.97328324082076,S29,22
number two,3.97909630540599,5.27759967906815,S29,23
number four,2.30099307263622,2.97347529027898,S29,24
number four,5.24717697046245,6.38178717122028,S29,25
number two,3.3472814376565,5.2622598329234,S29,26
number one,5.11459689999778,6.62807675773893,S29,27
number one,3.08311378492765,3.73000199705289,S29,28
number one,3.15891715231152,3.93011014905419,S29,3
number two,4.62805836047774,6.47410934764785,S29,30
number three,4.6331149187145,5.55138504435433,S29,32
number two,2.93937137982229,3.88558340534911,S29,33
number two,3.12110979636154,4.48409906047109,S29,34
number two,3.76290912532222,4.79373683588528,S29,35
number two,3.50627892818365,4.30777056881384,S29,36
number one,2.76242841631767,3.48639205388996,S29,37
number three,4.13807141010585,4.95240598432641,S29,38
number one,1.32975981168798,1.81241308065028,S29,39
number one,3.92735805505698,4.6651779712971,S29,4
number two,1.62551673351208,2.50734345524312,S29,40
number two,1.5050055285958,2.35638814841898,S29,41
number four,3.99288184980833,4.98146665669525,S29,42
number two,5.13147008390761,5.95051615184619,S29,43
number two,1.8975768740721,2.90140411099293,S29,44
number two,4.27818355528965,4.89369309461026,S29,46
number four,4.70231634961259,5.5018018661319,S29,49
number two,2.28909933006862,3.24622357390296,S29,5
number one,1.48872052061867,2.29278815174278,S29,50
number one,2.48000312253023,3.4261731434702,S29,51
number three,1.90016785031059,4.31483193825847,S29,52
number four,2.27098310953046,2.86364950752288,S29,53
number four,3.05476309025239,4.23175853663941,S29,54
number two,3.73055279679733,5.97152766883083,S29,55
number one,2.61898625421939,3.47694926026871,S29,56
number one,3.61434816673684,4.70859258274428,S29,57
number two,3.18119495594112,4.50705640312585,S29,59
number three,4.08874118637683,5.3350793503069,S29,6
number two,1.63372613323288,2.23397043290715,S29,60
number two,5.07838550968704,5.93904977213469,S29,61
number two,2.89469875800483,3.98815169292473,S29,62
number four,4.35713423002208,5.09580221513144,S29,63
number four,2.2568121163775,3.06906765051297,S29,64
number two,1.32340441382851,1.94719832960328,S29,65
number one,2.11754698013842,2.83204500247439,S29,66
number one,2.05273036739126,2.66990737663143,S29,67
number two,3.78636735801813,4.77042888165038,S29,68
number four,3.78892808763027,5.06739190801185,S29,69
number one,4.91481966510817,7.46687876236271,S29,70
number one,4.06419088427988,4.73997613323288,S29,74
number three,3.15388790472975,4.11882266728966,S29,75
number one,3.35178252698758,4.41769123992773,S29,77
number two,3.88901162920455,4.82917201762703,S29,78
number four,3.27056286655488,4.61960358136975,S29,79
number four,2.25700815440183,3.38199955405615,S29,8
number one,3.35310947012593,4.0322833811974,S29,81
number three,3.97632507345197,5.0088215043452,S29,82
number one,3.04454614520871,4.68599331270943,S29,83
number one,5.52986524291164,6.62345475999692,S29,85
number four,6.05695060989789,7.20563996478049,S29,88
number four,2.25166354572308,3.84208775646993,S29,89
number two,2.3740036340269,3.1722783714463,S29,9
number one,3.85911445931602,4.76624718689112,S29,90
number one,3.90407584720839,4.64952253090886,S29,92
number two,4.90335351711503,6.17656579959391,S29,93
number one,4.1247807278554,4.87909728440711,S29,94
number two,3.02986038859047,3.92334269208442,S29,95
number four,3.75940056668944,5.16534526227325,S29,96
number two,2.72359753386662,3.41106620024099,S29,97
number one,2.92256189895438,3.72359360298958,S29,99
number four,2.75962393453581,3.7619942230421,S3,1
number four,2.85760726196016,4.30369618205588,S3,10
number two,2.83077557483363,3.76848846454977,S3,100
number three,1.8803072220745,3.30434847049569,S3,11
number one,1.56587740421902,2.52110720379357,S3,12
number three,1.36996950224172,2.3356058447266,S3,13
number one,2.15365436858783,2.98147054554721,S3,14
number one,1.43418820861678,2.35025963718821,S3,15
number three,2.40244011611159,3.37400496354894,S3,16
number one,2.01593444902391,2.87482317633894,S3,17
number one,1.56022182521217,2.36754225664207,S3,18
number two,1.68464696481198,2.60966063396042,S3,19
number two,2.12697891322653,2.99308033913891,S3,2
number one,2.11344983824149,2.96010077223072,S3,20
number two,1.82129157064563,2.86653645198579,S3,22
number three,1.20509392057583,2.10161265021752,S3,23
number two,3.59867523746741,4.46272392290249,S3,24
number one,1.22572543985021,2.060713557247,S3,25
number four,2.373913949456,3.2929450187241,S3,26
number one,2.01398206622497,2.88089691033851,S3,27
number two,1.79798781271466,2.76603387234373,S3,28
number two,1.77244588660654,2.8195753654339,S3,29
number two,1.09370266347581,2.17104926987081,S3,3
number one,2.01848319262558,2.99518132464712,S3,30
number two,1.22928412532222,2.14577958832827,S3,31
number three,3.24112192825013,4.17968637683086,S3,32
number three,1.98422944872846,2.88647264323753,S3,33
number one,1.35163273061668,2.28998977375967,S3,34
number four,2.53635771898336,3.47993529659421,S3,35
number one,2.00311678004535,2.92883106575964,S3,36
number two,2.40345872942011,3.49534066786324,S3,37
number four,2.98584711973823,4.11170565859351,S3,38
number one,2.23130596733808,3.17282095769904,S3,39
number four,2.50559525840738,3.88163411368891,S3,4
number two,2.18134456040831,3.20128872048276,S3,40
number one,1.03949028063994,1.93929833089588,S3,41
number two,1.89929663113888,2.87203162415889,S3,42
number one,1.30978560072237,2.30747867225066,S3,43
number four,3.38284525840738,4.45728569582013,S3,44
number one,2.90627161950557,3.86826440684852,S3,45
number two,3.26710288284695,4.26940561501474,S3,46
number three,3.82147398568548,4.78160959693324,S3,47
number two,2.03606836513107,3.07036039464646,S3,48
number two,1.74214986483193,2.81023801214297,S3,49
number two,1.14712445803511,2.18897706389831,S3,5
number one,1.02851942210109,2.11863891289415,S3,50
number one,1.19301082175541,2.20931790810787,S3,51
number two,1.71335863672288,2.87637515603418,S3,52
number one,4.8348152444474,7.98605070280012,S3,53
number one,4.70103011182758,5.84427406250231,S3,54
number four,4.30103517232083,5.87632309693693,S3,55
number one,2.87745455342832,4.26510724072474,S3,56
number one,3.22155518624388,4.16932624254914,S3,57
number three,2.92744309091715,3.98302832989873,S3,58
number two,3.76597555156699,4.96558467208816,S3,59
number one,1.83857024677406,2.79610282006397,S3,6
number two,1.63999765487085,2.67181477911469,S3,60
number one,1.70999893453581,2.66113172885875,S3,61
number one,1.74344425794205,2.79825347152976,S3,62
number one,2.3730883578187,3.40607712335749,S3,63
number four,4.9505111375169,6.18008909736533,S3,64
number one,4.75073637055256,5.69515528632734,S3,65
number one,2.4804359401198,3.45218151945903,S3,66
number two,3.59046298758374,4.61941395314912,S3,67
number one,4.5769498419346,6.07982210810491,S3,68
number two,1.44840019721244,2.48539497883844,S3,69
number one,2.699223669924,3.52787320791509,S3,7
number three,4.68705076096671,5.62207024677406,S3,70
number two,2.9244220964716,3.92294466510817,S3,71
number one,1.83471449622194,2.80528643998316,S3,72
number one,4.18840040033386,5.30738015836085,S3,73
number one,1.53231553528034,2.57903668465215,S3,74
number three,1.40278726631804,2.44485188939854,S3,75
number three,4.73627778516401,6.43536805971031,S3,76
number one,3.50247427190203,4.43569553760701,S3,77
number three,3.54744047711376,4.75487852969635,S3,78
number three,6.30472950689505,7.80518320629012,S3,79
number one,2.09897729656466,4.40930535612725,S3,8
number one,6.33434922666135,7.38402764851869,S3,80
number one,2.47403924398207,3.34170792709049,S3,81
number two,2.61040099492566,3.61637769505196,S3,82
number three,5.91888516068751,7.05812434170193,S3,83
number three,4.925324846551,6.05766941711538,S3,84
number two,1.68746275491738,2.56976847850975,S3,85
number one,1.50224870648585,2.35063915387002,S3,86
number four,2.86615889265587,4.41611468604814,S3,87
number two,2.27148239491236,3.611128700503,S3,88
number one,3.59168960461492,4.49370507692762,S3,89
number one,1.18572427651842,1.94574168494759,S3,9
number four,3.77576807134363,5.01410567022683,S3,90
number two,4.62630380686477,5.81464821954841,S3,91
number two,5.50760095504,7.01122257306831,S3,92
number two,1.29823440581444,2.17760255046644,S3,93
number one,2.80435113323288,3.7437051932608,S3,94
number one,3.19196828074335,4.08434874840273,S3,95
number four,5.62856803644368,6.85247275957071,S3,96
number two,2.31675198043387,3.3433326159454,S3,97
number one,0.968705821090651,1.75710511810587,S3,98
number one,5.00747536506459,6.17305528595803,S3,99
number one,3.14167164601756,4.10709625633158,S30,1
number two,2.97947771459097,4.18382414148854,S30,10
number two,0.902021950996506,1.7388203164428,S30,100
number three,3.06051965714497,4.26337347387539,S30,11
number three,7.94981013287948,9.34037023966111,S30,12
number one,1.90637723316652,2.8904376995586,S30,13
number one,2.91411940314984,3.92647142830745,S30,14
number four,4.21357707938716,5.19833849458928,S30,15
number three,3.98704219165353,5.10862210184811,S30,16
number three,2.50393773087603,3.49109758582235,S30,17
number one,1.7624688096426,2.56322552507086,S30,18
number one,1.20333113175422,2.02329311887735,S30,19
number two,3.46869062005866,4.45852597678575,S30,2
number two,2.18407772193437,3.14501037650747,S30,20
number one,1.00801989148572,1.86566166763739,S30,21
number one,2.35770811246148,3.35258890105589,S30,22
number two,2.11881832076677,3.03170533396976,S30,23
number one,5.37369377891912,6.2652503846284,S30,24
number one,1.29165952077377,2.14885226981751,S30,25
number one,0.904276426568793,1.93294854606746,S30,26
number two,3.03483083909826,3.93531744711854,S30,27
number four,3.01267245931074,4.01565932111018,S30,28
number one,2.25062006633535,3.28557623273672,S30,29
number one,3.26383138121372,4.13013555766258,S30,3
number one,2.04212392053869,3.04237411438276,S30,30
number two,1.63898120594412,2.65859567761913,S30,31
number four,2.62629810686754,3.71445407197345,S30,32
number two,4.08211589559802,5.00743013897978,S30,33
number one,2.85501352648866,3.8458122504655,S30,34
number one,2.36803568314827,3.37711583632289,S30,35
number two,4.63651403296705,5.46068287925464,S30,36
number one,1.95807852106871,2.93079953031059,S30,37
number two,1.8372727690293,2.54571002942398,S30,38
number three,3.39334248042181,4.25077198921337,S30,39
number one,1.97589277200985,2.85142928273013,S30,4
number one,1.50328199147158,2.36581576569669,S30,40
number four,2.99004580503666,3.85054502642063,S30,41
number two,1.21825656052099,2.02660332435087,S30,42
number one,1.34663579944272,2.22243459901334,S30,43
number one,2.17893620388149,3.09408843897385,S30,44
number four,1.8280470447748,2.99322340508504,S30,45
number three,2.46382937689839,3.33237298695539,S30,46
number two,2.38328485971593,3.5349713571533,S30,47
number three,2.72210150254055,3.57998820256928,S30,48
number one,1.67803358908032,2.41825885857218,S30,49
number two,1.75648640355708,2.67270464066672,S30,5
number two,4.91300255027047,5.88025592553316,S30,50
number one,1.19751676946222,2.21744510655005,S30,51
number two,1.10542374062547,1.96899267460185,S30,52
number four,3.77029973969339,4.79212215476377,S30,53
number one,2.53943628055519,3.43775032307346,S30,54
number three,2.27216176590931,3.4214588948572,S30,55
number four,3.7996896373394,4.83751374571065,S30,56
number one,3.23995095762932,4.18776100555578,S30,57
number two,2.60338956023373,3.51973142558607,S30,58
number two,1.04578425052598,1.97886258081036,S30,59
number four,3.14459150148224,4.2757152787527,S30,6
number one,1.66853344545212,2.51961126169874,S30,60
number one,1.64890016604236,2.70294639920384,S30,61
number two,1.42749811291504,2.35209391292411,S30,62
number two,2.36850934087255,3.74028780355406,S30,63
number one,1.62009016347217,2.46262830053883,S30,64
number one,2.87657976932615,4.31947531382822,S30,65
number two,3.19808638282279,4.1524031121603,S30,66
number two,1.75051617983067,2.65261980379692,S30,67
number three,1.80208186447402,2.75334391358406,S30,68
number two,2.29016844840028,3.22821873338887,S30,69
number one,2.35485845026973,3.43459953074255,S30,7
number one,1.06235168774533,1.94047726414798,S30,70
number one,1.9949970168051,2.84736476547087,S30,71
number two,1.1945221227024,2.01696872648943,S30,72
number one,1.53442823953584,2.41106535263063,S30,73
number four,2.95043117689451,4.38238004957513,S30,74
number one,0.975456324668365,1.82191324376789,S30,75
number three,1.65562218944092,2.61837026125933,S30,76
number two,0.851306898545215,1.72614155332998,S30,77
number three,2.90158498529761,5.01006932982386,S30,78
number two,1.25329410039671,2.08995406441407,S30,79
number two,2.16628758421208,3.19333504199295,S30,8
number one,0.990245129780137,1.94394527297637,S30,80
number two,1.22781651395521,2.10856277584234,S30,81
number two,2.84746890347489,3.80776644062924,S30,82
number three,1.38790087662398,2.34364282966511,S30,83
number four,3.33408027580454,4.27811486752249,S30,84
number three,2.74961219906172,3.81258182547722,S30,85
number two,2.81053438281511,3.85701246817562,S30,86
number one,1.85918122375066,2.79672533272666,S30,87
number two,1.73686769095051,2.63083984219856,S30,88
number four,3.94046575565352,4.98909061823481,S30,89
number two,1.9173848551803,2.85514317535671,S30,9
number one,1.25428209730289,2.13226914268724,S30,90
number two,1.68032088339622,2.5768780830567,S30,91
number three,1.59614026175609,2.59005016691829,S30,92
number two,3.29474550114963,4.3174496421774,S30,93
number three,1.58696495543926,2.44462033847299,S30,94
number four,2.18507306415705,3.26595479011444,S30,95
number one,0.858556335251496,1.78062125519767,S30,96
number three,1.61711815165266,2.60622340196529,S30,97
number one,1.22643006338599,2.05903245517348,S30,98
number two,2.67348223821931,3.46826021926039,S30,99
number two,3.96845103175353,5.00818779928399,S31,1
number two,5.79667552830036,6.89678575398672,S31,10
number three,5.56883432308863,6.82625347152976,S31,100
number one,5.50429290847718,6.57738271769077,S31,11
number two,2.92149020954745,4.06654023281408,S31,12
number two,2.58906181261864,3.41810409972892,S31,13
number one,5.30106162611624,6.45811449123623,S31,14
number one,6.97456086995059,8.36609680028363,S31,15
number three,3.34541861109265,4.4880093094241,S31,16
number three,5.20408180992267,6.57183990338806,S31,17
number four,3.20108851108304,4.12571130075266,S31,18
number one,3.6360299954944,4.64975498386108,S31,19
number four,4.65668774505614,5.91973021220831,S31,2
number two,1.95136038172055,2.80178499782106,S31,20
number three,7.75431983960794,8.68666947897509,S31,21
number one,1.57790400666238,2.48858862741622,S31,22
number two,4.68501324351673,5.69905233146462,S31,23
number one,5.68061096338644,6.71082617976615,S31,24
number one,7.31458623058344,8.25329027897804,S31,25
number two,2.12264642469366,2.94350080879257,S31,26
number one,5.38141267348416,6.21172706389831,S31,27
number one,1.46891753085599,2.33761351902324,S31,28
number two,1.93650672885875,2.85567203830501,S31,29
number three,3.9249807713549,4.75094663929785,S31,3
number one,2.09404614549403,2.94459889428084,S31,30
number two,4.95640627977575,5.90305978971393,S31,31
number two,4.06450091219984,4.99360747339109,S31,32
number one,3.28799154737899,4.19847985589458,S31,33
number two,2.78457645859647,3.74077036938554,S31,34
number one,2.12661305738365,2.88120589125987,S31,35
number two,2.24476906017564,3.15447997222776,S31,36
number three,3.45802479004631,4.40341317667132,S31,38
number one,1.98263376468937,2.86768785961725,S31,39
number two,2.55007902671759,3.34844907255386,S31,4
number one,6.25586317002371,7.29607921735469,S31,40
number four,7.16753232215796,8.40780948595508,S31,41
number two,2.4606186413762,3.28966092848649,S31,42
number two,3.74893902294903,4.72139132634596,S31,43
number four,4.99982013044088,6.14691180098532,S31,44
number three,2.92103488148788,3.89119425794205,S31,45
number two,2.10792576096671,3.09557263160422,S31,46
number four,5.89267140308892,6.90136007888498,S31,47
number four,2.23076173118542,3.17678255482432,S31,49
number three,4.89329879344288,5.83787891246426,S31,5
number one,3.08304680563865,4.0350983412366,S31,50
number two,3.14011584937993,4.16659328074335,S31,51
number two,2.23411212671822,3.59123433472194,S31,52
number two,3.22063074002674,4.15928592848649,S31,53
number two,4.89740551530058,6.03778019122959,S31,54
number one,3.69954029098067,4.60250591452651,S31,55
number four,3.64433618441948,4.58910846222311,S31,56
number four,3.59240877632269,4.51067890196252,S31,57
number three,6.50675680826076,7.58864215360411,S31,58
number one,5.33585724072474,6.26915703132502,S31,59
number two,3.71094803572741,5.81295642030231,S31,6
number two,2.91149616377496,3.75795427552128,S31,60
number one,2.94145538068648,4.22349756808261,S31,61
number one,2.41395565859351,3.23622124723939,S31,62
number one,3.90612538870054,4.7928756213669,S31,63
number one,2.5683440950756,3.39511701271171,S31,64
number one,5.93351902324448,6.93943539630836,S31,65
number four,2.86095554226033,3.79209589823986,S31,66
number two,4.40463486985456,5.40523049572706,S31,67
number one,1.97674321389794,2.68940574796694,S31,68
number one,6.69424230354465,7.64177080517332,S31,69
number two,3.0025517835964,3.97514321999463,S31,7
number one,3.41933804575033,4.25323317139016,S31,70
number three,6.04083781308397,6.9901095673883,S31,71
number one,3.95440650782571,4.75386061438691,S31,73
number three,4.60449335054326,5.73505553062702,S31,74
number four,4.67041808297695,5.73355093546648,S31,75
number three,5.18136650213831,6.29852099259899,S31,76
number four,4.74218029796066,6.18791785031059,S31,77
number one,5.24512492336783,6.24594041894717,S31,78
number two,4.32875137753256,5.33038353202302,S31,79
number four,3.35912871791873,4.34062084838343,S31,8
number two,4.37328453248835,5.27949323421008,S31,80
number two,5.04911654737899,5.99980174979872,S31,81
number one,3.89389920007091,4.67069139577655,S31,82
number four,6.91270193593181,7.93277173583874,S31,84
number one,2.00761847149283,2.92482364998116,S31,85
number three,3.3505337181561,4.44680407646229,S31,86
number three,6.04887357353365,7.0746921436327,S31,87
number two,2.47054820163679,3.69600771769077,S31,88
number one,1.82106346251856,2.635465842363,S31,89
number one,6.64048153129446,7.54655486033955,S31,9
number two,3.29996215293935,4.19144257572736,S31,90
number one,7.7248662944005,8.65915300582774,S31,91
number one,2.34378662648556,3.0976256213669,S31,92
number two,3.28950835752325,4.42328220582478,S31,93
number two,2.20486722506592,3.19567291542024,S31,94
number one,5.71251486848811,6.70281650380022,S31,95
number three,5.83157862276289,6.75118367162283,S31,96
number three,4.23849944603248,5.42107938354495,S31,98
number one,2.42750642602318,3.21967180194553,S31,99
number one,3.22060954707616,3.92333668760664,S32,10
number two,2.85116063765354,3.58502289917053,S32,100
number four,3.06830244779779,3.92880966045484,S32,11
number two,4.25319402527569,5.28127336450324,S32,12
number one,4.32721545181591,5.05823573533648,S32,13
number four,2.86297892153604,3.62716276119568,S32,15
number two,1.27429822287221,1.9202365330497,S32,16
number one,1.01592289880121,1.69415812448758,S32,17
number three,3.82259673380753,5.13089029227326,S32,18
number one,2.09952726166471,2.86017436496857,S32,2
number one,1.7841501676675,2.51384275724405,S32,20
number one,1.29482989873474,1.93748212900796,S32,21
number one,1.75566723171353,2.45730038334552,S32,23
number three,5.911640046681,6.6906384180165,S32,24
number one,2.43020691794633,3.19978865862306,S32,25
number one,3.34425544919379,4.05910683355861,S32,26
number one,1.77299126947196,2.3845217155266,S32,27
number two,2.86619751527104,3.67720263393088,S32,29
number two,2.73253284565726,3.66717541196718,S32,3
number two,3.27432583076662,4.01615051666704,S32,30
number three,2.03981454644833,2.77301719884479,S32,31
number two,2.96163575527931,3.76341731480866,S32,33
number two,2.07321566324684,2.81739609600626,S32,34
number one,1.94735868288684,2.72259321888364,S32,35
number four,2.68020455342832,3.90180064463353,S32,36
number one,1.44926795501045,2.13373020489412,S32,37
number three,3.71804674747206,4.50215708949161,S32,39
number one,4.12817534179796,4.94883154401826,S32,4
number two,3.39341119900729,4.07718255445501,S32,40
number three,2.76350466440648,3.4478917547475,S32,41
number two,2.52362463253488,3.33341261531757,S32,42
number two,2.00785299918013,2.74006798289348,S32,43
number one,3.60007993197279,4.2852924062133,S32,44
number two,0.984753683883977,1.67658892286556,S32,48
number two,1.83266377864935,2.70403883681594,S32,49
number three,4.69555644928981,5.64538211571273,S32,5
number one,1.48410351806303,2.18785933472194,S32,57
number two,2.34645053993367,3.21894850410305,S32,6
number one,1.23653697548509,1.88172892522916,S32,60
number one,0.902683684548738,1.55377123357486,S32,61
number one,1.79758990708118,2.93984444407513,S32,63
number two,2.80785944736201,3.60655086529726,S32,64
number one,1.01206269804339,1.62902033614749,S32,69
number three,4.96083548642041,5.81400847385643,S32,7
number one,2.30724660417913,3.40036487347382,S32,70
number two,2.24392023514074,3.09467465580152,S32,71
number one,1.78421307529526,2.51678491103282,S32,72
number one,1.53450591452651,2.31553022816075,S32,73
number one,2.69624241987783,3.3000203398406,S32,74
number two,3.18254016264486,3.87070492366328,S32,75
number three,1.77528572536506,2.44422921236899,S32,76
number one,4.18246217325149,5.18322270140412,S32,8
number one,2.2561029493230502,3.32399914689003,S32,80
number four,1.79109962090156,2.52774166371217,S32,81
number two,2.52334549107374,3.38159118674614,S32,87
number three,2.70114725933805,4.35758281075731,S32,88
number one,2.14127854594607,2.84738487447096,S32,9
number two,1.97526452318169,2.71101138218588,S32,90
number two,2.25232158922201,2.86572578884974,S32,91
number two,2.41695309926359,3.04510514672753,S32,93
number three,1.46217006064098,2.13176754784433,S32,94
number two,1.25355140079919,1.86829924863539,S32,95
number two,3.61894442043919,4.31690933767644,S32,96
number two,2.53513455870948,3.74757514569346,S32,97
number two,3.83439179167867,4.50569326911003,S32,98
number three,3.9410081377828,5.09280631633761,S32,99
number two,4.27223058343859,5.02400549535775,S33,1
number one,3.23927560437856,3.89044018258769,S33,10
number two,1.82601463951487,2.46677778516401,S33,100
number one,3.08548400695783,3.78024972024641,S33,11
number two,1.63688132169263,2.25517064230687,S33,12
number two,3.63276498851441,4.25537317837015,S33,13
number one,1.50019065161352,2.1622968638052402,S33,14
number two,4.22252840468435,4.86916658357154,S33,15
number three,1.59447691063396,2.34614413126814,S33,16
number two,2.63192441113253,3.20268360976312,S33,17
number two,2.52016888530657,3.22982192160252,S33,18
number three,4.57674300154372,5.28400102853302,S33,19
number two,3.40399436061069,4.04691382481331,S33,2
number one,2.85293119169492,3.53595693456536,S33,20
number one,1.46573673247801,2.09941593542955,S33,21
number one,2.43650765952418,3.02654372280943,S33,22
number four,3.95065352101753,4.62111565456802,S33,23
number two,1.71855073234506,2.31470002105077,S33,24
number two,2.33028127515936,3.06822683123195,S33,25
number one,1.27525581111924,1.86513307961621,S33,26
number two,2.89953610298625,3.64901696617844,S33,27
number one,1.44279872513609,1.97065877632269,S33,28
number one,3.05612788986387,3.6749904422138,S33,29
number one,3.79654931972789,4.48356462585034,S33,3
number two,1.88724394513506,2.44249746836845,S33,30
number two,1.3903264170489,1.96602782301846,S33,31
number one,1.53604455006758,2.10765443506393,S33,32
number one,2.57205242748565,3.31287199472623,S33,33
number three,2.45076579915354,3.09364537769505,S33,34
number three,2.3467335914822,2.95957702364333,S33,35
number two,2.72584332690731,3.24565968667597,S33,36
number two,1.90825038870054,2.52430174979873,S33,37
number two,1.4744761378492801,2.08838701001573,S33,38
number three,2.10602557483362,2.73372217790482,S33,39
number one,2.33598105708081,2.9975655149682,S33,4
number four,2.58334916018525,3.33626554986816,S33,40
number four,1.00819425794205,1.56327103783967,S33,42
number two,2.51359269907746,3.1865353468206,S33,43
number two,2.18448765021752,2.8317997721347,S33,44
number one,2.43094606110631,3.04387213137155,S33,45
number four,1.84085712439156,2.44659816673684,S33,46
number one,1.77724344656429,2.35886139178799,S33,47
number one,2.09265373706486,2.73154375235436,S33,48
number three,1.77413209909371,2.44511112588358,S33,49
number four,3.20225917185549,3.88919495594112,S33,5
number three,2.20781015533249,2.91024251589887,S33,50
number two,1.3304857519555,1.94150242083804,S33,51
number one,2.01625207553162,2.63231914160887,S33,52
number one,3.51314563067355,4.28284665440552,S33,53
number two,1.77606346251856,2.31417911431674,S33,54
number two,1.95265575166006,2.53582873909607,S33,55
number one,2.0570374408178,2.75810770605745,S33,56
number one,1.33915005133432,1.90628825515005,S33,57
number four,2.33904418814214,2.95743559112027,S33,58
number two,2.24348596338644,2.85517134030594,S33,59
number three,3.28714248967774,3.94792948362841,S33,6
number two,1.20083252454076,1.76277836313679,S33,60
number two,2.20781015533249,2.77595397637883,S33,61
number three,1.27441372509916,1.9655649249928,S33,62
number two,1.70309862837643,2.3780233441911,S33,63
number two,2.44968051031488,3.03219787719648,S33,64
number four,2.35753331098998,3.01963952318169,S33,65
number one,1.93935081377828,2.59507993197279,S33,66
number two,1.70798342529194,2.32787290877263,S33,67
number one,1.58598750526269,2.24962083970396,S33,68
number two,1.16356429346983,1.79864871811917,S33,69
number two,3.13292000709078,3.751465842363,S33,7
number two,2.07745390159321,2.75529587958962,S33,70
number one,1.40278726631804,1.91224108204628,S33,71
number three,2.23530751290744,2.88529297126016,S33,72
number three,2.04907420210212,2.79851580284665,S33,73
number one,1.65909700340505,2.25877592383316,S33,74
number two,2.2532009470998,2.90717983262795,S33,75
number four,2.44539757140641,3.25112880852667,S33,76
number one,1.93460782239063,2.5399562402594,S33,77
number one,1.71188228190299,2.33756017195152,S33,78
number two,2.87175607702364,3.54882140641273,S33,79
number two,1.5812538205293,2.23891552364703,S33,8
number one,1.68931850177639,2.22755954412167,S33,80
number one,2.01398206622497,2.77724404854233,S33,81
number two,2.00821130075266,2.59904046548044,S33,82
number four,1.83083455206187,2.50181357885174,S33,83
number four,2.23497067849941,2.85156784994128,S33,84
number one,2.04109606904651,2.63042939684017,S33,85
number one,2.07431724334685,2.64162059872809,S33,86
number two,1.81684036872078,2.36680505329167,S33,87
number three,2.19030012113423,2.86098125189272,S33,88
number three,5.1998952115048,5.96157622593011,S33,89
number one,2.24916669990472,2.86460245075229,S33,9
number two,1.68664151377163,2.3063550017727,S33,90
number two,2.64072747568083,3.28030900861973,S33,91
number one,2.33804244314447,2.89395158693228,S33,92
number two,1.77141332624255,2.35983526667996,S33,93
number two,2.26267890196252,2.87874596803977,S33,94
number three,3.05660625650912,3.69356530723038,S33,95
number four,3.21250253717122,3.93478299984489,S33,96
number two,1.42085579117641,1.95925737330763,S33,97
number one,1.71439566021848,2.29994732876864,S33,98
number four,3.84022579715925,4.61768956768375,S33,99
number one,3.11746915324219,3.89486561671357,S34,10
number two,1.22286608204628,1.93116849014307,S34,100
number three,3.75155954412167,4.68013213602488,S34,11
number two,3.65706687311189,4.51835933472195,S34,12
number two,1.38257881849808,2.16470248066653,S34,13
number two,2.50943237164573,3.40943586164107,S34,14
number one,2.20565848548974,2.85545984658793,S34,15
number two,2.70300237098097,3.48695055285958,S34,16
number two,1.45094948924195,2.15367800084203,S34,17
number two,1.03251068418681,1.80657769209747,S34,18
number one,5.32735306565623,6.2073980201201,S34,19
number three,1.99002317800084,2.72840249063795,S34,20
number four,4.67318727795135,5.55725981168798,S34,21
number one,1.33292017328104,2.0157265450154,S34,22
number one,1.43662152939352,2.11786089321722,S34,23
number one,2.48858862741622,3.22963591685317,S34,25
number two,1.3465316370848,1.94325104145893,S34,26
number one,3.15832181727197,3.81776603551301,S34,27
number two,1.35510570808128,2.09457065855658,S34,28
number two,1.70960294932305,2.69176591548672,S34,3
number three,3.19282338776987,3.97147624956606,S34,30
number two,3.7318484788052,4.53500110793503,S34,31
number three,2.22481501178104,3.07665307599696,S34,32
number two,1.66017378330268,2.30992802946369,S34,33
number two,1.5621371180394,2.26203125484722,S34,34
number two,4.68249801679629,5.50151716191362,S34,35
number three,5.40448543988714,6.17234112857955,S34,36
number one,1.89626591917983,2.69279104714633,S34,37
number four,5.3841117195521,6.56299812020356,S34,38
number one,1.80779903720446,2.50271905814443,S34,39
number one,2.09284788052029,2.94205747966939,S34,4
number two,1.78356764220346,2.49772937855924,S34,41
number one,1.06267436496857,1.89315365766285,S34,42
number one,1.34215679865866,2.03348997688109,S34,43
number three,2.76858513742087,3.68550463486155,S34,44
number two,2.50149818298655,3.7714745839704,S34,45
number three,2.94542482660817,3.70699416118239,S34,46
number three,2.44929715463819,3.35161102155303,S34,47
number one,1.50202311152474,2.29172118537969,S34,48
number two,3.36187690103186,4.14586945570845,S34,49
number two,1.89304860880291,2.68357443476848,S34,5
number one,1.87559688707188,2.64569053528034,S34,50
number two,1.58197285559175,2.41878997983558,S34,51
number three,1.91796890026369,2.70087581710209,S34,52
number one,3.1304621197013,3.8993031088657,S34,53
number one,2.55136619837946,3.43840697315843,S34,54
number four,2.19724573537341,2.95796351108304,S34,55
number one,1.24172985589458,2.0930967707387,S34,56
number one,1.39893433269073,2.09594623191296,S34,57
number one,3.34196000908507,4.12619985486051,S34,58
number one,2.59402058543287,3.39149075428217,S34,59
number one,2.0195199539099,2.99529872144297,S34,6
number two,0.977212173251494,1.78774614253954,S34,60
number three,3.49938295035712,4.41038167069216,S34,62
number four,1.52933315975685,2.38602406250231,S34,63
number two,1.20989039568053,1.91033246175778,S34,64
number one,2.06630915819096,2.83273382414855,S34,65
number one,1.13754322054555,1.81774530789514,S34,66
number four,2.46180378562934,3.24749247804442,S34,67
number two,1.04276301085038,1.80021415091552,S34,68
number three,1.96305458795896,2.71705262691396,S34,69
number one,1.67358236666002,2.54467211770702,S34,7
number two,2.20719658460561,3.01648986054791,S34,70
number one,3.99973811555024,4.90462759903093,S34,71
number two,1.94808034744843,2.71018165702763,S34,72
number one,1.16962960623989,1.93341321821888,S34,73
number two,1.4472848362472,2.19840375368388,S34,74
number two,1.47641319698346,2.20579953946834,S34,75
number two,1.48268518026103,2.35129566354229,S34,76
number three,3.50536846687644,4.50605047013376,S34,77
number one,4.21687276751091,4.97547872210774,S34,78
number four,4.67318727795135,5.65370408809561,S34,79
number two,3.33495347780806,4.14733664605908,S34,8
number three,3.49040840701101,4.37289411464912,S34,80
number two,1.24785479772799,2.00122264323753,S34,82
number two,2.99417657529896,3.72464656133898,S34,83
number one,4.45373474188807,5.29789307134363,S34,84
number two,1.80496484891459,2.64775684519193,S34,85
number two,1.44850120764918,2.18022460058942,S34,86
number one,1.82204081447997,2.63624974886806,S34,87
number two,3.29487608669961,4.11632501643437,S34,88
number one,1.82642488846787,2.65372392290249,S34,89
number four,2.6696373710179,3.51813027469403,S34,9
number three,3.49235555851005,4.39181510780208,S34,90
number three,3.32849691994062,4.1322852267943,S34,91
number one,1.59948701038504,2.38564685217192,S34,92
number three,1.95593134495927,2.8632393952152,S34,93
number one,1.75746125551198,2.53779579649449,S34,94
number one,2.56732757576429,3.63551743151115,S34,95
number two,1.02273670754947,1.77881378658955,S34,96
number two,1.46290362073168,2.38387101420373,S34,97
number four,1.39538425125751,2.26023164705622,S34,98
number three,2.00023590521985,2.73755326213004,S34,99
number one,5.91201202201836,6.85702772699742,S35,1
number one,3.7360801978772,4.37560763588823,S35,10
number one,4.91062655203232,5.51181315045019,S35,100
number three,2.76862503600789,3.48585248399034,S35,11
number one,3.02596775724405,3.59172392290249,S35,12
number one,5.72374569013273,6.3354134924328,S35,13
number two,5.06469033215892,5.74409707449755,S35,14
number two,2.96163575527931,3.68956901327306,S35,16
number two,4.31848950785526,5.15267567417847,S35,17
number one,2.51007286888697,2.95841561966806,S35,18
number one,2.70067318132465,3.33132780473753,S35,2
number two,3.6477247833987,4.35558782600988,S35,21
number two,3.11254948130175,3.76904116347951,S35,22
number two,5.97900254086434,6.69634316441017,S35,23
number one,8.11907330098163,8.68030892552461,S35,24
number one,2.02891273165075,2.52707466743484,S35,25
number three,2.71534532119037,3.38690593077622,S35,27
number one,3.64619998781271,4.24099191761395,S35,28
number three,2.89884960889893,3.57622081145162,S35,29
number two,5.97308886008258,6.60252871582944,S35,3
number one,6.02047392290249,7.12685828772334,S35,30
number one,1.94139946966843,2.44709979540133,S35,31
number two,2.3467335914822,2.97814803673913,S35,32
number one,2.7186322902125,3.28650925125751,S35,33
number two,2.50455890890558,3.0403898601786,S35,34
number one,5.22447880520286,5.92613538966075,S35,35
number one,3.41098078656001,3.92361486054791,S35,36
number one,2.65743431607171,3.19477643532983,S35,37
number three,4.44236515138086,5.15262282937062,S35,38
number two,2.33532770502338,2.97538088590485,S35,4
number two,3.25452999180128,4.17968637683086,S35,40
number two,4.33392081680664,4.92411392988248,S35,41
number two,4.28682993197279,5.04648425624321,S35,42
number one,2.34861270838411,2.91579802713702,S35,43
number three,6.30420891222939,7.1905560504332,S35,44
number four,4.23755535612725,4.94723194989179,S35,45
number one,2.12620282135656,2.65830309224667,S35,46
number two,6.09107391126918,6.90516505831431,S35,47
number four,3.36380477446136,4.06770193593181,S35,48
number three,5.00406443011515,5.66763120535945,S35,49
number two,6.31797498282701,7.09964507024308,S35,5
number two,4.56370892884841,5.15499889760464,S35,51
number four,5.38537777353069,6.07596496524777,S35,52
number one,6.26653208579849,6.9953585333156,S35,53
number two,3.28554651111259,4.19714102351038,S35,54
number one,3.54982993197279,4.20217986217288,S35,55
number one,2.99015272699742,3.8803109401198,S35,56
number one,4.1970544799353,4.96776922267278,S35,57
number two,2.39953674281873,2.95172380656932,S35,58
number four,3.2616994929350702,3.87460200573172,S35,59
number one,1.94900805468767,2.52903680560172,S35,6
number one,6.7308857423534,7.60684665440552,S35,60
number two,1.45643710345159,2.00976277818402,S35,61
number two,5.57814928316603,6.58978226860777,S35,62
number one,3.77248416022218,4.42411515138086,S35,63
number two,2.08862295032019,2.67795627811385,S35,64
number four,5.42574707320496,6.1885850210877,S35,65
number two,6.65655716390791,7.41501504298788,S35,66
number one,5.27877149947927,5.94118532983226,S35,67
number one,5.51890086566657,6.15686852504302,S35,68
number one,2.86806380320858,3.46690250725697,S35,69
number one,2.46908635891925,3.0646427223441,S35,7
number four,5.73747857622962,6.43082199177174,S35,70
number three,6.57456171752088,7.41501504298788,S35,73
number three,6.09665941615517,7.24574561904023,S35,74
number one,4.35382993197279,5.02534442376299,S35,75
number two,6.42473113555954,7.28609426957536,S35,76
number two,3.07720701766048,3.75569352301181,S35,77
number one,6.65525087526867,7.73713622061202,S35,78
number one,2.56663981401464,3.15881175445205,S35,79
number two,4.32009183950453,4.97687107237032,S35,80
number four,4.53173683588528,5.47325033053395,S35,81
number four,8.40724022247336,9.50136423364134,S35,82
number three,3.60933542825382,4.35010002806769,S35,83
number one,6.68868099595973,7.86240831098998,S35,84
number three,4.53786280440515,5.1979640142702,S35,85
number two,3.65236021183718,4.3047221077356,S35,86
number three,5.61340074933339,6.25143122862609,S35,87
number two,2.00596457931707,2.62488459194753,S35,88
number two,4.97618239657426,5.6809601586563,S35,89
number three,4.83601164439717,5.88455083205921,S35,9
number one,7.92868910235104,8.54455038334552,S35,90
number one,3.85151651377163,4.40046162113054,S35,93
number three,4.22108667929713,5.19934159852866,S35,95
number one,4.4837976199709,4.99311794337713,S35,97
number one,6.50998276053092,7.2609459992466,S36,1
number two,2.9976827409574,3.81024265254419,S36,10
number one,2.16137969302813,3.0988098931212,S36,100
number one,2.41667938022114,3.19363959427419,S36,11
number two,2.21433978705489,3.03513608765982,S36,12
number one,2.77230039996455,3.48384937623258,S36,13
number two,2.0146421406782,3.12977417883549,S36,14
number one,1.90266098665308,2.71482827376336,S36,15
number one,2.23841901364237,2.93289318767681,S36,16
number one,2.59920484426127,3.29022392290249,S36,17
number two,2.50610409972893,3.49063353202302,S36,18
number three,2.59759490940785,3.6057917451454,S36,19
number three,3.80318657995228,4.68180948595508,S36,20
number one,2.6261768661319,3.41703249665773,S36,21
number four,3.27290464649486,4.15099358320961,S36,22
number two,3.45820076890691,4.37215576458597,S36,23
number one,3.57135084239994,4.29984200107839,S36,24
number one,2.27238676903986,3.04934698309291,S36,25
number one,2.78098894280839,3.47993529659421,S36,26
number two,2.77924856522413,3.59028060670522,S36,27
number one,3.20784805040366,3.97436096338644,S36,28
number one,2.22813644035247,2.90497392290249,S36,29
number one,1.97738321256841,2.75516656695251,S36,3
number two,2.47168471862143,3.4545337181561,S36,30
number one,2.82457047944042,3.56568844128314,S36,31
number four,3.25154042854927,4.09448149748499,S36,32
number four,3.15042424863539,4.02438277585736,S36,33
number two,1.86999929646126,2.7159777831328,S36,34
number two,1.43116633797927,2.26417413230222,S36,35
number one,2.53647194523846,3.567425295634,S36,36
number two,3.41004628213935,4.25327801783037,S36,37
number four,2.32600725235806,3.15445275026406,S36,38
number one,2.31246856788318,3.0201698242815,S36,39
number three,2.48696541026834,3.45248957433136,S36,4
number four,3.97393832494996,4.92622543523381,S36,40
number two,2.0349172686447,2.90674777120403,S36,41
number two,2.54949529127612,3.41106545680161,S36,42
number one,3.45806909636819,4.26536023676572,S36,43
number one,3.28801603551301,4.09085456506164,S36,44
number two,2.23872607506629,3.05197700573172,S36,45
number two,3.00303511415424,3.95240109833293,S36,46
number one,3.36464528167402,4.30826324351673,S36,47
number four,3.44378113851404,4.2812454076093,S36,48
number one,1.82302604016634,2.61667715696485,S36,49
number two,2.05784355957367,2.99654760796827,S36,5
number two,3.38861062731281,4.30035894879124,S36,50
number two,3.29271601224638,4.17249323421008,S36,51
number two,3.06729882115713,3.90142914755479,S36,52
number one,1.5966213170393,2.51591226631804,S36,53
number one,2.52292476013207,3.68198487114716,S36,54
number four,2.40485572839342,3.34420978842134,S36,55
number one,3.53668611461957,4.45794018628081,S36,56
number two,1.66328732448463,2.54678662648556,S36,57
number two,2.52151952550836,3.38089597967309,S36,58
number one,4.33563231052464,5.17148270605745,S36,59
number two,2.80880679828935,3.8279711936892,S36,6
number one,3.11257734309793,4.08628604481966,S36,60
number two,3.77441395314912,4.85813603318635,S36,61
number two,2.32504104345321,3.27038468335217,S36,62
number one,4.06153004165836,4.9997376382149,S36,63
number two,2.81738882518262,3.77587154970566,S36,64
number three,3.39772998515367,4.46517310653903,S36,65
number two,1.31512857586031,2.33873922533183,S36,66
number two,2.02536410438225,3.07084456040831,S36,67
number one,1.22272480001773,2.26811052759866,S36,68
number four,3.73898156396109,4.97211159121629,S36,69
number two,5.72772150945069,6.72818501407077,S36,7
number one,3.56739938288019,4.78651271632431,S36,70
number one,1.60329277183186,2.55317390425225,S36,71
number one,2.25026731517797,3.27431047478709,S36,72
number three,2.62296246408444,3.66889836450324,S36,73
number two,2.4649306469602,3.52699556087364,S36,74
number three,3.18876568651348,4.29439621233944,S36,75
number two,4.71193275388331,5.74363994327373,S36,76
number two,2.72600501340601,3.72801608167697,S36,77
number one,1.61260898572241,2.59585060973358,S36,78
number one,2.82166808297695,3.85791401131571,S36,79
number two,1.63474391189701,2.3804148219548402,S36,8
number three,3.04448174677037,4.17549426089654,S36,80
number two,2.63706645394314,3.5856930576791,S36,81
number three,3.51437125887271,4.51379686380524,S36,82
number one,4.56358315975684,5.61377510950091,S36,83
number four,3.1203519355625,4.37293245474085,S36,84
number two,1.86683751855791,2.91442057213765,S36,85
number two,1.43027219747834,2.36738181657028,S36,86
number four,2.32956943244181,3.27709793407048,S36,87
number one,2.7236651210973,3.70952860411266,S36,88
number three,2.94445135426592,3.87886619837946,S36,89
number two,2.7341912295863,3.5677519388863,S36,9
number two,2.51301520086862,3.78299559041858,S36,90
number three,2.14989800350107,3.12553268408341,S36,91
number two,2.59448140608035,3.59928870848013,S36,92
number two,3.18441108267411,4.2243115347116,S36,93
number one,3.01698927888202,4.23608827841669,S36,94
number two,2.36766480533581,3.33105371546013,S36,95
number two,2.25369530494065,3.25783240359119,S36,96
number two,2.3483440950756,3.21836852504302,S36,97
number two,2.81380919512213,3.7331629643171,S36,98
number four,5.35750107469698,6.45991232910102,S36,99
number two,6.29976225930112,7.28901639743845,S37,1
number one,2.2842367195521,3.0886378945172,S37,10
number two,1.39482148950786,2.27154322054555,S37,100
number four,3.60743355159653,5.05842653836779,S37,11
number one,1.18553572536506,1.9052101586563,S37,12
number two,2.55000054288816,3.37153846750427,S37,13
number three,2.40119196913293,3.55485417913094,S37,14
number two,1.53516052132036,2.34808949991506,S37,15
number four,2.60974032588062,3.41361538404721,S37,16
number two,1.31449579354,2.03981454644833,S37,17
number two,2.20292162744577,2.91343818830464,S37,18
number one,1.45744094244647,2.1806159657131,S37,19
number two,4.11493649316404,5.06159000310222,S37,2
number one,1.16767913093576,1.93984483923863,S37,20
number four,1.63842093313981,2.5103456655735,S37,21
number one,1.32641575631338,1.98162748269775,S37,22
number three,1.84065005133432,2.94271554691366,S37,23
number four,1.40738271769077,2.74017006064098,S37,24
number three,2.9207782135655602,3.88765400296927,S37,25
number two,1.76903156229919,2.90165458463516,S37,26
number three,2.90130556848146,3.9125830729686,S37,27
number two,0.80546572141343,1.72333537008723,S37,28
number one,1.30531161780673,2.36411737463715,S37,29
number one,3.88677313183688,4.78000952085503,S37,3
number four,1.53632408576894,2.72885026073404,S37,30
number one,1.29703796431711,2.47595577492669,S37,31
number two,1.39442962950653,2.19672234871147,S37,32
number four,1.9962879024574,2.99079946929912,S37,33
number one,1.12822547308826,2.03887407210441,S37,34
number two,1.01157474683685,1.91407133993663,S37,35
number two,1.36057245710445,2.25005535612725,S37,36
number three,3.30092872746276,4.42067802946369,S37,37
number one,1.60731796627446,2.69732702364333,S37,38
number two,3.71843542954641,5.13052743247136,S37,39
number two,2.35671723374475,3.15453802248369,S37,4
number two,2.05290257373308,3.03642065523278,S37,40
number two,1.60945949758839,2.51449032588062,S37,41
number two,1.32010441179729,2.27643493097565,S37,42
number four,1.95530122629942,3.0135027153641,S37,43
number two,1.14430836047774,2.22018019455339,S37,44
number three,1.38901882750929,2.37956326678337,S37,45
number four,1.49134548738062,2.60000757273593,S37,46
number two,1.93440109833293,2.94374439754186,S37,47
number two,0.885862417551168,1.74611049805373,S37,48
number two,1.26705166301048,2.22533882315141,S37,49
number four,4.66581527399233,6.03420505661548,S37,5
number one,2.07896880424265,2.96722671489877,S37,50
number one,1.08017465580152,1.92930361112958,S37,51
number four,1.42607420210212,2.81068797595042,S37,52
number two,1.15106143499745,2.23544212701367,S37,53
number two,1.90864659088391,2.89252065190897,S37,54
number three,2.9836330666903,3.84363772001743,S37,55
number two,4.12136253850074,5.06303308294002,S37,56
number one,3.75960561206024,4.73217570280012,S37,57
number one,1.88765795829733,3.06562511910302,S37,58
number three,2.18328343193955,3.07466015200869,S37,59
number two,2.7287709215065,3.47377586566657,S37,6
number two,1.26816643400031,2.27682993197279,S37,60
number three,1.35763161252557,2.3034482714367,S37,61
number two,2.02129922832325,2.79402919408806,S37,62
number one,1.54610258739761,2.27456233611794,S37,63
number three,1.49074710274989,2.44020133395378,S37,64
number four,4.64697392290249,5.470448794936,S37,65
number one,1.35647328307001,2.05890202899835,S37,66
number one,2.75700433202597,3.50699859846219,S37,67
number two,1.43782251527104,2.39021170791878,S37,68
number two,1.64652826342263,3.01615001440315,S37,69
number one,1.83078708812515,2.6698826807596,S37,7
number three,2.80853988381455,3.61029476980803,S37,70
number one,4.8821971662715,5.65291901364237,S37,71
number two,1.64712024972856,2.31675039331694,S37,72
number two,3.20384653807234,3.93805430912865,S37,73
number two,0.843717836646059,1.63731909636819,S37,74
number two,2.22735747339109,2.91955442546182,S37,75
number one,1.24638527702069,1.95329779447067,S37,76
number two,3.82839082408208,4.57385158656296,S37,77
number one,4.45094053158723,5.16256927917747,S37,78
number one,1.62115272330431,2.42069881617142,S37,79
number two,2.91577183185978,3.74265842363004,S37,8
number three,3.82622392290249,4.57959176841203,S37,80
number three,3.12248753388435,3.93639807367029,S37,82
number four,3.67459909370914,4.65185263356157,S37,83
number four,2.16686526771403,2.79531570978011,S37,84
number four,5.6211841831195,6.51420543885307,S37,85
number one,2.82732810387999,3.6373348345853,S37,86
number two,2.91732276917282,3.81154757473022,S37,87
number three,3.16653802710009,4.10824272363669,S37,88
number three,1.29040504165836,2.06902985884908,S37,89
number two,2.1974802676771,3.00321150479736,S37,9
number four,4.48736375538272,5.27225149386573,S37,90
number two,1.72122968601121,2.3834161680959,S37,91
number two,3.20156530261399,3.96932676143204,S37,92
number one,1.29755465812818,2.03348997688109,S37,93
number two,1.77054445035343,2.54860625650912,S37,94
number two,1.86363923234875,2.65584549107374,S37,95
number two,3.58389016301417,4.44892040964051,S37,96
number one,1.45560537939389,2.3090139415158,S37,97
number one,4.08469026568282,4.92962212767843,S37,98
number four,3.72233202597,4.68258866527067,S37,99
number one,4.90043250829105,5.69692622629942,S38,1
number two,1.95745426259537,2.61067930912865,S38,10
number three,5.35075968335217,6.78297462551796,S38,100
number two,5.13181768744414,5.97682408576894,S38,11
number two,3.79621004232312,4.60024613884642,S38,12
number three,4.4730516131534,5.15093833787587,S38,13
number two,3.44222144297458,4.11248676571606,S38,14
number two,3.96794962219415,4.64110117108733,S38,15
number one,2.64710165673218,3.82120589125987,S38,16
number four,5.29182993197279,6.19484728223537,S38,17
number one,2.26175568186015,2.88009211741157,S38,18
number one,1.68657499612223,2.30671625783864,S38,19
number one,2.72843745706752,3.49860564160518,S38,2
number one,2.20970106343297,2.85485375072939,S38,20
number one,6.83795379726266,7.69080483262795,S38,21
number two,3.11657443476848,3.83030291313051,S38,23
number one,3.64695879958933,4.28451812951022,S38,24
number two,1.89579481597199,2.46128337377296,S38,25
number two,6.27553208949161,6.96699090754652,S38,26
number one,6.41020635289947,7.15574289813645,S38,27
number one,5.47273927888202,6.22353150782571,S38,28
number one,6.76868855761631,7.57096170791878,S38,29
number three,8.32035642639249,9.13729802713702,S38,3
number four,5.14282257805402,5.94159463981032,S38,30
number one,2.91534341000244,3.6215135555851,S38,31
number three,5.49513295035712,6.33567913462888,S38,32
number one,6.12591087493629,7.09402561268807,S38,33
number two,3.55160758603115,4.25013015466773,S38,34
number two,6.85609918511379,7.71908915553192,S38,35
number four,5.30022392290249,6.10031408111562,S38,36
number two,4.26875714064127,4.99686415054621,S38,37
number one,3.5994316939588,4.23234235007792,S38,38
number four,4.90717349708613,5.69883880653239,S38,39
number one,4.18843442409537,4.90310632298522,S38,4
number two,1.36354543918545,2.11197805734672,S38,40
number two,2.31264664074099,3.1774940365397,S38,41
number four,4.96663271399765,5.80835739491236,S38,42
number two,1.84537010015733,2.47712855924129,S38,45
number four,4.37546411398436,5.48155332491303,S38,46
number one,4.01566754747502,4.87026569943939,S38,48
number one,1.89082943709514,2.60603418348881,S38,49
number two,3.56353778981734,4.32056489544786,S38,5
number two,3.04222613323288,3.64718192662516,S38,50
number four,4.27007993197279,5.09682954142569,S38,51
number one,2.31804762458729,3.00811941877728,S38,52
number four,3.93150928818867,4.72115563532688,S38,54
number two,1.48304005831431,2.15501684984526,S38,55
number two,1.57224042190166,2.19671924926322,S38,56
number one,3.52653172017993,4.26042539165503,S38,57
number four,2.85769543419974,3.84947857253651,S38,58
number two,3.39518527997518,4.03017348046711,S38,59
number two,2.30439981866797,2.93357268977081,S38,6
number one,2.7566860776884,3.42921615812449,S38,60
number two,2.43634921373544,3.37506722211143,S38,61
number four,4.84797392290249,5.85024998153442,S38,62
number one,2.66185572839342,3.31656489544786,S38,64
number one,2.4786747721347,3.12674073304675,S38,66
number four,3.33241901364237,4.29891912997555,S38,68
number one,2.03406894679696,2.70498814509517,S38,69
number four,5.65646005894214,6.66544663076957,S38,7
number two,3.95087224770473,4.77307501643437,S38,71
number two,3.91463702201836,4.71606210345159,S38,73
number two,2.79609002341436,3.45569914393553,S38,75
number one,1.48770973025475,2.16749974886806,S38,76
number two,3.1868125687843,3.92043925561538,S38,77
number two,4.04882309324381,4.88314225331827,S38,79
number one,2.83437503970101,3.65777138683921,S38,8
number one,5.49036875770938,6.31205326213004,S38,82
number four,2.95219290810787,3.74238830629972,S38,83
number one,3.45903361474883,4.23713306299718,S38,84
number one,1.55343762695089,2.21901463951487,S38,85
number three,4.19273146424694,4.90161184050167,S38,86
number two,5.5233395377695,6.50858018125817,S38,87
number one,1.44131448828174,2.12313830168332,S38,88
number two,1.78608955808165,2.57743204295833,S38,89
number four,3.6146535043985,4.2760380354096,S38,9
number one,2.95435480234439,3.76866893516364,S38,90
number three,5.99254791080384,7.16476754784433,S38,93
number one,2.67820140042988,3.34137505262691,S38,94
number four,2.95630438853066,3.94634452347714,S38,97
number two,4.0054764785392996,4.99021356555652,S38,98
number one,3.21631148485453,4.17406268142436,S38,99
number two,5.94292285263726,7.14140906715564,S39,1
number two,4.14399777120403,5.48111968837481,S39,100
number two,1.95227787287553,2.91334842894813,S39,11
number one,1.80958886008258,2.68969588660654,S39,12
number two,1.31221786988411,2.37777090950387,S39,13
number three,6.38179815639611,7.63768245474085,S39,14
number two,2.34221100991971,3.24053581215331,S39,15
number four,4.85564210374704,6.00540736001241,S39,17
number two,2.59844370582109,3.5874585299918,S39,18
number one,7.18850056320031,8.49884549107374,S39,2
number two,4.12817534179796,5.22238361142503,S39,21
number two,4.41936294105047,5.40236899037574,S39,23
number two,2.19392495956037,3.14882009350972,S39,24
number two,5.88873927888202,6.89073264789086,S39,25
number two,5.06046194058514,6.12862038637388,S39,26
number one,5.08766314343327,6.16785160318199,S39,28
number one,1.61505512346089,2.53473869721613,S39,29
number two,4.03795938125522,5.01692925096206,S39,3
number one,3.41489563067355,4.35906326678337,S39,30
number four,7.71163899968239,8.86066238265121,S39,31
number two,4.93887565922134,6.1835497185845,S39,32
number two,7.07999459327705,8.28027578718784,S39,33
number two,5.30501771034147,6.36345103481132,S39,36
number one,6.18169525139046,7.33556000576126,S39,37
number three,7.21807993197279,8.56823735569146,S39,4
number four,2.99366151015238,3.97417832029663,S39,41
number two,1.38173765021752,2.38792424863539,S39,42
number one,2.05721826874072,3.04072351204325,S39,43
number one,2.5065038205293,3.50819094244647,S39,44
number three,6.19585070575461,7.41610414589289,S39,45
number one,3.24393002836314,4.27324482594341,S39,46
number one,4.28103412532222,5.28297252690435,S39,49
number two,7.01221170422567,8.17819322386935,S39,50
number two,2.56935622327107,3.58168521349908,S39,51
number one,3.34804418814214,4.27049969070147,S39,52
number two,4.39727662183223,5.48641691964517,S39,53
number one,2.68274939986853,3.64741203365168,S39,55
number one,4.13951679629507,5.05391950852002,S39,56
number one,5.35697795763256,6.45498782933369,S39,57
number three,4.88086282471729,6.09777097967308,S39,58
number two,2.53482643366793,3.6068611425026,S39,59
number four,6.52361674311418,7.75718426621463,S39,60
number two,3.18823473819495,4.34316917613951,S39,61
number one,2.19905529796066,3.17098933704861,S39,62
number two,1.70369963881318,2.70087581710209,S39,63
number one,3.43060124956606,4.33108548642041,S39,64
number two,4.77453660617341,5.75237970595404,S39,65
number four,5.02339946966843,6.13305047013376,S39,66
number one,4.08372973586829,5.17376048106539,S39,70
number two,4.16978479469964,5.21678801048107,S39,71
number four,2.7050615217857,3.76133129842599,S39,73
number two,3.01578837148323,4.0799263426326,S39,74
number three,5.06498113555954,6.09579314114354,S39,75
number two,1.69185050632631,2.5989621197013,S39,77
number three,7.26938484123291,8.34133703660618,S39,79
number one,4.86916658357154,5.75237970595404,S39,8
number one,5.68062000044317,6.73626195184914,S39,80
number two,7.90886805971031,9.05030593779314,S39,81
number two,1.78074137287923,2.74766552364703,S39,82
number one,3.92531043785592,4.92817480998914,S39,84
number three,3.94605841033482,4.93688491601852,S39,85
number one,2.41053088922866,3.36987526867424,S39,87
number two,3.21584601918943,4.15991032650845,S39,9
number two,4.8425477575395,5.77962098096568,S39,90
number one,4.6094990637949,5.55667033947129,S39,91
number two,1.98862962285892,2.98876693755678,S39,92
number one,3.30278226399137,4.36370071443344,S39,93
number one,4.38915809124953,5.38693442409537,S39,94
number one,3.61906867627616,4.5690235971696,S39,95
number two,2.48704287985553,3.47901796793636,S39,96
number two,3.3090903188637,4.25712025803807,S39,97
number three,2.39819425794205,3.41361538404721,S39,98
number one,4.01092891488843,5.06820705089854,S39,99
number one,3.16481209254535,3.90990137825964,S4,10
number three,2.15481329719388,5.93697705853175,S4,100
number four,5.68122096442744,6.48473977820295,S4,11
number two,5.33940936791383,6.1951597930839,S4,12
number four,3.84188150155896,4.63852974418934,S4,13
number one,3.09129492630385,4.01823866213152,S4,14
number one,3.20402749433107,4.14072392290249,S4,15
number one,6.39078530683107,7.43648843183107,S4,16
number four,7.79163662131519,8.97333588435374,S4,17
number two,2.28753123228458,3.18177903557256,S4,18
number one,2.08364914611678,2.92172392290249,S4,19
number one,2.42362808248299,3.5845476899093,S4,2
number one,2.97361752409297,4.30349697066326,S4,20
number one,2.10331947987528,2.8428927154195,S4,21
number one,2.98746276218821,3.97791477111678,S4,22
number two,2.02224397675737,2.9315289824263,S4,23
number two,3.18970587089002,5.47924890164399,S4,24
number one,2.49008999433107,3.24806990504535,S4,25
number four,5.54791198979592,6.9429552154195,S4,26
number one,2.50477972647392,3.30878642290249,S4,27
number one,2.38790472647392,3.24071164611678,S4,28
number one,2.44101899092971,4.54420776643991,S4,29
number two,4.60773285147392,5.70997615504535,S4,3
number one,3.09439803004535,4.00103865504535,S4,30
number two,4.57932213718821,6.12097392290249,S4,31
number one,2.39502303004535,3.32875628897392,S4,32
number one,2.50701298540249,3.37639914611678,S4,33
number one,2.81208170351474,4.36362383078231,S4,34
number one,5.68398731575964,6.58807213718821,S4,35
number one,2.95194752692744,3.6168600127551,S4,36
number one,6.48799433106576,8.60515136054422,S4,37
number one,4.86557009991497,6.61878181689342,S4,38
number one,4.65900028344671,5.53932607001134,S4,39
number three,5.5211845946712,6.79837120890023,S4,4
number two,3.19740727749433,5.28535317460317,S4,40
number one,3.20445606575964,6.92534892290249,S4,41
number two,1.45129609552154,2.36491641865079,S4,42
number four,2.45002646683673,3.42899737811791,S4,43
number two,2.62835003897392,6.54567704790249,S4,44
number one,1.6956697845805,2.4896933106576,S4,45
number two,3.54744841269841,5.13831859410431,S4,46
number two,2.64973724489796,7.71328458049887,S4,47
number three,3.50471053004535,4.31821499433107,S4,48
number one,2.36312124433107,3.21577749433107,S4,49
number one,4.15137638180272,5.00956223426871,S4,5
number four,3.90675852111678,4.99735561933107,S4,50
number four,4.41206816893424,5.69910863095238,S4,51
number two,4.87241737528345,6.17935260770975,S4,52
number two,2.72383106575964,3.58646499433107,S4,53
number four,5.75225240929705,7.06736933106576,S4,54
number two,2.23547838718821,2.99413910147392,S4,55
number one,2.60171834254535,3.56796276218821,S4,56
number three,2.6656634247449,4.31561975623583,S4,57
number two,1.29984006519274,2.15798880385487,S4,58
number two,3.51001665249433,4.3766762329932,S4,6
number one,3.06493486040249,5.37067146754535,S4,60
number one,1.42389579790249,2.43913017290249,S4,61
number four,3.58183058744331,8.4758614654195,S4,62
number two,1.26024401218821,3.07609222647392,S4,63
number two,1.71065249433107,2.89632213718821,S4,64
number two,3.42248843183107,5.19435785147392,S4,65
number three,3.69506320861678,5.05162570861678,S4,66
number one,1.39974178004535,3.52306767290249,S4,67
number two,2.65424985827664,3.4655119047619,S4,68
number two,2.06054981575964,2.91909334254535,S4,69
number three,6.51938357426304,7.93813552295918,S4,7
number one,2.07288352111678,3.82375963718821,S4,70
number two,2.99817309736395,4.02474888392857,S4,71
number one,1.41588463718821,4.21806655683107,S4,72
number two,2.83755093183107,5.05130651218821,S4,73
number four,2.81183156179138,4.27143819090136,S4,74
number three,2.84122916666667,5.55687825963719,S4,75
number two,3.52726744968821,7.54810450325964,S4,76
number two,2.49063236961451,3.5404056122449,S4,77
number one,1.4425262542517,2.47286975623583,S4,78
number one,1.63833106575964,2.50431320861678,S4,79
number three,3.62505116213152,4.33488330853175,S4,8
number one,1.50914370748299,3.69400623582766,S4,80
number two,1.81024178004535,3.25649178004535,S4,81
number one,3.98863240504535,5.35726521754535,S4,82
number one,3.7654433106576,4.6273785430839,S4,83
number one,3.50788605442177,4.55761394557823,S4,85
number three,4.40829928429705,6.6138869047619,S4,86
number one,2.96330651218821,4.18676633361678,S4,87
number one,4.32186343183107,6.7545754854025,S4,88
number three,5.02924066397392,6.48229869968821,S4,89
number two,3.36299178004535,4.18469936933107,S4,9
number three,4.65078344671202,8.49179482001134,S4,90
number two,2.31579088718821,3.13416142290249,S4,91
number two,2.50537124433107,3.43519825325964,S4,92
number two,1.54029535147392,2.50431320861678,S4,93
number two,4.08865695861678,5.24218374433107,S4,94
number four,4.39861158942744,5.48154827451814,S4,95
number one,2.16880116213152,2.8668985260771,S4,96
number two,1.99911529195011,3.78399916737528,S4,97
number four,2.10795048540249,3.00584111040249,S4,98
number two,2.44850070861678,5.30376856575964,S4,99
number one,3.83759065124421,4.61028110527599,S40,1
number three,1.66163651975448,2.56464015932106,S40,10
number two,3.15562021187411,3.86281541894717,S40,100
number one,2.29655692662516,2.99050498386108,S40,11
number two,2.71092250363772,3.39251859484293,S40,12
number one,1.0245839205389,1.73713165868953,S40,13
number one,3.86062980936131,4.58789597967309,S40,14
number three,1.91186644397173,2.6190379689335,S40,16
number two,2.0317350908876,2.68993076329337,S40,17
number one,2.27839685217192,2.91312928586201,S40,18
number two,1.80021403458235,2.56681332494996,S40,2
number one,1.21560508856094,1.84484077958002,S40,20
number two,2.54363492432804,3.1261522912096402,S40,21
number one,7.59122719315739,8.60267620598728,S40,22
number three,4.54724800017727,5.32356942043918,S40,23
number three,4.93172392290249,5.64381908344228,S40,24
number one,3.4312377665507,4.05456838544321,S40,25
number two,2.85628895314912,3.50188137985922,S40,26
number one,1.59575015234107,2.16429295464114,S40,27
number two,1.1857652507257,1.82561102616943,S40,28
number two,1.21539537769505,1.79526857453079,S40,29
number three,6.2645914194125,7.13800812485689,S40,3
number one,5.35282711043158,6.44513981401464,S40,30
number three,1.86527278283735,2.50269862043623,S40,31
number three,1.93363190335852,2.63328872048276,S40,32
number three,3.90291344257573,4.79269074763456,S40,33
number one,2.14468759001972,2.92558152739923,S40,34
number one,0.867888825182625,1.51281379028267,S40,35
number three,2.09571688474521,2.78359496757443,S40,36
number three,3.39113597132664,4.13692254980168,S40,37
number two,2.43263798222872,3.11725291940881,S40,38
number two,2.71085427422869,3.36337259670426,S40,39
number one,7.29398206622497,7.99646577958002,S40,4
number two,2.59869990471759,3.33364107336746,S40,40
number one,1.5314562402594,2.07535107506629,S40,41
number two,2.31448445567152,2.93663246471227,S40,44
number four,5.55484963382747,6.36489400662545,S40,45
number four,2.89945472423497,3.56760336479869,S40,46
number one,5.13853010813446,5.87793734904385,S40,47
number two,3.53369193127848,4.40566377864935,S40,48
number one,4.89985514672753,5.49633025142739,S40,49
number two,1.23794781072038,1.91287252653504,S40,5
number one,0.987268362176575,1.54416691964517,S40,50
number one,3.60569094244647,4.21872694756513,S40,51
number one,2.47011910670892,3.02043727795135,S40,52
number three,3.95258995324514,5.66360903188637,S40,53
number two,1.56368605645298,2.22914528167402,S40,54
number one,3.46253324913027,4.23401666334286,S40,55
number two,1.42440237430477,2.0105179263888,S40,56
number two,4.81043260431208,6.03041033481797,S40,57
number one,1.06524881820263,2.16797392290249,S40,58
number four,2.58429533947129,3.57627042755213,S40,59
number four,2.84137794803046,3.68921124258607,S40,6
number one,1.91026754784433,2.63018378795601,S40,60
number three,4.41949369954279,5.30424939986852,S40,62
number four,5.20807993197279,6.33607808726096,S40,63
number one,1.72282455110166,2.41729872513609,S40,64
number two,3.35980128446601,4.04661142871915,S40,65
number one,6.54893041429384,7.43412585403325,S40,66
number one,1.30236294105047,1.85290098199975,S40,67
number four,2.0137221742117,2.79355490372045,S40,68
number one,1.48543890661585,2.09110142406583,S40,69
number one,2.65623418976711,3.31809747335416,S40,7
number four,2.57523055389365,3.27347392290249,S40,70
number one,0.841778537636553,1.50750512142968,S40,71
number two,1.08153759500543,1.65873957433136,S40,72
number four,2.17577813416355,2.98017930912865,S40,73
number one,4.72142576096671,5.5117474222045,S40,74
number two,1.02841065057945,1.61408870681823,S40,75
number one,2.57871790312216,3.35310574131933,S40,76
number four,3.27397809889428,4.16348767145295,S40,77
number one,4.982401796332,5.73294274561073,S40,78
number two,1.22984979540133,1.87051871117611,S40,8
number three,2.88376422865563,3.56170504830597,S40,81
number four,4.14393592811718,5.11224972024641,S40,82
number one,2.36754225664207,2.9838836612821,S40,83
number four,6.02954372280943,7.13718448595508,S40,84
number two,1.83715926289082,2.62914378226861,S40,85
number three,4.11615330866331,5.054792792144,S40,86
number four,3.85761444137916,4.85573964911698,S40,87
number one,6.02774614253954,7.06196612857955,S40,89
number two,2.44131854794035,3.094649914689,S40,9
number two,3.175991950852,4.09065267344723,S40,90
number one,4.15938132169263,4.83338405552232,S40,91
number one,1.59085409972893,2.33319704993832,S40,93
number two,1.08441854830966,1.64568308995694,S40,94
number two,3.25528155398967,3.92640641272796,S40,95
number one,2.50644902760235,3.2285796697615,S40,97
number three,4.02902064359946,4.76344093044384,S40,98
number two,2.33538015836085,2.93863981401464,S40,99
number two,3.56248661614483,4.27791522081145,S41,10
number one,3.00792810055618,3.92938882979902,S41,100
number one,2.58652150317239,3.3688179201105,S41,11
number two,1.58689900433572,2.3877901164809,S41,12
number one,3.53876378825146,4.39707180526934,S41,13
number two,2.53621124258607,3.43554116347951,S41,15
number two,1.77639042522546,2.61197832325112,S41,16
number three,3.91806384844926,4.85942029330733,S41,17
number one,3.61807094477313,4.39491773397741,S41,18
number two,2.93850707785829,3.8072986669695,S41,19
number one,3.08015652906114,3.83505349110328,S41,2
number one,2.3351149187145,3.35666098665308,S41,20
number one,3.45532362043623,4.24186038172055,S41,21
number three,4.55294204391855,5.77026937224401,S41,24
number one,4.23745190731016,5.23373215393649,S41,25
number one,3.13650401626449,3.91867417015666,S41,26
number two,3.14914689002637,4.05618795563828,S41,3
number four,2.44360836712535,3.2651263489109,S41,33
number two,3.59358478842134,4.57683426492204,S41,35
number two,3.37400496354894,4.22599259899399,S41,4
number one,2.22966849014307,3.12249654970566,S41,49
number three,3.09844856226964,3.98929779447067,S41,5
number one,2.59529644463649,3.8148397953644,S41,50
number one,4.55873916254884,5.92281082378662,S41,57
number one,1.73540848548974,2.52195309926359,S41,58
number one,1.96452481866797,2.76839987683456,S41,6
number four,4.82076332291874,5.76376505129739,S41,65
number two,3.61916399100357,4.45727989208713,S41,7
number one,5.18084799223707,6.12213376468937,S41,79
number two,2.26576940917518,3.15341482564796,S41,8
number two,4.15884717790482,5.17174765487085,S41,80
number two,3.06285003268408,3.96539885107137,S41,89
number one,3.27392674979873,4.47655907878895,S41,9
number two,6.50004851370516,7.66029746670655,S41,92
number three,4.83283205920805,6.71626887367325,S41,98
number one,6.18939842266983,7.11556030028733,S42,1
number one,3.14469064792041,3.86258082109065,S42,10
number one,1.28579383914261,1.99722939056187,S42,100
number one,2.6097580713067,3.2097431141837802,S42,11
number one,2.24080903354827,2.8875155166301,S42,12
number one,1.59999545746637,2.263497169226,S42,13
number three,4.73072392290249,5.50694251294437,S42,14
number one,1.58580231115247,2.26065834884442,S42,15
number one,1.97165785858317,2.59576874072104,S42,16
number two,2.92568490604711,3.61280927452414,S42,17
number two,1.44329523514074,2.06747392290249,S42,18
number four,4.54315867291542,5.37129842230051,S42,19
number one,2.58143750692459,3.27523599293137,S42,2
number one,1.49470693825847,2.0620807167601,S42,20
number two,3.80905966045484,4.45502900666238,S42,21
number four,2.29081254847216,2.96570136719183,S42,22
number one,2.93611312016663,3.6318984106672,S42,23
number three,2.58289238627047,3.2369693655964,S42,24
number two,2.79007466743484,3.52054465347485,S42,25
number two,1.34396607041296,1.95822706389831,S42,26
number two,1.38339388567588,2.03329732913795,S42,27
number one,3.21198317600656,3.88310803474484,S42,28
number one,3.16045028695517,3.8390387500277,S42,29
number three,2.32128732448463,2.93232094477313,S42,3
number one,1.68056354561368,2.3466567035609,S42,30
number one,4.33247531890063,5.09686805971031,S42,31
number one,1.73836765716058,2.44247521549336,S42,32
number two,1.54665418116215,2.1990625687843,S42,33
number one,3.10975393316936,3.69603700503002,S42,34
number two,1.26580976478539,1.92775556183385,S42,35
number three,1.96672147990575,2.63700998618774,S42,36
number four,3.18095123793274,4.06231466278151,S42,37
number two,2.18962322453411,2.80054192426156,S42,38
number one,0.940563429280507,1.59726737796096,S42,39
number two,1.56493200602717,2.25294121296727,S42,4
number two,2.49212728788584,3.2263259600257,S42,40
number one,2.51651377163243,3.12176372177536,S42,41
number one,1.38759322257676,1.99605122629942,S42,42
number two,1.89632362043623,2.48469495594112,S42,43
number three,1.88830769571672,2.53833528329899,S42,44
number two,2.38505334984157,3.04072351204325,S42,45
number three,3.42684711973823,4.20369390894251,S42,46
number two,3.53324544454047,4.65561747804442,S42,47
number four,2.58401667534549,3.40098968604814,S42,48
number two,1.35199608067983,1.88246951516763,S42,49
number one,2.99870024910073,3.83008257809095,S42,5
number three,2.05888614951953,2.65376719884479,S42,50
number one,2.04479767813749,2.69917704063167,S42,51
number one,2.72037823886341,3.3915305189937,S42,52
number two,2.71815385339804,3.40528133794234,S42,53
number two,2.39126913126814,3.02898488776618,S42,54
number two,2.05520263854728,2.66081741784662,S42,55
number two,4.49622392290249,5.35200393686248,S42,56
number one,1.99275795035712,2.58518902294903,S42,57
number one,3.07428046082711,3.79769105877965,S42,58
number three,1.72170312880853,2.33775286955173,S42,59
number two,1.56678057716029,2.25267983262795,S42,6
number two,1.2495182458434,1.84500393686248,S42,60
number four,1.96779596268475,2.6481695583771,S42,61
number one,2.12005754614549,2.72989684016929,S42,62
number three,2.734839790748,3.39666331331664,S42,63
number three,3.14419181494531,3.8278766683655,S42,64
number two,1.69404657758869,2.36648890957034,S42,65
number one,1.57280681029198,2.19523439288853,S42,67
number one,2.41980995128779,3.06152324817006,S42,68
number two,3.8173059839571,4.49006079516497,S42,69
number two,1.82214202065191,2.47537766181391,S42,7
number two,2.16780803179035,2.82133932541529,S42,70
number one,3.69339783731082,4.36103668926854,S42,71
number four,4.89975707785829,5.71170449526173,S42,72
number one,2.86936323649981,3.61280927452414,S42,73
number two,2.47129998448891,3.08051556648718,S42,74
number one,2.75077626913958,3.42579982660817,S42,75
number two,2.21477825049672,2.88079500247439,S42,76
number four,3.0750088524009,3.89429398502072,S42,77
number three,3.74725847385643,4.48426173118542,S42,78
number four,2.83049160554558,3.57660375072939,S42,79
number two,3.2047390259035202,3.87070492366328,S42,8
number three,1.90783767643865,2.58363788251457,S42,80
number two,1.95289222838973,2.55617444437058,S42,81
number two,2.38113050736038,3.01614563067355,S42,82
number two,2.5407238647359,3.17194623560608,S42,83
number two,4.7279455957736,5.46170577492669,S42,84
number two,4.36487597036643,5.12017552830035,S42,85
number one,3.61182257343763,4.42125719419147,S42,86
number two,2.04212893686248,2.69566023048742,S42,87
number two,1.5604711936892,2.15034846218618,S42,88
number two,2.25180846019189,3.0201698242815,S42,89
number two,2.23178865031355,2.89598275222141,S42,9
number four,3.11254948130175,3.78016814114354,S42,90
number one,2.38490398635024,3.02728798555253,S42,91
number one,3.66878616115284,4.35653860414959,S42,92
number two,1.21237661019891,1.9225636157829,S42,93
number two,4.43744926026871,5.2100085901896,S42,94
number one,1.13264811983425,1.78734706618804,S42,95
number four,1.95634593609431,2.59520404285493,S42,96
number two,3.12229523514074,3.76415772932409,S42,97
number one,1.23837329470333,1.9409669429118,S42,98
number one,3.44953919874139,4.14007952480666,S42,99
number four,4.03882426026871,4.8798494464018,S43,1
number two,2.17224497920775,2.73790691499184,S43,10
number two,6.32719472327476,7.04635712439156,S43,100
number one,1.71371519791413,2.3610273198313,S43,11
number one,2.86095554226033,3.6860166171789,S43,12
number two,1.45717253318265,2.11175930111458,S43,13
number three,3.52582315971991,4.33707993197279,S43,14
number one,2.92533259101686,3.80760241751424,S43,15
number four,2.18173683588528,3.07660654272567,S43,16
number four,2.37326917650882,3.03271339474987,S43,17
number two,2.19420821792343,3.1417367195521,S43,18
number two,5.37900042655499,6.12419919009949,S43,19
number two,2.38549116975781,3.44709490571473,S43,2
number four,1.54369402158257,2.22446123889295,S43,20
number two,4.59156356223271,5.69110853331561,S43,21
number one,4.70847875072939,5.6578761448662,S43,22
number two,4.43588713835154,5.13695740359119,S43,23
number one,1.90463167069216,2.59153604481967,S43,24
number three,1.52084465642935,2.22076671319994,S43,25
number two,2.25237852969635,2.89917238730454,S43,26
number two,6.12338318302348,7.01074590987318,S43,27
number one,4.00827615649952,4.76695228493135,S43,28
number one,6.49648910899865,7.52793429945268,S43,29
number two,2.51503976748137,3.21513632401929,S43,3
number three,4.09098418976711,4.95550439850207,S43,30
number one,3.03317592346385,3.94748864366594,S43,31
number one,2.36827337742915,3.11432993197279,S43,32
number four,5.24434522147621,5.9251301380487,S43,33
number four,3.13886026538737,3.87243983728127,S43,34
number four,4.82275009786759,5.52460561206024,S43,35
number one,2.32447671951517,3.04052504764121,S43,36
number four,6.82578969731215,7.50671645726695,S43,37
number three,7.51921147525242,8.46000254086434,S43,38
number two,2.34645053993367,2.96007548176708,S43,39
number one,5.15068285729058,6.07978941848183,S43,4
number one,1.22859711973823,1.86654907413563,S43,41
number two,2.21219284163177,3.0296551995391,S43,42
number one,2.2551271918648,3.12515162183223,S43,43
number one,3.34204372280943,4.47088620768611,S43,44
number two,4.47337573770007,5.14723712671822,S43,45
number three,5.48087688071971,6.64814571007556,S43,46
number two,4.55547671489877,5.31795344826313,S43,47
number one,7.08097066188039,7.87346135522613,S43,48
number four,4.17937044915686,4.91848291010215,S43,49
number one,4.40058327609002,5.21699090754652,S43,5
number three,3.7543439750493,4.45727989208713,S43,50
number one,2.68298498748033,3.41640701101287,S43,51
number four,8.15534886473591,9.0420048675279,S43,52
number two,4.4364541462622,5.08310665905885,S43,53
number two,4.39669255910834,5.09678213565557,S43,54
number two,3.94748864366594,4.66034262890824,S43,55
number one,2.18685526306071,2.9261357423534,S43,56
number one,1.58608433601454,2.17315514968202,S43,57
number four,3.11833295663542,3.78299559041858,S43,58
number one,1.16933938819828,1.86209174809989,S43,59
number one,3.00479802713702,4.03678005366099,S43,6
number four,5.19105745012446,6.42735340172986,S43,60
number one,4.43079296664377,5.1548553212273,S43,61
number three,6.29477772699742,7.00800364602953,S43,62
number one,1.34459684183119,2.07453821821888,S43,63
number four,4.24989179167867,5.10070903225568,S43,64
number two,6.43039459660085,7.18022657825345,S43,65
number two,1.32320086862106,1.89238420970994,S43,66
number two,6.1957185715763,6.9089444906084,S43,67
number one,1.9331371845155,2.50097737596667,S43,68
number one,3.98006735137052,4.63223729752487,S43,69
number two,1.66208066320991,2.36199249927984,S43,7
number four,4.07638899598927,4.72384370914489,S43,70
number two,5.55097976079683,6.23622102749895,S43,72
number one,5.01854258902258,6.197334635157,S43,73
number one,5.14574061671357,5.88892378330268,S43,74
number two,3.26071100991971,3.89506652411236,S43,75
number one,6.09897508623428,6.83396810624358,S43,76
number one,1.80480907878895,2.38798206622497,S43,77
number one,7.60590621699277,8.36477080517332,S43,78
number two,6.03650370419612,6.76243495128779,S43,79
number one,2.03045449526173,2.91312928586201,S43,8
number one,2.92100579819333,3.58020658925894,S43,80
number four,3.49281408111562,4.1561923966112,S43,81
number one,2.41069623560608,3.0988098931212,S43,82
number two,4.22599259899399,4.98829732544484,S43,83
number two,4.17423834821659,4.82996833890994,S43,84
number two,5.91948643333555,6.63765717720313,S43,85
number one,1.9787901164809,2.58641575631338,S43,86
number one,5.20807993197279,5.99426046444636,S43,87
number one,2.95947790777549,3.61280927452414,S43,88
number two,4.22573450922171,4.89434258274428,S43,89
number two,2.6171429928649,3.34757371645727,S43,9
number four,6.4488948163413,7.15891691964516,S43,90
number one,3.25942273630408,4.02199369954279,S43,91
number three,5.07320003766979,5.80101712867557,S43,92
number one,4.6768727592014,5.36115165968668,S43,93
number four,3.09459500542888,3.68804378559241,S43,94
number one,2.24053650645926,2.87744370582109,S43,95
number two,7.23568716161818,7.91249323421008,S43,96
number two,3.90614667767216,4.56269332727662,S43,97
number one,2.01927929749533,2.5956127665507,S43,98
number two,2.41501612322453,2.98767126182721,S43,99
number two,5.60612725003139,6.58988713835154,S44,1
number four,2.34129985153671,3.5874585299918,S44,11
number four,4.77792201799287,5.89271602517228,S44,12
number three,2.41666812914091,3.45346074032219,S44,13
number one,1.57770402992902,2.59387899502906,S44,14
number two,2.19440483392054,3.84525589421436,S44,15
number two,1.81692308530361,2.67502743616448,S44,16
number three,3.5507068219253,4.62850812485689,S44,18
number three,4.01566754747502,4.8435595071905,S44,20
number three,3.1914006957832,4.15610171951517,S44,22
number one,2.37379746670655,3.20370153338208,S44,23
number two,1.29148834821659,2.40748416022218,S44,24
number two,3.29546590052959,4.15991032650845,S44,25
number one,2.22538295035712,3.32565807832362,S44,26
number one,2.46751812951022,3.63709933006862,S44,27
number two,3.54387317837015,5.63276103318635,S44,32
number two,4.33750957902162,5.1973179201105,S44,33
number two,3.48246566324684,4.29142913462888,S44,35
number four,1.94701207649183,2.94966904318731,S44,37
number two,2.84394696315008,3.76403749529128,S44,4
number three,2.68808013509421,3.7379108703199,S44,43
number three,3.39570298293041,4.39472811089691,S44,44
number four,2.60293995823085,3.65712221908307,S44,48
number two,2.44968051031488,3.32345656063728,S44,5
number two,2.87847671489877,3.83538108902627,S44,52
number one,1.95448555622032,2.7552196185749,S44,53
number one,1.43122997222776,2.3284397209481,S44,56
number three,2.32232846949855,3.25042741917614,S44,57
number two,1.53792803408008,2.4764149549070398,S44,59
number two,3.72947403923567,4.58702871582944,S44,6
number one,2.57582022646192,3.46320513971061,S44,61
number one,2.94945209842895,3.9927986715859,S44,62
number one,2.5788712551796,3.34028279210707,S44,63
number four,4.17612777353069,5.24975940452185,S44,66
number two,2.02388388102255,3.67742971629477,S44,70
number two,1.72026696617844,2.46782396943576,S44,71
number two,1.74442023514074,2.73677859949626,S44,72
number two,6.43495746175778,7.77327295733711,S44,74
number one,1.51486906146824,2.38430804471626,S44,77
number two,2.61846203660617,3.56714273527,S44,78
number four,1.98389790378692,2.93986845487381,S44,79
number one,1.72906408111562,2.78455646129244,S44,82
number two,1.42069655598396,2.35793343526336,S44,83
number two,3.83166214998486,4.87890156366564,S44,84
number one,2.80977270435862,3.75430379855525,S44,86
number one,2.72966563998021,3.49594297827709,S44,9
number two,1.36210991638784,2.23858909274893,S45,10
number three,5.39232993197279,6.45406130204525,S45,100
number one,3.54981188371114,4.63915111125883,S45,11
number one,3.35156449289814,4.38632193822154,S45,12
number three,6.08605047013376,7.82341377864935,S45,13
number two,4.60286550038039,5.52763748735107,S45,14
number two,3.65134618907281,5.40854488614121,S45,15
number one,1.3056619173185,2.16535247106443,S45,16
number one,2.27802615649952,3.06804157064563,S45,17
number two,2.03074730587132,2.83697811089691,S45,18
number one,1.34541789647455,2.23577728290013,S45,19
number two,1.67984472290545,2.52541450619336,S45,2
number one,4.20148229889133,5.17581919977546,S45,20
number two,4.27340603049037,5.09836165769239,S45,21
number one,1.84883106575964,2.68775963718821,S45,22
number two,2.72149023909238,3.67220959360943,S45,23
number one,5.09012573770007,6.13480523979407,S45,24
number two,6.61726322320459,9.83567710341465,S45,25
number four,6.28721333658328,7.26037236403791,S45,26
number two,1.34783298525708,2.3452169429118,S45,27
number one,4.96636687606639,5.99841583571539,S45,28
number two,2.1614904422138,3.13576452318169,S45,29
number one,3.79194201899001,4.79101052261295,S45,3
number two,4.60025975352139,5.64755413462888,S45,30
number two,5.98450320193224,7.00669791043453,S45,31
number four,2.47724095371047,3.32789740521616,S45,32
number one,1.4145743184353,2.27479884146927,S45,33
number one,2.34207243679231,3.12666826209311,S45,34
number three,3.10704129273859,4.1126460590751,S45,35
number one,1.31562143337248,2.13447904156234,S45,36
number one,2.23169821327011,3.11610840405652,S45,37
number one,3.68206751756077,4.56765134392519,S45,38
number one,2.33320496059444,3.35182990242785,S45,39
number four,6.56891924630873,7.75998485822125,S45,4
number one,5.99134921373544,6.98440644965912,S45,40
number four,2.81761538404721,3.72347857622962,S45,41
number two,6.62082763854727,7.73646697245673,S45,42
number one,3.60417936729523,4.71860468139482,S45,43
number four,2.70044962219416,3.70049382880188,S45,44
number one,5.29190153504398,6.37096758736068,S45,45
number two,2.63414121001278,3.71935526306071,S45,46
number one,5.52819321094344,6.44732711043158,S45,47
number three,4.76140254880454,5.67539743014469,S45,48
number one,4.28111137055256,5.24529500247439,S45,49
number one,3.79821496524777,4.8156149187145,S45,5
number three,3.24499509184781,4.54463171685612,S45,50
number three,3.17330512346089,4.1401271918648,S45,51
number one,1.76252319461987,2.6849676039797,S45,52
number one,4.91672101457304,5.78903837148323,S45,53
number four,4.0888962585034,5.22904931972789,S45,54
number two,1.18066929247269,2.26179007954973,S45,56
number one,6.17590674049207,7.30518111229291,S45,57
number one,6.5494610727027,7.45706863934499,S45,58
number two,5.07150795497352,5.98550283631368,S45,59
number three,3.93478299984489,4.97050592745241,S45,60
number four,6.40891697781175,7.44857873909607,S45,61
number two,1.87612182853597,2.77055279310421,S45,62
number one,2.38480209879826,3.21894850410305,S45,63
number one,1.81906536078058,2.65475870652278,S45,64
number one,7.86338388102255,9.11767773863074,S45,65
number two,2.48487752886171,3.48645284628509,S45,66
number two,1.62353069349347,2.51934269907746,S45,67
number two,3.32735572839342,4.41555372746275,S45,68
number one,1.68298841099958,2.66399220013738,S45,69
number one,2.27775637985922,3.2902249699011,S45,7
number three,4.59879197781175,5.71626405784898,S45,70
number one,2.22160863672288,3.12156675677872,S45,71
number one,3.06085691296062,4.08591129872144,S45,72
number two,2.59920484426127,3.63573346222311,S45,73
number one,2.84251036473221,3.9361011544683,S45,74
number two,2.11965198375767,3.04262300848678,S45,75
number one,2.5726724334685,3.50268813844756,S45,76
number one,4.88093320629012,5.92182780843065,S45,77
number two,2.12388143433269,3.08957411531388,S45,78
number two,2.58849579354,3.68093413695554,S45,79
number one,4.65901692924727,5.56774690332159,S45,8
number two,1.97975033053395,3.04492483030128,S45,80
number one,1.34539807367029,2.23869728260468,S45,81
number one,3.77553976748137,4.69663678935201,S45,82
number two,4.27325220479071,5.27790345454143,S45,83
number one,2.37423517028961,3.38690593077622,S45,84
number one,2.46847139311751,3.29527023643334,S45,85
number one,6.2500144696315,7.37640348777948,S45,86
number two,3.07660654272567,4.00634130307932,S45,87
number three,2.73219891126918,3.89267122397276,S45,88
number one,8.33723304305436,9.74121953178666,S45,89
number two,3.87567436496857,4.82701917650882,S45,9
number four,6.08525843692526,7.29545283797558,S45,90
number one,1.296132543191,2.10570065626685,S45,91
number one,1.88924922998515,2.66799370415919,S45,92
number one,2.78982399067119,3.74238830629972,S45,93
number one,1.33984607273963,2.21392238730454,S45,94
number one,5.84775312253023,7.28607792476383,S45,95
number two,1.54808498415653,2.48257835316537,S45,96
number two,1.51764951583239,2.49472357020984,S45,97
number three,3.91292495956037,4.72992938022114,S45,98
number two,3.13525840368721,3.99908622227393,S45,99
number two,7.77693881001128,8.68086661824886,S46,1
number one,1.4118976953861,1.89758316300849,S46,100
number two,4.77452424466382,5.71861592527144,S46,11
number two,1.77002335335365,2.42739005659534,S46,12
number one,4.22230962314549,5.08793965257414,S46,13
number one,5.27226295248988,6.24661436225628,S46,14
number three,6.21446641930556,7.32314014163662,S46,15
number two,2.902474032802,3.69416587459556,S46,16
number two,6.31396060945961,7.21607224991031,S46,17
number two,5.70934597468357,6.61670620606564,S46,18
number four,4.16146710913331,5.00364238662955,S46,19
number one,2.11364606661538,2.79886674656186,S46,2
number two,2.59909634232358,3.33824606905759,S46,20
number three,4.80571665427148,5.59811405087436,S46,21
number two,2.84364937755596,3.57376222515675,S46,22
number three,3.95631748977905,4.75899446722872,S46,23
number two,6.03120293515018,7.68635539018297,S46,24
number one,3.28311885253289,4.22129092724362,S46,25
number two,4.95779317146125,6.14782894985501,S46,26
number two,2.06659382597385,3.11482324031416,S46,27
number one,4.44673964768972,5.24309342640096,S46,28
number three,3.79810005971788,4.85760830305282,S46,29
number two,1.88791796573888,2.77409480625028,S46,3
number two,5.96505557484127,6.80153418543244,S46,30
number two,2.05380476149773,2.72375317850877,S46,31
number two,4.89576635326895,5.67596490503772,S46,32
number two,2.10089353141604,2.86091453443217,S46,33
number four,2.68387312596635,3.57864347961597,S46,34
number one,1.93251581903525,2.63595396393164,S46,35
number one,2.56527727179426,3.2473793178439,S46,36
number four,3.34430398784011,4.1703033144876,S46,37
number two,2.33488917303822,3.03615266843553,S46,38
number one,1.34980767819565,2.01700525831326,S46,39
number two,2.77138673596344,3.5898632846306,S46,4
number one,3.19644055008675,3.94865429240904,S46,40
number three,4.44211790181497,5.41192219347778,S46,41
number two,2.26204501925567,3.06409703486489,S46,42
number one,3.59408762614941,4.47082190136219,S46,43
number two,1.40112446690503,2.12478631834533,S46,44
number two,5.64035228857477,6.75600588534129,S46,45
number one,3.98828717922477,4.87594106905662,S46,46
number one,3.63335423013266,5.02636340063563,S46,47
number two,1.08320246686588,1.65186917656198,S46,48
number two,3.07838030073698,3.88240946073845,S46,49
number four,2.74924335374518,3.50688393352611,S46,5
number one,1.42466771681747,2.11277885835931,S46,50
number one,4.4928565555635,5.25850231980988,S46,52
number one,5.63440506475833,6.43296782348008,S46,53
number two,2.73122575160503,3.4953308294854,S46,54
number one,1.77599852304372,2.47497014280539,S46,55
number one,4.63124616228803,5.30015168534861,S46,56
number two,2.71746762471122,3.44223286716174,S46,57
number one,5.47658852637559,6.15762779189802,S46,58
number one,4.15047369089243,4.79262088296013,S46,59
number one,2.67732770771927,3.41833170073454,S46,6
number three,5.49697593162119,6.51840828847708,S46,60
number one,3.59060432748191,4.21426537648139,S46,61
number one,3.46296340307785,4.14602618011618,S46,62
number four,2.37817896407217,3.13799733333798,S46,63
number two,3.09663948485626,3.78183148626576,S46,64
number four,6.34945212015911,7.12428736684861,S46,65
number three,2.30204615740361,2.80101188096973,S46,66
number two,1.7441512457506,2.3023703853596,S46,67
number four,3.6355618425049,4.49536939626408,S46,68
number one,1.3854996393862,1.93068909391833,S46,69
number four,4.41934599988099,5.17819987017516,S46,7
number one,3.6955651639121,4.42450878546706,S46,70
number one,1.76906599959413,2.42523929889932,S46,71
number two,3.53922628268904,4.20598217147075,S46,72
number four,4.98283977834801,5.83436530556035,S46,73
number three,4.34019960075662,5.20588531260012,S46,74
number two,3.32806752675142,4.05327236721397,S46,75
number two,2.09236325681653,2.71019691083545,S46,76
number two,4.10078514608396,4.93969640834081,S46,77
number one,2.50397096172144,3.21839466093871,S46,78
number two,4.15747479783434,4.94506822549517,S46,79
number one,3.60680856611385,4.27937416128944,S46,8
number three,2.08944694964916,2.82577361981633,S46,80
number one,3.43034000425255,4.04397486925933,S46,81
number one,4.20171963376911,4.98460852537157,S46,82
number two,1.95348342310398,2.56244975722289,S46,83
number one,2.2875011562707,2.87431750722342,S46,84
number two,4.49406838075002,5.13446534473264,S46,85
number two,2.92851596556792,3.46176374010299,S46,86
number three,5.06104182247877,5.87091324006025,S46,87
number two,2.21487563000811,2.89956711768105,S46,88
number one,4.34546759757554,4.9863025895773,S46,89
number one,3.73158455429355,4.39605578940697,S46,9
number one,4.44861345863815,4.97609150926519,S46,90
number two,1.69521968871886,2.26036909098768,S46,91
number four,4.72878539030508,5.48703261534263,S46,92
number two,2.03028796344591,2.62857677585095,S46,93
number two,2.2585231553601,3.08529565117781,S46,94
number one,1.25096711446353,1.82631738860173,S46,95
number four,3.63326081826867,4.32886511725812,S46,96
number two,2.09040301330094,2.67604647489106,S46,97
number four,3.79991960473393,4.40429674493953,S46,98
number four,4.89219237258684,5.56527847274192,S46,99
number two,3.81234002092161,4.80342713633876,S47,1
number four,3.89683486950355,4.70483359955373,S47,10
number two,4.94671052180168,5.86650656227958,S47,100
number one,2.38264263530868,3.17994782971741,S47,11
number four,3.43257369944017,4.18356096330888,S47,12
number three,4.30348872270223,5.07535249616272,S47,13
number two,2.17942832255562,3.02046430853733,S47,14
number one,3.88811524755784,4.60382477096033,S47,15
number three,6.13682383070902,6.97689563171765,S47,16
number three,5.6519524629409,6.48276036384295,S47,17
number four,3.86813171426362,4.79219028546541,S47,18
number one,3.24270950305073,4.05611780063765,S47,19
number three,5.34384494362466,6.24026221982653,S47,2
number two,1.81957082984204,2.72162595054832,S47,20
number one,3.83443940147219,4.69610603615752,S47,21
number three,4.06377871085751,4.995744080303,S47,22
number two,2.64748588973727,3.45500985393445,S47,23
number one,3.60424358846881,4.47397109003444,S47,24
number four,5.24751651506544,6.03318806208411,S47,25
number three,3.13791243509969,3.99196900019945,S47,26
number two,2.20689536307443,3.0770026982557,S47,27
number two,2.85865539140408,3.63240504033622,S47,28
number one,3.87171767573599,4.63661486736758,S47,29
number one,1.69524938600679,2.55172698482476,S47,3
number two,3.60871910869371,4.3978854599081,S47,30
number one,3.98463480356384,4.7598746897568,S47,31
number one,7.50395074021289,8.28238870194344,S47,32
number one,2.89639927671784,3.6040971263509,S47,33
number two,6.16361536104313,6.96397251698354,S47,34
number three,5.51482438466454,6.40344455279334,S47,35
number three,4.79667158326419,5.57131141817071,S47,36
number one,3.24795570759289,4.03976215886816,S47,37
number two,3.74379173055666,4.66243644290779,S47,38
number one,2.93782561100344,3.6907538047615,S47,39
number two,3.4471332406456,4.23551470007612,S47,4
number two,3.65817190957074,4.4143780391719,S47,40
number one,2.36792045601897,3.09847813494147,S47,41
number one,2.74810658739947,3.47289527507729,S47,42
number two,4.10043991511184,4.94261519260808,S47,43
number two,3.22627350555574,3.97406217055589,S47,44
number two,2.17694007996109,2.9892512665094,S47,45
number two,1.76357203621683,2.60815809014434,S47,46
number one,2.20875884618314,2.98943383846401,S47,47
number one,3.25700454658314,4.08674265432303,S47,48
number one,1.8363494556098101,2.57254644436342,S47,49
number two,2.52848270265168,3.36525751857001,S47,5
number one,2.03166481930835,2.83126042402601,S47,50
number three,2.30004295810697,3.20601489710053,S47,51
number four,4.83522009265284,5.81076134770516,S47,52
number one,1.99331487486866,2.73463328512874,S47,53
number four,4.7952023490195,5.69356484642465,S47,54
number two,4.78383809070256,6.05473897007303,S47,55
number two,3.69620008997416,4.46967279215872,S47,56
number one,3.98648893029018,4.85056278275621,S47,57
number one,2.43273842231995,3.20927261065979,S47,58
number two,3.25020858460488,4.15074939482588,S47,59
number three,2.99993843146855,3.79416235781146,S47,6
number two,3.43512816084635,4.22071335825552,S47,60
number three,3.94755707592893,4.77150944583321,S47,61
number two,1.67663516563134,2.49712350320075,S47,62
number two,2.51948198219938,3.40195301146928,S47,63
number two,2.48195505517362,3.32172206822724,S47,64
number one,5.91809822534593,6.85088124709382,S47,65
number four,4.5419219465431,5.37655372215274,S47,66
number two,1.88173096562898,2.71138429375226,S47,67
number one,2.81964731989613,3.82324958138368,S47,68
number two,6.21051739871947,7.10811897289901,S47,69
number one,4.32479740598408,5.15415400544923,S47,7
number one,3.27866976478599,4.09577738431042,S47,70
number four,2.26792543890508,3.04789979568771,S47,71
number two,2.93637391183501,3.75215896934036,S47,72
number one,3.17564199510046,4.03585429302929,S47,73
number four,4.19816802296609,4.99556029964768,S47,74
number one,4.19140530297083,5.02720086198425,S47,75
number two,2.65315909745954,3.42868252437026,S47,76
number one,4.70032623289507,5.48154057007024,S47,77
number two,2.05179849276805,2.90687157593755,S47,78
number one,4.09851745531674,4.92795318242406,S47,79
number three,3.32648282476224,4.19389322613964,S47,8
number two,1.87556623848502,2.71289494789853,S47,80
number four,6.36630879201839,7.13385780632451,S47,81
number one,2.06074470306686,2.76925361103213,S47,82
number two,1.47139517826106,2.26075976724564,S47,83
number three,6.10810332181424,6.90417115248527,S47,84
number one,1.89303723112176,2.86678199563154,S47,85
number four,4.96962849044795,5.76945069747419,S47,86
number two,4.20512468243986,5.08698236781677,S47,87
number one,2.37644968395655,3.26887760819916,S47,88
number three,2.79866370810227,3.76876357709508,S47,89
number four,8.08208738192829,8.94964944461986,S47,9
number one,2.71052121632196,3.55372515316637,S47,90
number one,2.97465475642917,3.79232024676412,S47,91
number one,2.31052434235226,3.16642167179434,S47,92
number one,2.14828507892316,3.06438535611412,S47,93
number two,2.76955346572056,3.62402649760363,S47,94
number three,2.27334243696624,3.16658885084079,S47,95
number two,3.8146843482756,4.83448684316876,S47,96
number one,5.1501491690958,6.07466335223721,S47,97
number three,5.73247628234985,6.63181175668831,S47,98
number four,4.63220499455445,5.49163334269514,S47,99
number one,0.156529131799741,9.54805835721758,S48,1
number three,5.1074909827167,6.08430864199684,S48,10
number four,2.51229743651172,3.3814156761659,S48,100
number two,4.38397242704815,5.27504858740373,S48,11
number four,4.94886437761702,5.88445977998003,S48,12
number two,1.79595235207226,2.55152901918667,S48,13
number two,7.59349221506422,8.78014308876526,S48,14
number three,7.00458964281499,8.10111790007053,S48,15
number one,2.87986345558539,3.75299742307955,S48,16
number four,6.04631509369853,7.1540625202185,S48,17
number three,3.7953039450045,4.69850641652222,S48,18
number four,4.99358696510487,6.06929062720053,S48,19
number one,2.09877990851012,3.00090871421652,S48,2
number two,1.61626126309999,2.30330146015154,S48,20
number one,6.65881765191474,7.67184929076055,S48,21
number two,3.9264095584269,4.88163845466956,S48,22
number one,2.61573514801253,3.36569584585693,S48,23
number two,5.91961962522137,6.96539691998405,S48,24
number one,2.46237315474955,3.36598570841278,S48,25
number one,1.71343750875853,2.53548181395817,S48,26
number one,2.0233284151852,3.05506829876151,S48,27
number two,2.80472041973469,3.62855702882914,S48,28
number three,2.91172317497532,3.79068621210914,S48,3
number one,4.14616675379158,5.09035734395191,S48,30
number three,2.11670592075335,2.88076243352001,S48,31
number two,5.50764241376523,6.42303745014546,S48,32
number three,2.6669922901719,3.45208911512293,S48,33
number four,1.97457714295793,2.91098684830515,S48,34
number one,6.10674218758934,7.14821361982409,S48,35
number two,0.987291636260168,1.57877076146012,S48,36
number one,1.7287159826634,2.50447019853045,S48,37
number one,2.97555205892939,3.98184633490972,S48,38
number four,8.60214893883017,9.7957965382238,S48,39
number two,6.68697517453572,7.70089040538574,S48,4
number three,8.10667257681772,9.21023356493636,S48,40
number two,2.27529684786129,3.01426529274844,S48,41
number one,1.71491490076385,2.72433963792087,S48,42
number one,3.43797259800293,5.11116615544984,S48,43
number four,3.92705508368547,4.86870040135609,S48,44
number two,5.34075403231355,6.36260840326101,S48,45
number four,5.54787727850065,6.49130956209021,S48,46
number one,5.3086438397452,6.29718547334026,S48,47
number one,-0.0236440907502418,9.77327488540505,S48,48
number two,5.1075840177824,6.0446135563266,S48,49
number four,3.00988436362664,3.95600897570756,S48,5
number two,4.06130265063258,5.40479110507924,S48,50
number four,4.9261754969076,5.82743934119221,S48,51
number one,8.01639800599272,9.24488134051808,S48,52
number one,4.80188922091331,5.60915602027345,S48,53
number two,2.15766468401761,2.89872802276451,S48,54
number two,1.55844404244873,2.20026812997758,S48,55
number two,3.08997219251834,3.94785985429303,S48,56
number three,4.23889640198331,5.3818445346512,S48,57
number one,1.52980055391675,2.54228782389099,S48,58
number three,3.21957894418559,4.12031108420802,S48,59
number four,4.36404960092137,5.22604635278051,S48,6
number one,2.59834874736857,3.3814156761659,S48,60
number two,2.05309948579825,2.83826183178631,S48,61
number two,1.86245556968549,2.52561115074859,S48,62
number two,2.38091683011068,3.0770026982557,S48,64
number one,5.82534382553774,6.85847399016021,S48,65
number two,3.35096076548977,4.13889404428039,S48,66
number one,2.46655692144938,3.28581815256803,S48,67
number one,5.71674078079817,6.57034393194837,S48,68
number one,3.2739944375733,4.18125753872794,S48,69
number two,7.54173833335368,8.56738831913653,S48,7
number two,1.44101278032369,3.59310210943083,S48,70
number one,4.85917890379219,5.9119128370954,S48,71
number two,1.98243359598733,2.65307511253069,S48,72
number two,3.89294745543885,4.71071185532651,S48,73
number two,3.90110822891427,4.73125244148433,S48,74
number three,7.05202459267891,8.10500909684898,S48,75
number one,1.60632710937753,2.43297358709846,S48,76
number three,4.80338700034249,5.59932902224912,S48,77
number two,5.36885391875073,6.21024451379549,S48,79
number one,-0.00112243793149402,9.72823157976756,S48,8
number two,1.65639991169275,2.38613480966937,S48,80
number two,2.94395096272546,3.69717284982204,S48,81
number two,2.49436910765674,3.34761084644132,S48,82
number one,1.68987838369812,2.43014782936852,S48,83
number two,1.5460043250397,2.77678707116662,S48,84
number two,2.35310996017064,3.08602974574449,S48,85
number two,2.32643554355383,2.98663702597602,S48,86
number two,4.06812694846295,4.97091347652831,S48,87
number two,3.9962503506802,4.6800714342893,S48,88
number one,1.88632027118623,2.68630073349681,S48,89
number one,2.51300426127085,3.29787134392749,S48,9
number two,2.46843632777498,3.16541792920262,S48,90
number one,1.88375223728834,2.60312141414106,S48,91
number two,2.26889118689331,3.01427357610851,S48,92
number two,4.19963662301117,4.83153019144804,S48,93
number two,6.01325672930938,6.84854528528225,S48,94
number one,1.62794751649413,2.32300472529098,S48,95
number two,6.27618224012402,7.19048623610484,S48,96
number one,2.90256488926026,3.61700753305853,S48,97
number one,1.60716449474624,2.42628065852092,S48,98
number two,3.33351365767836,4.21143484752365,S48,99
number four,2.44257097385497,3.5461085167463,S49,1
number two,3.343480278854,4.31657182165113,S49,10
number two,6.28256288044465,7.81763913848869,S49,100
number two,5.22183710412677,6.7320672825303,S49,11
number one,3.22713533474478,5.71009480625028,S49,12
number three,5.07459619142981,6.67535069512889,S49,13
number one,4.78888514338978,7.9225302656835,S49,14
number two,3.53307620881216,4.34854590707697,S49,15
number one,3.0919741854402,3.84033704917702,S49,16
number one,1.43916839453107,2.47569529112611,S49,17
number one,6.03390062875308,8.55401115625325,S49,18
number two,3.95383651722079,7.30640992747214,S49,19
number two,1.97991733696641,2.92865357990362,S49,2
number two,3.03529837676302,4.95817920906859,S49,20
number two,5.11716593565083,6.79314874248414,S49,21
number one,2.60410279150552,3.76010426380998,S49,23
number one,5.359127519669,7.04107127554557,S49,24
number one,1.14079973577601,1.96569912539766,S49,25
number four,2.0067129709906,3.1040706031622,S49,26
number one,1.23671837603036,2.02393950604147,S49,27
number one,3.0726989848736,3.95627780113385,S49,28
number two,2.89022561030567,4.3283587840812,S49,29
number two,2.02999418714974,3.85289724357703,S49,3
number one,2.27135469415278,3.36524818932331,S49,30
number one,5.36719477816485,6.22272284527681,S49,31
number two,3.03946738397898,4.08100088326638,S49,32
number one,3.25123218508704,3.94643781054605,S49,33
number two,2.63356395249783,3.83926658537592,S49,34
number two,1.02980582211515,1.77061094936308,S49,35
number one,2.48141245244714,3.20596448986182,S49,36
number two,2.22147126089231,3.15403008765406,S49,37
number two,1.72373675366947,2.6186044468789,S49,38
number one,2.37436740586197,3.26217955097815,S49,39
number two,1.69286319915321,2.60885137885111,S49,4
number two,2.71086561616697,3.59727209430657,S49,40
number two,2.10803346061905,2.91753770919428,S49,41
number two,2.50186214648266,5.15157935587262,S49,42
number one,2.16443780705718,2.87035057476277,S49,43
number two,6.62217694052576,7.88371856888751,S49,44
number three,3.93251718667351,5.21437839581227,S49,45
number two,2.21705863807186,3.00548144064874,S49,46
number one,2.77084156387574,3.4814370970715,S49,47
number two,1.91622163027675,2.62720987102993,S49,48
number four,5.28817215107828,6.25633841681528,S49,49
number three,3.2308120759202,4.33434961881154,S49,5
number two,0.987639106313523,1.94499461027252,S49,50
number one,2.33580803057183,3.06636570949433,S49,51
number one,1.70380371909997,2.55594907950929,S49,52
number one,4.06526633766593,5.08529700486058,S49,53
number two,1.88991617517167,2.69779412043474,S49,54
number four,7.34601423343934,8.93281307024904,S49,55
number one,1.47052873833238,2.17363059074956,S49,56
number two,1.49226923866392,2.33782868818952,S49,57
number one,2.4727103368914,3.27374164778314,S49,58
number one,1.78564675818756,2.61553746923735,S49,59
number two,1.97557507928949,3.21400180684862,S49,6
number two,1.23093961594097,2.01190966222087,S49,60
number two,1.9282711226554,2.78655410864235,S49,61
number three,4.19387509020191,5.14782119757895,S49,62
number two,5.38637264537407,6.79636107975971,S49,63
number one,1.72294894518767,2.71869119421995,S49,64
number two,2.12541137787423,3.01460825672834,S49,65
number one,1.88487282146525,2.77790739096448,S49,67
number one,3.39827748984883,4.48250286407408,S49,68
number one,1.82483297775902,2.55987466107051,S49,69
number two,3.1415158068242,4.63864376647887,S49,7
number three,7.33866705044271,8.57188789087735,S49,70
number two,2.83677869787115,3.93768116467888,S49,71
number one,1.59255137763,2.36060383632611,S49,72
number two,5.8720659838942,6.95750967260996,S49,73
number one,1.57349607375788,2.32982445347287,S49,74
number one,3.01601311428637,3.82872653301569,S49,75
number one,1.5635672006387,2.19124732679635,S49,76
number one,2.69059824986495,3.43815350925395,S49,77
number four,6.42384147568478,7.37295116759984,S49,78
number one,1.62360946562287,2.35648968737565,S49,79
number two,3.83586272292203,6.08672763201072,S49,8
number one,1.90923153344308,2.61091568227143,S49,80
number one,3.19083679885038,4.26492860156856,S49,81
number two,1.71056068245459,2.47423474495078,S49,82
number one,5.69175859323984,7.032365168719,S49,83
number one,5.41057108627421,6.03749939516508,S49,84
number three,3.80521121424608,4.63139611405436,S49,85
number four,2.25274680336847,2.97729224681296,S49,86
number two,1.13809793150528,1.88093023358587,S49,87
number one,2.0955321940612,2.79722293685973,S49,88
number three,4.70873791371978,5.56331644912574,S49,89
number two,5.29651490417519,6.5092122740882,S49,9
number three,6.11444126453043,7.1025943772158,S49,90
number three,3.0622153049498,4.08329158741594,S49,91
number three,8.60214893883017,9.81831819104255,S49,92
number one,5.0776700568822,5.99594634423277,S49,93
number two,5.69375709728858,6.93490054056212,S49,94
number two,2.81006154953647,3.58090974692296,S49,95
number one,3.21554287621536,4.01957517620263,S49,96
number four,6.47810816785899,8.0878239816997,S49,97
number one,4.60531412902512,6.17625499088144,S49,98
number one,3.59415417213984,4.32509524332855,S49,99
number one,4.30835338718821,5.15766142290249,S5,1
number two,4.68662666524943,5.5045894805839,S5,100
number three,4.64297169075964,5.34801633361678,S5,13
number one,4.99001583758503,5.82209155328798,S5,14
number four,2.738727111678,3.6468414824263,S5,15
number two,3.20729981575964,4.03765695861678,S5,16
number three,5.26206990504535,6.16345941397392,S5,17
number two,3.28856655683107,4.09344936933107,S5,18
number one,2.36449066397392,3.23387682468821,S5,19
number one,1.63888715277778,2.51640584254535,S5,2
number one,1.8026507050737,2.55642063492063,S5,20
number one,2.09714255598073,2.8421149199263,S5,21
number three,4.25478195861678,5.08433553004535,S5,22
number three,4.07797615504535,4.92175963718821,S5,23
number four,4.41142616213152,5.32257509566326,S5,24
number one,2.79393714569161,3.52401721938775,S5,25
number two,2.46636008361678,3.35324624433107,S5,26
number two,2.75510204081633,3.76506873582766,S5,27
number two,6.78788352111678,7.68391588718821,S5,28
number one,4.07485561933107,4.80607771754535,S5,29
number one,2.55799624433107,3.44659557468821,S5,3
number three,3.69398285147392,4.50242035147392,S5,30
number one,6.16116588718821,7.04376633361678,S5,31
number four,3.61176744968821,4.57416700325964,S5,32
number two,2.53161330782313,3.51142091836735,S5,33
number two,4.87235561933107,5.80254535147392,S5,34
number two,3.71660682397959,4.52494547193877,S5,35
number two,2.20262347647392,3.00226075325964,S5,36
number two,4.92428167517007,5.72837730300454,S5,38
number one,3.39023061933106,4.25646945861678,S5,39
number four,6.44235260770975,7.4681001984127,S5,4
number three,5.85173549107143,6.70550223214286,S5,40
number two,2.56353401360544,3.36821655328798,S5,41
number three,3.86951856575964,4.6639270479025,S5,42
number one,4.02403567885488,4.79866400935374,S5,43
number one,4.94936008361678,5.77462794075964,S5,44
number three,6.51103817672902,7.30365571853741,S5,45
number two,1.54332922335601,2.3372393707483,S5,46
number two,5.61478753897392,6.45085896754535,S5,47
number one,2.61861678004535,3.41331544075964,S5,49
number two,4.10822760770975,4.91853922193878,S5,5
number two,3.54250166524943,4.30881473214286,S5,50
number one,1.9752314696712,2.7404234162415,S5,51
number one,4.70750021258503,5.6564893707483,S5,52
number one,4.00885896754535,4.78166588718821,S5,53
number four,4.42232273951247,5.22191484197846,S5,54
number two,2.06131962159864,2.82639721513605,S5,55
number one,3.20846834254535,4.01488017290249,S5,56
number four,4.66911678004535,5.60581320861678,S5,57
number two,1.55426215277778,2.30611740008503,S5,58
number one,2.48187570861678,3.20282994968821,S5,59
number two,4.43115812783447,5.16665433673469,S5,6
number four,4.2514433106576,5.1699552154195,S5,60
number two,5.22935620393991,6.0238985260771,S5,61
number one,2.54645174319728,3.23264983701814,S5,62
number three,6.22886339640023,7.00429343820862,S5,63
number two,5.89696045918367,6.80014409722222,S5,64
number two,3.15431878897392,3.93455874433106,S5,65
number four,5.24451674107143,5.99754412910998,S5,66
number one,2.32050070861678,3.19034445861678,S5,67
number two,5.98403872590703,6.8392955109127,S5,68
number three,5.71019267290249,6.52255874433106,S5,69
number one,8.6302619047619,9.52606618480726,S5,7
number two,8.49962794075964,9.32192704790249,S5,70
number two,2.35749401218821,3.09947503897392,S5,71
number four,6.25476968183107,7.25994267290249,S5,72
number one,2.37032660147392,3.11992481575964,S5,73
number two,2.35740249433107,3.08115249433107,S5,74
number two,5.03976521754535,5.87218709254535,S5,75
number one,8.74461989795918,9.62136451247166,S5,76
number one,3.90920606575964,4.66679535147392,S5,77
number three,6.19107149943311,6.98801930980726,S5,78
number one,5.18057785926871,5.97339576247165,S5,79
number one,3.61514244968821,4.22341253897392,S5,8
number one,3.75571543721655,4.45909376771542,S5,80
number one,4.68645048540249,5.47529535147392,S5,81
number four,8.23178084254535,9.17921387825964,S5,82
number one,2.62942339852608,3.38789783517574,S5,83
number four,6.05210003897392,6.79241253897392,S5,84
number three,7.84393486040249,8.66354981575964,S5,85
number four,3.34547317885488,4.1758985260771,S5,86
number one,3.94608131377551,4.67406335034014,S5,87
number four,5.97205762825964,6.78429535147392,S5,88
number two,2.59933441397392,3.43369267290249,S5,9
number two,3.83486947278912,4.65494387755102,S5,90
number one,6.90754535147392,7.72718820861678,S5,91
number two,4.17131767290249,4.94146276218821,S5,92
number one,7.98470271754535,8.70929535147392,S5,93
number one,4.32586947278912,5.17385434382086,S5,94
number two,5.55210551303855,6.31248515447846,S5,95
number two,3.54962230725624,4.33781320861678,S5,96
number four,8.09939755172902,8.9240327912415,S5,97
number one,5.62561454790249,6.38582660147392,S5,98
number one,6.14845776643991,6.89581037414966,S5,99
number one,2.67827611600813,3.35945961154499,S50,1
number three,5.06083454775191,5.77936063841726,S50,10
number four,4.99015874333892,6.50408813901376,S50,100
number one,3.02061065978661,3.63857493721482,S50,11
number one,6.20636510940815,6.87400595085457,S50,12
number two,3.02424893419772,3.66106819835949,S50,13
number two,2.1864992286683,2.89332060359831,S50,14
number two,4.18139130289834,4.87359991657717,S50,15
number two,7.19553160793052,7.86639554013473,S50,16
number three,3.06996351297735,3.75229435932563,S50,17
number one,2.37785239236875,2.96367389115375,S50,18
number two,3.68117305217668,4.30363808058483,S50,19
number three,3.17282656598554,3.9905909658732,S50,2
number two,2.91042294174415,3.50089318950648,S50,20
number two,2.61080729693935,3.22582030171387,S50,21
number three,4.53417468671373,5.17783618926671,S50,22
number two,7.38150336472738,8.23251906291194,S50,23
number three,6.43417075126486,7.09319013369943,S50,24
number four,5.87177854959404,6.50475823911922,S50,25
number two,5.31001787659817,5.93581861658816,S50,26
number two,5.33646453260051,5.94297790981224,S50,27
number three,6.09573665598102,8.10615903640426,S50,28
number one,8.78232216138015,9.52553670439883,S50,29
number two,2.80236037229377,3.49520200710994,S50,3
number three,5.39683431050854,6.29381238817435,S50,30
number two,3.96054485266198,5.09804971527888,S50,31
number one,3.84010316132607,4.8304015123102,S50,32
number one,6.49845516420091,7.33708717705391,S50,33
number two,5.64333147143805,6.29845685281549,S50,34
number two,3.36212982755857,4.09883455201609,S50,35
number one,4.33388337976442,5.03300645150786,S50,36
number one,1.83839446478651,3.89301005202491,S50,37
number two,4.47372608120662,5.15496232850493,S50,38
number one,2.06372055754518,2.6306931402358402,S50,39
number one,2.85378661935755,3.49901340483197,S50,4
number two,5.12470353358883,6.03483658176494,S50,40
number one,6.18634409243653,6.82966982584127,S50,41
number two,3.12991833207056,3.96700306458738,S50,42
number one,5.20648722074236,5.96552572220158,S50,43
number four,7.07067654715532,8.12919422963646,S50,44
number three,5.31462412334795,5.99080750549643,S50,45
number one,5.00535958826645,5.72499011660395,S50,46
number one,5.64601960630393,6.57232462801344,S50,47
number two,3.91290015949965,4.70208043131775,S50,48
number two,5.55435886432528,6.24875782743219,S50,49
number one,4.54575978372088,5.19960467888896,S50,5
number two,5.47402666855841,6.23718640138051,S50,50
number one,1.03487359173091,1.66547987065584,S50,51
number two,2.20236226946544,3.32380610471387,S50,52
number one,2.68039341541101,3.24528565284278,S50,53
number two,4.69742737707101,5.32663814164011,S50,54
number two,2.673917870764,3.26609930612129,S50,55
number two,2.99286147487459,3.66782654253256,S50,56
number two,6.23580994945204,7.07221968968799,S50,57
number four,5.6249298009656,6.30359900520598,S50,58
number one,3.31023875017711,3.91123297434767,S50,59
number two,4.15041170757274,5.00193064081489,S50,6
number two,4.641829289051,5.34832044214101,S50,60
number one,4.56470728839161,5.2169168789549,S50,61
number four,4.66109564881313,5.30812237881448,S50,62
number two,6.91116822008742,7.70004883259398,S50,63
number one,3.64142977043796,4.28862197769098,S50,64
number one,3.32134610726075,3.87321912623499,S50,65
number three,5.15633605756175,9.07510364802387,S50,66
number three,4.08630000083345,4.76744393254923,S50,67
number one,3.62641606091107,4.32763559650717,S50,68
number two,3.54149148240086,4.40867109482195,S50,69
number one,3.34321714881924,3.93902191845767,S50,7
number two,3.63663324054869,4.25911061956765,S50,70
number two,5.20545528883121,5.94496904458567,S50,71
number one,4.56111457866333,5.19863374565999,S50,72
number two,5.33569777597907,6.79111228027125,S50,73
number two,4.14527368600801,4.95492090860335,S50,74
number one,4.27928645877247,5.26393105599079,S50,75
number one,4.03064252366474,4.9064729016318,S50,76
number four,2.80028673962676,6.07842626315135,S50,77
number one,2.96149973707465,3.66227391801807,S50,78
number one,1.99964541497141,2.68971758231172,S50,79
number three,5.26794466182062,6.1712042810799,S50,8
number two,3.45945668089158,4.28818685318958,S50,80
number three,5.17423396964564,6.14816974995828,S50,81
number two,4.22380464714022,4.96654944828317,S50,82
number two,3.28371364259868,3.95065730253124,S50,83
number two,3.41111692047249,4.15137579485736,S50,84
number three,4.10117209622545,5.0390780048065,S50,85
number two,4.03125715223833,4.93782254854815,S50,86
number four,3.57424348806679,4.48618956404398,S50,87
number one,6.33887875603842,7.35324237686071,S50,88
number two,4.04725071798101,4.76157236765977,S50,89
number two,3.71091757246535,4.3563985921234,S50,9
number four,3.89760055155207,4.93071082959782,S50,90
number four,6.45194859106705,7.41065910356506,S50,91
number two,5.2372579853037,6.52686616740892,S50,92
number one,4.25864141420309,5.2808675594693,S50,93
number two,5.01816968444499,5.69486928025904,S50,94
number two,3.16791806342733,3.95490840448212,S50,95
number two,6.1220886511028,7.34318935568073,S50,96
number one,4.04341866535485,4.90914048703506,S50,97
number one,5.24734863746906,6.30928115917421,S50,98
number four,6.55002378674922,7.91802202835717,S50,99
number two,4.64403018107833,5.65745431814918,S51,1
number four,3.65606417665793,4.69342337882242,S51,10
number two,6.42184433307186,7.70228783862179,S51,100
number one,1.69934502222121,2.60530157528436,S51,11
number one,1.80392045679428,2.59673986748872,S51,12
number one,5.82949324699535,6.89866259864062,S51,13
number three,4.46184496804677,5.89176718362075,S51,14
number two,1.72259160084811,2.5885117649647,S51,15
number one,5.7945290585334,6.838424036475,S51,16
number one,3.50791825802891,4.4094090186207,S51,17
number one,2.25855950941792,3.07428092987772,S51,18
number four,6.22580892100978,7.27545028229829,S51,19
number one,4.51139090090263,5.62779903625695,S51,2
number four,2.90870076342358,3.59667897889988,S51,20
number two,3.0826247660759,4.12825699349461,S51,21
number three,4.56954391938842,5.5851970277127,S51,22
number one,3.70155634752975,4.6108648354347,S51,23
number three,5.01128743565694,5.92256092667571,S51,24
number one,2.90099551040178,3.96414948658325,S51,25
number one,4.34538457557568,5.17623790160564,S51,26
number two,2.87740683536143,3.69964854100172,S51,27
number three,2.7581450181121,3.63535405917788,S51,28
number three,4.47225206022803,6.8115025456175,S51,29
number two,2.89953878803138,3.79448560888298,S51,3
number two,4.85861607800655,6.51081569039275,S51,30
number four,3.49362961386509,4.59281806709064,S51,31
number one,4.38070312887955,5.74594718427588,S51,32
number four,3.53337533083724,4.57809759037102,S51,33
number one,2.91943158116311,4.37328373318727,S51,34
number one,2.36277701274544,3.82649091817255,S51,35
number two,4.66201731062542,5.8860494012803,S51,36
number two,4.72593537870458,6.79494518418246,S51,37
number one,4.72472048951216,5.64314519352488,S51,38
number two,5.25548218377872,6.30673226445891,S51,39
number two,2.40677907815832,3.1750551038434,S51,4
number four,5.88080414648693,7.09175380030349,S51,40
number one,3.25826463761559,4.56424658967499,S51,41
number two,2.17669732417,3.02860530165281,S51,42
number one,5.20749004072096,6.45431664896063,S51,43
number two,4.03070992869325,5.69939718785198,S51,44
number one,2.34448424395829,3.59310210943083,S51,45
number two,3.19381586309197,6.02801718153711,S51,46
number one,3.94716722226971,5.2540343363262,S51,47
number one,4.2183083105539,5.44423213798726,S51,48
number two,2.4469028773318,3.49302724519161,S51,49
number three,2.25414350394117,2.66718979605404,S51,5
number one,5.40480017537402,7.66193301945105,S51,50
number one,3.78296078564771,4.97172015981365,S51,51
number two,4.69719247822216,6.31317497105689,S51,52
number three,3.35188983146611,4.17976278764063,S51,53
number four,6.33425151867739,8.41680366424713,S51,54
number two,4.15280321844668,5.61666459854022,S51,55
number one,5.46500541182367,7.13519798017506,S51,56
number two,4.93436320525874,6.02472233241246,S51,57
number one,5.93929739987855,7.35452165591997,S51,58
number one,3.91327880689843,4.98187678579424,S51,59
number one,3.83443940147219,5.04805437990223,S51,6
number one,4.15183644472976,5.43723202188531,S51,60
number one,4.43419406391499,5.35361414342641,S51,61
number two,2.81411952762984,4.04271380832015,S51,62
number one,7.79136943735525,9.3228418290301,S51,63
number three,8.01658596554273,9.72823157976756,S51,64
number four,5.27976499881088,6.54321176122385,S51,65
number two,6.4806396879862,7.51135635485638,S51,66
number two,3.83549482823018,4.77579497598395,S51,67
number one,3.61606489536579,4.81016664137234,S51,68
number four,8.42197571628019,9.45797174594258,S51,69
number two,4.14318754921976,5.08803753639815,S51,7
number three,4.95867367930162,6.29110027777245,S51,70
number four,5.4525667147162,7.17255108456466,S51,71
number two,7.31841472816154,9.05258199520512,S51,72
number one,4.02586193017253,5.42135200345631,S51,73
number one,5.87702894776168,7.2733714225240496,S51,74
number four,7.79136943735525,9.21023356493636,S51,75
number one,3.94716722226971,4.99538355333586,S51,76
number two,4.11644191772501,5.46440767792429,S51,77
number two,2.09669250177206,3.54002622469622,S51,78
number one,6.23518940530026,7.54807524413874,S51,79
number two,1.95486229553508,2.71994746764991,S51,8
number three,4.67208739161961,6.03579892461301,S51,80
number one,5.70074924557964,7.35799858312986,S51,81
number one,5.988859438148,7.42712961997062,S51,82
number four,4.39086019523346,5.71130272389892,S51,83
number two,3.84010029347238,4.71420012059871,S51,84
number two,5.98837119128929,7.44294826136854,S51,85
number two,2.80944848475333,3.81658846357587,S51,86
number one,6.2148537400429,7.70128282608026,S51,87
number two,2.99766697969611,4.24699353996378,S51,88
number four,7.56995540483624,8.79468645633026,S51,89
number two,4.64804161760439,5.86289427377071,S51,9
number four,3.0602268767666,4.2351496941712,S51,90
number one,4.24481919050778,5.20004808675044,S51,91
number three,7.54363125634902,9.0976253008426209,S51,92
number two,6.31994172418946,7.2543277086884,S51,93
number one,4.42126912178668,5.47414142379749,S51,94
number three,6.64383205495208,7.92086668725102,S51,95
number one,4.39484956037291,5.70763303567431,S51,96
number four,6.03468051749292,8.19675918809271,S51,97
number three,4.29443126542009,5.8635282229483,S51,98
number three,7.01308312298336,8.92999840093316,S51,99
number two,2.75966505034928,3.49861172466821,S52,1
number one,1.4518830832102,1.97700436516174,S52,10
number three,3.20684407663969,3.94937787073686,S52,100
number two,2.92060325019543,3.66566912884195,S52,11
number four,1.6971283255987,2.2170364984584,S52,14
number two,6.73249930968769,7.65069646939609,S52,15
number one,2.79061636486945,3.59831177229133,S52,16
number two,2.45791043946427,3.05587426333898,S52,17
number one,1.74269099884305,2.49341450390453,S52,18
number two,2.04604850192634,2.75617952655604,S52,19
number one,1.91617158510554,2.54546911794891,S52,2
number two,4.81241766928158,5.47249794825187,S52,20
number three,4.02538579668127,4.83541526021469,S52,21
number four,4.90366602723376,5.62702455604574,S52,22
number one,3.5213205268431,4.21657565941155,S52,23
number two,2.96631667687162,3.69223994608528,S52,24
number two,2.85164256727565,3.64388715123625,S52,25
number two,2.82100551648987,3.4681173401064,S52,26
number one,3.03120757535142,3.7364524680773,S52,27
number one,3.09638545380257,3.89557463969148,S52,28
number three,4.07863322930677,4.83448684316876,S52,29
number one,2.52990916951446,3.29617623228452,S52,3
number two,3.32340718696231,4.03020438400165,S52,30
number two,2.00090022307467,2.75337772420419,S52,31
number two,2.36556484642465,3.08875193201194,S52,32
number one,2.20216255318836,2.78950066511489,S52,33
number four,3.53209106966718,4.20098340478739,S52,34
number two,2.51194231032014,3.34330860536368,S52,35
number two,2.57945526440909,3.25599660493881,S52,36
number three,2.60053682205138,3.50195892162033,S52,37
number two,2.21181147757847,2.9463982816137,S52,38
number one,2.87923873796605,3.57181661397499,S52,39
number two,1.32827662887248,1.93544280913209,S52,4
number three,2.37779426774271,3.27523360932258,S52,40
number two,1.41725932580628,2.070141501328,S52,41
number one,1.85268955716315,2.54601652911784,S52,42
number two,3.04643612968452,3.77569626180814,S52,43
number two,2.75799129060976,3.49826555092505,S52,44
number four,2.40036052851776,3.33940886859915,S52,45
number one,1.89228576894473,2.83859616351883,S52,46
number one,1.98425742533957,2.84681152467825,S52,47
number two,1.52943120862899,2.28781031307015,S52,48
number two,2.03117905032486,2.74398722684789,S52,49
number two,3.5477079844218,4.25526736068106,S52,5
number one,2.41979600171265,3.0813690299324,S52,50
number one,1.49583488791704,2.17234440992398,S52,51
number two,2.24818166097108,3.00558642781841,S52,52
number one,1.45269673028627,2.26119597407302,S52,53
number two,1.99498612184424,2.6992171131552,S52,54
number three,2.42325526747155,3.17387222234821,S52,55
number one,2.56561831611865,3.31225230367384,S52,56
number one,1.91179761357203,2.59166231507276,S52,57
number two,3.43305608421675,4.08845694701507,S52,58
number one,1.58549936647879,2.26593156807983,S52,59
number one,1.42076722025392,2.02419461942112,S52,6
number two,2.99864830899166,3.66316224791196,S52,60
number one,2.5133268068147,3.25658457697123,S52,61
number two,3.4642348313973,4.08807046360727,S52,62
number two,1.81259318828537,3.0801191062515,S52,63
number two,2.08294180617798,2.73149645326974,S52,64
number one,1.73769114285598,2.46425769049393,S52,65
number two,1.97019855138112,2.67672267432203,S52,66
number four,2.54841793521124,3.29574554562971,S52,67
number two,2.74205534011764,3.46876360578137,S52,68
number three,2.06659382597385,2.85645683537113,S52,69
number two,2.88913129734328,3.62403785659917,S52,7
number two,3.15285871168708,4.01884000086059,S52,70
number one,2.46553588180008,3.16160856200474,S52,71
number two,2.36186971733731,3.07053185660964,S52,72
number one,2.00198488503872,2.73854904279859,S52,73
number three,4.81767928844045,5.50419071188324,S52,74
number two,3.02220778216407,3.77542966926064,S52,75
number three,2.38755510200205,3.1493037252055,S52,76
number two,2.4175529284341,3.15027489490254,S52,77
number one,2.08565483764238,2.76731205237031,S52,78
number two,3.42588416824974,4.20089588214121,S52,79
number two,3.35688521316724,3.94117031690016,S52,8
number three,2.18197633032185,2.88032591889649,S52,80
number one,3.3860915336873,4.01545301757481,S52,81
number two,4.79118556676453,5.4990719202118,S52,82
number one,3.74111992439224,4.26369206120491,S52,83
number one,3.66513743078221,4.32960866589563,S52,84
number three,3.20275820849467,3.95223545319202,S52,85
number four,3.22213820007873,3.94259810333228,S52,86
number one,4.84554550411212,5.61434967540881,S52,87
number three,3.53483519319344,4.17660684295942,S52,88
number three,2.57197948077427,3.3445407497472,S52,89
number four,2.44709133230179,3.03615266843553,S52,9
number one,2.9549279065075,3.71073128059669,S52,90
number four,2.30340909188703,2.95824862989046,S52,91
number one,3.71594898182084,4.34622702756345,S52,92
number one,2.25552696695398,2.90580358225862,S52,93
number two,4.08583575664645,4.78705529224255,S52,94
number one,1.72516300499742,2.36748164028982,S52,95
number four,2.35864049391589,3.16376425296734,S52,96
number two,2.00716078258525,2.71487841412885,S52,97
number one,2.42146348690771,3.19812610066678,S52,98
number one,3.37662113338369,4.14462691095756,S52,99
number three,5.01699966991384,6.63858881672736,S53,14
number one,2.08754841034342,2.57409109408929,S53,15
number one,1.95086674035942,2.40668152306368,S53,16
number two,2.5479316909657,3.02008633177749,S53,19
number four,4.7496880517144,5.24067297803813,S53,2
number two,3.2005435268902,3.70415820876603,S53,20
number two,5.07804709862405,5.76265391134657,S53,21
number one,3.48474445884574,4.0640511150923,S53,22
number three,6.10002501754612,6.66861123893955,S53,23
number four,4.73058638071863,5.34662542818649,S53,25
number two,5.19697183490885,5.69322544807307,S53,26
number one,7.18174107638325,7.99238398847586,S53,29
number two,3.32503681865942,3.83664684637852,S53,3
number one,1.70347660933479,2.48009463529549,S53,30
number one,1.96152745888508,2.70265380668038,S53,31
number two,7.16239909103226,7.91546460683598,S53,32
number four,4.17390504644175,4.74930147837121,S53,33
number two,2.02273172717245,2.71875594692959,S53,34
number two,2.66463250788534,3.33088725493331,S53,35
number two,2.85982133713388,3.36364671205691,S53,36
number one,2.48447340751841,3.19907053861805,S53,37
number one,4.15314648789681,4.88269351005639,S53,38
number two,4.15958753379119,4.85484266635965,S53,39
number one,2.04427701962627,2.74771516452266,S53,40
number two,1.88346991767616,2.49959730341121,S53,41
number two,7.39620580474832,8.11081413513065,S53,42
number three,4.21752391419,4.9880229451555,S53,43
number one,1.79523627404633,2.41084430613001,S53,44
number one,2.90125898389672,3.5976613626104,S53,45
number three,3.86645933069071,4.52875769563032,S53,46
number one,1.18550056665114,1.90044204952688,S53,47
number two,1.7619400111527601,2.44324994345118,S53,48
number two,4.26665485411762,5.06847503410858,S53,49
number one,1.77171052432142,2.51065719864035,S53,50
number one,7.90069327009945,8.56094750428308,S53,51
number one,1.89092638535883,2.62728654870787,S53,52
number three,5.11674836638362,5.76361684110063,S53,53
number one,5.4033762832996,6.27971492030154,S53,54
number one,3.68728647195266,4.54002455701487,S53,55
number two,4.86800024654703,5.57801990634702,S53,56
number two,3.04741567190172,3.97284819622353,S53,57
number one,1.93038769637268,2.64037428165556,S53,58
number four,4.48461424014573,5.24885538407744,S53,59
number four,4.47032055649852,5.21344131860796,S53,6
number two,4.34415769241281,5.09659897903943,S53,60
number one,2.5548105206581,3.39835074998173,S53,61
number two,3.83262418963654,4.63164465362177,S53,62
number two,3.3089509505144,4.12373393388469,S53,63
number two,5.92909442770754,6.64129595897395,S53,64
number three,6.12716122838571,6.93619604908379,S53,65
number two,2.99873603321717,3.86808506182768,S53,66
number four,6.87473682790494,7.47568970892913,S53,67
number two,5.74489607131567,6.55239365963213,S53,69
number one,4.81976591367093,5.21645256576574,S53,7
number one,1.32438379309897,2.11496125393201,S53,70
number one,4.72513880539822,5.33886996330287,S53,71
number two,1.79467377001232,2.58470728063856,S53,74
number four,3.0856094474032,3.83255722420603,S53,75
number two,3.39096831463588,4.19522062296155,S53,76
number two,5.34962493799982,6.65575091074125,S53,77
number three,1.91682736067331,2.82802507336809,S53,78
number four,1.77131793461038,2.53165335487131,S53,79
number one,2.02471803412079,2.5324207681762,S53,8
number two,5.77426800786702,6.61033067500585,S53,80
number one,2.14170091170069,3.13202574323173,S53,81
number three,6.08443820556402,6.87472553170911,S53,82
number three,3.1231055397684,3.99952330441251,S53,83
number four,2.41282681020666,3.33964888291129,S53,84
number two,4.04543309882291,4.91786119750918,S53,85
number two,4.26680876226605,5.24049418104422,S53,86
number two,5.3954337241065,6.64578234975216,S53,87
number two,2.40417847214106,3.2691796670801,S53,88
number one,3.88717121354055,4.59501402585138,S53,90
number one,2.00743532123508,2.72895800501584,S53,91
number one,0.8493791895309,1.5143678943042,S53,92
number one,5.21319473901194,5.92108109245921,S53,93
number one,2.35525236550443,3.24152152159835,S53,94
number three,5.84454525039351,6.54294319474948,S53,95
number two,2.85073178376972,3.56129801043134,S53,97
number two,5.5123649880729,6.16936180098731,S53,98
number two,6.53015687950537,7.67876117326151,S54,1
number two,2.85170505376838,4.10117008740984,S54,10
number two,6.9932537575648,7.77709218087326,S54,100
number one,4.24059440163791,5.2394620878696,S54,11
number two,3.41818340967182,4.30362172552299,S54,12
number three,5.54967762773685,6.57689289644114,S54,13
number two,2.22692012709577,3.1417411740717,S54,14
number one,4.82166233949488,5.86179519578296,S54,16
number two,4.07389927507031,5.52808531225124,S54,18
number two,3.39641427189447,4.46167015457065,S54,19
number two,2.66724958060838,3.66611653417671,S54,2
number two,3.57124142439835,4.69346920943492,S54,20
number one,3.631997992735,4.60072799058934,S54,21
number two,2.50810713864142,3.56864948396659,S54,22
number two,4.17575873357007,5.17703991755405,S54,23
number one,8.15734570255147,9.20501630408553,S54,24
number one,3.29418677992324,4.42070723954738,S54,25
number two,3.36798794478044,4.37162851409476,S54,26
number one,2.07644797440873,2.94737955586258,S54,27
number four,7.94902100708648,9.81831819104255,S54,28
number three,3.14824781078058,4.01565821215799,S54,29
number one,5.08704511946386,5.88866748034941,S54,3
number two,3.25914876690626,4.24168329366678,S54,30
number four,8.39945406346144,9.48049339876133,S54,31
number two,4.23279066470592,5.14361534708763,S54,32
number one,2.84012877740776,3.76060085682847,S54,33
number three,4.36925590671063,5.4761197412264,S54,34
number one,3.08890627975839,4.06704262840846,S54,35
number one,8.37693241064269,9.75075323258631,S54,36
number two,3.77590033219887,4.72573431417186,S54,37
number four,5.95969239536143,6.87399639134224,S54,38
number two,6.84282859302082,8.16137205827426,S54,39
number four,8.8048438141989,9.8408398438613,S54,4
number one,1.84827133198779,2.71388859214085,S54,40
number three,3.78620521435346,5.20963341596148,S54,41
number two,3.68736250922855,4.83985661739409,S54,42
number three,4.16305316402995,5.2039899613491,S54,43
number two,4.67275242045418,5.80032132133704,S54,44
number one,2.66772052265645,3.69555374056623,S54,45
number two,3.79995019517338,4.75664902343534,S54,46
number two,5.19919549609741,6.24584319492392,S54,47
number two,4.38408872514444,5.39159461697891,S54,48
number one,2.74149846712483,4.91117841534995,S54,49
number two,3.95338309706878,4.97850148325564,S54,5
number two,2.45271132075362,3.34583077453564,S54,50
number two,1.76307409029087,2.7036061783291,S54,51
number four,5.20334778540872,6.22765846258154,S54,52
number two,6.51284815513235,7.5383423976195,S54,53
number three,5.51668250266172,6.86798167178659,S54,54
number one,2.90196577996957,3.83610276359454,S54,55
number three,3.14267503996214,4.1466026039786,S54,56
number four,2.71619759891876,3.84635133611241,S54,57
number three,3.75113411363919,4.94553290230244,S54,58
number two,3.03279392331341,4.06688858690754,S54,59
number two,2.00282767118301,2.94881307722679,S54,6
number one,3.2598333109464,4.16943779484612,S54,60
number two,6.98058993588033,8.10667257681772,S54,61
number one,3.1017536425289,4.02373846244199,S54,62
number four,5.4165651299925,7.67883823549079,S54,64
number three,5.9717885975486,6.85596160378845,S54,65
number two,5.28309254720494,6.16051918928668,S54,66
number two,2.3803498463636,3.26553099737772,S54,67
number two,2.65508763409629,3.56895799803809,S54,68
number two,5.44478959090831,6.28383932653895,S54,69
number one,2.21182700306381,3.09675308256476,S54,7
number one,3.33736595197101,4.00739286862706,S54,71
number four,7.05322713746296,7.94771238040191,S54,72
number four,3.71234945560981,4.55446538737443,S54,73
number three,6.82736289222929,7.79470553969087,S54,74
number one,2.57317239626853,3.4207240621182202,S54,75
number four,6.4950903833283,7.87499063644605,S54,76
number two,6.6025756280117,7.80880420851134,S54,77
number two,2.03044725841443,2.75130510253507,S54,78
number two,4.87063410850279,5.71909699823172,S54,79
number two,5.6215562498413,6.64027189098279,S54,8
number one,6.78167624536779,7.56502127224084,S54,80
number one,1.27319879308249,2.3120216472947,S54,81
number one,1.88771415197415,3.22579324821646,S54,82
number two,3.9778624542788,4.71737621003326,S54,83
number one,2.93383026593548,3.6361342479608,S54,84
number one,5.86883113563401,6.65267719957459,S54,85
number two,3.85270211090391,4.80965203336371,S54,86
number one,2.69583766583534,3.43034000425255,S54,87
number three,4.41314468841359,5.38499038951136,S54,88
number two,6.37177642138144,7.22665597675945,S54,89
number one,3.11353538560479,4.06476006728873,S54,9
number two,5.33506725907732,6.24826681738599,S54,90
number one,2.06786232441519,2.8316603116842902,S54,91
number four,8.89493042547389,9.7957965382238,S54,92
number one,3.11731964842238,3.8825103240601,S54,93
number two,1.72401091629631,2.47581583246741,S54,94
number one,7.23113566890129,7.9996707434149,S54,95
number one,7.43775455738896,8.33374322552909,S54,96
number one,5.33643932898116,6.66649586616993,S54,97
number one,5.61991991873251,6.34052311000475,S54,98
number three,3.97371988419267,4.85859792191088,S54,99
number two,5.16272033949061,5.93569587725679,S55,1
number two,1.70689130900387,2.33983331869945,S55,10
number three,3.57390294614013,4.3978854599081,S55,100
number two,1.65158057697821,2.22366924319946,S55,11
number one,1.233504621497,1.78185918171582,S55,12
number one,0.862581677717672,1.36116222969229,S55,13
number three,2.01011846003467,2.74487649796221,S55,14
number two,1.43587356633966,2.06909252278283,S55,15
number three,2.59416535048928,3.22454199178603,S55,16
number three,2.36822705818801,3.0389121158678,S55,17
number four,2.38028237078232,3.01687691662698,S55,18
number one,3.41525495424828,4.04821015188421,S55,19
number three,3.64192364136013,4.48250286407408,S55,2
number two,1.45617243639057,2.09072117682016,S55,20
number two,2.98356486309371,3.66269417992002,S55,21
number two,2.21491055362795,2.85618074766163,S55,22
number one,2.25850211047749,2.87990739367805,S55,23
number two,2.68690347121554,3.46991105428124,S55,24
number one,1.63544065998625,2.1913321281215,S55,25
number two,0.977731474229148,1.70479497695309,S55,26
number one,1.48342394053099,2.09612141511019,S55,27
number one,1.54136918266751,2.10079051817325,S55,28
number two,3.33178685311204,3.94162066064138,S55,29
number two,3.05494200853262,3.8788943784369,S55,3
number one,4.60036090531605,5.30718228024606,S55,30
number two,1.41624268213711,1.98900811996451,S55,31
number one,1.87214987811234,2.43174056351891,S55,32
number four,3.02437334043513,3.79094874981078,S55,33
number one,1.19319815112984,1.75116106789754,S55,34
number two,2.00294630682429,2.71951147635736,S55,35
number two,2.09552008069376,2.74461731733181,S55,36
number four,2.06760360431605,2.78283836186553,S55,37
number one,1.95855071823299,2.65761046692946,S55,38
number one,1.14081371995475,1.88780503789401,S55,39
number two,4.1684736176261,4.98621164163303,S55,4
number four,3.46245884224847,4.35687814548562,S55,40
number one,6.55987158388443,7.49190352102889,S55,41
number one,1.51724324830368,2.13019684105799,S55,42
number two,1.51829531101269,2.43234810812948,S55,43
number one,1.95458891441581,2.65806662313328,S55,44
number two,2.38046914411546,3.11459175358322,S55,45
number two,1.81475596166039,2.46761176130138,S55,46
number one,1.46247481430957,2.1500940247427,S55,47
number one,1.43737018746297,1.99967863524588,S55,48
number one,4.42219734345572,5.16838461569772,S55,49
number one,1.91196356453514,2.58173551434421,S55,5
number two,1.84936955248806,2.48272897096269,S55,50
number four,1.23398967177263,2.61070440929599,S55,51
number two,2.41524605684653,2.99568331731359,S55,52
number one,1.78940151134107,2.42226439339448,S55,53
number one,1.79539489294877,2.53306233705267,S55,54
number two,1.37378708764185,2.03691629282422,S55,55
number two,1.40056426475197,1.99344256762454,S55,56
number one,2.36827550545534,2.93973533718699,S55,57
number four,1.54645729939125,2.25283687831915,S55,58
number three,3.79695402072274,4.48847707083517,S55,59
number one,3.61310875224523,4.4122844361952,S55,6
number one,3.84565852964544,4.55978550020458,S55,60
number two,1.62405546843064,2.38361290487646,S55,61
number two,2.98402022383447,3.72506985131004,S55,62
number one,3.59314419919605,4.21386789614555,S55,63
number two,6.05324584480058,6.73347980863143,S55,64
number two,1.84978254512906,2.39823601490059,S55,65
number two,1.24448890586807,1.88712405172913,S55,66
number three,1.63436545209302,3.02947809908361,S55,67
number two,3.58245410435879,4.39005060222796,S55,68
number two,2.81887412203962,3.52623860984688,S55,69
number three,2.76327620148552,3.60841217159286,S55,7
number one,1.62886520796882,2.3369038507274,S55,70
number three,4.39271954829172,5.07169406381808,S55,71
number two,4.75899432147136,5.48235285028334,S55,72
number two,3.81933774520721,4.51386743638961,S55,73
number two,3.54319897876807,4.20068374547585,S55,74
number one,1.79539489294877,2.45109928770779,S55,75
number two,4.68478636718955,5.50152210772904,S55,76
number two,1.81052574410395,2.51313786340248,S55,77
number four,3.85610269459238,4.61345313968537,S55,78
number two,4.27874851562986,4.90282236809588,S55,79
number one,2.0845573854695,2.75935791787154,S55,8
number three,5.24965291876217,5.88150472538789,S55,80
number three,5.59533886862435,6.31075166336871,S55,81
number two,2.00965760082989,2.61852397873415,S55,82
number one,5.33018629768345,6.09393027719678,S55,83
number one,6.04003302102104,6.76493893483541,S55,84
number two,7.59199365257685,8.36381262890659,S55,85
number two,1.33931136932649,1.9126175127087,S55,86
number two,3.08461712195492,3.83925744530368,S55,87
number three,5.61200124514005,6.38175494814275,S55,88
number one,0.987920994080739,1.57099280730043,S55,89
number one,2.88212093790988,3.56483423452864,S55,9
number one,2.64152728521673,3.19819024786311,S55,90
number four,5.66571465165831,7.2426494324088,S55,91
number two,3.15999594127761,3.93645529328921,S55,92
number two,3.59883499781655,4.36131858702965,S55,93
number one,4.12485079272043,4.9059988761952,S55,94
number one,2.91527121937472,3.55691726970869,S55,95
number four,8.82736546701765,9.68318827413006,S55,96
number one,2.77390431377839,3.51824485570505,S55,97
number one,1.81446757063369,2.33002968914722,S55,98
number two,1.10770407688391,1.78913154931745,S55,99
number one,3.01601808864412,3.87940522621563,S56,1
number four,3.48968011879225,4.29615564173072,S56,10
number four,3.93611329301359,4.67995918251051,S56,100
number one,1.8740167043368,2.66144224742352,S56,11
number two,3.53343777391288,4.32828802275676,S56,12
number two,3.05307034750533,3.9115525132582,S56,13
number two,2.0648306200561,2.84789754885343,S56,14
number three,4.24665760257432,4.91370435870733,S56,15
number two,2.43435372947937,3.22543233204613,S56,16
number four,5.17703068522049,6.05568746907259,S56,17
number one,1.41545768491173,2.0980466380928,S56,18
number one,1.75113738620217,2.43483318437783,S56,19
number two,2.46731704843661,3.26272380743049,S56,2
number two,4.55560443466785,5.25341132903,S56,20
number one,1.64023078430449,2.28610493018474,S56,21
number three,1.78786936573644,2.60470401582863,S56,22
number three,3.31147250642001,4.13376696382174,S56,23
number one,1.34212824981262,2.1104891597805,S56,24
number one,4.10788875689319,4.96276402095727,S56,25
number four,5.70051426920029,6.47096787503787,S56,26
number two,3.30917897705853,4.06695803021325,S56,27
number one,1.34433978445354,2.07078429131005,S56,28
number three,2.67723671093078,3.4312440131422,S56,29
number four,4.89383302136993,5.89309006584085,S56,3
number two,4.08798097478727,4.91344053787569,S56,30
number one,2.05269346547634,2.84976598693727,S56,31
number two,2.52383693317199,3.30754347707684,S56,32
number two,1.28942441928192,2.00137537968146,S56,33
number one,2.1068658952768202,2.8412051637648,S56,34
number two,2.96034701960107,3.62729067953363,S56,35
number one,1.35124782299164,2.0706367817549,S56,36
number two,2.4067970249216,3.12803156267208,S56,37
number one,2.05119248248634,2.83437150877674,S56,38
number one,1.72459666940543,2.5221922078345,S56,39
number three,2.92400124514005,3.79440530897945,S56,4
number four,4.66318149253604,5.32144434772513,S56,40
number two,1.55489775644138,2.30167147336468,S56,41
number one,1.20878920015452,2.01483611503125,S56,42
number three,3.35715553183122,4.13376696382174,S56,43
number one,3.50992290171902,4.28496141015599,S56,44
number four,3.39127562853503,4.18084379326566,S56,45
number two,3.13713565223223,3.91356904702788,S56,46
number one,2.68874095524183,3.48980575931544,S56,47
number four,3.73070061340204,4.48655422726403,S56,48
number two,1.39237749219413,2.15353265808133,S56,49
number two,3.52120930854605,4.31605955738993,S56,5
number two,2.24026026605759,3.13282006970381,S56,50
number one,1.93847095561591,2.70893680739812,S56,51
number one,1.45758371347513,2.23756895554187,S56,52
number two,1.97917692831471,2.64954296343719,S56,53
number two,4.14692832517228,4.88042220481662,S56,54
number four,2.92833939369975,3.61495632066543,S56,55
number three,4.73112341675423,5.4299787523751,S56,56
number two,1.38335440108744,2.18441627450764,S56,57
number two,3.24209724768615,3.90638720095269,S56,58
number one,1.30468003331486,2.11183473518193,S56,59
number one,1.87556399165074,2.70293580609153,S56,6
number two,1.84053437984021,2.68316464127891,S56,60
number two,2.26401287006526,3.06421752736197,S56,61
number one,4.38698086760134,5.17381975667436,S56,62
number one,1.56697981396166,2.42120614762701,S56,63
number one,1.31290881965802,2.13046880647008,S56,64
number four,2.44471289772427,3.18098147815413,S56,65
number one,1.42128504500356,2.16155449067395,S56,66
number three,2.01936460953017,2.87623784655897,S56,67
number one,3.94168471014927,4.66298592026491,S56,68
number one,1.4270923161640101,2.20214129122031,S56,69
number two,2.59116532432274,3.30822294829548,S56,7
number two,2.51278558490667,3.36935403398046,S56,70
number one,2.02972977863682,2.78492901945803,S56,71
number four,3.06242181832701,3.9280386598153,S56,72
number one,1.51299615312974,2.38874133281543,S56,73
number two,1.64413761821223,2.4512923200793,S56,74
number one,1.67535326991725,2.45045248474636,S56,75
number four,3.60972813266401,4.4368295943274,S56,76
number two,1.35369599316491,2.22204273830796,S56,77
number three,3.750222778116,4.57417232203307,S56,78
number two,4.84345864784071,5.69044783756737,S56,79
number one,1.41099065737929,2.12408394461298,S56,8
number four,3.60001692413581,4.40557588521918,S56,80
number two,4.54015559908894,5.39848285887566,S56,81
number one,2.80740764129112,3.60699246539086,S56,82
number two,3.20340985246137,3.97751180780031,S56,83
number one,1.69427826515397,2.48170380824068,S56,84
number three,4.42508641725488,5.19539401375275,S56,85
number one,2.46456798466601,3.17024148545363,S56,86
number two,5.70882231653809,6.4668783164404,S56,87
number two,1.44122191113104,2.19992412011105,S56,88
number one,5.39225608561229,6.14298691730731,S56,89
number one,1.91031839339719,2.76932577410826,S56,9
number four,2.52340720169311,3.27562094401541,S56,90
number three,3.48677266638484,4.21079059221489,S56,91
number one,1.90497461205185,2.74267383978978,S56,92
number two,2.16021542706036,2.95482839764392,S56,93
number two,1.49068697888592,2.23923468312019,S56,94
number one,5.21830385875181,6.01215276612397,S56,95
number three,1.53301364556422,2.33497742757245,S56,96
number two,2.94345086842897,3.6457548504543,S56,97
number two,2.36823231940866,3.14061230653472,S56,98
number one,1.77497229195123,2.53970871630984,S56,99
number one,4.50320812581807,5.62929076675546,S57,1
number three,3.28201097483185,6.4069688030781196,S57,10
number two,2.93652529481462,3.76226839862081,S57,100
number two,2.58674951422288,4.13703806147356,S57,11
number two,4.44219220163205,5.27216204032401,S57,12
number two,6.37638354887785,8.22295236428332,S57,13
number two,4.48052955744226,5.36185941120614,S57,15
number two,4.96181195555408,6.07233868817208,S57,17
number three,4.16538333353685,5.223901016018,S57,2
number three,2.98200171536261,4.23339909626557,S57,23
number three,4.99686388297234,5.75045576506239,S57,24
number one,2.77028049725745,4.32509093805913,S57,25
number two,2.96695846981127,4.5623695550078,S57,26
number two,2.2942411497465,3.19862090660694,S57,27
number two,3.04896459976132,3.98046179732399,S57,29
number one,6.86614016780317,8.30396175032112,S57,3
number two,2.29930277274314,4.4650263388599,S57,30
number two,1.29178017618422,2.08269392949646,S57,35
number two,3.60287815517694,5.17652390546782,S57,4
number one,2.55764664576832,4.22428998350345,S57,41
number three,2.56926088882144,3.44181458693971,S57,42
number two,6.90305495731073,8.51137933877714,S57,47
number two,3.05868464909399,3.93795100885612,S57,48
number two,2.0668070938094,5.21020501199882,S57,49
number one,7.402117030372,8.38395919026356,S57,5
number two,3.81354978069525,4.83518184064805,S57,52
number two,1.20311775082429,1.95004312906175,S57,53
number three,2.9593565983022,6.08773868572987,S57,56
number two,1.77388551495476,3.18114362702086,S57,57
number four,3.50149420992433,4.27529912260656,S57,58
number one,5.00775365377082,5.89588230945568,S57,60
number four,2.65603270082002,3.31633309279491,S57,61
number two,2.56495678468555,3.28597445408343,S57,62
number one,4.35689334224159,5.67434472043369,S57,64
number two,4.18251809029165,7.52177052945006,S57,66
number four,3.0293457374402,3.8620867182671,S57,68
number three,7.90397770144899,9.57058001003633,S57,7
number three,2.19960663265791,3.53435807661527,S57,71
number four,2.45390333689392,5.09627203751546,S57,74
number two,2.76932577410826,3.49988345303076,S57,75
number two,3.83927518893702,5.8538868337488,S57,76
number two,5.38527935193794,5.99137071505811,S57,81
number three,4.13487191784712,5.71030327339643,S57,82
number four,3.87260184689313,9.41292844030509,S57,83
number one,1.70767543246036,2.5765222726752,S57,84
number three,4.25076853478377,4.94602366735223,S57,85
number two,2.53129031669083,3.74135229652165,S57,86
number two,3.8420297457445,6.51324047193599,S57,88
number two,3.56264987200681,4.28517096660586,S57,89
number one,3.14006757559564,4.08010396454219,S57,9
number two,1.45855542045864,2.5775652433808798,S57,90
number two,3.25268987116173,4.26500067393399,S57,93
number two,3.82732034891057,4.71650634248058,S57,94
number two,1.40900719192427,2.21211319610045,S57,97
number one,2.90196577996957,3.70265462307669,S58,1
number four,8.04407500612006,8.75155672006387,S58,10
number three,3.04325656610765,4.0516526439165,S58,100
number one,1.08077733100819,1.91383314774467,S58,11
number two,1.22528330754475,2.16682312169248,S58,12
number four,3.26500108562102,4.19522062296155,S58,13
number one,1.63484353935323,2.45523893334295,S58,14
number three,1.80038968154148,2.7101356741346,S58,15
number one,3.70990651176845,4.72481743211574,S58,16
number four,7.14535134832347,8.1232635019874,S58,17
number two,1.26446074290901,2.22705185919141,S58,18
number four,8.73289138227021,9.72079999472793,S58,19
number one,3.96908329122457,4.95510602821064,S58,2
number one,4.15747479783434,5.02614401951908,S58,20
number one,1.99889517389997,2.71510971168534,S58,21
number four,2.50647273416589,3.4606474325092,S58,22
number two,7.53253909602135,8.49134925073542,S58,23
number three,3.46370030812564,4.63620135914867,S58,24
number one,6.34649419771328,7.2627729307639,S58,25
number one,0.935609172557532,1.67112698238255,S58,26
number two,1.09958812069718,2.10205621931367,S58,27
number two,2.44900987758126,3.3869001908995102,S58,28
number two,6.59828783862179,7.41678416919949,S58,29
number three,8.19675918809271,9.45797174594258,S58,3
number three,1.78674228527779,2.69886639844985,S58,30
number one,1.75900203885868,2.62650475581862,S58,31
number two,4.21079059221489,5.24854961923795,S58,32
number one,3.45189133090624,4.2951402742138,S58,33
number four,4.45899124428527,5.32885460256987,S58,34
number one,3.36303657172474,4.15388438533518,S58,35
number four,3.41573806471046,4.43443203994992,S58,36
number one,1.70618140628334,2.65283018666053,S58,37
number two,2.32305278800696,3.26599052383298,S58,38
number two,1.59496320770095,2.43814736263483,S58,39
number four,5.49880006799426,6.44803504534275,S58,4
number one,1.06203781822157,1.94798020645988,S58,40
number two,4.48349443747639,5.31660300597431,S58,41
number one,1.69028085389782,2.46028512776738,S58,42
number three,6.92030172705034,8.03065722577603,S58,43
number one,5.36684587612291,6.27100447331681,S58,44
number one,1.04474060015208,1.7794407576747,S58,45
number two,4.46370396446466,5.5797849132986,S58,46
number one,1.55825154736368,2.32137171636469,S58,47
number four,2.09964839446905,2.89962885677963,S58,48
number two,4.19545882926211,5.0745135539813,S58,49
number three,3.10273906155903,4.11001416443718,S58,5
number two,0.930434713202031,1.71907354680197,S58,50
number one,2.95064072340621,4.01784988658255,S58,51
number four,4.15958753379119,4.94602366735223,S58,53
number one,2.70578037427468,3.43162660917004,S58,55
number two,2.41487798073328,3.00310512730607,S58,56
number four,5.27942756973434,6.0777463515594,S58,57
number one,4.58486652056041,5.26061658466846,S58,58
number one,2.1296503726601,2.95305261705218,S58,59
number one,2.99009703137602,3.91725005858399,S58,6
number four,2.75070662899459,3.72830227208985,S58,60
number two,4.2393709096597,4.96881891760038,S58,61
number four,6.47376027836556,8.03213523104771,S58,62
number two,4.14952059355811,5.03377199477677,S58,63
number one,2.62554427525348,3.60499334730046,S58,64
number one,1.98021131639253,2.6964258541779,S58,65
number two,1.95004312906175,2.57248094425963,S58,66
number one,4.03108800469215,4.72656722758055,S58,67
number two,5.53695860510201,6.40822009439728,S58,68
number one,1.92376913738969,2.49810394012008,S58,69
number two,4.39722671104513,5.31089977921248,S58,7
number one,5.5911185811761,6.28111162087424,S58,72
number one,1.77972801055345,2.30262325190497,S58,74
number four,5.18729476229048,5.85757183114862,S58,75
number three,6.6564827514959,7.99899529835583,S58,76
number two,4.92606325288186,5.88441109701994,S58,77
number two,1.17231360394971,2.0469707785556,S58,78
number one,1.09305168901193,1.92373367648339,S58,79
number two,5.01816968444499,5.97682744518156,S58,8
number one,3.38890232337628,4.17400678895942,S58,81
number three,2.11566839889217,3.13768018779441,S58,82
number two,3.82062762346298,4.56595726091673,S58,84
number two,1.76428678847098,2.55245085621792,S58,85
number one,3.05087377392761,3.89446675501269,S58,86
number two,1.85049957057787,2.5765222726752,S58,87
number one,5.22656791139968,6.09777643960111,S58,88
number one,1.84381246221599,2.53825643178604,S58,89
number one,2.1950648098884,2.96738450928709,S58,9
number one,0.931563879231494,1.82132993284501,S58,90
number one,3.2371772667354,3.95161991053366,S58,91
number one,0.941203433283733,1.67724541140501,S58,92
number two,6.94432746795615,7.66522100324872,S58,93
number two,1.51509699202928,2.25718899012436,S58,94
number one,4.2123162128515,5.80712756076018,S58,98
number two,5.10543663033781,5.87744547114227,S58,99
number two,1.95458104972051,2.94240551055878,S59,1
number one,1.89242447956189,2.56599330020067,S59,10
number two,4.07489349226313,4.85174220251397,S59,100
number two,1.38688510578748,2.08638665048605,S59,11
number three,1.67644527324563,2.32299577206727,S59,12
number one,1.42280753340741,2.37348805555216,S59,14
number two,4.83986863307308,5.45474316447381,S59,15
number two,1.80807005192025,2.47156977542705,S59,16
number three,6.12144664340363,6.9200028081552,S59,17
number one,1.78814423931809,2.3842904300792,S59,18
number three,8.366494351999,9.18811622444231,S59,19
number two,2.03214311590095,2.7730970784758,S59,2
number two,5.60399978601578,6.51939482239601,S59,20
number one,6.27679574528047,6.99052707762878,S59,21
number one,5.9658906373958,6.64136375475625,S59,22
number two,5.44179094633551,6.18197069307821,S59,23
number four,5.16309938539624,6.35096354961052,S59,24
number two,4.87719060198373,5.62437973902841,S59,25
number two,6.08804041820734,6.95063062738273,S59,26
number one,5.47531427827136,6.33282744440626,S59,27
number four,2.55755720501723,3.25591349222824,S59,28
number one,7.97475987540071,8.72950046896269,S59,29
number four,3.64267444065126,4.41928587264179,S59,3
number one,6.26319613107231,7.22945370410751,S59,30
number one,3.30834826861764,3.88622078868303,S59,31
number two,2.40511538187945,3.07770034030081,S59,32
number two,5.903356961145,6.86891211935668,S59,33
number two,4.93578572271716,5.64098822563473,S59,34
number one,5.36451147189936,6.16552059355811,S59,35
number two,3.64118201858057,4.39576927616931,S59,36
number two,5.81430016752406,6.80238032787267,S59,37
number two,2.81718757286657,3.52398476990591,S59,38
number two,1.81965523266035,2.58630317570798,S59,39
number one,1.3110779280513,2.07035580109469,S59,4
number two,4.78820673278857,5.81439334214468,S59,40
number two,3.18114362702086,4.04793304387316,S59,41
number one,1.336936563177,2.03295649162021,S59,42
number one,4.83184409156431,5.64773967656983,S59,43
number one,3.27299239212453,3.99813129288528,S59,44
number two,4.11921381965899,4.90883484081726,S59,45
number two,4.67357074882265,5.37406180771308,S59,46
number one,3.76021529370788,4.48698949907341,S59,48
number four,4.75737699154084,5.54799401619496,S59,49
number one,1.59961815214162,2.23957740210367,S59,5
number three,5.47261975954299,6.55399789931073,S59,50
number two,4.90730287043159,5.8973874930489,S59,51
number one,1.43587356633966,2.2453493457103,S59,52
number four,5.19300943875855,6.16230986736661,S59,53
number one,1.81776691497752,2.57476787965093,S59,54
number two,3.11553663888554,3.8565801957219,S59,55
number two,2.15062347441755,3.03095910401087,S59,56
number two,1.61622158143253,2.32233687822224,S59,57
number four,4.77880309633612,5.55097019242492,S59,58
number two,2.25985139106217,2.93180332834618,S59,59
number two,7.72125326912256,8.67889555845132,S59,6
number one,2.51712182931696,3.20057365059595,S59,60
number two,2.9813230186738102,3.72676475362063,S59,61
number two,2.94969413630911,4.14820473637784,S59,62
number two,2.36836816217213,2.94878532673006,S59,63
number four,5.59592035910583,6.59590912493441,S59,64
number three,5.13395017772901,6.17258578412132,S59,65
number one,4.65334446128795,5.69672155090489,S59,66
number two,2.11052670703293,2.81414090046652,S59,67
number two,3.72051003370833,4.61754620111144,S59,68
number two,2.61710074877032,3.50367102950249,S59,69
number three,4.73320945585403,5.5035170523519,S59,7
number one,2.44364810140371,3.12170605507496,S59,70
number one,3.68209910376665,4.45287769813456,S59,71
number one,5.06922835779324,5.93041740063835,S59,72
number two,5.36699077600097,6.94088406183911,S59,73
number one,1.73774950472539,2.55265201688847,S59,74
number two,2.73516038407841,3.65462923803593,S59,75
number two,2.41118603504883,3.25483176789535,S59,76
number one,3.39569772713485,4.22521917585452,S59,77
number four,5.00534142519304,5.83230148282922,S59,78
number one,3.21087470196786,3.93389034433045,S59,79
number three,2.15422473808739,2.8223216101382,S59,8
number one,3.70265462307669,4.6923949985841,S59,80
number three,2.50729085475259,3.48151038511538,S59,81
number two,1.64261353112918,2.44001627443011,S59,82
number one,2.84232204275847,4.03534918095796,S59,83
number one,4.00572222251296,4.81585080493148,S59,84
number one,4.39270229155001,5.24223277645104,S59,85
number two,1.56822583010467,2.29943421875118,S59,86
number three,5.01881066641547,5.78695899934467,S59,87
number two,2.82090486327591,3.73158489697842,S59,88
number one,3.01982502138388,3.80626115494492,S59,89
number one,3.35612193921647,4.03543274722203,S59,9
number one,5.28924243190737,6.06193432428959,S59,90
number two,4.73672464127116,5.76717022270059,S59,91
number two,2.79180743126096,3.53242238003558,S59,92
number one,1.59639829983337,2.32580349930097,S59,93
number one,4.86138798071583,5.60544194660512,S59,94
number one,6.25537911626456,6.99518300670697,S59,95
number one,1.96567329378114,2.77053350335775,S59,96
number two,5.31506401442533,6.16785903789672,S59,97
number one,5.37061739059814,6.1037086193967,S59,98
number two,2.12027962852805,2.84943844377652,S59,99
number three,6.7447840136054404,8.42718799603175,S6,1
number three,3.17599861819728,3.97252905328798,S6,10
number one,3.95994054705215,5.01709819657029,S6,100
number one,7.29655428004535,9.06062794075964,S6,11
number two,6.25716220238095,7.61276930980726,S6,12
number one,5.21165901360544,7.32960739087302,S6,13
number two,2.33778195861678,3.70945606575964,S6,14
number two,4.04957798327664,5.36906237599206,S6,15
number four,5.91110673540249,7.63866811933107,S6,16
number one,3.93433801020408,5.0059352324263,S6,17
number one,5.24596853741497,7.43307171201814,S6,19
number two,4.45915026218821,5.33052303004535,S6,2
number two,7.23209679705216,8.85606044501134,S6,20
number one,3.03757452876984,4.01986008361678,S6,21
number one,3.18223678429705,5.08016408021542,S6,22
number two,6.52081990504535,7.99398396754535,S6,23
number one,2.39439579790249,3.43026075325964,S6,24
number four,3.83311849844104,5.12969525935374,S6,25
number one,7.39138364512472,9.31640986394558,S6,26
number two,4.23026856575964,5.52747838718821,S6,27
number one,4.10179088718821,5.26628865504535,S6,28
number two,3.61734996811224,4.9508209502551,S6,29
number two,2.71211231575964,3.61425517290249,S6,31
number two,3.2042293792517,6.08397091128118,S6,32
number two,4.36919713718821,5.56450963718821,S6,33
number two,5.16547179705215,6.36403631660998,S6,34
number two,4.60507993197279,5.52866429280045,S6,35
number two,1.97918859835601,2.78003388959751,S6,37
number four,5.52413523951247,6.58953348214286,S6,39
number one,4.82255102040816,6.04604875283447,S6,4
number two,4.60425193098073,6.66237861394558,S6,40
number four,6.35096917517007,7.44645971513605,S6,41
number three,7.51886415816327,8.45495542800454,S6,42
number two,4.05830874433107,5.43362124433107,S6,43
number two,3.86887528344671,4.63739285714286,S6,44
number three,7.48988454861111,8.8343985260771,S6,45
number two,7.74504088718821,9.20601186933106,S6,46
number one,8.03941227324263,9.16393253968254,S6,47
number three,7.19158829365079,8.99036451247166,S6,48
number two,3.78825028344671,4.64169761550454,S6,49
number three,3.31280087868481,4.53191103316327,S6,5
number two,4.55967928004535,5.34508106575964,S6,50
number two,3.5434839675453502,5.08789244968821,S6,51
number four,7.50574163832199,9.67854350907029,S6,52
number two,4.45900248015873,7.25297817460318,S6,53
number one,5.83199461451247,7.09736451247166,S6,54
number one,6.91335537131519,8.02949642148526,S6,56
number four,3.41428346442744,4.48738082837302,S6,57
number one,2.34243112244898,3.58188371598639,S6,58
number one,5.34139468183107,6.39360450325964,S6,59
number one,3.65065901360544,4.43848763463719,S6,6
number two,5.77520606575964,8.39538463718821,S6,61
number two,2.79267208758503,3.4946514314059,S6,62
number two,8.49684424603175,9.65948384353742,S6,63
number two,3.02651783942744,3.80334943664966,S6,64
number two,5.74472838718821,8.80688798540249,S6,65
number two,7.07040486819728,8.71160358205782,S6,67
number one,4.03249178004535,5.09762570861678,S6,68
number one,5.82595174319728,7.38035579648526,S6,7
number one,6.73926133786848,8.62358159722222,S6,71
number two,7.94026298540249,8.97879535147392,S6,72
number one,6.75307695578231,7.77977621882086,S6,73
number two,4.39254088718821,5.63987905683107,S6,76
number one,4.75057213718821,5.94759222647392,S6,77
number one,1.9579573944161,3.08839159934807,S6,78
number two,6.59303084254535,7.95893486040249,S6,79
number one,4.45353822987528,6.26141698554422,S6,8
number one,2.98026744968821,4.01052972647392,S6,80
number one,7.21807993197279,8.26173232001134,S6,81
number three,6.83239133361678,8.72319490504535,S6,82
number two,7.69633829365079,9.79290150226757,S6,84
number two,5.39244936933107,7.18612124433107,S6,85
number two,1.43003718466553,2.27516331845238,S6,86
number one,3.11533329790249,5.15666142290249,S6,87
number three,3.66394607426304,4.92803071853742,S6,88
number one,4.51486511479592,5.7098941680839,S6,89
number two,4.34502526218821,5.89589579790249,S6,9
number one,5.28672169075964,6.83845160147392,S6,91
number four,5.90651431405896,7.86615150226757,S6,93
number three,6.17474613803855,7.35006058673469,S6,94
number two,4.86140584254535,5.89312459254535,S6,95
number one,2.64020606575964,3.66134445861678,S6,97
number two,3.91693480725624,4.95664002267574,S6,98
number one,1.69624695294785,2.58765931476757,S6,99
number four,2.37702021860116,3.28026759191582,S60,10
number two,1.4125918338273,2.31476721598974,S60,100
number two,5.88818914886808,6.90583656684031,S60,11
number two,4.61340668882876,5.72613915680527,S60,12
number two,7.62845590035313,8.8353868956763,S60,13
number one,4.31503474975767,5.26527483656083,S60,14
number three,6.38846930460363,7.28837876834638,S60,15
number one,5.43607119006818,6.45653423330753,S60,16
number one,2.08085873262032,3.0388905895207,S60,17
number three,6.50504617581711,7.58327920114109,S60,18
number one,2.04221581354997,2.91887891575127,S60,19
number two,3.96495467663089,4.78920147253704,S60,2
number two,1.64868841979052,2.57719530420938,S60,20
number two,1.54835487731862,2.55048008948572,S60,21
number four,8.62467059164892,9.72823157976756,S60,22
number three,4.9849415452878,6.19043139179483,S60,23
number three,4.99414446609484,5.7530251309345,S60,24
number one,5.96009873743497,6.96207909159048,S60,25
number four,3.94224695600667,4.73562026019628,S60,26
number three,8.37693241064269,9.34536348184885,S60,27
number one,6.44389380800615,7.46715960257083,S60,28
number two,2.64841103344492,3.46343412106273,S60,29
number one,2.73489347132989,3.65871455493899,S60,3
number three,5.7090549127306804,6.66610374474319,S60,30
number four,6.08043341883011,7.10556499295732,S60,31
number two,5.81742388199546,7.23816069710786,S60,32
number one,4.60303002659878,5.63786133086166,S60,33
number three,4.34767907484389,5.34441942069588,S60,34
number two,2.21149865823755,3.18408958263192,S60,35
number two,6.87998036694804,8.39379033849628,S60,36
number two,3.01944883712952,3.97625526223824,S60,37
number one,2.25200759488911,3.24687284588736,S60,38
number two,2.74507691278922,3.68946354272968,S60,39
number two,2.07705965062037,3.05092310659341,S60,4
number four,5.29477129874658,6.42281496548244,S60,40
number one,4.82022522304075,6.29845685281549,S60,41
number two,1.3896959016789,2.36267063700427,S60,42
number one,1.76757819756674,2.83859616351883,S60,43
number one,3.97702582870912,5.24647498797793,S60,44
number two,4.6056958249237,6.06486355424297,S60,45
number three,3.2981898082651,4.45986272292203,S60,46
number four,6.48768224971842,7.66263521098669,S60,47
number three,4.95368798271225,6.51743482310153,S60,48
number four,2.64695001976059,3.67649955390881,S60,49
number two,2.4168329157346,3.36920002891888,S60,5
number three,4.83515174640389,6.36626502836938,S60,50
number one,1.54972229849286,2.35238221535302,S60,51
number two,4.77582916694045,5.59538053274705,S60,52
number two,1.70911780935983,2.65800634160836,S60,53
number two,3.53652822546804,4.38372151427172,S60,54
number one,3.5765130480947,4.38660133402878,S60,55
number two,2.37857523803321,3.11713286811149,S60,56
number four,5.435159854545,6.27375460623318,S60,57
number four,2.01888150449512,3.01026461590705,S60,58
number two,3.99464949443321,5.0504450185579,S60,59
number one,5.60325910600728,7.10773934241332,S60,6
number two,1.46551282732656,2.35237544073674,S60,60
number one,2.17372456703569,3.15910109494406,S60,61
number three,5.12882379504499,6.27354936900822,S60,62
number one,4.07591410704522,5.34202232142251,S60,63
number three,4.76317362861605,5.77909342640096,S60,64
number one,1.86348334983764,2.8331926045969,S60,65
number two,2.01349945718949,2.90622065610585,S60,66
number one,5.05505574579605,6.60714245824837,S60,67
number two,5.08893629724734,6.09567352055789,S60,68
number one,1.49782564589217,2.46634128738255,S60,69
number two,3.02283770518208,3.95865646520169,S60,7
number two,4.52166666492223,5.46488741813505,S60,70
number two,6.45184152452901,8.95781395196481,S60,71
number two,4.7503094277686,6.01912116991994,S60,72
number one,3.67647215850183,4.67635385081462,S60,73
number one,1.48170462386168,2.46198830413437,S60,74
number two,2.82316153540654,3.94460537065497,S60,75
number two,7.57915845124271,8.87283929959709,S60,76
number one,2.6558603636685,3.68945995616812,S60,77
number one,3.01497620026442,3.88549236159689,S60,78
number one,2.16596405026381,3.01866330416829,S60,79
number one,7.44269997144939,8.8397742722356,S60,8
number two,7.19051300273935,8.26639867934523,S60,80
number three,8.57071019462291,9.3441037691653,S60,81
number four,6.25648880817962,7.42544146591594,S60,82
number one,5.57974705980064,6.6137343358804,S60,83
number four,2.61008236415346,3.81339002519548,S60,84
number one,1.33342134209583,2.22011251228132,S60,85
number two,2.35033505625517,3.24378954652209,S60,87
number three,8.31177934583241,9.26605871036907,S60,88
number one,1.81524088711189,2.8223577347057,S60,89
number two,3.14981850068004,4.03006997865391,S60,9
number one,2.90314939412811,3.89648599537259,S60,90
number one,4.97976156653504,5.89648827089317,S60,92
number two,2.25173700409303,3.13936148272455,S60,93
number one,1.68159150761766,2.62426810129129,S60,94
number two,3.85967883760052,6.01980590235924,S60,95
number two,2.08882050930182,2.96666257150494,S60,96
number three,2.77478180025465,3.67714024358924,S60,97
number one,1.22994213936536,2.36758558002225,S60,98
number three,6.49396522252517,7.33964189818732,S60,99
number one,5.59735131315948,6.53964402567805,S61,1
number two,2.58529546576759,3.2567184715916,S61,10
number four,3.52426927158384,4.87313716028283,S61,100
number four,3.09035956960587,4.12050705812681,S61,11
number two,2.99943949566284,4.11230598078478,S61,12
number one,2.67451262373137,3.44537767769786,S61,13
number two,2.38213575342479,3.38828233895478,S61,14
number two,2.0807673296488,3.02659113851004,S61,15
number one,1.28373717599836,2.1042830027888,S61,16
number one,1.50741305904116,2.14919504635953,S61,17
number three,2.26952619983108,3.38948763814231,S61,18
number one,1.32091915139044,2.06449385969313,S61,19
number two,4.14156957179235,5.67959656497449,S61,2
number four,2.1633202327079,3.38723722569126,S61,20
number three,2.28673486236014,3.48961148483325,S61,21
number one,2.80488074871895,3.62601692713633,S61,22
number two,1.71343542999501,3.00172162133255,S61,23
number three,1.94600796032898,2.98677726318021,S61,24
number one,2.40486369411639,3.09291851532135,S61,25
number three,3.41950429520169,4.40625020547619,S61,26
number one,1.9516192482837,2.79039237322869,S61,27
number two,1.91547734808408,3.07533275594919,S61,28
number one,3.26433158256578,4.41841534491446,S61,29
number one,2.78231560196083,3.61784392265324,S61,3
number one,2.02184693767122,2.79183719786324,S61,30
number one,2.14497277996584,3.36617952229823,S61,31
number one,2.74258953193076,4.38818881408136,S61,32
number two,1.85504335019106,2.54282378141183,S61,33
number one,1.3952641286374,2.13998529468835,S61,34
number three,2.54367942496325,3.97554015422782,S61,35
number one,1.20689374838104,2.01000810167766,S61,36
number two,1.09432594944197,1.71735068514675,S61,37
number three,2.46052849769378,3.28071977275674,S61,38
number two,1.82856657034132,2.58123269369897,S61,39
number four,3.98820498840972,5.00145368290631,S61,4
number three,2.16369486099713,3.13253599422237,S61,41
number four,2.37644040780358,4.05870103711444,S61,42
number one,1.21588110429924,2.20110215250703,S61,43
number one,1.65137439575802,2.83985223130577,S61,44
number three,2.63199117264827,3.70405234886497,S61,45
number one,2.98820114359922,4.70387865656907,S61,46
number four,1.95410021306422,3.11728672044858,S61,47
number three,2.19043433107207,3.4676283009099,S61,48
number four,1.79298291731701,2.83105721813794,S61,49
number three,3.72293739862254,4.86323913389854,S61,5
number three,1.83564446892806,2.73945134244969,S61,50
number one,1.12831735051982,2.96961334129682,S61,51
number one,1.08977800368327,1.85567873715044,S61,52
number one,2.67395119116243,3.44256515685445,S61,53
number one,2.69692690411353,3.44822755182496,S61,57
number two,1.73094582148986,3.11961811244604,S61,58
number one,1.04535823846723,2.05243592692399,S61,59
number three,4.27528232475681,5.41309231615284,S61,6
number two,2.43148120993214,4.38818881408136,S61,61
number one,1.87582440664897,2.68863779284332,S61,62
number two,2.01015899337999,3.2353406741096302,S61,63
number one,1.54389551974198,3.23038042439008,S61,64
number one,2.24819306770327,3.28989944483541,S61,65
number two,1.3301987645633,2.5479890530925,S61,66
number three,3.6738555678429,4.94811614892262,S61,67
number three,5.20434645068082,6.0285846585561504,S61,7
number two,1.66331508104063,2.72796841035265,S61,70
number two,1.40847126436782,2.86073922902494,S61,71
number one,3.17610658713403,3.95217530690437,S61,72
number one,1.52886730784268,3.26378637891938,S61,73
number one,2.01252259195961,2.96300459099896,S61,74
number two,3.24799046055204,4.13776878567519,S61,75
number two,3.79679974978497,5.19173289545703,S61,76
number one,2.10898944405348,2.88003196943802,S61,77
number one,3.71203644650662,4.67549030168164,S61,8
number one,2.22878781988986,3.20174538386783,S61,80
number two,3.06420798007216,4.22794556706098,S61,81
number one,1.10722902494331,2.34803831417625,S61,82
number one,2.84631910235358,4.14285323324732,S61,83
number one,1.67942888419736,2.60073078426773,S61,84
number one,1.69479411994683,3.18938947533036,S61,85
number one,3.48660102990293,4.25754520067469,S61,86
number two,3.46126644549445,4.34412247132022,S61,87
number two,3.46747224735543,4.67744175239882,S61,88
number one,2.01679271248729,2.76486449292361,S61,89
number two,1.77626790245805,2.46367657401071,S61,9
number two,1.90498342325436,3.41197497849715,S61,90
number one,3.41497183963898,4.17293392759403,S61,91
number one,1.73043521776527,2.60073078426773,S61,92
number one,1.36796933748869,2.25247488354948,S61,93
number two,1.7285435921495,2.83261818750489,S61,94
number two,1.49392290249433,3.23776526702635,S61,95
number three,2.84989793684305,3.97687106106811,S61,96
number two,1.57228225148844,2.61862833014979,S61,98
number one,1.92510887704836,2.95054558046535,S61,99
number two,3.88925940819678,4.7230233571261,S62,1
number two,1.46496442255063,2.16183282508406,S62,10
number three,5.31697409604236,7.34590196932632,S62,100
number four,5.62980004021313,6.48881883985121,S62,11
number three,4.54687881326586,5.31686496207678,S62,12
number two,2.57280819454218,3.06408194542185,S62,13
number two,1.9035143147571,2.59795406766976,S62,14
number one,2.33156296147359,3.29145103492957,S62,15
number one,3.55804112909532,4.40756259285323,S62,16
number one,3.20167800453515,3.96719524591446,S62,17
number three,5.59240566111502,6.39491093908828,S62,19
number four,4.15074485886309,4.93987927124873,S62,2
number four,2.07069559777934,2.95251825787786,S62,20
number one,2.17349362733599,2.73802564704043,S62,21
number three,4.06719665337399,4.83704183282508,S62,22
number one,4.16657596371882,5.02118539369771,S62,23
number two,5.0275830010165,5.91640425365548,S62,24
number one,3.90086871530221,5.28528110094612,S62,25
number two,1.89502072093205,2.33377863789194,S62,26
number one,1.97247040425366,2.50449010868715,S62,27
number two,2.25580889827195,3.02787082649152,S62,28
number two,4.61422503714129,5.31629802397149,S62,29
number two,5.41312686125353,6.14825621348704,S62,3
number two,3.56108901623047,4.45588052232387,S62,31
number two,2.40983655596886,3.60856224657351,S62,38
number two,2.38553866604113,3.09310024239581,S62,4
number three,3.6973514739229,4.31816780045352,S62,44
number four,2.89658863085464,3.57833388067871,S62,45
number three,5.12925372250707,5.80999526378696,S62,47
number one,3.74682367659708,4.53526843381031,S62,5
number three,6.12942472884063,8.04160819007406,S62,58
number two,1.46780369290573,1.94050400455749,S62,59
number three,5.97712205801861,6.70803690671671,S62,6
number three,7.50306716709672,8.88677582297287,S62,66
number three,3.45934091797639,4.23323254359215,S62,7
number three,4.97201887783028,6.09864376752343,S62,76
number three,4.89057877863789,5.61976948940496,S62,8
number three,7.61454922198764,9.36078426773008,S62,83
number one,3.00888630854641,3.68022099348771,S62,9
number four,7.62505309250137,8.31749503479553,S62,92
number four,4.75344155133318,7.52196371882086,S62,97
number one,3.57501943634597,4.41432944606414,S63,1
number one,2.68256640193023,3.56157291422316,S63,10
number two,3.72305590742044,4.57484689967941,S63,100
number two,2.09313799805637,2.94936086815679,S63,11
number one,2.92569700523888,3.83491938384549,S63,12
number four,3.31490812416921,4.19706857455626,S63,13
number two,1.20752414463322,2.00639840041107,S63,14
number four,4.29677160059426,5.17825647040425,S63,15
number three,4.2305872233951,5.09969348659004,S63,16
number one,3.36202986941903,4.26836343732895,S63,17
number one,4.60564000312769,5.50368715302213,S63,18
number one,2.18411290953163,2.94656892642114,S63,19
number three,6.48238027099181,7.39211374730516,S63,2
number two,4.60996371882086,5.56973852529518,S63,20
number one,2.26139926052523,3.23225189057561,S63,21
number three,6.91307677356657,7.81931628743451,S63,22
number one,2.92019306770327,3.82225019268791,S63,23
number one,2.33725413580868,3.01902005071322,S63,24
number two,3.43024111122281,4.36978095014689,S63,25
number two,2.36273829071859,3.18055717525105,S63,26
number one,2.92528422863398,3.69110306848519,S63,27
number one,3.07784689967941,4.14767096723747,S63,28
number three,5.16483352881382,6.11711009461256,S63,29
number four,2.21552863509936,3.11530802140232,S63,30
number two,5.67011150207209,6.62756400031277,S63,31
number three,4.50532913329535,5.47054868581258,S63,32
number one,5.16018961607631,6.01244155133318,S63,33
number one,3.73890796778481,4.57073922902494,S63,34
number three,5.16717227974934,6.1742959239525,S63,35
number two,2.45795105168504,3.30244788490109,S63,36
number two,1.64301509109391,2.45056259285323,S63,37
number four,7.07165548518258,8.21290108687153,S63,38
number four,5.51678004535147,6.42290249433106,S63,39
number two,3.68168812483943,4.58422970633245,S63,40
number one,4.3642432112418,5.31098092110407,S63,41
number three,6.1652988394044,7.13338167845135,S63,42
number four,4.42983608681568,5.39490249433107,S63,43
number three,4.460008757526,5.42701790601298,S63,44
number three,5.19969139774136,6.15568739876903,S63,45
number four,7.54943873641411,8.76364704042537,S63,46
number one,8.23703461680239,9.38839013437888,S63,47
number two,3.61621505088078,4.31615333489718,S63,48
number one,4.86273922902494,5.76406575963719,S63,49
number two,1.87800172022832,2.64962733599187,S63,5
number four,4.75380369290573,6.1919934318555,S63,50
number one,2.09016709672375,2.85493134725154,S63,51
number two,3.52915134658133,4.44614251086313,S63,52
number four,2.74611467444121,3.71795409001039,S63,53
number two,3.48697990460552,4.49856681523184,S63,54
number two,1.88787927124873,2.64336836343733,S63,55
number two,1.70643220178055,3.19977553254471,S63,56
number one,4.68587379779498,5.61637322252382,S63,57
number four,5.89725576667449,7.31158370474627,S63,58
number four,4.88840706857455,6.10711220580186,S63,59
number three,2.64070333880679,3.53575963718821,S63,6
number two,5.49220262949186,6.37150805938139,S63,60
number one,2.45727649877685,3.31766589591502,S63,61
number two,4.33792712487294,5.19746266322621,S63,62
number two,4.18533096522681,5.05567724495381,S63,63
number four,8.866864649308,9.82829802397149,S63,64
number two,2.03498412698413,2.91131065759637,S63,65
number four,6.41614246618187,7.30477371178356,S63,66
number two,4.50888369469298,5.31755548853367,S63,67
number one,2.62773711783564,3.57671670967237,S63,68
number one,5.80924735542821,6.77492852116216,S63,69
number two,1.87527357215464,2.66850223964791,S63,7
number two,3.76712346547815,4.60094823676597,S63,70
number two,6.58620162416362,7.70200594260693,S63,71
number two,3.57506716709672,4.43748799749785,S63,72
number one,1.64429947611228,2.52114967103426,S63,73
number two,3.20864156697162,4.02678640126001,S63,74
number four,8.2250446030629,9.19632125822414,S63,75
number four,3.76590047250427,4.60702956782056,S63,76
number two,2.45144865565274,3.27509782960803,S63,77
number two,2.38461678004535,3.06230854640707,S63,78
number four,5.71001468896261,6.61377685064173,S63,79
number one,2.83146600315003,3.59364030472616,S63,80
number one,5.12540634250416,5.95279237737788,S63,81
number two,5.95271650860673,7.27186801157244,S63,82
number two,4.82252395473789,5.64990998961161,S63,83
number four,5.79266724752298,6.74651542061816,S63,84
number one,1.71770896864493,2.47773711783564,S63,85
number two,4.97800101649855,5.91255414809602,S63,86
number two,6.3709952972979,7.33274987433397,S63,87
number two,4.50362311361326,5.20650840566111,S63,88
number four,7.87245351473923,9.09515583704746,S63,89
number two,2.67547830166549,3.48961332841839,S63,9
number one,0.965492219876456,1.75507701931347,S63,91
number three,3.58277993364834,4.41843747416865,S63,92
number one,5.49400292662221,6.3110055963272,S63,93
number two,4.42309179763859,5.12496371882086,S63,94
number two,6.11564281804676,7.19569911642818,S63,95
number one,2.71963929939792,3.56803127687857,S63,96
number four,5.08244743808853,6.02093330205645,S63,97
number one,4.60229447181171,5.52154851825788,S63,98
number four,4.96232673167789,5.94043738480614,S63,99
number one,8.14578961831038,8.87888256649129,S64,1
number four,8.72264964310848,9.37161717100633,S64,10
number three,3.96966392993979,4.65634584408476,S64,100
number one,4.40369802173743,5.15804059292026,S64,11
number two,2.35352036906717,3.08753866604113,S64,12
number four,2.42163126794232,3.18893330205645,S64,13
number two,1.90514897847481,2.66853475643131,S64,14
number one,1.70183393094512,2.39490409168594,S64,15
number four,5.4594345140355,6.18647181171319,S64,16
number four,2.48916399137652,3.18548259106598,S64,17
number three,4.27108997687745,4.9268489996984,S64,18
number two,1.18812698412698,1.85925295175541,S64,19
number two,3.13431815287691,3.84337526669124,S64,2
number four,7.56125310813981,8.45766185226143,S64,20
number one,1.42473711783564,2.05575752599891,S64,21
number two,5.23007772304324,5.88028180467589,S64,22
number one,1.83371248729377,2.49175963718821,S64,23
number two,1.62752740636484,2.26393838454922,S64,24
number one,1.48326702635077,2.16383704746266,S64,25
number two,2.57180857433285,3.19366586240408,S64,26
number four,4.07738384549222,4.80132473219173,S64,27
number two,5.00944577371178,5.73470263507702,S64,28
number four,4.37768154552461,5.16890279592954,S64,29
number four,7.48480417322923,8.15780753549367,S64,3
number two,2.51643771991555,3.19366586240408,S64,30
number one,1.1408166392994,1.79552459144577,S64,31
number one,2.20754613898104,2.92650618276867,S64,32
number four,4.63032159333356,5.31083609798599,S64,33
number two,3.35016923025368,4.02875462171732,S64,34
number two,1.19033599186801,1.80843944014387,S64,35
number one,1.55241551333177,2.25502283212135,S64,36
number two,3.80979834232544,4.58352811009461,S64,37
number four,1.82883259050747,2.53721144286943,S64,38
number one,3.39118961607632,4.10268856048166,S64,39
number one,3.25671968097584,4.08750394870592,S64,4
number four,3.37579585134546,4.02691997587212,S64,40
number four,4.84601477832512,5.56497934608983,S64,41
number two,1.94959074204394,2.51909109390883,S64,42
number two,3.00401649855344,3.667563296583,S64,43
number one,1.37449299062811,2.07893654144745,S64,44
number two,2.60740917976386,3.27093486590038,S64,45
number two,3.02290635925963,3.69538477262826,S64,46
number two,1.01405473453749,1.67632822849994,S64,47
number one,1.7092205801861,2.38468856048166,S64,48
number two,1.28616524245166,2.0456848631078,S64,49
number one,6.9542860270545,7.80948659003831,S64,5
number one,1.73326198853926,2.460463545681,S64,50
number two,1.31459003831418,1.9972642114317,S64,51
number two,1.13503058431911,1.91475423075634,S64,52
number four,3.07720791305028,3.81148659003831,S64,53
number three,1.28454752409995,1.91169585469656,S64,54
number two,2.41110657596372,3.01600453514739,S64,55
number two,2.0287644962747,2.81576761279224,S64,56
number two,2.06952107279693,2.718711783564,S64,57
number two,1.90991468114339,2.47634710633022,S64,58
number one,1.53505021056041,2.19117656914983,S64,59
number one,2.00393134725154,2.86774556259285,S64,6
number one,0.824557666744859,1.4079214950348,S64,60
number one,1.87360843582096,2.48103602426192,S64,61
number two,1.23302072093205,1.8929433106576,S64,62
number two,2.93958722339511,3.6394781452811,S64,63
number two,1.30612557666745,1.97065759637188,S64,64
number four,5.50483949376138,6.16345426315025,S64,65
number three,1.78953314790612,2.37927779453325,S64,66
number two,1.29171824000536,1.96364411380316,S64,67
number one,0.820959496442255,1.49191656892642,S64,68
number one,1.75996572947734,2.41277271762564,S64,69
number three,1.94924521072797,2.73108194542185,S64,7
number two,2.28168913016767,2.87474398757861,S64,70
number one,3.73357385252952,4.36591727265619,S64,71
number three,3.42437891938385,4.01770404253655,S64,72
number four,1.34022550629447,1.9172205801861,S64,73
number three,3.63568625939703,4.23833608123052,S64,74
number one,3.0691375400735,3.63219172726562,S64,75
number one,4.02326208907208,4.81514082414575,S64,76
number one,4.21246554516716,4.81272659540007,S64,77
number one,3.80593169353127,4.38830024686393,S64,78
number one,1.96795245914458,2.59894471811713,S64,79
number one,1.83477878310602,2.57574501524748,S64,8
number two,1.20520844922534,1.84408410129241,S64,80
number one,1.2808643253689,1.90514082414575,S64,81
number one,3.52020790187996,4.16653621974241,S64,82
number one,1.35432262100242,2.00270052388772,S64,83
number three,4.06581106531282,4.89020032840722,S64,84
number one,1.10605590742044,1.74640073500665,S64,85
number two,2.14132144811948,3.24731851032696,S64,86
number four,3.96979552740636,4.54980960200172,S64,87
number four,2.1618231292517,2.94964301911241,S64,88
number one,1.91634203500776,2.45356442478469,S64,89
number two,4.75234705047865,5.50563587011159,S64,9
number four,1.79549016453872,2.43289094422662,S64,90
number one,1.62548236765971,2.16468715302213,S64,91
number one,0.892418529316488,1.4079400712666,S64,92
number one,1.42750207209321,1.95601016498553,S64,93
number four,1.72429799046055,2.2731157244507,S64,94
number three,5.01938318644371,6.20126689230701,S64,95
number two,1.47246544463434,2.05555191403326,S64,96
number one,0.860059426069278,1.4416920791305,S64,97
number two,1.18882156540777,1.75511290953163,S64,98
number two,2.48886468281894,3.13866652145259,S64,99
number one,5.37731760553154,6.38967621728494,S65,1
number one,6.16892706902137,7.16361089328999,S65,10
number one,4.41721917272656,5.40141340214247,S65,11
number two,4.77081232755828,5.71639636741396,S65,12
number two,1.53919711135686,2.48020808060498,S65,13
number three,2.90251034929571,3.67231933693017,S65,15
number one,2.66991101728048,3.44754179372899,S65,16
number two,1.48996990717469,2.30660161075925,S65,17
number one,1.60008359862829,2.41617242496342,S65,18
number two,2.48680468706366,3.40852335154094,S65,19
number two,5.31539862381734,6.14434302916569,S65,2
number one,1.6302867307842701,2.50118398623817,S65,20
number one,2.59096442255063,3.43061412151067,S65,21
number one,4.27411591434603,5.04718624264156,S65,22
number one,1.91138947533036,2.63049573852529,S65,23
number two,1.55196747204629,2.13679595187829,S65,24
number four,3.64861115020721,4.74549010868715,S65,25
number one,2.24827206416228,3.02661952794254,S65,26
number two,4.75546970052389,6.30407983423254,S65,27
number one,6.33183352881383,6.94973641410587,S65,28
number four,6.04636265540699,7.09739758497816,S65,3
number three,6.31611853936977,7.92776526702635,S65,30
number two,1.96138525295176,3.49934443662522,S65,33
number one,6.72251982172179,7.44232936787194,S65,34
number two,2.72273921785463,3.59974808708377,S65,35
number two,3.02455704120729,3.73364855958804,S65,36
number three,7.75654645174983,8.76210345944618,S65,4
number two,2.01949469968611,2.65466521452588,S65,42
number one,1.17959617081644,1.95265248036817,S65,43
number two,2.74524541179362,5.15631323793885,S65,45
number two,2.14617405582923,3.4546858349251,S65,46
number two,2.79848166392994,3.6387314879975,S65,47
number three,4.09540707974487,4.98978204483764,S65,48
number two,2.2917990460552,2.93655625928532,S65,49
number three,4.51563859566815,5.46215865196653,S65,5
number two,1.62494119946829,2.40209109390883,S65,51
number one,4.52279130502776,5.30730925013684,S65,52
number three,5.49021891580934,8.4660642293042,S65,53
number one,2.11156941791495,2.85084926778593,S65,54
number two,6.20337456296147,7.20792629826972,S65,56
number one,4.11279105928086,4.76914261139595,S65,57
number two,4.494266322621,5.16002986941903,S65,58
number three,4.2329047954157,4.94766926934978,S65,60
number four,6.62049855344437,8.49235288138244,S65,66
number two,6.66128449672151,7.88692137216134,S65,68
number two,3.29528771377188,4.13184049908962,S65,7
number two,6.94146125576667,7.63485323324732,S65,73
number two,6.88375963718821,7.64673289545703,S65,77
number two,1.79426843381031,2.58250910939088,S65,8
number two,4.02687716005943,5.80383704746266,S65,84
number one,6.1199447739687,6.83370911385901,S65,88
number two,4.81155555555556,5.63365267026351,S65,9
number four,6.60313148576343,7.45508349809546,S65,90
number two,7.93336062240988,8.59816357807491,S65,92
number one,6.97895316287434,7.501820861678,S65,93
number four,3.4313180635144,4.12786945254292,S65,94
number one,3.15718539369771,3.67223113613261,S65,95
number four,3.4273275471108,3.97195808898272,S65,98
number one,3.22293146129244,4.41774271071078,S66,1
number two,1.2976354893749,2.08072463382747,S66,10
number one,1.76237550503372,2.76121217325149,S66,100
number three,2.75741249898439,3.58639981866797,S66,11
number two,5.14635857855629,6.04857036310724,S66,13
number one,1.20869061468236,2.03228589155532,S66,16
number two,3.38199945803511,4.53949567720682,S66,17
number two,3.7759739229025,4.53183886008258,S66,18
number three,1.98791856123557,2.85480374038866,S66,19
number two,1.6295139415158,2.48386480238132,S66,2
number one,0.910982996890396,1.67047578423335,S66,20
number four,1.8113622430514,2.64215563532688,S66,21
number four,3.9250375119103,5.10377770668528,S66,22
number one,3.85103185682525,4.69062003737434,S66,23
number one,1.3906634924328,2.22741679961887,S66,24
number two,1.56716614316736,2.37123377429148,S66,25
number one,2.00455907878895,3.01281873444275,S66,26
number one,1.35998206622497,2.44807798293041,S66,27
number three,2.82415028400068,3.98558060042692,S66,28
number four,1.8289434436098,2.8412863938192,S66,29
number three,4.8823296697615,5.83301487218123,S66,3
number one,2.70987608669961,3.67722427190203,S66,30
number two,3.73455140079919,4.54874463020822,S66,31
number one,5.9528683883977,6.91140682820359,S66,32
number one,2.94613136785659,3.75785006592213,S66,33
number one,1.92532350410305,2.57478720815145,S66,34
number two,0.977835253754053,1.80653988381455,S66,35
number three,4.46787324115314,5.49175511312017,S66,36
number one,2.89698392755582,3.61696298758374,S66,38
number one,2.23345833425661,3.43677382983595,S66,39
number one,2.56028616115284,3.45782571443344,S66,4
number one,3.40093822154269,4.23175853663941,S66,40
number three,3.38792553291675,4.09065267344723,S66,41
number two,1.89528802248369,2.89888329935666,S66,43
number four,4.75049119837946,5.78961113788621,S66,44
number two,1.07426860776884,1.8230181922932,S66,45
number one,1.34033385775591,2.72017331796997,S66,46
number two,1.21138411368891,2.07256664044554,S66,47
number four,2.09924840734339,3.00709940116112,S66,48
number four,2.24547202464047,3.31120056116909,S66,49
number one,1.20195781075731,1.98032013044088,S66,5
number one,0.740543901925591,1.47813248133129,S66,50
number one,0.905614453381787,1.66699183821194,S66,52
number three,3.52272842296528,4.66019518491436,S66,54
number two,2.23928994659753,3.10078831793304,S66,55
number two,2.1284692991203,2.79762555119768,S66,56
number one,2.92279735868289,4.0314332690731,S66,57
number one,1.11361689268541,1.8126298056682,S66,58
number two,0.906959497588395,1.89315365766285,S66,59
number four,3.30119716257839,4.12438099392852,S66,6
number four,2.36732428150413,3.46733342196814,S66,61
number one,1.46976743151115,2.28653627748602,S66,62
number one,1.51914009284496,2.28264176305701,S66,63
number four,5.54192017697416,6.48415610065959,S66,64
number two,0.930993699542792,1.84464656133898,S66,66
number one,1.50863917418216,2.2638130922836,S66,68
number two,1.37839594274192,2.1353285692127,S66,69
number one,1.93202245507323,2.83654835582441,S66,7
number two,1.53885434532119,2.30911700901859,S66,72
number one,2.31238151742782,3.01754941113253,S66,73
number two,2.74765970698812,3.56689423467541,S66,75
number one,1.20279639847253,2.10456059112027,S66,76
number one,3.08585060604046,3.80894274191761,S66,77
number two,2.14268292007357,3.01495490704425,S66,8
number three,1.40468390428919,2.40739184984526,S66,80
number two,3.14148410205559,4.09018262462423,S66,83
number one,2.52056319661415,3.28647009683352,S66,84
number two,1.10632490010119,2.08789394384247,S66,85
number two,3.85285800150679,4.77042888165038,S66,9
number one,2.82637596667331,3.81815910501008,S66,91
number two,1.97325900197212,2.85635072237364,S66,93
number four,2.94503653969731,3.92025142369651,S66,98
number one,3.31363353202302,4.48943390428919,S67,1
number one,5.44822127678433,6.49765589753817,S67,10
number three,3.16262143337248,4.01449090754651,S67,100
number one,4.66724026771403,5.87797636589924,S67,11
number two,7.24606489175475,8.53079200735669,S67,12
number four,3.05792598993995,4.20426731148485,S67,13
number one,2.2177555950719,3.34865019721243,S67,14
number one,2.15186340638318,3.09821403458235,S67,16
number two,8.06554946929912,9.13835409603581,S67,17
number three,6.56034130307932,7.63491523281408,S67,18
number two,2.7742901164809,3.71508118209282,S67,19
number one,2.3988478177373,3.36658862741622,S67,2
number one,2.74589424760132,3.69502041924262,S67,20
number two,2.25238504435433,3.16615569349347,S67,21
number one,1.43251114951953,2.50644902760235,S67,22
number one,3.91260840405652,4.98588667301883,S67,23
number two,3.94549532820729,4.8757169429118,S67,24
number one,2.52501626448625,3.44222144297458,S67,25
number two,2.5590615347116,3.55485417913094,S67,26
number four,6.56089841897671,7.63424474284828,S67,27
number two,5.75683537008723,6.77376417418216,S67,28
number three,2.51164685678832,3.45953582507922,S67,29
number one,7.11764845221476,8.35224527465709,S67,3
number one,5.11064283867727,6.09226684984526,S67,30
number four,4.57116796295065,5.53266267810056,S67,31
number one,5.9958125687843,7.0108253654339,S67,32
number one,6.17323493762326,7.32492492632232,S67,33
number three,2.55371820226462,3.47676588224866,S67,34
number two,7.00919134961259,8.04675649619239,S67,35
number two,3.69648197112721,4.80085522612954,S67,36
number one,4.22752121695584,5.22329167497618,S67,37
number three,6.73730896245577,7.99697392290249,S67,38
number two,4.65503086430012,5.52660684648452,S67,39
number one,2.30853872048276,3.39708222909142,S67,4
number two,3.47192756043786,4.34780209510514,S67,40
number two,4.45746926957537,5.4911709913064,S67,41
number three,7.32000564492898,8.39527184016929,S67,42
number two,2.79276161485224,3.7334348931212,S67,43
number one,2.39874998153442,3.33221467441483,S67,44
number one,5.90421841831195,6.91674284827938,S67,45
number one,8.32860282006396,9.22834107041296,S67,46
number two,8.18433944174847,9.09155326213004,S67,47
number two,7.99440807832362,9.10354081447997,S67,49
number two,8.8165127080148,9.83567710341465,S67,5
number one,3.32231059112027,4.20229197781175,S67,50
number two,5.2050577455738,6.18079301280773,S67,51
number two,7.66953768641007,8.61691063396042,S67,52
number one,7.51122392290249,8.47253354365633,S67,53
number one,4.60215280639943,5.51990940415254,S67,54
number three,7.51582095769904,8.48485505993929,S67,55
number one,7.48742453577522,8.41139332524541,S67,56
number two,5.84773267743579,6.85343715792506,S67,57
number two,2.21542484322719,3.04717474351304,S67,58
number three,4.48305861345624,5.57512003737434,S67,59
number three,4.88212869219349,5.91948643333555,S67,6
number two,1.67223148455908,2.6205609401198,S67,60
number two,4.01201718684216,4.94428032418179,S67,61
number two,2.00689251091316,2.80185324846551,S67,62
number two,4.46397950689505,5.45519926026871,S67,63
number one,4.43179872513609,5.37045391359584,S67,64
number one,5.18153382248665,6.11648325910169,S67,65
number four,6.32240141040129,7.4455083372111,S67,66
number two,5.69013091452651,6.71685177306536,S67,67
number one,2.55297979772799,3.41230913695554,S67,68
number three,7.10118442778849,7.98960724072474,S67,69
number one,4.48416057948695,5.82680279679733,S67,7
number two,7.55040599725232,8.62649271532717,S67,70
number one,6.73529849246974,7.86624544454047,S67,71
number one,2.77930347448426,3.4935028529327,S67,72
number one,4.45373474188807,5.34232245710445,S67,73
number one,3.42671170791878,4.22819960926824,S67,74
number two,2.07321566324684,2.92488882518262,S67,75
number four,8.55636107971962,9.60388318302348,S67,76
number two,6.50869041894717,7.6082431178769,S67,78
number one,7.21100860311551,8.2153668178998,S67,79
number one,4.72011189405187,5.89638341568984,S67,8
number one,4.84109686675973,5.8005888231514096,S67,80
number three,7.65684642173916,8.6362089159225,S67,81
number two,3.27759487247668,4.26535429546411,S67,83
number one,2.49659119967205,3.23536014536108,S67,85
number four,4.20174570675176,5.18451194353963,S67,86
number three,7.5234380922836,8.58564435100859,S67,87
number two,3.88412125887271,4.91903226399137,S67,88
number four,2.06764760833758,2.89723171722543,S67,89
number two,1.5231293440286,2.34088760368425,S67,9
number one,4.3739941648755,5.20108118209281,S67,90
number two,2.32326338939485,3.21060841698243,S67,91
number two,1.98530889228656,2.83711704225664,S67,92
number two,5.22022787823055,6.04054604947299,S67,93
number one,1.87255556017195,2.66269025737331,S67,94
number one,4.52924274856522,5.41949967869884,S67,95
number one,2.62989144267913,3.39806908344228,S67,96
number one,2.22533882315141,3.04912953976379,S67,97
number two,5.12397797425159,6.20724062132996,S67,98
number four,3.7111004934004,4.58885177306536,S67,99
number one,2.13464563067355,2.83621845524312,S68,1
number two,2.87044757805402,3.68127570409271,S68,10
number three,1.85904511880757,2.71512352736969,S68,100
number four,2.12865882248665,4.30477063528995,S68,11
number one,3.502416558643,4.2059291974118604,S68,12
number two,2.04853976748137,2.88792378330268,S68,13
number four,2.06010682155598,2.80152616942543,S68,14
number four,2.0222089159225,2.81367704063167,S68,15
number two,2.95680128446601,3.64741203365168,S68,16
number one,1.36321764091087,2.02994111694624,S68,17
number three,2.28811468604814,3.1541186413762,S68,18
number one,1.3587221077356,2.10264826940548,S68,19
number two,1.98597560973358,2.69999463020822,S68,2
number one,2.27148239491236,3.02957681590552,S68,20
number three,3.71795135426592,4.68074509554093,S68,21
number three,3.2939629007955,4.51233373772962,S68,22
number two,2.22533882315141,3.06594159520486,S68,23
number one,1.26710740322188,2.02128542622261,S68,24
number one,1.51370798525708,2.21477825049672,S68,25
number two,2.49639411834223,3.34047392290249,S68,26
number two,1.77054445035343,2.5967337909105,S68,27
number two,1.91041006891356,2.72631738460857,S68,28
number one,1.82330437191163,2.5861171419708,S68,29
number two,1.88655523979407,2.65480355296299,S68,3
number one,1.24762224770473,1.96767983262795,S68,30
number four,2.51318129140907,3.30660780207849,S68,31
number three,2.62781376166102,3.47017324780075,S68,32
number two,1.99888941977442,2.85285326508454,S68,33
number two,1.06962698043387,1.87156907974916,S68,34
number one,1.29260646424694,2.01822847282235,S68,35
number two,1.42982614283498,2.11019973852733,S68,36
number three,2.16249218721148,2.99147950689505,S68,37
number two,1.28110808460192,1.98569751157792,S68,38
number two,1.82560431208314,2.63133554920339,S68,39
number one,1.96759615214164,2.57867663808194,S68,4
number two,2.83136346916617,3.55140534911033,S68,40
number one,2.57312864602953,3.38432222443809,S68,41
number two,2.03389826940548,2.92440922134326,S68,42
number one,3.11440761299091,3.82353453248835,S68,43
number four,2.21790850672517,2.99633601453611,S68,44
number four,3.11321194058514,3.9909632202501,S68,45
number four,2.31797986882049,3.15598982361674,S68,46
number two,1.26685619372613,2.0589525175977,S68,47
number four,4.83208054687673,5.78916989075761,S68,48
number two,1.35504447897509,2.07821950224172,S68,49
number one,1.61857288550599,2.3529404484921,S68,5
number one,2.08900320193224,2.76610667198476,S68,50
number two,3.22649148921241,4.00691116115284,S68,51
number two,1.19459028562565,1.9632717321456301,S68,52
number two,2.41435770605745,3.34680942778849,S68,53
number one,1.73282559810026,2.45191732681129,S68,54
number four,2.2106373710179,3.19948567255349,S68,55
number two,1.56301051430344,2.62909590285626,S68,56
number two,1.29840377030291,2.09594623191296,S68,57
number one,1.11344490239092,1.83058908905582,S68,58
number one,1.88675275321855,2.62857993197279,S68,59
number one,1.90764062834689,2.60370100526638,S68,6
number two,1.58825393686248,2.34155110996625,S68,60
number two,1.85335654272567,2.69888120535945,S68,61
number two,2.19728506060405,2.93911223935828,S68,62
number four,3.27334985356792,4.09251370884945,S68,63
number three,3.86223427655536,4.87583362508956,S68,64
number two,4.59149588956104,5.53185120432538,S68,65
number one,1.60500027698376,2.42069881617142,S68,66
number one,2.69772811089691,3.51641296431711,S68,67
number one,1.24787273427286,2.02557993197279,S68,68
number two,1.86748590521985,2.57684839940319,S68,69
number two,1.49601906017564,2.22017564463353,S68,7
number one,2.36828654800682,3.12902252154934,S68,70
number two,0.988659357988581,1.78398305505698,S68,71
number two,1.29146895012076,2.1555362073168,S68,72
number three,1.54493367162283,2.4311656399802,S68,73
number one,1.20896671024544,2.02977173583874,S68,74
number two,4.91161049805373,5.8184316939588,S68,75
number one,1.22342409537105,1.96494589953245,S68,76
number four,1.98558420306233,2.74950031022181,S68,77
number one,1.67195362276289,2.37959642173916,S68,78
number one,1.39508513742087,2.07311619837946,S68,79
number two,1.96732095769904,2.82732810387999,S68,8
number three,2.77443358483458,3.5440871197013,S68,80
number three,2.94100765952418,3.71645670559212,S68,81
number one,2.84955721376498,3.67091515433535,S68,82
number two,1.8285823454246,2.7050615217857,S68,83
number one,1.94562376003604,2.80851812951022,S68,84
number four,3.21021766214629,4.02538422632897,S68,85
number one,1.2390769940984,2.01220170326545,S68,86
number two,1.82781943244181,2.69647752923102,S68,87
number two,1.04219864998117,1.87184744842562,S68,88
number two,2.16610976312349,3.13863435928117,S68,89
number one,2.63414121001278,3.39379104714633,S68,9
number one,1.1918825478074,1.95384824613885,S68,90
number one,2.31438081942875,3.14512934033548,S68,91
number one,1.1227618604445,1.86866111591216,S68,92
number two,2.67714331693589,3.54758230849343,S68,93
number one,1.3381159657131,2.08107926259537,S68,94
number four,1.82056612987214,2.59834512176206,S68,95
number four,2.0273214562698,2.88732860245075,S68,96
number one,0.98777266650417,1.73652324817006,S68,97
number four,1.67889509517162,2.53100114117308,S68,98
number one,1.267973021782,1.96800725697445,S68,99
number two,7.20730576790977,8.33375062598329,S69,1
number one,3.6897261544683,4.73570804804006,S69,10
number two,3.45707336745773,4.51409174809989,S69,12
number two,4.17855385672184,5.19934159852866,S69,13
number one,2.16938512375634,3.26417547475016,S69,15
number one,2.1749026568282,3.08275365064593,S69,17
number two,2.92391505831431,3.89953976748137,S69,18
number one,2.41888655668565,3.37813097269309,S69,19
number one,3.05160070575461,4.19859989142237,S69,20
number two,3.23055870947728,4.31239045846352,S69,21
number one,2.32540028400068,3.05912120070612,S69,22
number one,2.13142808763027,3.07598834821659,S69,23
number three,4.49701603551301,5.68242785496392,S69,24
number two,3.64745316204658,4.81472822353697,S69,25
number one,1.57965307599696,2.46795810159026,S69,28
number two,3.01919648119834,3.92474058809191,S69,29
number two,3.50994390894251,4.4809199443078,S69,30
number one,3.04300327671785,4.0457887500277,S69,31
number two,3.73941540362073,4.65874125285293,S69,32
number one,2.34061678004535,3.30490249433107,S69,33
number three,3.26657220412595,4.31897332092446,S69,34
number one,2.24356931610864,3.15288760368425,S69,35
number four,4.13345055285958,5.35769978838441,S69,36
number two,3.05862980936131,3.93949067488016,S69,37
number two,3.75761986749097,4.86148246138846,S69,39
number one,3.56184374607606,4.52407210810491,S69,40
number one,3.97222124354628,5.02862787786124,S69,41
number two,1.73821436326974,2.76673792904784,S69,42
number one,2.13608188009188,3.18313283402395,S69,43
number two,3.90527313183688,4.94387480703465,S69,44
number four,4.083781042493,5.33242110763958,S69,45
number two,2.36512153770303,3.3328520020386,S69,46
number one,2.56900069245939,3.60582920073567,S69,47
number three,4.12985177306536,5.18103313649021,S69,48
number two,2.9864535645963,3.9940064961924,S69,49
number one,3.49684805040366,4.45478895314912,S69,5
number three,3.57636875770938,4.43604360647625,S69,50
number one,2.48407792476383,3.40607013044088,S69,51
number three,2.49744643134127,3.4785738660285,S69,53
number two,4.43353557579383,6.0384134259567,S69,54
number two,4.3887420708783,5.42423416022218,S69,55
number one,3.73034037241389,4.73115586799323,S69,56
number one,3.58317640079919,4.44344018628081,S69,57
number four,3.00453524341333,4.13096863435928,S69,58
number three,2.03513197445102,3.01664904219017,S69,59
number four,4.80177964649486,5.70192622629942,S69,6
number one,3.53751759400829,4.54942454408474,S69,60
number two,2.82817125351769,3.67642733608101,S69,61
number one,1.991351540399,2.73689830633665,S69,63
number three,5.73267861112958,6.70113399735573,S69,64
number two,4.56322392290249,5.52160456506164,S69,65
number four,3.92607711043158,4.96098811555024,S69,67
number three,4.25782142303175,5.56218524673713,S69,68
number three,5.93940098199975,7.14387864602953,S69,69
number four,4.23849944603248,5.42107938354495,S69,7
number two,2.3623611425026,3.22385951383811,S69,70
number three,4.05242843293669,5.23373215393649,S69,71
number four,7.01875829935666,8.17473898804907,S69,73
number two,4.04179047840635,5.03521640740987,S69,74
number two,3.3192837181561,4.26345135426592,S69,75
number three,4.86671764091087,6.0099615915856,S69,76
number two,5.55923602155303,6.78337631936597,S69,77
number two,5.54380093546648,6.41621252225103,S69,78
number two,3.36209583638015,4.34316917613951,S69,8
number two,1.65352080517332,2.43445088893321,S69,80
number three,4.63757769209747,5.69323497455443,S69,81
number one,2.28210117939684,3.17053358982029,S69,82
number four,4.9826053212273,6.07977086333991,S69,86
number two,1.75782225398303,2.9891038301314,S69,88
number two,3.54636201038504,4.43077220117146,S69,89
number two,3.38157205455472,4.46375753949788,S69,9
number three,4.53688922865563,5.34930430543553,S69,97
number one,7.20078698979592,8.05847193877551,S7,1
number one,2.63935785147392,3.30152303004535,S7,10
number four,4.28682993197279,4.97643143427872,S7,100
number two,2.01864356575964,2.66240472647392,S7,11
number one,3.82510668225624,4.53779039115646,S7,12
number one,3.1104970946712,3.78668225623583,S7,13
number two,2.56140026218821,3.33213686933107,S7,14
number two,1.53416811933107,2.23570829790249,S7,15
number two,3.0684502196712,3.83811699263039,S7,16
number two,4.64471053004535,5.30163017290249,S7,17
number two,1.89235338718821,2.63976410147392,S7,18
number one,2.15389932327097,2.86984098639456,S7,19
number two,3.62999959254535,4.30271164611678,S7,2
number three,5.10501410147392,6.01661566397392,S7,20
number two,2.27477414611678,2.98144267290249,S7,21
number one,1.68295960884354,2.37389214852608,S7,22
number two,1.46817185728458,2.1454155151644,S7,23
number two,1.53182548540249,2.20104981575964,S7,24
number two,1.49919286777211,2.11371472859977,S7,25
number one,5.08407149943311,5.80740855300453,S7,26
number two,2.6990922973356,3.4335773100907,S7,27
number one,2.65666142290249,3.34789468183107,S7,28
number one,4.96895195578231,5.83406320861678,S7,29
number three,5.67601374716553,6.45746003401361,S7,3
number one,3.78348037131519,4.40356389951814,S7,30
number two,1.6839495819161,2.41636366213152,S7,31
number four,5.34927749433107,6.11200070861678,S7,32
number two,3.54533776218821,4.23560561933107,S7,33
number one,2.39532936507937,3.04194359410431,S7,34
number two,2.12866588718821,2.74520606575964,S7,35
number three,2.46928195861678,3.25508553004535,S7,36
number two,5.01682883361678,5.77201856575964,S7,37
number one,4.92022280683106,5.63329200325964,S7,38
number two,4.42825609410431,5.12400085034014,S7,39
number one,3.69958106575964,4.39862124433107,S7,40
number four,6.64945829790249,7.49039579790249,S7,41
number two,2.92486678004535,3.68111678004535,S7,42
number one,3.62306692885488,4.30215405328798,S7,43
number two,2.69305116213152,3.35763414115646,S7,44
number four,6.07400194869614,6.81505699050453,S7,45
number one,3.0123877196712,3.74280518353175,S7,46
number two,3.66733106575964,4.36027749433107,S7,47
number two,3.41488910147392,4.15010115504535,S7,48
number one,1.87791365504535,2.54632883361678,S7,49
number one,5.18046244331066,5.88567006802721,S7,5
number three,3.08991482426304,3.74593806689342,S7,50
number two,4.34833776218821,4.99169713718821,S7,51
number one,5.81394490504535,6.52170160147392,S7,52
number four,2.70680204790249,3.34316365504535,S7,53
number two,2.8598472045068,3.58732647746599,S7,54
number one,2.83751744968821,3.55110561933107,S7,55
number one,2.85323866213152,3.5420460600907,S7,56
number two,4.08688662131519,4.7267052154195,S7,57
number one,6.02040736607143,6.8011861359127,S7,58
number four,4.50678596230159,5.23599877763605,S7,59
number two,6.05720705782313,6.78147434807256,S7,6
number one,3.55963088151927,4.30751778628118,S7,60
number three,2.98643597647392,3.72733441397392,S7,61
number two,1.81728195861678,2.57705874433107,S7,62
number two,4.26517369968821,5.03646276218821,S7,63
number one,1.80079673327664,2.5329361359127,S7,64
number one,1.38764517786281,2.17325139951814,S7,65
number three,5.04885987103175,5.77367846513606,S7,66
number one,2.64492574784472,3.35753938523018,S7,67
number two,1.70156974248544,2.36921210956005,S7,68
number three,2.94665370265939,3.61207816085457,S7,69
number one,4.1420966553288,4.77630725623583,S7,7
number two,2.5823034222259,3.30616360973799,S7,70
number three,5.60425641149559,6.31795905019653,S7,71
number one,3.41170222369507,4.14959609572291,S7,72
number two,3.32299495088969,3.98619856995572,S7,74
number three,6.06458577273941,6.90432387027883,S7,76
number four,3.84055830333938,4.63114210384199,S7,77
number three,2.3720678983366,3.05863054504616,S7,78
number four,3.89283689118408,4.68272860226635,S7,79
number one,5.18067630385487,5.91551757369614,S7,8
number two,2.89710316386365,3.60462235692653,S7,80
number two,3.01229149061519,3.68327223541649,S7,82
number two,1.69127674524929,2.38154351501539,S7,83
number two,3.34743982951773,4.05372003442784,S7,84
number one,2.2891973341434,2.9876142516546502,S7,85
number one,2.41658246726747,3.12871855851046,S7,86
number three,4.59944748756517,5.34222150650969,S7,87
number one,2.49877420305064,3.21748177809689,S7,88
number four,3.09917670505279,3.7697364797069,S7,89
number one,6.6778444586167804,7.41667816397392,S7,9
number three,3.44016326990877,4.16949016643193,S7,90
number three,3.35402080092299,4.07994265477955,S7,91
number two,2.3818022953430402,3.07670336131746,S7,92
number one,3.93655190872019,4.70676986735154,S7,93
number two,2.18222822408169,2.87149025771788,S7,94
number two,2.0938274741561,2.8154314066628,S7,95
number three,3.47504863776814,4.11640955019807,S7,96
number one,2.35846271083986,3.08714432692337,S7,97
number three,4.47950282296049,5.19670174041651,S7,98
number one,2.39321923510045,3.12606332943642,S7,99
number two,2.58000998618774,3.46338364835619,S70,1
number two,1.63694470296262,2.33310903188637,S70,11
number two,2.52347086130869,3.39756562299187,S70,12
number three,1.780765046681,2.56697200340505,S70,13
number two,1.15095894546744,1.78765250725697,S70,14
number one,2.77041174281873,3.35122898339575,S70,15
number one,1.39416494198114,2.05402534216727,S70,16
number three,6.70424116144829,7.86736437490306,S70,17
number one,0.865435532953681,1.50905698479175,S70,18
number one,1.17332408576894,1.85605093546648,S70,19
number three,5.86629998448891,7.2609459992466,S70,2
number three,6.11827941382851,7.14208699875173,S70,20
number two,1.4157937108068,1.94325104145893,S70,21
number one,0.778378529696352,1.49980244779779,S70,23
number one,0.768079262595375,1.45774771303744,S70,24
number two,0.93866965809125,1.51962450419907,S70,25
number three,2.55223334588993,3.54127010717425,S70,27
number three,3.70946461624824,4.52204023281408,S70,28
number two,3.2953130922836,4.71276597734642,S70,29
number two,1.16963888334921,1.8461779712971,S70,3
number one,4.25067327272929,4.99113997651178,S70,30
number two,2.10491216291077,2.64768720778214,S70,31
number three,6.78410398339575,7.70903302015703,S70,33
number one,2.65013178702534,3.36208560275359,S70,34
number two,1.05294577027336,1.62994670093879,S70,35
number one,2.59061213133462,3.42680641605176,S70,36
number two,1.06825763090252,1.66802330264353,S70,37
number two,1.60681451782667,2.28481566453943,S70,4
number two,2.62377371350277,3.26637434170194,S70,40
number four,2.93112877528862,3.6173417564094,S70,41
number one,1.38421850140708,2.0479901892353,S70,42
number one,5.00670623656629,6.0547897305502,S70,43
number one,2.75553255482432,3.49481303411701,S70,46
number one,2.10078844257573,3.34278068980035,S70,48
number one,1.3054133594806001,1.96170150014403,S70,49
number two,1.22306803644368,1.85813812718355,S70,5
number one,4.30475446036178,4.84659979540133,S70,53
number one,0.83559200107839,1.99372427190203,S70,57
number one,1.1997847651547,1.79783036776057,S70,58
number four,2.74927196481198,3.83756282268608,S70,6
number four,6.53077708716494,7.26584863206955,S70,63
number one,4.85448319262558,5.74077449090385,S70,64
number one,2.19725970828071,2.82345137550134,S70,65
number one,0.75972485356792,1.63252906482897,S70,7
number one,2.18897706389831,3.01584421140878,S70,70
number two,2.26768640545252,3.16192791313051,S70,71
number two,2.42067755212834,3.01403858383744,S70,72
number two,1.60693471862143,2.29900603085968,S70,74
number two,2.0902249699011,2.81830779912399,S70,75
number one,2.92705942778849,3.86843943011515,S70,77
number one,6.34316871911631,7.27561358549935,S70,79
number four,2.52827132867262,3.38111451154838,S70,8
number two,2.66384176841203,3.28747863439621,S70,80
number four,2.35367116580617,3.09314010484758,S70,81
number three,6.95820823084934,9.11461814742183,S70,84
number one,3.1019676704558,3.89783269073102,S70,85
number one,2.89713197445102,3.92333668760664,S70,86
number two,0.987268362176575,1.66018745245112,S70,87
number one,1.02153976378825,1.72810627312814,S70,88
number two,3.50325882285596,4.67747299223707,S70,9
number four,4.03070321559677,4.77386282471729,S70,90
number one,3.82199637982229,4.6021766131534,S70,92
number two,3.78011965144364,4.76153476146159,S70,93
number two,5.51501229253917,6.33273615081212,S70,94
number four,2.21338380254382,2.87331749263223,S70,95
number four,2.52133013509421,3.41538318302348,S70,96
number one,2.17462480703465,2.85095973025475,S70,97
number three,5.01585276189738,6.1628894650151,S70,98
number two,2.82474458789149,4.20152000894622,S71,1
number one,3.27342600799373,4.19425345473285,S71,10
number one,2.45300133193882,3.27008590558431,S71,100
number two,3.36504352912564,4.2813484292901,S71,11
number one,2.66851798379619,3.75553258317543,S71,12
number two,2.55982091615816,3.54270095632229,S71,13
number two,5.24402679485405,6.2834385968205,S71,14
number one,2.30064660284929,3.20907712852547,S71,15
number one,5.5634429322942,6.3827869338332,S71,16
number four,3.89377020894575,4.93040111421048,S71,17
number one,3.15593716169841,4.03121018158576,S71,18
number two,1.73519362795891,2.48592425381081,S71,19
number four,5.49260121175343,6.74674241024915,S71,2
number four,4.79962701162773,5.66593559506801,S71,20
number two,4.47128657788747,5.29202130930159,S71,21
number one,1.54447408060822,2.27703625641543,S71,22
number one,7.21294791410069,8.63729361651547,S71,23
number three,2.42759886337184,3.27993919805727,S71,24
number two,2.83910886621576,3.50541627663826,S71,25
number three,3.99654662419821,4.96762967151071,S71,26
number two,2.61442536283395,3.48809650964651,S71,27
number one,6.20190927671985,6.86856225817913,S71,28
number one,3.49843071596574,4.30453322364314,S71,29
number one,1.98924844542561,2.91425328998902,S71,3
number four,2.7081529364936,3.51170511584333,S71,30
number one,5.07567204091277,6.05845199920026,S71,31
number one,5.08326885645625,5.777910980463,S71,32
number one,1.5367093504375,2.22159708090616,S71,33
number four,3.16201615271544,4.03335177421545,S71,34
number four,6.88780295908071,7.70550482957485,S71,35
number two,3.88365771654104,4.66223475213743,S71,37
number one,4.66350427643181,5.39530746281729,S71,38
number two,4.14423867418753,4.86102254097025,S71,39
number three,4.79729699480666,5.92544158566979,S71,4
number one,6.36770324318561,7.17093251420199,S71,40
number two,4.21756124286707,4.88654341534292,S71,41
number one,1.60430646523084,2.39015442805087,S71,42
number one,6.14999018262323,6.96599558788914,S71,43
number two,1.30096377330102,2.09209327211745,S71,44
number two,3.60629027289346,4.21731420011006,S71,45
number four,5.91511118826961,6.79485368740745,S71,46
number four,4.33774768179104,5.17194405904294,S71,47
number one,2.09800170113645,2.74799168356464,S71,48
number two,2.05304790213591,2.81607241116932,S71,49
number one,3.31034013084101,4.25079305646465,S71,5
number two,2.66946718978046,3.42942941860808,S71,50
number one,4.55038709847276,5.23198268417226,S71,51
number three,4.08338892655579,4.80381867334818,S71,52
number one,5.87444924026245,6.63338277942131,S71,53
number two,2.96317055756663,3.75776224180901,S71,54
number one,3.26434646565834,3.90895426716496,S71,55
number one,2.77144252356267,3.61404577845239,S71,56
number two,1.45261690725261,2.18812270078741,S71,57
number four,4.90974071875752,5.8142781861183,S71,58
number one,4.77664752249522,5.52518774879381,S71,59
number two,5.9133482270097,7.22544189951721,S71,6
number two,3.66813603565348,4.33021424778671,S71,60
number three,4.19086662813955,5.05088666328316,S71,61
number four,5.91511118826961,6.73201493746903,S71,62
number two,2.11410371614638,3.01989157353557,S71,63
number four,5.71035550206595,6.40775388940111,S71,64
number one,3.72674673216798,4.51908214017875,S71,65
number one,2.3390844862143,3.02259049558437,S71,66
number two,4.08907325287474,4.89654143476757,S71,67
number one,2.64092195756335,3.27952991390832,S71,68
number four,2.68873061907447,3.50182112208795,S71,69
number two,5.18011058064641,6.29266506145701,S71,7
number four,6.95811625857378,7.86978543940855,S71,70
number one,2.69459704050222,3.32101584069272,S71,71
number two,2.79214060051733,3.49998550879907,S71,72
number one,3.03059677774624,3.89512176419788,S71,73
number three,4.93081782121593,5.75442578929108,S71,75
number two,2.93752493040746,3.6509655557667,S71,76
number four,3.01803533390212,3.72776026123367,S71,77
number three,2.938824798847,3.64670968357454,S71,78
number four,4.83654329804114,5.50213380691971,S71,79
number one,6.43028015678816,7.54296765781455,S71,8
number three,5.20513315706786,5.92398496034809,S71,80
number one,3.36372332107921,3.99350394329476,S71,81
number two,2.35906697957568,3.08223581671623,S71,82
number one,1.67668733002647,2.21621732526401,S71,83
number one,2.06801257266519,2.57824264837176,S71,84
number four,5.09780605636898,5.88237843273877,S71,85
number one,2.0620729507575,2.80039567610008,S71,86
number two,4.16125150986938,4.78678942063088,S71,87
number two,2.9520423256094,3.59576304415317,S71,88
number one,2.54136319992993,3.26062504330391,S71,89
number two,6.60615705561069,7.80555600130231,S71,9
number two,1.3181931897716,2.01989354941885,S71,91
number two,2.54879694637382,3.24230620290166,S71,92
number one,1.97146866666071,2.37297420448688,S71,93
number two,2.36969581139508,2.99411480895468,S71,94
number three,2.38121599160908,3.07826123283304,S71,95
number one,3.25041892008665,3.73547617557755,S71,96
number one,2.42103127225485,3.09845571377916,S71,97
number one,2.42130154558538,3.06814109612308,S71,98
number two,2.17595133506754,3.03100421035694,S71,99
number two,2.54419262159529,4.04452140488258,S72,1
number one,1.23997843868165,1.85458685760769,S72,10
number two,2.89081180330213,3.46237410496393,S72,11
number two,3.53613545847599,4.14347917914428,S72,12
number two,2.12709117076528,2.77448834777012,S72,13
number three,3.28452066590982,3.96539170026311,S72,14
number one,1.57731581252738,2.24709760697972,S72,15
number one,1.9427703373947,2.73318895950846,S72,16
number three,2.63733866108861,3.41410106644498,S72,17
number two,1.99751484649927,2.73346378586476,S72,18
number one,1.36671969392225,2.07095490180303,S72,19
number one,2.18245421199579,2.88585199686533,S72,2
number one,2.15777432129225,2.88846344319594,S72,20
number two,1.96262992064982,2.98079399048275,S72,21
number one,3.79624629247231,4.78498041424191,S72,22
number one,2.09390712185005,2.86226061304942,S72,23
number four,5.19974649658374,6.22439827056534,S72,24
number one,1.91120180485587,2.7101257542008,S72,25
number two,1.99722484871612,2.87069678046606,S72,26
number two,1.76561141760661,2.55982199530051,S72,27
number two,3.22294648243411,4.54518709109967,S72,28
number one,3.97654546536207,4.82277990927733,S72,29
number two,2.12021200175208,2.84841245407493,S72,3
number four,3.9665387333075,4.71726084328499,S72,30
number two,3.100703584,3.883783533,S72,31
number one,1.93349864698259,2.59556975459653,S72,32
number four,1.96621161933498,2.70738952347795,S72,33
number one,1.49918703338362,2.20939907270788,S72,34
number one,2.3873727275909,3.08297444512601,S72,35
number two,2.54084554894257,3.47813976801119,S72,36
number three,3.82470133236073,4.84288374586228,S72,37
number two,2.49423726631189,3.54881940460993,S72,38
number one,1.97514619863651,2.68804395887789,S72,39
number two,2.56332648591631,3.41147097893034,S72,4
number two,3.64131818424635,4.97850281927014,S72,40
number one,3.10088361323408,4.12700805163658,S72,41
number two,1.75155879020983,2.54127140149317,S72,42
number one,1.23872888586791,1.89458417193035,S72,43
number two,4.26808144292106,5.327840059609,S72,44
number one,1.29567480487998,2.08284841518519,S72,45
number two,3.97574733592327,4.67285305717196,S72,47
number two,1.966287431084,2.70371925190331,S72,49
number one,2.51544970366596,3.45999134686726,S72,5
number one,1.55089506715223,2.37032642377287,S72,50
number three,3.55798222045385,4.63315687520608,S72,51
number four,3.11773503465833,3.84191282275163,S72,52
number three,1.48170365335411,2.47911574572965,S72,53
number two,2.22448909409418,3.16501761744503,S72,55
number two,2.14840323391745,3.78139714959908,S72,56
number one,2.66544479443551,3.43002701562618,S72,57
number two,1.32537620908098,1.97689181776149,S72,58
number one,2.14340518651613,2.78731161110962,S72,6
number two,1.57002469463279,2.49047496734952,S72,61
number one,1.75870652143879,2.35361260409932,S72,62
number four,2.26240545359763,2.96234684851466,S72,63
number two,1.93857036017765,2.82264254307193,S72,64
number two,4.51146858461771,5.41383947936066,S72,65
number one,3.0407357991125,3.85305745563863,S72,66
number one,2.53933700271335,3.99364542957719,S72,68
number two,3.31274067717319,4.25336767172923,S72,7
number one,1.41490168198338,2.21160064914133,S72,71
number one,1.55144733279177,2.34647792016888,S72,72
number one,3.01746916486606,3.88269430122442,S72,74
number one,4.07411962326225,4.87829160887209,S72,75
number two,1.4237332625983,2.2706902744851,S72,76
number four,3.89727547796806,4.93842204870034,S72,77
number one,4.22089044358605,5.71975721856574,S72,78
number two,1.578063919421,2.29318635182207,S72,79
number one,2.79919759476283,3.58932336911988,S72,8
number one,2.3022160605374,3.52116407028557,S72,80
number four,3.68771045054903,4.55249269163392,S72,81
number two,1.59358637503201,2.30888114119192,S72,82
number four,3.43299119127749,4.44137345888802,S72,83
number one,1.91799470592461,2.82337410545047,S72,84
number two,2.20143713515734,2.97755005148553,S72,85
number one,1.94544212529312,2.82171228892315,S72,86
number four,3.42407738118264,4.21258266144259,S72,87
number two,2.18450084642576,3.14983622996992,S72,88
number one,4.07013144559205,4.95728574191659,S72,89
number three,3.28439504053921,4.90496232132801,S72,9
number four,2.66207585780047,3.30531496985472,S72,90
number four,1.85201970633908,2.81703404676249,S72,91
number two,3.87746508839117,5.19880496471538,S72,92
number one,1.83052417240928,2.57118333453067,S72,93
number three,3.49415884805046,4.33282891884076,S72,94
number two,2.60177441049531,3.63048310924695,S72,95
number one,4.15209548493104,5.17636901400149,S72,96
number one,2.40466505670776,3.14983622996992,S72,97
number one,1.85086930412566,2.50338758194857,S72,98
number two,1.59590179803305,2.42584551394346,S72,99
number three,4.5991348441895,5.44641812143216,S73,10
number four,3.07285466713087,4.22529154440005,S73,100
number one,2.73207090082174,3.7897555441348,S73,11
number three,2.94000960817579,3.99362687636658,S73,12
number three,1.39418913701413,2.11249191060123,S73,13
number two,3.00406378863487,3.805223290616,S73,14
number two,2.3133070434781,3.15793046230136,S73,15
number two,2.93408179107007,3.61600647483472,S73,16
number two,1.61539268813401,2.70828638663697,S73,17
number one,1.88548459947207,2.52327617426608,S73,18
number one,1.96433663614376,2.96354343665438,S73,19
number two,2.11781905461887,2.79687673130449,S73,20
number one,2.47579456813866,3.17050328346882,S73,21
number three,3.91031158783578,4.88123550898832,S73,22
number four,5.38251908464442,6.33870958846577,S73,23
number two,1.4204244544284,2.66567586774759,S73,24
number three,3.68326619399452,4.4249280252583,S73,25
number two,1.34106937375546,2.06947717229323,S73,26
number one,4.04124562188807,4.99551608393154,S73,27
number two,1.2596354640421,1.95822952229904,S73,28
number one,6.19992328564245,7.61107416679101,S73,29
number three,1.87298096232807,2.96569536409202,S73,3
number one,3.92630558641003,4.88143746856988,S73,30
number two,2.6538023434665,3.43879828172807,S73,31
number one,2.20207030215281,2.81808515651048,S73,32
number one,2.20827955812707,2.84841616516631,S73,33
number four,3.3030575366892,4.81119726049099,S73,34
number two,2.68817347030878,3.30857500216442,S73,35
number one,2.00710407260657,2.81002272178842,S73,36
number one,3.74775256000044,4.59958614477473,S73,37
number one,2.3707936397413,3.04822197907053,S73,38
number three,4.09018925306381,5.02517822834523,S73,39
number one,2.20427327302435,2.9211817098353,S73,4
number one,2.58571809140661,3.28761782449237,S73,40
number one,1.72542331051023,2.31859063755478,S73,41
number one,1.58991655476163,2.14130873632963,S73,42
number one,5.39087185721838,6.56136274731935,S73,43
number two,2.67394160306961,3.34729659900787,S73,44
number three,5.58226387300114,6.55474327418484,S73,45
number two,1.22941659436588,1.76220990990493,S73,46
number three,3.87343524704764,4.48913378316396,S73,47
number one,4.30484412134743,5.26500949212612,S73,48
number one,3.95286698497433,6.01257669501594,S73,49
number four,7.29471054817811,8.46383843491364,S73,5
number three,6.8719023782814,8.35785804730774,S73,50
number two,8.72130238675487,10.0055305735617,S73,51
number one,1.16362311488365,1.73562298225545,S73,52
number three,4.32393649688416,5.28814387764312,S73,53
number one,6.00718263823266,7.05368722219459,S73,54
number four,7.18790932652509,8.68351966489277,S73,55
number one,5.91254065146232,6.77878412366842,S73,56
number two,2.18249121430321,2.79687673130449,S73,57
number four,1.9729937093711,2.87740127580954,S73,58
number one,5.98999351227087,6.7912723796261,S73,59
number one,1.68240023136252,2.45639814246847,S73,6
number two,3.13070977082954,3.91346114270241,S73,60
number one,2.98297623744868,3.6811823582398,S73,61
number one,5.94152089170356,6.73128473062661,S73,62
number one,0.961669567908399,1.51003533988738,S73,63
number three,2.92130178992799,4.02251624971678,S73,64
number one,1.56037939399968,2.30612352105749,S73,65
number two,2.69043383787309,3.60254444978641,S73,66
number one,1.80819417872754,2.80040591963837,S73,68
number two,1.24569697036681,1.92422197907053,S73,69
number two,1.64902056842233,2.44454726813552,S73,7
number one,2.41090393850473,3.06070715142271,S73,70
number two,3.83155376507495,6.78225238408388,S73,71
number one,2.07262815291294,2.97531238176289,S73,72
number two,3.6177026568006,4.62681081509235,S73,73
number one,5.04926433719981,5.91218646787174,S73,74
number four,6.92908093082887,8.01184299584984,S73,75
number two,3.49392696607481,4.9680788916704,S73,76
number four,3.62947788701183,5.03458738816404,S73,77
number one,1.85877878538364,2.52683843491364,S73,78
number four,4.44391908943377,5.55500183284795,S73,79
number two,1.61795907867615,2.24480211320922,S73,8
number one,4.33369622617528,6.53752420740839,S73,80
number two,1.76038270786246,2.39417927279225,S73,81
number two,4.58910361024995,5.80205450466133,S73,82
number two,2.18619505554727,2.83109931457013,S73,83
number one,5.07941008084794,5.82836190365667,S73,84
number three,5.37748382212349,6.38137148604365,S73,85
number three,2.30638317390319,3.11186569184945,S73,86
number two,1.65974362233385,2.23432004104106,S73,87
number one,3.28731400645826,4.35095796607297,S73,88
number three,7.43156188855179,8.81319296665322,S73,89
number two,1.70994183516894,2.50602980081824,S73,9
number one,2.59146510312763,4.89177611624124,S73,90
number one,1.272257954468,2.13229741135555,S73,91
number one,5.01674667462436,6.52542155318667,S73,92
number one,4.48609364655692,6.47611088822207,S73,93
number one,5.74528731503433,6.37978888170486,S73,94
number two,2.29566749375082,2.99089321035753,S73,95
number two,1.73302968476857,2.54688369428465,S73,96
number two,2.78060177832303,3.29625223671922,S73,97
number three,4.77627907550781,5.74987081277136,S73,98
number one,5.16362145703123,6.18327728686926,S73,99
number two,1.54918865807899,2.39181469630907,S74,10
number four,3.73717799624589,4.76115385791468,S74,100
number four,2.87474634305388,3.58839958664213,S74,11
number three,2.0179680623942,2.90313691466297,S74,12
number two,3.32052904649539,4.13870706668804,S74,13
number two,1.84314387764312,2.73990609187081,S74,14
number one,2.11377379524786,2.91675511125111,S74,15
number two,0.901177532047208,1.59151523658475,S74,16
number one,0.992966553748497,1.61903943294079,S74,17
number one,1.57993956575319,2.19111614361423,S74,18
number one,2.8589733030499,3.62557976204292,S74,19
number four,2.51064741715804,3.54192396351988,S74,2
number one,4.71134162627954,5.84216441843458,S74,20
number one,4.14964335541961,5.22243667095866,S74,21
number one,4.26869952345953,5.16157639476045,S74,22
number two,2.3012220951202,3.29261120966123,S74,23
number one,1.86744512784805,2.432984344347,S74,24
number two,2.50775380338976,3.27662347961118,S74,25
number one,1.99260424668107,2.88936646090876,S74,26
number two,2.63327307592411,3.40674876351841,S74,27
number two,1.73713704913322,2.38696239438099,S74,28
number four,2.32258854866073,3.2874472167421,S74,29
number two,1.87821347612969,2.65168916372398,S74,3
number one,1.32537620908098,1.87579456813866,S74,30
number two,2.41317473211868,3.50675055399902,S74,31
number one,2.00329010022639,2.65189170171183,S74,32
number two,1.06861311803357,1.98633539459651,S74,33
number two,3.74019187431268,4.62031157125726,S74,34
number four,3.13051722784971,4.49278500417226,S74,35
number one,3.28723637107158,4.20416437054107,S74,36
number four,4.67727362301541,5.40361814132639,S74,38
number three,3.81530089468769,4.55860399984527,S74,39
number one,1.64336309731041,2.31420644683544,S74,4
number two,3.96425180567759,4.7463849643838,S74,41
number one,2.50317242586176,3.28008434416279,S74,42
number one,2.53132786794653,3.07029759556138,S74,43
number two,2.64599914896909,3.46595770265864,S74,45
number one,2.53328486325481,3.91522106909376,S74,46
number one,2.51661782633443,3.27166946843725,S74,47
number two,1.36794694135439,2.17199359332143,S74,48
number one,2.59039593752475,3.46024275196133,S74,49
number two,1.58025193830579,2.43264007471388,S74,5
number two,1.07824959889182,2.10045512285607,S74,50
number one,1.10921838153079,1.789466727823,S74,51
number two,1.10207403416281,2.10521093961549,S74,52
number one,1.1107547631021,1.85515826780211,S74,53
number two,1.53126851498791,2.45012078375894,S74,54
number two,2.12277727673794,3.04217788019622,S74,55
number four,2.89377301789928,3.4339888702841,S74,56
number two,1.57113146217057,2.44095490088806,S74,57
number three,1.92387872256945,2.68762414275215,S74,58
number one,1.31989553135091,2.03440696224333,S74,59
number one,2.32156444164452,3.09549968592907,S74,6
number two,1.74810105531517,2.69759739975059,S74,60
number one,1.35204790456665,2.06033965343516,S74,61
number two,1.02549550814098,1.789466727823,S74,62
number two,1.54458521453531,2.30363708873747,S74,63
number two,2.86935230284911,4.14723845812357,S74,64
number two,3.33790866338412,4.30483682863885,S74,65
number one,1.47450888885205,2.12848566233967,S74,66
number two,3.67409362813633,4.59269522962177,S74,67
number two,1.47903734404674,2.25825226803421,S74,68
number two,2.6952979916039,3.74133257440534,S74,69
number two,3.5024085722022398,4.26708877247081,S74,7
number two,2.64895382328398,3.40850976751383,S74,70
number three,1.82515153692129,2.75277716068827,S74,71
number two,3.92630558641003,4.80184314505656,S74,72
number four,2.71619053145222,3.56992650187614,S74,73
number two,1.74810105531517,2.53181232373805,S74,74
number two,2.16088404243365,3.23220468766981,S74,75
number one,1.91492175857616,2.70789204986083,S74,76
number three,2.98370048685599,4.20968409069558,S74,77
number one,1.77354053541265,2.79801773165264,S74,78
number four,2.06009414391264,2.85500884740574,S74,79
number two,2.7692485544448,3.53856212065113,S74,8
number three,3.44481777807251,4.87133396700137,S74,80
number one,2.39089286220852,3.38560331828372,S74,81
number two,2.43220062593139,3.26617068511672,S74,82
number two,3.37017091721606,4.23619505554727,S74,83
number one,4.32695692162595,5.35727779896145,S74,84
number two,2.7406233948765,3.72093614873515,S74,85
number three,3.8572329558956,4.86126037677459,S74,86
number one,3.15317741599754,3.86322383586524,S74,87
number three,2.64420810468785,3.32318272296734,S74,88
number three,2.04196217886017,2.94762457379377,S74,89
number one,0.953293036467228,1.57794099150627,S74,9
number two,2.76876671621803,3.84331470275627,S74,90
number one,2.33861567112629,3.31466832451909,S74,91
number one,1.46125348010853,2.31481438131711,S74,92
number two,3.61559393668109,4.79470375282526,S74,93
number one,3.89330797187546,5.15385108432759,S74,94
number one,1.67697547483656,2.38232412120006,S74,95
number two,3.44867193863736,4.55813529180966,S74,96
number one,3.40097328462931,4.23964335541961,S74,97
number one,3.047355272247,3.94629789397481,S74,98
number one,1.55928917182904,2.53952359216094,S74,99
number two,7.75204963650393,8.6354978586648,S75,1
number two,2.71461973286471,3.50557225197146,S75,10
number one,4.39399875108451,5.52924353299403,S75,100
number one,0.847936612933828,1.65193626478482,S75,11
number one,3.91362676215897,4.78029721425532,S75,12
number two,2.24257618108169,3.03840800853241,S75,13
number two,3.51925308038189,4.18378772120817,S75,14
number one,1.33007007189553,2.04546654730129,S75,15
number two,2.07465542642727,2.76010835170786,S75,16
number four,4.1439012177847,4.86339466097839,S75,17
number two,1.01900112181347,1.73237584619551,S75,18
number one,2.55694667794006,3.24951203877164,S75,19
number two,3.60469051276425,4.55464740290844,S75,2
number three,3.80179831672718,5.11578255055068,S75,20
number one,1.705425548611,2.68213446288345,S75,21
number two,1.33017509500415,1.99532073733907,S75,22
number one,1.5846936049264,2.44315072457361,S75,23
number two,4.08043005612752,4.97225725816999,S75,24
number two,1.15671008397944,1.84635845348158,S75,25
number one,0.953210707516151,1.73492210856723,S75,26
number two,4.30746812041903,5.1860412897355,S75,27
number one,3.11752428845895,3.96192837340731,S75,28
number two,2.78063616034012,3.74094253146696,S75,29
number three,3.73517764233685,4.63173522478711,S75,3
number four,2.68149620443899,3.5183489374087,S75,30
number three,4.09078737305916,4.92516476658359,S75,31
number one,1.67976673463862,2.62742186817863,S75,32
number one,2.9848635016422,3.83775894089019,S75,33
number two,0.804900042551546,1.55794858447034,S75,34
number one,2.38973898034708,3.27490783261585,S75,35
number three,3.17339608857353,3.89275997060075,S75,36
number two,3.24250817597551,4.13707207789696,S75,37
number two,0.952293749343767,1.6710722436822,S75,38
number one,2.51568524935021,3.27221478399104,S75,39
number two,2.98744419196746,3.75758838700239,S75,4
number two,3.30754521239853,4.27907938902612,S75,40
number two,2.46171830876949,3.32557546820515,S75,41
number one,3.01692616846359,3.97695053889414,S75,42
number one,1.23442561492509,2.13230787424637,S75,43
number three,3.621003921742,4.43175592359879,S75,44
number four,2.26665153047409,3.22958393983101,S75,45
number two,2.18838932269361,2.984257954468,S75,46
number one,1.95652695760135,2.91534499171995,S75,47
number one,4.21842906325812,5.10209789065911,S75,48
number one,1.88213940328365,2.73452753969175,S75,49
number three,4.62007092007806,6.0352396431344,S75,5
number three,2.85026317670312,3.88030205334232,S75,50
number one,0.764395640953376,1.55281438131711,S75,51
number two,2.94375661989681,4.03509931457013,S75,52
number two,1.66216581103061,2.60418913701414,S75,53
number one,0.874445376525915,1.7240423526031,S75,54
number two,4.60170439754564,5.73647519944886,S75,55
number one,4.19127246067666,5.23918704812009,S75,56
number one,2.0804127647268,3.04071913585364,S75,57
number four,2.40540633410147,3.56199463961052,S75,58
number one,3.71149690073701,4.95845697965078,S75,59
number two,3.77014503813982,4.53478992615188,S75,6
number three,3.61943698779268,4.67630795713899,S75,60
number four,3.59880881093298,4.77786466398095,S75,61
number three,1.96002272178842,2.99402527488114,S75,62
number one,2.11969441727409,3.04252602920399,S75,63
number two,4.26539151290086,5.31681892383273,S75,64
number one,3.61369218101538,4.7008550981725,S75,65
number two,2.75011440286919,3.75696929104704,S75,66
number two,2.66966169126736,3.60910001086815,S75,67
number one,3.51391816103642,4.47751454028674,S75,68
number two,1.98523114699441,2.9520548675468,S75,69
number one,1.24940006741933,2.10438837955979,S75,7
number two,3.48433115049432,4.92628874262946,S75,70
number two,5.13461784291296,6.1616372729433,S75,71
number three,3.80576515967882,5.01681192769553,S75,72
number one,1.30690342272842,2.17828557428929,S75,73
number one,5.2061862357724,6.42706125027861,S75,74
number two,4.67065403198918,5.7124116042301,S75,75
number four,3.87486133169759,5.28677814066325,S75,76
number three,5.75541163922921,7.49067432594484,S75,77
number one,3.25329822370324,4.41138108316709,S75,78
number one,2.20834429542193,3.14533860898814,S75,79
number two,3.48683749177982,4.27267545328448,S75,8
number two,4.81119228877579,6.06002814480788,S75,80
number one,5.38343083716021,6.50508487651763,S75,81
number one,1.83383460527455,2.86022313956723,S75,82
number four,2.98546579942565,4.22570486174432,S75,83
number one,5.17631737189867,6.48874861246963,S75,84
number four,4.37417915858464,5.46782834043447,S75,85
number three,2.54545721175012,3.58177843723463,S75,86
number four,4.17336090894522,5.45243300894688,S75,87
number two,4.91153703918611,5.98605021082357,S75,88
number one,3.3808013505971,4.310624043281,S75,89
number one,1.17653122012412,1.96544433207889,S75,9
number one,2.29666431251623,3.4096290499953,S75,90
number two,3.94926664345673,5.12725765789663,S75,91
number two,2.16246893276672,3.31143376971693,S75,92
number four,5.5334576759488,6.87852266376358,S75,93
number one,1.48259423509453,2.48944738252734,S75,94
number two,6.20789135356282,7.27831899659403,S75,95
number three,5.31110390866338,6.55853796758346,S75,96
number two,2.93049771308469,3.95886025225146,S75,97
number two,5.71617116773598,6.85079773647883,S75,98
number one,6.11278027929287,7.51659939101555,S75,99
number two,6.01141752460529,7.36104525384484,S76,1
number three,5.7954444462865,6.9319072523675,S76,10
number one,4.48933466329938,5.57970602224101,S76,100
number two,3.66467677772436,4.69299231677507,S76,11
number three,5.58570771509254,6.68104168946214,S76,12
number two,5.30057964415119,7.01564521221432,S76,13
number four,3.96177309894984,5.10577159030414,S76,14
number two,4.03242877958115,5.62750305136948,S76,16
number two,2.80576129688269,3.5710358372431,S76,17
number four,4.27524925074281,5.40193603268548,S76,18
number one,4.24258045649887,4.99928232489855,S76,19
number two,3.29646498707796,4.21089924494033,S76,2
number one,2.31547717229323,3.18831632745164,S76,20
number three,2.60191158120438,3.329781738203,S76,21
number two,1.49121501793244,2.17770716800124,S76,24
number three,3.73657569846243,4.4312530803819,S76,25
number one,4.85081963670928,6.00588230353067,S76,26
number two,4.07411962326225,4.98551454028674,S76,27
number one,3.97278374420443,4.86739539227551,S76,28
number three,2.37473609752593,3.08033590853076,S76,29
number two,5.13737201655642,6.43992875655543,S76,3
number two,4.59087882019854,5.2427234296914,S76,30
number three,4.94255874047426,5.82976078294844,S76,31
number four,2.96068705825141,3.73134323623844,S76,32
number two,3.64162208701515,4.41342268052631,S76,33
number three,3.20663929552325,4.03563828423327,S76,35
number four,2.99708689909758,3.71074014268583,S76,36
number two,2.20073050872122,3.0141145170768,S76,37
number two,3.9181192769553,4.47789563266411,S76,38
number one,1.67016400581354,2.4066801947424,S76,39
number four,3.99500563117205,5.24903388097725,S76,4
number four,3.56042455389955,4.09453088855363,S76,40
number two,6.1685886647104,6.91635802428202,S76,43
number one,4.401564393751,5.60758239802826,S76,44
number two,3.73809716120404,4.43754144907354,S76,45
number one,3.49703177366262,4.40729868790191,S76,47
number two,3.91840928323672,5.19687510660912,S76,48
number two,1.79900679166874,2.34874601148339,S76,49
number one,5.62845573810353,6.5606371403151,S76,5
number four,2.78687696340383,3.43720190247775,S76,51
number two,4.12231699243467,4.77463632796742,S76,54
number two,4.67691783130799,5.26862318119774,S76,55
number two,7.04701668720562,8.64448796491248,S76,56
number two,2.69957490453533,3.66821795233122,S76,57
number one,2.34977263475117,3.32737504858429,S76,58
number four,3.21460215778702,4.14645779199847,S76,59
number one,2.7573739230867,3.65521191774842,S76,6
number one,3.66976892116175,4.92160134543934,S76,60
number one,4.34917660364986,5.46677669648959,S76,61
number three,5.71628612322265,6.36756449322215,S76,62
number two,5.06384370872638,5.9460090297695,S76,63
number one,3.04794786975175,3.88962594796922,S76,64
number three,4.50358335774061,5.35727779896145,S76,65
number four,5.05511743673912,6.24056580292556,S76,66
number one,3.06361782449238,3.87465182704547,S76,67
number two,3.56822987044804,4.43488067699325,S76,68
number three,5.31024124331563,6.53857360956839,S76,69
number four,3.45968060736344,4.71292303512253,S76,7
number three,5.27627569533094,6.09080834673431,S76,70
number one,2.46171830876949,3.39036475516283,S76,71
number three,5.24209432443435,6.42706125027861,S76,72
number two,3.87933118180931,4.73858730342936,S76,73
number four,6.21114364554378,7.45348204637934,S76,74
number three,5.52935903372993,6.39115316161667,S76,75
number one,5.54827037178261,6.72961828869105,S76,76
number two,2.75880327186385,3.54151187114434,S76,77
number one,3.93417973699093,4.88389541530124,S76,78
number two,4.30413865540801,5.34415722335509,S76,79
number two,3.72310279606021,4.73858730342936,S76,8
number two,4.92337528068363,6.02872400993975,S76,80
number one,3.21595848184928,4.17831246649757,S76,81
number two,7.82415710730542,8.67777321499951,S76,82
number three,4.82235427569349,5.79951802177681,S76,83
number one,2.999078278265,3.7072561326724,S76,84
number four,1.8871877444181,3.26870915558208,S76,85
number two,3.79471797535695,4.81750316741915,S76,86
number one,2.10557192040098,2.98143673911482,S76,87
number one,2.96267828637006,3.90330727557744,S76,88
number two,2.63494984259612,3.62063627638979,S76,89
number one,2.82754169590934,3.6083546238425,S76,9
number two,2.2868530424355,3.35891822919257,S76,90
number four,4.81289695894605,6.02464947473709,S76,91
number one,5.19821816785203,6.27381209348077,S76,92
number two,5.41662351092617,6.78037887822337,S76,93
number two,3.32088880047009,4.35247868093894,S76,94
number four,5.18016533209547,7.09893885287665,S76,95
number two,6.68039152763732,8.18021223089832,S76,96
number three,5.89352135590223,6.98645857303116,S76,97
number one,2.40039442887905,3.40394090677159,S76,98
number three,4.75052488712788,5.88663108915378,S76,99
number one,1.42243527836263,2.60824820629579,S77,1
number one,1.5910448891173,2.36658659239488,S77,10
number one,1.22433733244178,1.91505103790772,S77,100
number four,1.66369002580724,2.7678938421835,S77,11
number one,1.31369294362749,2.2382384433871,S77,12
number three,1.63070778140663,2.30146359632399,S77,13
number four,1.56161940129423,2.12385269428649,S77,14
number three,1.06244806224683,1.79296265963737,S77,15
number one,1.78863400697403,2.65322526346038,S77,16
number two,1.19092129437749,1.83225354458057,S77,17
number two,0.60963267885004,1.15304802061632,S77,18
number four,1.00914167269941,1.66653229588613,S77,19
number two,0.901316791650319,1.85429114467341,S77,2
number two,1.42112832698744,2.11146603152498,S77,20
number one,1.11237206629199,1.78191980415237,S77,21
number two,1.36756495742082,1.99442216659206,S77,22
number two,1.0394799574853,1.60830669532909,S77,23
number three,1.75882051537106,2.51906455124698,S77,24
number one,0.940577671306811,1.49334603616697,S77,25
number four,1.23203885269244,1.97351268349203,S77,26
number three,1.25848430290069,2.02128872605094,S77,27
number three,1.54458521453531,2.18378679281081,S77,28
number four,1.04267271598593,1.67435427569349,S77,29
number one,1.3598634703272101,2.3335335411175,S77,3
number two,0.719229872290102,1.3651258586294,S77,30
number four,1.65139640172343,2.73672308154239,S77,31
number two,0.877305602988556,1.52690813287135,S77,32
number one,1.48153899545196,2.09699880082008,S77,33
number one,1.02996619086302,1.74071686643788,S77,34
number two,0.702500034078078,1.28680547680757,S77,35
number two,0.953210707516151,1.73492210856723,S77,36
number one,1.14087812390052,1.77368768639327,S77,37
number two,1.11733874345839,1.98526427272778,S77,38
number one,0.831562816949147,1.59993638083449,S77,4
number one,1.76013853935834,2.55158916022407,S77,40
number one,1.04293638083449,1.67424193961365,S77,41
number one,0.971377833776348,2.0292251124116,S77,42
number two,1.01172505438677,1.72374547912856,S77,43
number one,0.763398525616583,1.3832415269926,S77,44
number two,1.16661469115131,1.90808852195089,S77,45
number two,1.81495082257111,2.61663304541963,S77,46
number three,1.25797804266575,1.92072667908214,S77,47
number four,1.24353584553236,3.69098905264787,S77,48
number one,1.17332224598477,1.78427675451442,S77,49
number four,0.980805360757897,1.97385514606601,S77,5
number three,1.44294937839745,2.15183646206926,S77,50
number two,1.89881476078111,2.75788288193696,S77,51
number two,1.63073311339158,2.44617766651746,S77,52
number one,1.02777750883727,1.62010430470591,S77,53
number two,0.940842432180021,1.54869368966108,S77,54
number four,2.14805990926021,2.78796126704134,S77,55
number two,1.32834963370672,2.03839605357442,S77,56
number two,0.71357477006508,1.3070922355403,S77,57
number one,1.17008515651048,1.90533930528616,S77,58
number two,0.749327652425714,1.53204023055201,S77,6
number one,1.46246579942565,2.19970961978076,S77,61
number two,1.63104311521522,2.42674761960024,S77,62
number three,2.79518240613332,3.51459751580025,S77,63
number three,1.69248842911115,3.40423265564011,S77,64
number two,1.13730773977612,1.7723576411339,S77,65
number one,1.15716824807367,1.80445384630971,S77,66
number two,0.877305602988556,1.56909011533127,S77,67
number two,1.29582067931424,2.08517196166308,S77,68
number two,1.16167606668988,1.9158150610366,S77,69
number one,1.51697716584603,2.26955869073868,S77,7
number two,1.69739615488763,2.63736664511459,S77,70
number four,1.47848796491247,2.15058962442275,S77,71
number two,0.707694004653039,1.29889180302503,S77,72
number one,0.880163276358472,1.52111803356599,S77,73
number one,1.04304535331598,1.67637912874329,S77,74
number four,1.68080748465105,2.44348010853407,S77,75
number three,2.33287696340383,3.019078657729,S77,76
number one,1.00164544431366,1.58526155200775,S77,77
number one,2.05664542957719,2.81843276026901,S77,78
number two,1.93934835716036,2.48956304904848,S77,79
number two,1.11072072923402,1.88524185856308,S77,8
number one,1.72129434617064,2.27859262697768,S77,80
number two,2.5016981308635,3.21404755641764,S77,81
number one,1.18969363992551,1.83335202285626,S77,82
number one,1.41436680905777,1.9644561673031,S77,83
number two,1.33375998533722,2.35070149630391,S77,84
number one,1.97106473176869,2.84888589922836,S77,85
number four,1.96516761993181,2.68626055913836,S77,86
number four,2.020173919771,2.87251431002945,S77,87
number one,2.66463457064385,3.41005143763436,S77,88
number one,0.894178395972524,1.51003533988738,S77,9
number two,1.42240459335643,2.25422756787524,S77,90
number one,1.62574110424023,2.33155055068331,S77,91
number four,1.87210790224565,2.53551454028674,S77,92
number two,2.58639930296516,3.46129079652441,S77,93
number one,2.7008387849047,3.51116256348193,S77,94
number one,1.44267608142634,2.01538816219691,S77,95
number two,1.10824147725703,1.71363405670961,S77,97
number four,2.02958208119424,2.59734348307425,S77,98
number two,0.863234976633491,1.51700659088439,S77,99
number one,1.97795460063256,3.27479746938039,S78,10
number one,5.40442259763369,6.32804202103262,S78,100
number four,2.29263163440302,3.58546382658127,S78,11
number one,2.62198895133466,4.19024182356398,S78,12
number two,1.75501703535462,2.7245667626379,S78,13
number one,1.49410268001054,2.4378650102879,S78,14
number one,1.31182643390419,2.36142407312234,S78,15
number three,1.71990533110076,2.66481431500301,S78,16
number one,1.2361455373376,2.19624699790558,S78,17
number one,1.38081836016291,2.28831152152169,S78,18
number three,2.61573480255899,3.57115316161667,S78,19
number two,7.86515026221699,8.72130238675487,S78,2
number four,2.11133187810732,2.84578702491015,S78,20
number two,2.92639184447134,4.4360059793210604,S78,21
number two,1.90327779896145,2.81799405752011,S78,22
number one,1.46607065030182,2.31888775602307,S78,23
number one,1.43919412899197,2.42325072807352,S78,24
number two,2.09971565436356,3.36895378828488,S78,25
number two,3.20901123287116,4.1692862705873,S78,26
number one,3.22458458639345,4.99686521107224,S78,27
number one,3.08350736362782,3.7002627806606,S78,28
number three,2.16471607066872,3.0999646656388,S78,29
number one,2.134959358669,3.15172853587685,S78,3
number four,4.21494017915859,5.12240673198605,S78,30
number one,2.55933817978857,3.49190080516366,S78,31
number one,1.64634313492524,2.52637330783925,S78,32
number one,1.73302968476857,2.68252602920399,S78,33
number one,1.19086025225146,2.03021965807715,S78,34
number one,3.88391769683774,5.00543446601495,S78,35
number one,3.13456386323823,4.1245220853573,S78,36
number one,1.11546281713335,2.11566258834972,S78,37
number three,2.35401791585846,3.39149201191443,S78,38
number two,3.48423227617611,4.45075360444747,S78,39
number two,1.65898451013224,2.77141508756224,S78,4
number four,4.6412672402836,5.58855084909675,S78,40
number two,3.47527108650121,4.77531170388545,S78,41
number three,2.42217212929038,3.45217295821659,S78,42
number one,1.37451830545378,2.20174322629133,S78,43
number one,4.89177611624124,5.92853600947555,S78,44
number one,4.65749086615421,5.54616906042135,S78,45
number two,2.60057871575383,3.76094891419877,S78,46
number four,5.37762652821757,6.25706136632828,S78,47
number three,6.21008968244758,7.31070706668804,S78,48
number two,3.84854877493917,4.92516476658359,S78,49
number two,2.58310765540985,4.68596247727361,S78,5
number one,5.17805533174548,6.13572969637354,S78,50
number one,2.55780489655922,3.37419691234198,S78,51
number two,5.30618043328894,6.16850722915757,S78,52
number one,4.33706156711263,5.25625452455556,S78,53
number three,3.4800334333571,4.42921942781987,S78,54
number two,2.48155446137296,3.36653531317753,S78,55
number four,3.08463244859276,3.98807141475599,S78,56
number one,1.56701982054669,2.50735114235242,S78,57
number four,4.16974181711677,5.04321161933498,S78,58
number one,3.36096388644816,4.34533705244892,S78,59
number two,3.27353183352951,4.23490677343236,S78,6
number three,2.57158524953442,3.48851324900391,S78,60
number two,4.09794949444712,5.73731354225958,S78,61
number two,4.39654784654181,5.55685537816535,S78,62
number three,5.24086123222644,6.30329512536128,S78,63
number one,4.62992283802229,5.48520384400714,S78,64
number two,2.88505974347497,3.79187451162431,S78,65
number four,3.96737528068363,5.1860412897355,S78,66
number two,4.31352893044572,5.31814074430206,S78,67
number three,2.52474257788683,3.59390121778471,S78,68
number two,2.58863743688648,3.5392461174017402,S78,69
number one,1.30644804566831,2.08180224583741,S78,7
number three,4.8563844486075,5.86124692974943,S78,70
number three,3.63419261850421,4.54936321151802,S78,71
number two,2.89020775653885,3.66919862177202,S78,72
number one,1.75444650386556,2.63175912509602,S78,73
number one,3.26307552438793,4.0844652191773,S78,74
number two,3.3624456067832,4.1149487981491,S78,75
number one,1.15974168448858,1.92223923915626,S78,76
number three,2.72159856024728,3.75033710034244,S78,77
number one,2.09874339023451,2.81731249781256,S78,78
number one,1.70475186186037,2.51528452984227,S78,79
number four,1.99769139998269,3.24087580290714,S78,8
number two,3.57544630308121,4.54388369428465,S78,80
number one,3.20527516481816,4.26594468851716,S78,81
number two,2.60872830561957,3.46595770265864,S78,82
number one,1.96945837408887,2.76394236752378,S78,83
number one,3.18482353266246,4.03563828423327,S78,84
number one,2.93906542806671,3.80236355966703,S78,85
number one,4.97885995568008,5.94259360511061,S78,86
number four,3.99778006193,4.85255550581998,S78,87
number two,4.44470787903572,5.44559101701878,S78,88
number one,3.11140997953473,3.82145639940244,S78,89
number three,1.93617161351408,3.04537435228627,S78,9
number two,2.4741193432694,3.35513850804335,S78,90
number one,5.80619547185243,6.64090683974646,S78,91
number one,2.53777309894984,3.44017532710349,S78,92
number one,3.22265646903224,4.2660590453349,S78,93
number two,2.0854829747767,2.99089321035753,S78,94
number one,2.01158985836414,2.79814600153628,S78,95
number one,2.69271239023636,3.48921813469498,S78,96
number two,4.88946394263094,5.81630623113042,S78,97
number one,3.51836531883265,4.56592255618738,S78,98
number three,3.70361053178379,4.59766588747603,S78,99
number one,1.87208539045188,3.31684210060954,S79,1
number two,2.85045403051554,3.64952190299353,S79,10
number two,2.78210871459334,3.70957767130681,S79,100
number one,2.05314689493453,2.69986849177797,S79,11
number two,2.65178236818692,3.45982701415253,S79,12
number three,2.83300717113274,3.7476920962807,S79,13
number two,1.7103224301906,2.472871212498,S79,14
number two,4.53074846510497,5.47474206579464,S79,15
number four,3.00239280418368,3.71615223321931,S79,16
number four,4.77781162744004,5.66146080928987,S79,17
number one,2.79185456581766,3.52662304672749,S79,18
number three,2.89117342241527,3.65452170405124,S79,19
number one,1.62392465981789,2.18711138373573,S79,2
number three,5.28917010486838,6.05984667444015,S79,20
number two,5.66445570310442,6.47373503465833,S79,21
number one,1.73221397164336,2.33784180035404,S79,22
number two,3.87806589226538,4.60352835019738,S79,23
number three,1.84314387764312,2.6568725535164,S79,24
number one,3.04377518784389,3.67357674290946,S79,25
number two,2.12862362697584,2.69162235042948,S79,26
number two,4.26808144292106,4.88627396932236,S79,27
number two,7.33608097872238,8.19127942365682,S79,28
number three,2.36646782384766,2.92553047409053,S79,29
number two,1.09720573211684,1.79999846740754,S79,3
number two,3.61140613515918,4.45075360444747,S79,30
number two,2.38039390020834,3.24266797637008,S79,31
number one,1.42027458456982,2.10418247428947,S79,32
number three,8.07830391013703,9.13867352833362,S79,33
number two,2.04395826632847,2.89109830512221,S79,34
number two,4.48606247893146,5.36977109479048,S79,35
number one,0.869964000655773,1.69599104022871,S79,36
number one,1.56471540752776,2.2760161585349,S79,37
number one,8.2131451228745,9.30832342490205,S79,38
number two,1.27565496038654,1.84266436040975,S79,39
number two,2.8210443070269,3.71774385443319,S79,4
number four,2.34604527042336,3.15514853805048,S79,40
number two,5.94644119689576,7.0347758841419,S79,41
number one,5.54580161585349,6.83136793823947,S79,42
number two,1.65048564391909,2.36576474337366,S79,44
number one,2.0726245903723,2.83719338295838,S79,45
number one,1.81018983331215,2.42361968128708,S79,46
number two,1.67129234016921,2.42481486209431,S79,47
number one,3.79129074863089,4.62430936631354,S79,48
number one,2.06440974743539,3.23631064101785,S79,49
number four,2.51367818874097,3.30868838453334,S79,5
number two,3.4790696058548,4.21415142087163,S79,50
number two,5.31239187578633,6.41924460875604,S79,51
number four,5.00555794286304,5.78351953042251,S79,52
number two,2.46728313724623,3.25608608490783,S79,53
number four,5.33821977412682,6.79423636922952,S79,54
number four,3.05105440519018,4.14086524422929,S79,55
number one,3.60027803106079,4.51905196630507,S79,56
number four,2.67664207887325,3.69203258601031,S79,57
number four,4.34099742296052,5.73414352949412,S79,58
number one,3.40162969655775,4.3532204059528,S79,59
number one,3.24916856490768,4.02404779035904,S79,6
number one,1.17417647286372,1.85402494515272,S79,60
number two,2.10438837955979,2.97581877462602,S79,61
number three,1.87965809372761,2.77725064333884,S79,62
number two,2.29494566480803,3.34154424900207,S79,63
number three,2.9419608673147,3.80121698893476,S79,64
number one,2.63042806854667,3.40850976751383,S79,65
number two,1.39929978392657,2.25382381449737,S79,66
number two,1.45544978457129,2.3492353247825,S79,67
number one,3.05708736145419,3.77492013388079,S79,68
number four,2.76314048088773,3.6909953856441,S79,69
number two,1.58045384630971,2.39849086615421,S79,7
number three,5.1160952528317,5.92058057254854,S79,70
number one,1.3641934308519,2.10416325793789,S79,71
number two,1.16519006541149,1.92621594448773,S79,72
number one,2.36557767130681,3.13625424087859,S79,73
number two,5.07664332410462,6.00313000326044,S79,74
number one,1.24152918096564,1.95265660350249,S79,75
number two,4.74683687837442,5.70869823217671,S79,76
number one,4.4892693623347,5.44706508175976,S79,77
number one,3.30747496734952,4.06226549769651,S79,78
number two,2.01311567757349,2.84431272991189,S79,79
number two,1.86880640520492,2.57904082553682,S79,8
number two,1.17251208850721,1.91127557928127,S79,80
number two,2.03451755757814,2.83212519364637,S79,81
number two,3.46076764461539,4.44965008630043,S79,82
number four,3.04884556552109,3.9852005283023,S79,83
number one,1.50015503683195,2.17977795829949,S79,84
number four,2.91781905461887,3.84065066654878,S79,85
number four,5.60377367919819,6.82854970333652,S79,86
number two,1.18342649358687,1.9943729615323,S79,87
number three,1.97514619863651,2.74745210556467,S79,88
number four,3.68866691350247,4.47916186534186,S79,89
number four,6.76853461687952,7.74187568685747,S79,9
number two,2.03461538744932,2.75277716068827,S79,91
number three,5.39064693822289,6.62083941488862,S79,92
number two,2.64211592809342,3.650653868046,S79,93
number two,1.44762664426724,2.45540313260425,S79,94
number two,2.02306136632828,2.9731217121563,S79,95
number two,6.45482779334317,7.44163924578767,S79,96
number three,3.94992860550665,4.77612797883844,S79,97
number one,6.19658652608078,7.26233430041391,S79,98
number three,4.2821375133319,5.45639985189852,S79,99
number one,3.61946707523264,4.52211517582188,S8,1
number three,2.64783504087795,4.10690222179104,S8,10
number two,1.65414716713965,3.37544516952295,S8,11
number four,1.8219663201544,6.19111856406389,S8,12
number three,3.39727590386171,8.98842744852299,S8,15
number three,3.08662726144663,3.89649925509116,S8,16
number one,3.40370682015145,4.6981209251961,S8,17
number one,2.58335701299385,4.71714684680342,S8,22
number one,1.90221907621541,3.45560733653344,S8,29
number three,2.3473580291207,4.15563181957688,S8,30
number one,1.33595065479775,4.22714547230678,S8,35
number one,4.28739063548402,5.08046957914328,S8,36
number two,4.91449717931242,6.24615075490536,S8,37
number one,1.92290589742041,2.86438863312838,S8,45
number two,1.67076517646255,2.55603538464449,S8,47
number one,2.17625979735632,2.96173447157438,S8,50
number one,1.24861898395858,2.21876185391489,S8,51
number one,1.09437970561203,1.91248562158143,S8,53
number two,1.07016916803496,1.85018970616321,S8,55
number one,4.46571150987378,5.38536452167497,S8,56
number one,1.90809204368206,4.70069253315582,S8,60
number one,3.44193887171277,5.03089906032674,S8,66
number two,1.85863028542059,2.61550072863779,S8,68
number two,2.11808509879271,3.88814314371666,S8,69
number two,2.42420288937173,3.47722128033203,S8,70
number four,1.58039934517174,4.88848335014336,S8,71
number two,1.36952739728953,2.5437399650864,S8,75
number one,1.32383741482361,4.1670730669641,S8,79
number two,2.84773180841087,4.18716571023422,S8,80
number two,6.31538515132785,7.28086443838755,S8,83
number one,1.17538824689442,2.06775223670956,S8,86
number three,5.77775927841164,6.68213455870583,S8,92
number four,2.75484550010993,3.58449274585907,S8,94
number four,4.30635032823785,5.12127667836351,S8,95
number four,7.86515026221699,9.52394500350912,S80,1
number one,7.67522353929387,9.38675216211586,S80,10
number one,4.74585433371832,5.56732236203444,S80,100
number two,8.11603005133817,9.66462543587703,S80,11
number two,4.87730245306896,6.15135374702277,S80,12
number one,2.73469186602342,3.79829056626712,S80,13
number two,3.38980176321815,4.40939094738898,S80,14
number one,3.58939149632233,4.74229887210774,S80,16
number two,6.79005183551894,7.87829724741237,S80,17
number three,5.28446359448193,6.49042390549505,S80,19
number one,2.60291409929799,3.69457012807831,S80,20
number one,3.91362676215897,5.17169677326658,S80,22
number four,6.45471971610198,7.94778806935718,S80,23
number two,5.07205985768258,6.22954738234314,S80,24
number one,6.19558231513564,7.00377019955017,S80,26
number one,2.91846149085142,3.92178316395608,S80,27
number one,7.53420039383205,8.88661306645594,S80,29
number one,3.69140865509486,4.7615988107672,S80,3
number one,4.9062413593653,5.99661271830693,S80,32
number two,1.37491534452936,2.26466633509618,S80,34
number four,7.63967677772436,8.7857276074795,S80,36
number one,2.95316801597433,4.01150096247543,S80,37
number one,5.66102827743608,6.74978223555873,S80,38
number two,3.14562284962726,4.25594762291594,S80,39
number four,5.48710952694103,6.83855086383321,S80,4
number one,6.83381673362548,8.00172261734372,S80,40
number two,3.37017091721606,4.32981928671821,S80,42
number one,3.58667028078494,4.88123550898832,S80,43
number one,2.33662884921096,3.25720445557048,S80,44
number one,3.79732886081592,5.21438235971345,S80,45
number three,6.26832549537551,7.35332317438213,S80,47
number two,5.50623701763402,6.82634842531651,S80,48
number two,1.28045552258271,2.56107191211172,S80,49
number three,5.30348459947207,6.2228382028143,S80,5
number one,4.05737295969024,5.0857041654463,S80,50
number one,2.63074531518538,3.9357271617014,S80,51
number one,2.62261190595924,4.2202085173089,S80,52
number four,4.81517126536507,6.18130797187546,S80,53
number one,3.13789478715938,4.24254871046713,S80,54
number one,1.8930215962908301,2.86776620412584,S80,55
number three,7.53088092751317,8.90455754682052,S80,56
number four,6.00336854980281,7.33309583308005,S80,57
number four,2.9374652191773,4.09080106692013,S80,58
number two,1.61750703205734,2.59846286686893,S80,59
number two,2.61668173654515,3.69709130898501,S80,6
number two,3.75464138257524,5.12275209395971,S80,61
number two,2.71475619069724,3.93874987427953,S80,63
number two,1.69259614162481,2.64748929303647,S80,64
number one,5.4605875355287,6.81644688332956,S80,66
number three,7.41892852445609,8.69490781787939,S80,67
number two,2.90874861246963,4.31558741947903,S80,68
number one,2.88631667560065,3.92031922869337,S80,69
number three,3.25502689957651,4.28150943410129,S80,7
number two,5.97854274035637,7.53474791617162,S80,70
number three,5.9646714910172,7.08074047425632,S80,71
number two,3.72246057903259,4.68481456368088,S80,73
number two,2.85446503865559,4.0439534253994,S80,74
number one,8.22699090944258,9.80924608608675,S80,75
number one,5.22670403466017,8.0347570527805,S80,76
number one,2.68046047956144,3.82608209132556,S80,78
number two,3.06534268914715,4.29685738600883,S80,79
number two,5.9179170852744,7.08433910818592,S80,8
number one,1.8735697799293,2.68071843955562,S80,80
number four,4.64934522381929,5.75643295736925,S80,81
number three,5.31024124331563,6.64695587717893,S80,82
number four,5.29212194425563,6.39906867745744,S80,83
number two,3.99807877377867,5.14049492789263,S80,84
number one,1.50343353761759,2.57052417240928,S80,85
number three,7.00574249683627,8.21065761479247,S80,86
number four,4.32681733229441,5.54973200263046,S80,88
number one,4.22836971214156,5.81814242057505,S80,89
number one,5.39950729731373,6.86833502986897,S80,9
number one,4.52678162215333,5.59740074713882,S80,90
number two,2.11741148818043,3.33396249201007,S80,91
number one,5.65344792777658,6.88908097872239,S80,92
number one,2.07287603500647,3.19501947239768,S80,93
number two,4.76978860171201,5.91333624010124,S80,94
number two,3.8673293250146,5.05304825271566,S80,96
number three,3.21690927678951,4.53740986532712,S80,97
number two,3.87611450234034,5.0226771111369,S80,98
number four,5.08798268465252,6.0012889397297,S80,99
number two,1.85561291909128,2.68046047956144,S81,1
number two,1.62465980315766,2.26564987262167,S81,10
number one,2.21837226339222,3.01435056210407,S81,100
number two,4.2133413941802,5.09883924726132,S81,11
number four,2.1352426211752,2.92942148687257,S81,12
number one,2.4404083401029,3.24723869206497,S81,13
number three,2.27982331714164,2.96383465685218,S81,14
number two,3.91357480506419,4.74854355454611,S81,15
number two,2.18691766552275,2.94110788750919,S81,16
number two,4.66394763765241,5.93605277865276,S81,17
number two,2.51927354012279,3.24177797487801,S81,18
number two,3.53993187331797,4.54044199450698,S81,19
number one,1.36124983099116,2.35356328114782,S81,2
number two,3.95886025225146,4.73013215662653,S81,20
number three,3.55303669932636,4.3693461540587,S81,21
number three,3.44843052216825,4.22263583061169,S81,22
number one,1.69804782351608,2.50539293865394,S81,23
number one,2.93305695644085,3.77717904069291,S81,24
number three,3.6368409069558,4.55249269163392,S81,25
number two,1.47461222279326,2.27555686710103,S81,26
number one,1.52193117701996,2.25841553518239,S81,27
number two,2.97292605241393,3.76172900007553,S81,28
number one,2.35832405488597,3.2874472167421,S81,29
number three,3.18588392638399,4.02704500332492,S81,3
number one,1.49308568886531,2.18593852130617,S81,30
number two,3.4915048768492,4.64650388213775,S81,31
number three,5.0086766966738,5.80630472432678,S81,32
number one,1.39311846276556,2.14522998649771,S81,33
number three,2.11133187810732,2.95595529693058,S81,34
number one,1.45057477006508,2.23538270786246,S81,36
number one,1.4692828738319,2.39947709124267,S81,37
number four,4.07764776530704,5.1790171514043,S81,38
number two,3.48010732199731,4.50842286104802,S81,39
number two,2.82810097426461,3.72704359599242,S81,4
number two,4.23828186254193,5.16098416198323,S81,40
number two,1.89514923434849,2.56068082472632,S81,41
number two,1.65111881091456,2.39685398556932,S81,42
number one,3.48994670925505,4.04219807283867,S81,43
number one,1.93252286454793,2.86556220538581,S81,44
number one,2.87265159494613,3.60071472596621,S81,45
number two,4.48235984607762,5.29740452520028,S81,46
number two,5.40507668488462,6.37163407144607,S81,47
number two,3.86529590270985,4.73367004684354,S81,48
number two,2.82102272178842,3.6907442025822,S81,49
number three,3.08980710150294,3.85634766086234,S81,5
number two,1.2944712537601,1.81426120385874,S81,50
number two,2.79901786612289,3.38833267571854,S81,51
number one,1.63104311521522,2.38696239438099,S81,52
number four,4.78937806587569,5.54725493717661,S81,53
number three,3.95427629031575,5.03540429310094,S81,54
number three,6.32817856175776,7.18012355421454,S81,55
number one,6.43692399851899,7.22198011682333,S81,56
number two,1.89116592892234,2.70174708908746,S81,57
number two,2.1031024165962098,2.99230681322082,S81,58
number four,3.14361630111021,4.05302502804534,S81,59
number two,1.9230310773646,2.69232897686559,S81,6
number three,4.45181051852097,5.5253986085092,S81,60
number two,2.74689402454727,3.5710358372431,S81,61
number two,2.91846429077995,3.58003792429509,S81,62
number three,5.31391050175825,6.24752080696888,S81,63
number two,2.12420734207574,2.94416589576529,S81,64
number one,3.09364088706157,4.01956157540189,S81,65
number two,1.76414193979785,2.49423726631189,S81,66
number four,5.76019185773416,6.85005840061451,S81,67
number two,5.87877906906061,6.60461504114237,S81,68
number two,2.32565995052232,3.04422905810036,S81,7
number two,4.74185624209066,5.44441099266677,S81,71
number one,1.81844749857701,2.65322526346038,S81,73
number four,5.79135739429809,7.25973054372033,S81,74
number four,3.72543733594169,4.63100772006609,S81,75
number three,7.63286396584087,8.70341694251489,S81,76
number one,3.41191676844039,4.18535067815374,S81,78
number two,4.23465814530524,5.23618709969772,S81,79
number one,2.77859728370092,3.54225516927594,S81,8
number two,1.66364405171763,2.49554610579677,S81,80
number one,2.11946185373689,3.00555504162131,S81,81
number one,2.43662916604497,3.41137377387998,S81,82
number one,2.46375603964846,3.32158649108167,S81,83
number one,3.89908935271915,4.69436662853606,S81,84
number one,2.92404488727525,3.46272888402586,S81,85
number one,1.64824263591166,2.3822904483754,S81,88
number one,2.63177333104918,3.44017532710349,S81,89
number one,3.15344540968296,3.9846695679084,S81,9
number three,4.37549457974362,5.27889947703967,S81,90
number three,2.47137226339222,3.15318728021943,S81,93
number two,2.1867309729199,2.85366261966471,S81,94
number two,4.49031407461441,5.16391675370392,S81,95
number one,2.10172064449934,3.20612937143447,S81,96
number two,4.66193649688416,5.3526502023501,S81,97
number four,6.04018947042668,6.92961668241627,S81,98
number one,4.52282091141358,5.50338433255783,S82,1
number two,4.58795985786679,5.62798986499555,S82,10
number three,3.29936344361736,3.86322383586524,S82,100
number two,2.11759420193748,2.92942148687257,S82,11
number two,1.82058491796394,2.69069135208917,S82,12
number two,2.50911309316578,3.91346114270241,S82,13
number three,4.16548826516797,6.46030001602591,S82,14
number one,2.86767523776367,4.70952274849826,S82,15
number one,2.3309725883313,3.40257523426376,S82,16
number one,2.36505475149713,3.10743725120701,S82,17
number one,1.89770509384366,2.74298651429161,S82,18
number four,3.5173413941802,4.78101784770231,S82,19
number two,2.39848703651512,3.5379578500233,S82,2
number two,2.09787948518156,3.0203209215449,S82,20
number three,1.3437996743241,2.13290028938735,S82,21
number one,1.6991935321651,2.63831851765889,S82,22
number three,0.936641382575234,1.80247752044224,S82,23
number one,2.82316174929219,5.29740452520028,S82,24
number one,2.40548065378331,3.52394241541729,S82,25
number two,4.17674945981642,5.04002023685185,S82,26
number four,4.36466552090644,5.8196951135721,S82,27
number two,1.84946099349569,2.76687988306614,S82,28
number one,2.38350038222709,3.15417695179886,S82,29
number one,2.12648722072095,3.1569824212382,S82,3
number two,2.02548534734771,2.78511912774858,S82,30
number one,1.05061832369016,1.87779549837807,S82,31
number four,4.17276995087231,4.89504087711445,S82,32
number two,2.08229736346204,2.98236674458573,S82,33
number two,2.28233013736228,3.58103734404674,S82,34
number two,3.4869250079669,5.01261144176057,S82,35
number one,1.83097247228163,2.87028603848797,S82,37
number four,2.03427396932236,2.65345349816071,S82,38
number two,1.9376634670115,2.5788569549672,S82,39
number four,3.77925656187197,4.6638457460428,S82,4
number two,1.50929451011382,3.00272319759206,S82,40
number two,1.10207133186337,1.80252127300961,S82,41
number two,3.30641438942217,4.23330367803769,S82,42
number two,2.87864370356862,3.88510418865624,S82,43
number three,1.79580343949115,2.41565962079389,S82,44
number four,3.3232259597584,4.2528832816636,S82,45
number four,3.30015402554198,5.69773787142802,S82,46
number one,2.12327756686211,2.878287431084,S82,47
number one,2.67084541631437,3.56800949396818,S82,48
number one,1.98202665274071,3.26030372961532,S82,49
number one,4.52248274267736,5.5830246946328,S82,5
number one,2.6815040958165,4.34522987044804,S82,50
number one,1.52990284248007,2.28870404939663,S82,51
number two,1.47519893676398,2.13735298441066,S82,52
number one,2.28047403895216,2.93437098684586,S82,53
number two,1.68870821244826,2.90408247263162,S82,54
number two,3.25791066938555,5.13214971512569,S82,55
number three,3.55006993926734,4.82600770348757,S82,56
number one,3.94990702026817,4.62924669765009,S82,57
number one,3.73470637039002,4.66847334265415,S82,58
number one,3.50797683427555,5.07971641881773,S82,59
number two,2.01665542458522,2.63171460991654,S82,60
number two,3.33892988205301,4.39713749491131,S82,61
number three,3.9504558541532,5.11083649706837,S82,62
number one,3.58460648662389,4.42108670015529,S82,63
number four,4.25346695992234,5.52629276936878,S82,64
number one,1.15148499919871,1.82409545361605,S82,65
number one,2.6204414289951,3.25169998765821,S82,66
number one,2.95624663317805,3.58569158418851,S82,67
number one,1.92559298986315,2.5720952528317,S82,68
number four,4.50571777825671,5.61722675552756,S82,69
number one,1.39233176389971,2.20129801002448,S82,7
number one,1.9834018247429,3.11200740507413,S82,70
number four,4.51277576809224,5.63260053309166,S82,71
number one,1.47326921128592,2.38836147077298,S82,73
number two,1.9600110007718199,3.10205115395739,S82,74
number three,2.35205463544746,3.08500577853671,S82,75
number two,2.76720919887045,3.54620006410363,S82,76
number two,2.83384133615537,3.73655689841602,S82,77
number two,4.93316196665506,6.05895151886912,S82,79
number three,2.57749086615421,3.58103734404674,S82,8
number three,6.15729543851118,8.19547113771043,S82,80
number one,4.18134255467689,4.93190307457941,S82,81
number one,1.38826976021928,2.0768217090248,S82,82
number one,4.14609432443435,5.27058776762804,S82,83
number two,2.83833060156096,3.91970927163175,S82,84
number one,3.21971553831389,3.88448517972041,S82,85
number one,1.44047287845547,2.49496748214585,S82,86
number two,6.57478853355586,9.29745825619715,S82,87
number four,3.37631563299568,4.36518514343187,S82,88
number two,5.99309722567608,9.3580548675468,S82,89
number one,2.17158498243598,3.07505254655342,S82,9
number four,5.56001123471322,6.38890229723084,S82,90
number two,4.72640920218615,6.39471935321651,S82,92
number one,1.67399869950688,2.39516848017301,S82,93
number four,4.71139254076935,5.45692877313395,S82,94
number one,1.1467860965128,1.72496585745048,S82,95
number one,1.74488508688068,2.37424797419645,S82,96
number four,6.10117662207044,7.06056338246103,S82,97
number two,2.61649562419065,3.27963592824078,S82,98
number three,3.95890063753636,5.1320235341361,S82,99
number two,2.92006217867597,3.78032096943841,S83,1
number four,2.04065507643621,3.043496552588,S83,10
number three,4.57629515886959,5.32692899426773,S83,100
number two,3.57708051452371,4.43467596537667,S83,11
number one,3.03065910685964,3.85153478450682,S83,12
number two,2.28989019306613,3.0472500630905,S83,13
number one,4.12811080348739,5.21757349351872,S83,14
number two,5.28954847836779,6.57631317937411,S83,15
number four,6.11050610365999,7.20037264654034,S83,16
number four,5.4560661427853,6.34832877976536,S83,17
number one,2.50436046132507,3.35150050011881,S83,18
number two,1.03886883992698,1.84410616150061,S83,19
number two,5.24922871179341,6.44916902910636,S83,2
number four,1.84520298192388,2.57125480639047,S83,20
number one,1.73058138489623,2.46007018610314,S83,21
number one,2.20322857916522,2.95242186817863,S83,22
number one,1.7884293598295,2.50941114003143,S83,23
number two,4.27045769436938,5.02255006990611,S83,24
number one,2.1516294294593,2.87425621372297,S83,25
number three,2.88066807399916,3.56088508688068,S83,26
number one,2.30343537967583,2.96856809076189,S83,27
number two,2.80959330669717,3.47302705062529,S83,28
number two,3.91484922753288,4.66677275080084,S83,29
number one,3.94348947355817,4.69746533522697,S83,3
number two,8.42476577308421,9.16818824361589,S83,30
number one,1.37362830396171,2.04258965942185,S83,31
number one,2.88798291675186,3.90368675799591,S83,32
number one,1.2702591149647,1.99619157405719,S83,33
number two,1.07133094970997,1.60268292835683,S83,34
number four,3.26884236586593,4.16670423360246,S83,35
number two,3.00162903341678,4.03825762473958,S83,36
number two,2.41622169907768,3.31323632133601,S83,37
number three,5.84489011201556,7.04837160209332,S83,38
number three,5.7383965177731,7.19278377551942,S83,39
number two,2.39343887590238,3.02450943410129,S83,4
number three,3.12298442539756,3.84048819701181,S83,40
number two,2.48859375431732,3.24278397630376,S83,41
number three,1.57476137793325,2.46162223437981,S83,42
number one,2.39074919271798,3.21207622068595,S83,43
number one,4.61265113074745,5.62752463660796,S83,44
number two,2.30813169242785,3.08864695295936,S83,45
number two,4.06296746740939,5.00726619583658,S83,46
number two,4.08249597418171,4.95739940427837,S83,47
number four,3.7294058035887,4.63520347927961,S83,48
number four,3.60370845928407,4.82234313492524,S83,49
number one,1.56249385213062,2.16626878208635,S83,5
number three,4.63892494349486,5.47699619799179,S83,50
number three,2.86703316625865,3.72111927511324,S83,51
number four,3.60588861994839,4.68492822604265,S83,52
number one,2.59471774325761,3.60052022672053,S83,53
number three,2.96751482396371,3.83048669020817,S83,54
number two,2.06464894422432,3.17649935620065,S83,55
number one,3.7964729300331,4.5660961001785,S83,56
number four,3.8572329558956,4.57062086020436,S83,57
number three,4.41527013968328,5.21008910219923,S83,58
number one,2.29320561606717,2.98818066538828,S83,59
number one,3.24754872704565,4.10499124101306,S83,6
number three,4.09581046694334,4.85727501376939,S83,60
number one,3.38423211039087,4.50412178031245,S83,61
number four,5.74926412352106,7.20755587238957,S83,62
number one,3.58142819933281,4.28693127464904,S83,63
number two,1.95566436040975,2.83348552786942,S83,64
number three,6.06630578535232,6.90574078924827,S83,65
number four,5.44971043212844,7.25310488495425,S83,66
number two,2.27873120501924,3.15923137909374,S83,67
number two,2.65815880015694,3.74279763700769,S83,68
number four,4.86840034741219,5.71651744152847,S83,69
number two,2.7472681668389,3.53856212065113,S83,7
number one,3.99935485594184,4.91820712471287,S83,70
number two,1.96584569814928,2.88222362218649,S83,71
number one,2.30377843723463,3.02842622648843,S83,72
number two,4.76068687404558,5.87161295040627,S83,73
number one,2.8450061451063,3.59065826135491,S83,74
number one,3.24584319295008,3.96463163440302,S83,75
number one,3.02311221717906,3.73529391605509,S83,76
number one,2.8942507152315202,3.6678624672371,S83,77
number two,4.39412465439576,5.28840752623468,S83,78
number two,2.62948514149573,3.39307255127072,S83,79
number one,6.13210415734125,7.1800858878076,S83,8
number two,1.89549697561644,2.63505180006511,S83,80
number two,3.2723318701116,4.00962967084399,S83,81
number one,2.29179346230516,2.96334437990141,S83,82
number four,3.99192342864938,4.85596000549674,S83,83
number one,1.11286435111408,1.7779457388329,S83,84
number one,1.39937771380593,2.08955814870029,S83,85
number two,1.28226383886888,1.99923862878485,S83,86
number two,2.35907132357561,3.02666736955068,S83,87
number two,5.37203730795425,6.19169016657881,S83,88
number two,4.70086380547181,5.40829704577045,S83,89
number three,1.87203165761295,2.65770126420457,S83,9
number two,5.31458845838923,6.23655361724875,S83,90
number one,1.4235534374959,2.1288515769028,S83,91
number two,1.9927757030604,2.74191525812676,S83,92
number one,2.31921703828467,2.99615161060226,S83,93
number two,2.70665339788308,3.41046741719358,S83,94
number two,2.95096802784926,3.63324053382898,S83,95
number one,1.88831746300535,2.56967010481775,S83,96
number two,2.81587217859436,3.50018652901967,S83,97
number one,1.75605113178773,2.42104652037137,S83,98
number one,1.80758483746143,2.40267889523568,S83,99
number two,4.10164101509621,5.17084141061966,S84,1
number four,1.6553506077494,2.41398308844949,S84,10
number two,1.55826104480415,2.19433242045769,S84,100
number four,5.31115260545864,5.92107153524718,S84,11
number one,2.10253111219299,2.81951805810485,S84,12
number one,1.65569888744751,2.36911886501032,S84,13
number two,4.21985105981939,5.08112387121095,S84,14
number one,1.24149470905071,1.94431883114287,S84,15
number three,2.96375637744602,4.09763864571857,S84,16
number two,2.73529603411474,3.44974473550965,S84,17
number one,1.93084923776396,2.65513939715265,S84,18
number two,2.36557370488078,3.272496635262,S84,19
number one,3.25910933978965,4.05362704611652,S84,2
number one,1.90896465790346,2.64279346398509,S84,20
number two,2.40792507229592,3.3151685943899,S84,21
number two,3.35288450224758,4.86642301588981,S84,22
number two,3.23735017970244,4.04541274981865,S84,23
number one,2.8572330829897,3.79200013842649,S84,24
number one,1.50618936541871,2.21034411547994,S84,25
number two,3.34332679167385,4.16014077167391,S84,26
number one,2.74154186813264,3.51095399570407,S84,27
number one,1.08642377790747,1.7507050470902,S84,28
number four,3.66810334948421,4.69755871853359,S84,29
number one,2.17360245458385,2.99853119686162,S84,3
number one,1.54758043603671,2.32483844251386,S84,30
number two,2.16269699013106,2.9904190714069,S84,31
number one,2.00471431830499,2.88905104543917,S84,32
number two,1.76693771513643,2.57156412993409,S84,33
number three,2.0322834396563,2.86980180216503,S84,34
number one,1.51556460300325,2.38277879346533,S84,35
number three,4.40074061261784,5.19392333658904,S84,36
number two,2.02549284634089,2.83190945832573,S84,37
number three,2.98326250533799,3.86220414748603,S84,38
number one,1.07416456960618,1.8008859281748,S84,39
number two,2.14211438530072,2.92531177508787,S84,4
number two,3.48224171482195,4.31010313646869,S84,40
number one,1.00102933263986,1.71158829677967,S84,41
number one,1.21053291576916,1.95109977223467,S84,42
number three,1.49629317654854,2.3442359405559,S84,43
number two,1.99378292106095,2.92589815506387,S84,44
number two,1.11988752915104,1.83331893697865,S84,45
number four,3.22774477784397,3.87561218677227,S84,46
number three,2.15615618270818,2.99773228922131,S84,47
number two,1.94431883114287,2.82563796836955,S84,48
number two,1.71969285043992,2.71214645656751,S84,49
number two,4.18105417817841,5.01117715936081,S84,5
number three,2.60074840213163,3.34853991168256,S84,50
number four,1.65184426348205,2.45540330926661,S84,51
number two,0.977284197306126,1.66070753137527,S84,52
number one,2.00007227609768,2.84895232181874,S84,53
number three,1.67717305293234,2.48245806870187,S84,54
number four,2.0063790728718,2.98887891411812,S84,55
number one,1.32617552948971,2.3335019058841,S84,56
number one,1.51604934165102,2.24144660383045,S84,57
number one,1.2245663645811,1.94541909862182,S84,58
number two,2.67090571173894,3.54116035263812,S84,59
number one,2.50747253057394,3.12173133233142,S84,6
number four,2.46478630948601,3.43011716726993,S84,60
number one,2.75814081535217,3.55313859280068,S84,61
number two,1.39240493779376,2.121293692288,S84,62
number one,3.41534687023424,4.15679548998441,S84,63
number four,2.64832726037518,3.39627298778454,S84,64
number two,3.24368965856704,3.97614102702374,S84,65
number two,3.04452533792694,4.27405606205538,S84,66
number one,1.96531250216291,2.9041258713393,S84,67
number one,1.16697454733363,1.81092137543514,S84,68
number three,4.03682715605134,4.82390575575318,S84,69
number three,1.89645681547178,2.60464245748677,S84,7
number one,2.6154426801787,3.65399654000979,S84,70
number two,1.85730259593342,2.68377932264425,S84,71
number four,4.29840285131685,5.18580470374548,S84,72
number four,2.44699122705337,3.22676389178677,S84,73
number two,4.55931398386391,5.33250281607185,S84,74
number four,3.62154254682562,4.59446382616859,S84,75
number four,2.38825380563644,3.08019631563793,S84,76
number two,1.73954936265018,2.59244143131644,S84,77
number three,2.10544822597385,3.01990370085902,S84,78
number two,2.86502623753112,3.49306213702945,S84,79
number four,1.99034004063422,2.68762048429783,S84,8
number two,1.13610275680381,1.72390412420216,S84,80
number four,2.45916692520837,3.29850360698435,S84,81
number one,1.82224631246285,2.64248211459227,S84,82
number one,1.195306448356,2.01497073724536,S84,83
number two,3.11165155768437,4.51229334588579,S84,84
number one,1.06880474305591,1.69396330018153,S84,85
number one,1.6515403877756,2.3315839921191,S84,86
number one,1.74916687212248,3.01990370085902,S84,87
number four,1.770883587692,2.34157403011582,S84,88
number two,2.83528853354944,3.5997283144996,S84,89
number two,1.56812223058829,2.20603387887481,S84,9
number one,4.43571920657432,5.24681297405612,S84,90
number four,3.1811398628301,4.25697924644249,S84,92
number four,2.2455291691823702,2.80332609147773,S84,93
number four,2.03052021547494,2.48112411446527,S84,94
number two,2.22899378391155,2.86492291626978,S84,95
number one,1.06434646805826,1.78194066946678,S84,96
number two,4.01477286666136,4.89484610502471,S84,97
number one,1.89356439133168,2.99612773404912,S84,98
number three,1.13849803229436,1.94193134516611,S84,99
number one,2.49783217266756,3.14444352249716,S85,10
number three,3.45669162711264,4.16691113053114,S85,100
number one,1.73211087155265,2.46179520876361,S85,11
number one,0.946571439994974,1.67350199055273,S85,12
number two,1.23162979784693,1.93646564654409,S85,13
number one,1.29532363474357,1.94592142549715,S85,14
number two,2.71612792623346,3.90139975788804,S85,15
number three,3.46304053913757,4.215548212232,S85,16
number two,1.39599869771586,2.14154152945813,S85,17
number four,3.57915506084886,4.54501243654473,S85,18
number three,2.7551239027937,3.52712398746232,S85,19
number two,1.58326369069878,2.36833999829991,S85,2
number two,1.87459590922851,2.58448393496777,S85,20
number two,2.37862448959433,3.0024150435993,S85,21
number three,2.9359066024394598,3.88838585106587,S85,22
number two,1.35824554910125,2.0318125476891,S85,23
number one,3.45372001227023,4.58399031686562,S85,24
number one,1.16426729079541,1.80986951153257,S85,25
number four,2.08409245007827,3.37573233021168,S85,26
number one,3.65763161822244,4.42661411298356,S85,27
number two,0.995591562569612,1.77082913366858,S85,28
number one,1.95537813714907,2.80505249555742,S85,29
number two,1.93791517345813,2.78722956924163,S85,3
number one,1.7954225290452,2.4321454297924,S85,30
number two,2.64733853776607,3.42004729885237,S85,32
number one,2.0279863374401,2.73778292106095,S85,33
number three,0.921854466051744,1.58515273246158,S85,34
number one,1.17437991955808,1.91423809960592,S85,35
number three,2.72197125903258,4.35566181333995,S85,36
number four,3.79197981795573,5.00518812394815,S85,37
number two,2.23347647976067,3.04415150039865,S85,38
number one,1.89368648349348,2.55133819909156,S85,39
number one,1.46543764105138,2.09854186510876,S85,4
number two,4.0444055318181,4.59271533432852,S85,40
number two,2.43380153471968,3.3998015165764,S85,41
number three,2.99029477786077,4.01434399452476,S85,42
number one,1.8245952742138,2.30984430581637,S85,43
number two,3.43053672585743,4.83613924898255,S85,44
number one,1.75405760893778,2.46037848489522,S85,45
number three,2.89527435894593,3.60612252692849,S85,46
number four,4.44337695178827,5.50734174173448,S85,47
number two,2.15693393528696,2.6820072794861,S85,48
number three,2.76295851942792,3.50900137989705,S85,49
number three,3.26553174418382,4.15460223384064,S85,5
number three,2.58498870379386,3.15721225316323,S85,50
number one,1.43083306605598,2.15430024637899,S85,51
number three,2.45011304404213,3.17265437291625,S85,52
number two,2.56419851702226,3.14730204558734,S85,53
number three,1.84317885273337,2.39241450669268,S85,54
number one,3.54509321041599,4.81474416399641,S85,56
number one,1.80758483746143,2.47096837727534,S85,57
number one,2.08971349278586,2.70279860592432,S85,58
number four,2.81711818631735,4.03811140980322,S85,6
number four,2.77349733377818,3.66022298625579,S85,60
number four,3.92698482718024,4.92252787059408,S85,61
number four,3.5969297986197,4.36414804108041,S85,62
number two,2.49126622941368,3.2815892099913,S85,63
number one,2.76335098405441,3.51185044429191,S85,64
number two,2.34263657301712,3.02640698798411,S85,65
number two,2.86741482420004,3.54116035263812,S85,66
number two,2.73248723704427,3.79344441588558,S85,69
number two,1.44659573989125,2.15458634167353,S85,7
number three,3.22620711088802,3.76320095124532,S85,70
number two,4.23093864649134,5.02442400033061,S85,71
number two,3.49790001642975,4.24399512953796,S85,73
number one,2.0373733049895,2.74878718036333,S85,74
number two,3.55682980631379,4.32528650889407,S85,75
number one,2.1466734656919,2.84826311918554,S85,76
number two,2.62972940914401,3.24515935946167,S85,77
number four,2.82807488738568,3.65778692333356,S85,78
number one,2.53652720063676,3.10490854813798,S85,79
number three,2.55803718095131,3.4092490006918,S85,8
number three,3.21593274085453,4.01434399452476,S85,81
number four,3.56920370297573,4.39166840674137,S85,83
number four,2.39062046178673,3.01441101579171,S85,85
number two,2.04410868360778,2.88886240373563,S85,86
number four,2.60631353935361,3.70697945811406,S85,87
number two,2.28506399973927,3.55546935079657,S85,88
number three,1.71899774653774,2.5205107749229,S85,89
number four,2.36734548059358,3.2198146294622,S85,9
number one,2.22267685109308,2.93043921044488,S85,91
number three,2.87595382468689,3.755581282723,S85,92
number one,2.50755187717404,3.42921948628318,S85,93
number two,2.14018089250814,3.38974614934135,S85,94
number two,2.63735539152689,3.50018652901967,S85,96
number three,2.93732199580084,3.84807442775599,S85,98
number three,5.65223627923042,6.66991847553463,S86,1
number one,2.62759729551109,3.27492192587022,S86,10
number three,8.38782750625497,9.05589972092048,S86,11
number three,4.14900138880827,4.83241682249752,S86,12
number one,2.4713544719318,3.08019352579249,S86,13
number two,3.75204506883335,4.37827870659413,S86,14
number two,6.33814333746359,7.54586396744923,S86,15
number two,2.36949767536544,3.13312385292933,S86,16
number two,1.85477346891108,2.5108168542385,S86,17
number one,6.47760648189039,7.16550840561277,S86,18
number one,4.21128106669897,4.98371033715823,S86,19
number one,1.61318255866578,2.4243770213375,S86,2
number two,3.47993918461,4.28127289479742,S86,20
number one,1.46449098031694,2.19604421642529,S86,21
number two,2.1159866328956,2.8307528361495,S86,22
number one,1.47920347681548,2.08245131978846,S86,23
number one,2.72239342389608,3.38820804701255,S86,24
number three,4.77653453163962,5.39957256446126,S86,25
number four,6.74931634629863,7.44146083114834,S86,26
number two,5.45312200006337,6.12500032329819,S86,27
number one,2.63912943003342,3.39003223953115,S86,28
number three,5.0593875762085,5.83169851616505,S86,29
number three,2.38003260145368,3.19199942344696,S86,3
number one,2.67823404938415,3.25390081615268,S86,30
number two,4.80065843419928,5.5019697097915,S86,31
number two,6.00882778693275,6.74485668693099,S86,32
number one,1.71781328393853,2.36650609654026,S86,33
number three,7.67307951873713,8.5363198414521,S86,34
number two,1.30416109278714,1.90951359857244,S86,35
number three,3.38517725629471,4.12562276849242,S86,36
number two,5.55287468956504,6.44611781344993,S86,37
number two,2.79602106513435,3.65962894676852,S86,38
number two,1.5902763248987,2.41131323725236,S86,39
number one,1.58614877829455,2.37254619617106,S86,4
number two,3.26122007634099,3.91154952925484,S86,40
number one,3.00932069638374,3.67053428432912,S86,41
number three,4.39346903781916,5.12971900311998,S86,42
number three,2.80047183141836,3.52078790937668,S86,43
number two,6.17266412234074,6.91486006291557,S86,44
number one,3.30957097460805,3.97382754158504,S86,45
number two,2.58111564065056,3.23837049411909,S86,46
number one,1.69854320320932,2.44437983191298,S86,47
number four,5.76892260274952,6.445863927072,S86,48
number four,4.0218098058893,4.63947731458933,S86,49
number one,3.05832823935394,3.79740011838378,S86,5
number four,6.66765491941799,7.44364795939397,S86,50
number one,1.32831602580441,1.91363940951674,S86,51
number one,3.8142724885016,4.43341856068094,S86,52
number three,1.69459554667257,2.40578458021847,S86,53
number four,2.39369070821932,3.10919619321287,S86,54
number one,2.78791703265536,3.49986919573897,S86,55
number two,0.985062221582916,1.58860229471616,S86,56
number one,2.90539803390958,3.76720975996021,S86,57
number two,1.65406135599617,2.4612997809816,S86,58
number one,8.63946286515101,9.5060539927607,S86,59
number one,1.64562312179313,2.34457346537807,S86,6
number two,1.86874913209998,2.42281183792919,S86,60
number one,3.78939399674795,4.69886876476818,S86,61
number two,1.59405436625002,2.20696745679847,S86,62
number two,3.97589766728999,4.72087562384914,S86,63
number two,3.62362144165197,4.28993497584517,S86,64
number two,1.21941865209049,1.84217550801698,S86,65
number one,1.4870924596375,2.25823478178213,S86,66
number four,2.70067734139532,4.08842568025108,S86,67
number two,5.79940986948343,6.63886666963888,S86,68
number two,1.22986167043381,1.74068150473577,S86,69
number one,2.81999553607354,3.56647931073835,S86,7
number one,4.48447545527423,5.28954986292773,S86,70
number three,5.58671487707238,6.340352688324,S86,71
number one,1.96607562934493,3.61683928883371,S86,72
number four,5.02262677396914,5.80235135082845,S86,73
number two,1.2863743607991,1.97538002118122,S86,74
number two,1.63052206012449,2.34784474732971,S86,75
number two,1.66930628732265,2.48158825662081,S86,76
number four,7.03581269846878,7.80981221394209,S86,77
number two,2.92394925368029,3.63861052662275,S86,78
number two,1.46249841982051,2.26059314478852,S86,79
number four,7.31289150667893,8.18046009117962,S86,8
number one,1.25949548994817,1.92667768964888,S86,80
number four,2.40164024734415,3.07320605086353,S86,81
number three,6.34935145934224,7.13805764689949,S86,82
number three,2.28923735274581,2.87939881117114,S86,83
number one,1.44150048662967,2.13900580506717,S86,84
number four,5.33791571590922,6.1116403381929,S86,85
number one,1.25273150744161,1.9647383311925,S86,86
number one,3.02959030015699,3.51849400804797,S86,87
number one,2.05729459811623,2.71079512680551,S86,88
number one,1.9978014679925,2.74299746156242,S86,89
number one,1.6211191383276,2.22474506353384,S86,90
number four,5.42560524477711,6.62066610082473,S86,91
number one,1.23974350704793,1.87006897271088,S86,92
number two,1.64622356700811,2.27710850958412,S86,93
number one,1.5493570717764,2.18076893712846,S86,94
number two,1.61265168615569,2.33403803814919,S86,95
number two,1.17069740326781,1.88543021960443,S86,96
number one,6.22116764651535,7.12810894560207,S86,97
number one,1.3513210451981,2.14544514964388,S86,98
number three,7.22469501652522,7.85599210961743,S86,99
number one,1.73342282490178,2.44947533075478,S9,10
number one,2.15243252264879,2.78820895359071,S9,100
number three,2.92564303480234,3.6714011425122,S9,11
number one,2.20670578226208,2.91247055296541,S9,12
number one,2.20018751323294,2.84312098763624,S9,13
number three,2.26786377229159,2.96414860427981,S9,14
number four,1.87989563018678,2.65005610948299,S9,15
number two,2.38590726845945,3.15251871526259,S9,16
number one,1.65040554322007,2.44721144326418,S9,17
number four,1.6267782038758,2.39395834815524,S9,18
number three,2.19009955236318,2.90416743801596,S9,19
number three,2.48339232685929,3.2238018446892,S9,2
number two,2.58778226573914,3.23957678927103,S9,20
number one,1.57126921524133,2.29561220564406,S9,21
number two,1.52942356604794,2.25496358885588,S9,22
number one,2.97573757242904,3.64202103154773,S9,23
number four,1.85492924881257,2.54757509789577,S9,24
number one,1.32973365151365,2.0219920218992,S9,25
number one,1.65629090841048,2.32784684552208,S9,26
number four,2.8310259134718,3.56485521270427,S9,27
number two,2.37987942666528,3.04803767642136,S9,28
number one,2.47995389843084,3.16938481655107,S9,29
number one,3.00321109343669,3.69598840850658,S9,3
number three,2.5349319270268,3.23121675901502,S9,30
number two,1.3437329083336,2.00133961233012,S9,31
number one,1.29077789635303,2.01010442147379,S9,32
number two,1.11200602354136,1.73456018324452,S9,33
number three,2.11050570778136,2.73406524730262,S9,34
number one,1.25755457075048,1.89413363613751,S9,35
number two,1.21717703528926,2.58658210685237,S9,36
number one,1.47741203231674,2.16964360428897,S9,37
number one,3.30347608125679,3.98809866111661,S9,38
number two,2.07423573369911,2.7106694945745202,S9,39
number two,3.69796205144539,4.43826162988292,S9,4
number four,2.28143381680714,2.89586432306651,S9,40
number two,2.03695977044808,2.70594174192534,S9,41
number one,1.35204965679279,2.06085198371512,S9,42
number two,3.02754649827761,3.69094462495136,S9,43
number one,1.27490920857834,1.86304651749778,S9,44
number one,2.41611568469885,3.6146330954303,S9,45
number four,2.7005254970347,3.41622632862754,S9,46
number one,2.00546928443396,2.63667900215368,S9,47
number one,1.10711176358007,1.71589615167381,S9,48
number one,1.43967130127083,2.07946782370077,S9,49
number one,4.03406131703137,4.73256086215393,S9,5
number one,2.29776184110144,2.90923782229129,S9,50
number two,1.82636653338646,2.44760559390438,S9,51
number three,2.37311052820088,3.08072834328816,S9,52
number one,1.41193997366938,2.19731085895057,S9,53
number four,2.20853393764,2.82944713384502,S9,54
number three,1.71988898183724,2.35018370946908,S9,55
number four,2.24463261746831,2.92945969997411,S9,56
number four,2.07790822763763,2.80587921798911,S9,57
number one,2.69395825866448,3.28511566090244,S9,58
number two,1.00080569258827,1.63672632974618,S9,59
number four,2.06389548537447,2.82943576445138,S9,6
number two,1.64520738323134,2.61351950420495,S9,60
number one,2.13346529233274,2.79708670250771,S9,61
number three,1.81369013704085,2.47814691087067,S9,62
number two,0.862421468506678,1.47408251250989,S9,63
number two,1.4692760063693,2.30025175051035,S9,64
number one,1.55612731198857,2.20741387379241,S9,65
number one,1.1945868222016,1.86713913310713,S9,66
number two,1.704549791334,2.37931626622605,S9,67
number two,1.77425126359929,2.43833439725638,S9,68
number two,1.56577234812961,2.26161489646835,S9,69
number two,2.37404983618107,3.09685675031815,S9,7
number four,1.80347412791768,2.45176750464589,S9,70
number two,1.37574188344277,2.00459960107462,S9,71
number two,1.64674109450041,2.24139404223435,S9,72
number one,1.74793310566072,2.38242255378547,S9,73
number one,2.24196982900554,2.91506184238278,S9,74
number two,2.86588126244608,3.50029459868379,S9,75
number two,4.77933409359797,5.67006447849568,S9,76
number one,2.31658456174649,3.02322665099765,S9,77
number four,2.38372865426854,3.04789481907512,S9,78
number three,3.30807856393372,3.9779116046933,S9,79
number two,1.87872077603128,2.58594759787492,S9,8
number one,1.45189875666833,2.18535188964814,S9,80
number two,2.23146792620836,2.97016838621118,S9,81
number four,2.60355408383941,3.31919956133259,S9,82
number one,1.83675334049666,2.41463805972654,S9,83
number four,3.21585351421042,3.92858938692528,S9,84
number one,3.69729174128467,4.38956395019514,S9,85
number four,3.65032096876183,4.3374037308289,S9,86
number three,2.24270858494981,2.95656471920547,S9,87
number one,2.83665141134039,3.5826823356843,S9,88
number one,3.19587139609035,3.90877684565021,S9,89
number two,1.83050076545104,2.49754424514447,S9,9
number three,2.3374743715766,3.00589159944182,S9,90
number four,2.19797266830313,2.90416906918835,S9,91
number two,1.90650491863562,2.56036138237996,S9,92
number three,2.20308418903783,2.8989544144264,S9,93
number one,1.56357909569185,2.24347966332764,S9,94
number one,1.29563665370474,1.99397013652832,S9,95
number four,3.52140222819776,4.31491335118674,S9,96
number one,3.74249963949463,4.49164818580884,S9,97
number two,4.30336265091141,4.9558491006891,S9,98
number three,5.87390854248238,6.59833906704668,S9,99
