"ID","target_ID","trial_num","gender","n_images","rank_target","miss"
"jgb6u1hx1sd4","images/women/image_4338.jpg",1,"woman",5,1,0
"jgb6u1hx1sd4","images/women/image_513.jpg",2,"woman",3,2,1
"jgb6u1hx1sd4","images/men/image_2948.jpg",3,"man",4,4,1
"jgb6u1hx1sd4","images/women/image_8398.jpg",4,"woman",4,1,0
"jgb6u1hx1sd4","images/women/image_503.jpg",5,"woman",3,2,1
"jgb6u1hx1sd4","images/men/image_1835.jpg",6,"man",4,2,1
"jgb6u1hx1sd4","images/men/image_5120.jpg",7,"man",3,2,1
"jgb6u1hx1sd4","images/men/image_4735.jpg",8,"man",5,1,0
"jgb6u1hx1sd4","images/men/image_3973.jpg",9,"man",3,1,0
"jgb6u1hx1sd4","images/women/image_5284.jpg",10,"woman",5,1,0
"jgb6u1hx1sd4","images/women/image_9590.jpg",11,"woman",4,1,0
"jgb6u1hx1sd4","images/women/image_4558.jpg",12,"woman",3,1,0
"jgb6u1hx1sd4","images/men/image_741.jpg",13,"man",3,3,1
"jgb6u1hx1sd4","images/women/image_1155.jpg",14,"woman",4,2,1
"jgb6u1hx1sd4","images/women/image_9069.jpg",15,"woman",5,5,1
"jgb6u1hx1sd4","images/women/image_4243.jpg",16,"woman",4,1,0
"jgb6u1hx1sd4","images/women/image_9708.jpg",17,"woman",5,1,0
"jgb6u1hx1sd4","images/men/image_8677.jpg",18,"man",5,4,1
"jgb6u1hx1sd4","images/women/image_9274.jpg",19,"woman",3,3,1
"jgb6u1hx1sd4","images/men/image_4524.jpg",20,"man",5,3,1
"jgb6u1hx1sd4","images/men/image_3908.jpg",21,"man",3,1,0
"jgb6u1hx1sd4","images/women/image_3524.jpg",22,"woman",5,4,1
"jgb6u1hx1sd4","images/men/image_9109.jpg",23,"man",4,1,0
"jgb6u1hx1sd4","images/men/image_1202.jpg",24,"man",4,1,0
"jgb6u1hx1sd4","images/men/image_156.jpg",25,"man",4,2,1
"jgb6u1hx1sd4","images/women/image_6010.jpg",26,"woman",4,1,0
"jgb6u1hx1sd4","images/women/image_8299.jpg",27,"woman",4,1,0
"jgb6u1hx1sd4","images/men/image_1542.jpg",28,"man",3,3,1
"jgb6u1hx1sd4","images/men/image_1943.jpg",29,"man",5,2,1
"jgb6u1hx1sd4","images/women/image_2689.jpg",30,"woman",4,3,1
"jgb6u1hx1sd4","images/women/image_295.jpg",31,"woman",3,3,1
"jgb6u1hx1sd4","images/women/image_4146.jpg",32,"woman",5,1,0
"jgb6u1hx1sd4","images/men/image_752.jpg",33,"man",3,2,1
"jgb6u1hx1sd4","images/men/image_4317.jpg",34,"man",5,2,1
"jgb6u1hx1sd4","images/men/image_1129.jpg",35,"man",4,3,1
"jgb6u1hx1sd4","images/women/image_3049.jpg",36,"woman",3,3,1
"jgb6u1hx1sd4","images/women/image_3599.jpg",37,"woman",5,1,0
"jgb6u1hx1sd4","images/men/image_3648.jpg",38,"man",3,3,1
"jgb6u1hx1sd4","images/men/image_1787.jpg",39,"man",5,2,1
"jgb6u1hx1sd4","images/men/image_4993.jpg",40,"man",4,2,1
"jgb6u1hx1sd4","images/women/image_3389.jpg",41,"woman",3,1,0
"jgb6u1hx1sd4","images/men/image_1068.jpg",42,"man",5,4,1
"jgb6u1hx1sd4","images/women/image_6149.jpg",43,"woman",4,2,1
"jgb6u1hx1sd4","images/women/image_5218.jpg",44,"woman",3,1,0
"jgb6u1hx1sd4","images/men/image_4658.jpg",45,"man",4,4,1
"jgb6u1hx1sd4","images/men/image_2914.jpg",46,"man",4,3,1
"jgb6u1hx1sd4","images/women/image_3458.jpg",47,"woman",3,3,1
"jgb6u1hx1sd4","images/men/image_1803.jpg",48,"man",3,3,1
"jgb6u1hx1sd4","images/women/image_78.jpg",49,"woman",5,5,1
"jgb6u1hx1sd4","images/women/image_6340.jpg",50,"woman",4,1,0
"jgb6u1hx1sd4","images/men/image_3806.jpg",51,"man",5,1,0
"jgb6u1hx1sd4","images/women/image_3010.jpg",52,"woman",4,4,1
"jgb6u1hx1sd4","images/women/image_877.jpg",53,"woman",3,3,1
"jgb6u1hx1sd4","images/men/image_5382.jpg",54,"man",4,3,1
"jgb6u1hx1sd4","images/men/image_1928.jpg",55,"man",4,2,1
"jgb6u1hx1sd4","images/women/image_3851.jpg",56,"woman",4,3,1
"jgb6u1hx1sd4","images/women/image_7911.jpg",57,"woman",5,1,0
"jgb6u1hx1sd4","images/men/image_762.jpg",58,"man",3,3,1
"jgb6u1hx1sd4","images/men/image_1971.jpg",59,"man",3,1,0
"jgb6u1hx1sd4","images/men/image_1592.jpg",60,"man",3,1,0
"jgb6u1hx1sd4","images/women/image_1452.jpg",61,"woman",4,1,0
"jgb6u1hx1sd4","images/women/image_4240.jpg",62,"woman",4,4,1
"jgb6u1hx1sd4","images/men/image_3757.jpg",63,"man",4,4,1
"jgb6u1hx1sd4","images/women/image_2806.jpg",64,"woman",5,3,1
"jgb6u1hx1sd4","images/women/image_1884.jpg",65,"woman",3,1,0
"jgb6u1hx1sd4","images/men/image_497.jpg",66,"man",4,1,0
"jgb6u1hx1sd4","images/women/image_1684.jpg",67,"woman",3,2,1
"jgb6u1hx1sd4","images/men/image_1885.jpg",68,"man",4,2,1
"jgb6u1hx1sd4","images/women/image_4965.jpg",69,"woman",3,2,1
"jgb6u1hx1sd4","images/women/image_4311.jpg",70,"woman",5,2,1
"jgb6u1hx1sd4","images/men/image_1865.jpg",71,"man",3,3,1
"jgb6u1hx1sd4","images/women/image_5968.jpg",72,"woman",5,4,1
"jgb6u1hx1sd4","images/men/image_930.jpg",73,"man",5,1,0
"jgb6u1hx1sd4","images/men/image_9751.jpg",74,"man",5,5,1
"jgb6u1hx1sd4","images/women/image_1665.jpg",75,"woman",5,3,1
"jgb6u1hx1sd4","images/women/image_1593.jpg",76,"woman",4,4,1
"jgb6u1hx1sd4","images/men/image_10.jpg",77,"man",3,3,1
"jgb6u1hx1sd4","images/men/image_5640.jpg",78,"man",5,3,1
"jgb6u1hx1sd4","images/men/image_801.jpg",79,"man",5,3,1
"jgb6u1hx1sd4","images/women/image_4988.jpg",80,"woman",3,2,1
"jgb6u1hx1sd4","images/men/image_9741.jpg",81,"man",5,2,1
"jgb6u1hx1sd4","images/women/image_595.jpg",82,"woman",5,3,1
"jgb6u1hx1sd4","images/men/image_3558.jpg",83,"man",5,2,1
"jgb6u1hx1sd4","images/men/image_383.jpg",84,"man",3,2,1
"jgb6u1hx1sd4","images/men/image_9142.jpg",85,"man",3,1,0
"jgb6u1hx1sd4","images/women/image_9904.jpg",86,"woman",4,1,0
"jgb6u1hx1sd4","images/men/image_193.jpg",87,"man",4,1,0
"jgb6u1hx1sd4","images/women/image_5124.jpg",88,"woman",4,1,0
"jgb6u1hx1sd4","images/men/image_480.jpg",89,"man",5,4,1
"jgb6u1hx1sd4","images/women/image_2029.jpg",90,"woman",5,4,1
"jgb6u1hx1sd4","images/women/image_1994.jpg",91,"woman",5,3,1
"jgb6u1hx1sd4","images/men/image_592.jpg",92,"man",3,3,1
"jgb6u1hx1sd4","images/men/image_5238.jpg",93,"man",5,4,1
"jgb6u1hx1sd4","images/men/image_9775.jpg",94,"man",5,4,1
"jgb6u1hx1sd4","images/men/image_5268.jpg",95,"man",4,2,1
"jgb6u1hx1sd4","images/men/image_5528.jpg",96,"man",3,3,1
"jgb6u1hx1sd4","images/men/image_3404.jpg",97,"man",5,1,0
"jgb6u1hx1sd4","images/men/image_5794.jpg",98,"man",3,3,1
"jgb6u1hx1sd4","images/men/image_8952.jpg",99,"man",4,4,1
"jgb6u1hx1sd4","images/women/image_4435.jpg",100,"woman",3,3,1
"jgb6u1hx1sd4","images/women/image_494.jpg",101,"woman",3,2,1
"jgb6u1hx1sd4","images/women/image_451.jpg",102,"woman",3,1,0
"jgb6u1hx1sd4","images/women/image_2065.jpg",103,"woman",3,3,1
"jgb6u1hx1sd4","images/men/image_4603.jpg",104,"man",4,1,0
"jgb6u1hx1sd4","images/women/image_1567.jpg",105,"woman",5,5,1
"jgb6u1hx1sd4","images/women/image_7755.jpg",106,"woman",4,1,0
"jgb6u1hx1sd4","images/women/image_335.jpg",107,"woman",3,3,1
"jgb6u1hx1sd4","images/women/image_8622.jpg",108,"woman",3,1,0
"jgb6u1hx1sd4","images/men/image_903.jpg",109,"man",5,4,1
"jgb6u1hx1sd4","images/women/image_4351.jpg",110,"woman",4,4,1
"jgb6u1hx1sd4","images/women/image_288.jpg",111,"woman",4,2,1
"jgb6u1hx1sd4","images/men/image_4208.jpg",112,"man",5,2,1
"jgb6u1hx1sd4","images/women/image_694.jpg",113,"woman",4,2,1
"jgb6u1hx1sd4","images/men/image_3785.jpg",114,"man",4,3,1
"jgb6u1hx1sd4","images/women/image_2041.jpg",115,"woman",5,1,0
"jgb6u1hx1sd4","images/women/image_9049.jpg",116,"woman",3,1,0
"jgb6u1hx1sd4","images/women/image_3722.jpg",117,"woman",5,3,1
"jgb6u1hx1sd4","images/men/image_4044.jpg",118,"man",3,1,0
"jgb6u1hx1sd4","images/women/image_2232.jpg",119,"woman",4,2,1
"jgb6u1hx1sd4","images/men/image_3632.jpg",120,"man",3,1,0
"jgb6u1hx1sd4","images/men/image_13.jpg",121,"man",5,4,1
"jgb6u1hx1sd4","images/women/image_1897.jpg",122,"woman",5,1,0
"jgb6u1hx1sd4","images/men/image_5330.jpg",123,"man",4,4,1
"jgb6u1hx1sd4","images/men/image_9647.jpg",124,"man",3,1,0
"jgb6u1hx1sd4","images/women/image_3582.jpg",125,"woman",5,3,1
"jgb6u1hx1sd4","images/men/image_1051.jpg",126,"man",4,3,1
"jgb6u1hx1sd4","images/men/image_1395.jpg",127,"man",4,3,1
"jgb6u1hx1sd4","images/women/image_788.jpg",128,"woman",4,1,0
"jgb6u1hx1sd4","images/men/image_2131.jpg",129,"man",3,1,0
"jgb6u1hx1sd4","images/men/image_628.jpg",130,"man",5,1,0
"jgb6u1hx1sd4","images/women/image_510.jpg",131,"woman",3,3,1
"jgb6u1hx1sd4","images/men/image_2058.jpg",132,"man",5,3,1
"jgb6u1hx1sd4","images/men/image_4950.jpg",133,"man",4,2,1
"jgb6u1hx1sd4","images/women/image_4586.jpg",134,"woman",5,2,1
"jgb6u1hx1sd4","images/women/image_5295.jpg",135,"woman",5,4,1
"jgb6u1hx1sd4","images/men/image_4654.jpg",136,"man",5,5,1
"jgb6u1hx1sd4","images/women/image_4444.jpg",137,"woman",5,2,1
"jgb6u1hx1sd4","images/men/image_2825.jpg",138,"man",3,3,1
"jgb6u1hx1sd4","images/men/image_833.jpg",139,"man",3,2,1
"jgb6u1hx1sd4","images/women/image_4117.jpg",140,"woman",4,2,1
"jgb6u1hx1sd4","images/women/image_4577.jpg",141,"woman",5,4,1
"jgb6u1hx1sd4","images/women/image_3367.jpg",142,"woman",4,3,1
"jgb6u1hx1sd4","images/men/image_907.jpg",143,"man",3,3,1
"jgb6u1hx1sd4","images/men/image_2410.jpg",144,"man",5,1,0
"jgb6u1hx1sd4","images/women/image_5525.jpg",145,"woman",3,2,1
"jgb6u1hx1sd4","images/men/image_1573.jpg",146,"man",5,1,0
"jgb6u1hx1sd4","images/men/image_2044.jpg",147,"man",5,4,1
"jgb6u1hx1sd4","images/men/image_9711.jpg",148,"man",4,2,1
"jgb6u1hx1sd4","images/men/image_4942.jpg",149,"man",4,2,1
"jgb6u1hx1sd4","images/women/image_3584.jpg",150,"woman",3,1,0
"jgb6u1hx1sd4","images/women/image_2429.jpg",151,"woman",5,1,0
"jgb6u1hx1sd4","images/women/image_1295.jpg",152,"woman",3,1,0
"jgb6u1hx1sd4","images/men/image_4429.jpg",153,"man",4,2,1
"jgb6u1hx1sd4","images/women/image_945.jpg",154,"woman",4,2,1
"jgb6u1hx1sd4","images/women/image_764.jpg",155,"woman",3,1,0
"jgb6u1hx1sd4","images/women/image_1504.jpg",156,"woman",4,2,1
"jgb6u1hx1sd4","images/women/image_4331.jpg",157,"woman",3,2,1
"jgb6u1hx1sd4","images/men/image_9947.jpg",158,"man",3,2,1
"jgb6u1hx1sd4","images/men/image_299.jpg",159,"man",3,1,0
"jgb6u1hx1sd4","images/women/image_2112.jpg",160,"woman",4,1,0
"jgb6u1hx1sd4","images/men/image_1115.jpg",161,"man",4,2,1
"jgb6u1hx1sd4","images/men/image_3137.jpg",162,"man",5,3,1
"jgb6u1hx1sd4","images/women/image_8693.jpg",163,"woman",3,2,1
"jgb6u1hx1sd4","images/men/image_2436.jpg",164,"man",4,4,1
"jgb6u1hx1sd4","images/women/image_3607.jpg",165,"woman",4,2,1
"jgb6u1hx1sd4","images/men/image_217.jpg",166,"man",3,3,1
"jgb6u1hx1sd4","images/women/image_5357.jpg",167,"woman",5,5,1
"jgb6u1hx1sd4","images/women/image_7819.jpg",168,"woman",5,2,1
"qtbfwtvf1790","images/men/image_2884.jpg",1,"man",3,1,0
"qtbfwtvf1790","images/men/image_629.jpg",2,"man",4,2,1
"qtbfwtvf1790","images/women/image_2136.jpg",3,"woman",5,2,1
"qtbfwtvf1790","images/men/image_4939.jpg",4,"man",4,1,0
"qtbfwtvf1790","images/men/image_9775.jpg",5,"man",3,1,0
"qtbfwtvf1790","images/men/image_193.jpg",6,"man",5,2,1
"qtbfwtvf1790","images/men/image_2058.jpg",7,"man",5,3,1
"qtbfwtvf1790","images/men/image_2180.jpg",8,"man",4,1,0
"qtbfwtvf1790","images/women/image_1064.jpg",9,"woman",4,1,0
"qtbfwtvf1790","images/women/image_3448.jpg",10,"woman",4,2,1
"qtbfwtvf1790","images/women/image_2993.jpg",11,"woman",5,3,1
"qtbfwtvf1790","images/men/image_9674.jpg",12,"man",4,1,0
"qtbfwtvf1790","images/women/image_4532.jpg",13,"woman",5,1,0
"qtbfwtvf1790","images/men/image_4865.jpg",14,"man",5,2,1
"qtbfwtvf1790","images/women/image_5766.jpg",15,"woman",3,1,0
"qtbfwtvf1790","images/men/image_988.jpg",16,"man",5,1,0
"qtbfwtvf1790","images/women/image_47.jpg",17,"woman",5,1,0
"qtbfwtvf1790","images/women/image_3330.jpg",18,"woman",3,2,1
"qtbfwtvf1790","images/men/image_1645.jpg",19,"man",3,3,1
"qtbfwtvf1790","images/men/image_1573.jpg",20,"man",4,1,0
"qtbfwtvf1790","images/women/image_666.jpg",21,"woman",3,2,1
"qtbfwtvf1790","images/women/image_4435.jpg",22,"woman",4,1,0
"qtbfwtvf1790","images/women/image_4697.jpg",23,"woman",5,1,0
"qtbfwtvf1790","images/men/image_2695.jpg",24,"man",3,1,0
"qtbfwtvf1790","images/men/image_8650.jpg",25,"man",4,2,1
"qtbfwtvf1790","images/women/image_4607.jpg",26,"woman",3,2,1
"qtbfwtvf1790","images/men/image_1620.jpg",27,"man",5,2,1
"qtbfwtvf1790","images/men/image_9301.jpg",28,"man",4,1,0
"qtbfwtvf1790","images/women/image_4965.jpg",29,"woman",3,3,1
"qtbfwtvf1790","images/women/image_8393.jpg",30,"woman",3,3,1
"qtbfwtvf1790","images/women/image_9708.jpg",31,"woman",4,3,1
"qtbfwtvf1790","images/women/image_137.jpg",32,"woman",4,3,1
"qtbfwtvf1790","images/women/image_1929.jpg",33,"woman",4,1,0
"qtbfwtvf1790","images/women/image_4996.jpg",34,"woman",3,1,0
"qtbfwtvf1790","images/men/image_4875.jpg",35,"man",3,1,0
"qtbfwtvf1790","images/women/image_5042.jpg",36,"woman",5,3,1
"qtbfwtvf1790","images/women/image_7819.jpg",37,"woman",5,1,0
"qtbfwtvf1790","images/men/image_1751.jpg",38,"man",5,2,1
"qtbfwtvf1790","images/men/image_3297.jpg",39,"man",3,3,1
"qtbfwtvf1790","images/women/image_110.jpg",40,"woman",4,1,0
"qtbfwtvf1790","images/men/image_5595.jpg",41,"man",5,2,1
"qtbfwtvf1790","images/men/image_2173.jpg",42,"man",3,3,1
"qtbfwtvf1790","images/men/image_179.jpg",43,"man",3,1,0
"qtbfwtvf1790","images/women/image_7876.jpg",44,"woman",5,4,1
"qtbfwtvf1790","images/women/image_1152.jpg",45,"woman",5,2,1
"qtbfwtvf1790","images/men/image_9226.jpg",46,"man",5,1,0
"qtbfwtvf1790","images/men/image_9151.jpg",47,"man",4,1,0
"qtbfwtvf1790","images/women/image_9539.jpg",48,"woman",4,2,1
"qtbfwtvf1790","images/men/image_1224.jpg",49,"man",5,5,1
"qtbfwtvf1790","images/men/image_9784.jpg",50,"man",3,2,1
"qtbfwtvf1790","images/women/image_3599.jpg",51,"woman",3,2,1
"qtbfwtvf1790","images/men/image_2018.jpg",52,"man",3,1,0
"qtbfwtvf1790","images/men/image_4588.jpg",53,"man",4,3,1
"qtbfwtvf1790","images/women/image_3736.jpg",54,"woman",3,1,0
"qtbfwtvf1790","images/women/image_9191.jpg",55,"woman",3,1,0
"qtbfwtvf1790","images/men/image_383.jpg",56,"man",5,3,1
"qtbfwtvf1790","images/women/image_513.jpg",57,"woman",4,4,1
"qtbfwtvf1790","images/women/image_3955.jpg",58,"woman",4,3,1
"qtbfwtvf1790","images/men/image_1261.jpg",59,"man",3,1,0
"qtbfwtvf1790","images/women/image_1495.jpg",60,"woman",3,3,1
"qtbfwtvf1790","images/women/image_1623.jpg",61,"woman",3,2,1
"qtbfwtvf1790","images/women/image_5289.jpg",62,"woman",5,4,1
"qtbfwtvf1790","images/women/image_8400.jpg",63,"woman",4,3,1
"qtbfwtvf1790","images/men/image_4320.jpg",64,"man",5,3,1
"qtbfwtvf1790","images/men/image_3045.jpg",65,"man",4,2,1
"qtbfwtvf1790","images/women/image_1897.jpg",66,"woman",5,2,1
"qtbfwtvf1790","images/men/image_13.jpg",67,"man",4,2,1
"qtbfwtvf1790","images/women/image_1468.jpg",68,"woman",5,3,1
"qtbfwtvf1790","images/women/image_1994.jpg",69,"woman",5,5,1
"qtbfwtvf1790","images/men/image_4803.jpg",70,"man",4,1,0
"qtbfwtvf1790","images/women/image_1709.jpg",71,"woman",3,2,1
"qtbfwtvf1790","images/men/image_697.jpg",72,"man",5,1,0
"qtbfwtvf1790","images/women/image_4508.jpg",73,"woman",4,1,0
"qtbfwtvf1790","images/men/image_5125.jpg",74,"man",4,3,1
"qtbfwtvf1790","images/men/image_734.jpg",75,"man",5,3,1
"qtbfwtvf1790","images/men/image_902.jpg",76,"man",3,1,0
"qtbfwtvf1790","images/men/image_1572.jpg",77,"man",3,1,0
"qtbfwtvf1790","images/men/image_8304.jpg",78,"man",5,2,1
"qtbfwtvf1790","images/men/image_4951.jpg",79,"man",3,3,1
"qtbfwtvf1790","images/women/image_3293.jpg",80,"woman",3,1,0
"qtbfwtvf1790","images/women/image_4394.jpg",81,"woman",4,2,1
"qtbfwtvf1790","images/women/image_1504.jpg",82,"woman",4,2,1
"qtbfwtvf1790","images/women/image_9592.jpg",83,"woman",5,1,0
"qtbfwtvf1790","images/men/image_5.jpg",84,"man",4,4,1
"qtbfwtvf1790","images/men/image_5305.jpg",85,"man",4,4,1
"qtbfwtvf1790","images/men/image_4946.jpg",86,"man",5,1,0
"qtbfwtvf1790","images/women/image_7792.jpg",87,"woman",3,2,1
"qtbfwtvf1790","images/men/image_9408.jpg",88,"man",4,1,0
"qtbfwtvf1790","images/men/image_196.jpg",89,"man",4,1,0
"qtbfwtvf1790","images/women/image_8799.jpg",90,"woman",4,1,0
"qtbfwtvf1790","images/women/image_6340.jpg",91,"woman",5,2,1
"qtbfwtvf1790","images/women/image_290.jpg",92,"woman",4,3,1
"qtbfwtvf1790","images/women/image_9232.jpg",93,"woman",4,1,0
"qtbfwtvf1790","images/women/image_2215.jpg",94,"woman",5,5,1
"qtbfwtvf1790","images/women/image_4827.jpg",95,"woman",5,1,0
"qtbfwtvf1790","images/women/image_3371.jpg",96,"woman",3,2,1
"qtbfwtvf1790","images/men/image_4061.jpg",97,"man",3,1,0
"qtbfwtvf1790","images/women/image_8483.jpg",98,"woman",3,1,0
"qtbfwtvf1790","images/men/image_2335.jpg",99,"man",3,3,1
"qtbfwtvf1790","images/men/image_718.jpg",100,"man",5,2,1
"qtbfwtvf1790","images/men/image_3973.jpg",101,"man",5,4,1
"qtbfwtvf1790","images/women/image_2553.jpg",102,"woman",4,2,1
"qtbfwtvf1790","images/men/image_1521.jpg",103,"man",3,1,0
"qtbfwtvf1790","images/men/image_2851.jpg",104,"man",3,3,1
"qtbfwtvf1790","images/men/image_683.jpg",105,"man",3,1,0
"qtbfwtvf1790","images/men/image_2081.jpg",106,"man",5,2,1
"qtbfwtvf1790","images/men/image_1747.jpg",107,"man",3,1,0
"qtbfwtvf1790","images/men/image_3908.jpg",108,"man",4,1,0
"qtbfwtvf1790","images/women/image_3960.jpg",109,"woman",4,3,1
"qtbfwtvf1790","images/women/image_1403.jpg",110,"woman",3,1,0
"qtbfwtvf1790","images/women/image_3279.jpg",111,"woman",3,1,0
"qtbfwtvf1790","images/women/image_3722.jpg",112,"woman",5,1,0
"qtbfwtvf1790","images/women/image_3674.jpg",113,"woman",3,1,0
"qtbfwtvf1790","images/men/image_1129.jpg",114,"man",4,2,1
"qtbfwtvf1790","images/women/image_3630.jpg",115,"woman",3,1,0
"qtbfwtvf1790","images/men/image_1618.jpg",116,"man",4,1,0
"qtbfwtvf1790","images/women/image_896.jpg",117,"woman",5,5,1
"qtbfwtvf1790","images/men/image_2897.jpg",118,"man",3,1,0
"qtbfwtvf1790","images/men/image_2131.jpg",119,"man",5,3,1
"qtbfwtvf1790","images/women/image_3741.jpg",120,"woman",5,2,1
"qtbfwtvf1790","images/women/image_5240.jpg",121,"woman",4,2,1
"qtbfwtvf1790","images/men/image_9711.jpg",122,"man",5,3,1
"qtbfwtvf1790","images/men/image_1962.jpg",123,"man",4,3,1
"qtbfwtvf1790","images/women/image_9457.jpg",124,"woman",4,1,0
"qtbfwtvf1790","images/men/image_9133.jpg",125,"man",5,1,0
"qtbfwtvf1790","images/women/image_3607.jpg",126,"woman",5,1,0
"qtbfwtvf1790","images/women/image_9718.jpg",127,"woman",5,5,1
"qtbfwtvf1790","images/women/image_2760.jpg",128,"woman",4,1,0
"qtbfwtvf1790","images/men/image_4658.jpg",129,"man",5,2,1
"qtbfwtvf1790","images/men/image_4947.jpg",130,"man",4,2,1
"qtbfwtvf1790","images/men/image_833.jpg",131,"man",3,2,1
"qtbfwtvf1790","images/women/image_8346.jpg",132,"woman",4,1,0
"qtbfwtvf1790","images/women/image_8801.jpg",133,"woman",4,1,0
"qtbfwtvf1790","images/men/image_4566.jpg",134,"man",4,2,1
"qtbfwtvf1790","images/men/image_254.jpg",135,"man",4,2,1
"qtbfwtvf1790","images/women/image_4331.jpg",136,"woman",5,1,0
"qtbfwtvf1790","images/women/image_503.jpg",137,"woman",3,2,1
"qtbfwtvf1790","images/men/image_1803.jpg",138,"man",4,4,1
"qtbfwtvf1790","images/women/image_757.jpg",139,"woman",4,2,1
"qtbfwtvf1790","images/men/image_5743.jpg",140,"man",5,3,1
"qtbfwtvf1790","images/women/image_1973.jpg",141,"woman",5,2,1
"qtbfwtvf1790","images/women/image_562.jpg",142,"woman",3,1,0
"qtbfwtvf1790","images/men/image_4963.jpg",143,"man",4,2,1
"qtbfwtvf1790","images/men/image_5640.jpg",144,"man",3,1,0
"qtbfwtvf1790","images/women/image_2418.jpg",145,"woman",4,1,0
"qtbfwtvf1790","images/men/image_8582.jpg",146,"man",5,1,0
"qtbfwtvf1790","images/women/image_1264.jpg",147,"woman",5,5,1
"qtbfwtvf1790","images/men/image_908.jpg",148,"man",4,1,0
"qtbfwtvf1790","images/women/image_9720.jpg",149,"woman",3,3,1
"qtbfwtvf1790","images/women/image_1520.jpg",150,"woman",3,1,0
"qtbfwtvf1790","images/men/image_5031.jpg",151,"man",5,4,1
"qtbfwtvf1790","images/men/image_5794.jpg",152,"man",5,3,1
"qtbfwtvf1790","images/women/image_2041.jpg",153,"woman",3,1,0
"qtbfwtvf1790","images/women/image_549.jpg",154,"woman",5,2,1
"qtbfwtvf1790","images/men/image_5422.jpg",155,"man",3,2,1
"qtbfwtvf1790","images/men/image_185.jpg",156,"man",3,1,0
"qtbfwtvf1790","images/men/image_1889.jpg",157,"man",3,1,0
"qtbfwtvf1790","images/men/image_1331.jpg",158,"man",3,1,0
"qtbfwtvf1790","images/women/image_288.jpg",159,"woman",3,1,0
"qtbfwtvf1790","images/women/image_1314.jpg",160,"woman",5,1,0
"qtbfwtvf1790","images/men/image_4643.jpg",161,"man",5,1,0
"qtbfwtvf1790","images/men/image_4380.jpg",162,"man",3,1,0
"qtbfwtvf1790","images/men/image_961.jpg",163,"man",5,2,1
"qtbfwtvf1790","images/women/image_311.jpg",164,"woman",4,1,0
"qtbfwtvf1790","images/women/image_695.jpg",165,"woman",4,3,1
"qtbfwtvf1790","images/women/image_554.jpg",166,"woman",3,1,0
"qtbfwtvf1790","images/men/image_1150.jpg",167,"man",4,2,1
"qtbfwtvf1790","images/women/image_682.jpg",168,"woman",5,4,1
"l3g10fj4sqjq","images/men/image_973.jpg",1,"man",4,2,1
"l3g10fj4sqjq","images/women/image_9274.jpg",2,"woman",4,1,0
"l3g10fj4sqjq","images/men/image_3240.jpg",3,"man",5,1,0
"l3g10fj4sqjq","images/women/image_4826.jpg",4,"woman",4,1,0
"l3g10fj4sqjq","images/men/image_179.jpg",5,"man",4,3,1
"l3g10fj4sqjq","images/women/image_1155.jpg",6,"woman",5,1,0
"l3g10fj4sqjq","images/women/image_9174.jpg",7,"woman",4,1,0
"l3g10fj4sqjq","images/women/image_8299.jpg",8,"woman",4,4,1
"l3g10fj4sqjq","images/men/image_5238.jpg",9,"man",3,1,0
"l3g10fj4sqjq","images/women/image_2689.jpg",10,"woman",4,2,1
"l3g10fj4sqjq","images/women/image_2041.jpg",11,"woman",3,1,0
"l3g10fj4sqjq","images/women/image_3956.jpg",12,"woman",5,2,1
"l3g10fj4sqjq","images/women/image_7762.jpg",13,"woman",4,2,1
"l3g10fj4sqjq","images/women/image_4243.jpg",14,"woman",3,1,0
"l3g10fj4sqjq","images/women/image_84.jpg",15,"woman",5,1,0
"l3g10fj4sqjq","images/women/image_560.jpg",16,"woman",3,1,0
"l3g10fj4sqjq","images/men/image_718.jpg",17,"man",5,4,1
"l3g10fj4sqjq","images/men/image_5620.jpg",18,"man",3,1,0
"l3g10fj4sqjq","images/men/image_230.jpg",19,"man",4,4,1
"l3g10fj4sqjq","images/women/image_5198.jpg",20,"woman",3,1,0
"l3g10fj4sqjq","images/men/image_3184.jpg",21,"man",5,1,0
"l3g10fj4sqjq","images/women/image_8727.jpg",22,"woman",3,1,0
"l3g10fj4sqjq","images/men/image_4832.jpg",23,"man",5,4,1
"l3g10fj4sqjq","images/men/image_2420.jpg",24,"man",3,2,1
"l3g10fj4sqjq","images/women/image_4638.jpg",25,"woman",5,3,1
"l3g10fj4sqjq","images/women/image_355.jpg",26,"woman",5,5,1
"l3g10fj4sqjq","images/men/image_5120.jpg",27,"man",4,4,1
"l3g10fj4sqjq","images/men/image_4044.jpg",28,"man",3,1,0
"l3g10fj4sqjq","images/women/image_1905.jpg",29,"woman",4,1,0
"l3g10fj4sqjq","images/men/image_1618.jpg",30,"man",3,3,1
"l3g10fj4sqjq","images/men/image_91.jpg",31,"man",5,3,1
"l3g10fj4sqjq","images/women/image_4607.jpg",32,"woman",3,1,0
"l3g10fj4sqjq","images/men/image_4530.jpg",33,"man",5,1,0
"l3g10fj4sqjq","images/men/image_201.jpg",34,"man",3,3,1
"l3g10fj4sqjq","images/men/image_5794.jpg",35,"man",4,1,0
"l3g10fj4sqjq","images/men/image_4816.jpg",36,"man",3,1,0
"l3g10fj4sqjq","images/women/image_9069.jpg",37,"woman",3,2,1
"l3g10fj4sqjq","images/women/image_290.jpg",38,"woman",5,5,1
"l3g10fj4sqjq","images/men/image_3077.jpg",39,"man",4,1,0
"l3g10fj4sqjq","images/men/image_2233.jpg",40,"man",5,2,1
"l3g10fj4sqjq","images/women/image_1504.jpg",41,"woman",5,2,1
"l3g10fj4sqjq","images/men/image_9930.jpg",42,"man",4,4,1
"l3g10fj4sqjq","images/men/image_2152.jpg",43,"man",3,3,1
"l3g10fj4sqjq","images/men/image_497.jpg",44,"man",5,1,0
"l3g10fj4sqjq","images/women/image_8507.jpg",45,"woman",4,1,0
"l3g10fj4sqjq","images/women/image_8338.jpg",46,"woman",5,5,1
"l3g10fj4sqjq","images/women/image_4957.jpg",47,"woman",4,3,1
"l3g10fj4sqjq","images/men/image_5132.jpg",48,"man",3,1,0
"l3g10fj4sqjq","images/men/image_480.jpg",49,"man",5,1,0
"l3g10fj4sqjq","images/women/image_513.jpg",50,"woman",5,5,1
"l3g10fj4sqjq","images/men/image_2695.jpg",51,"man",3,3,1
"l3g10fj4sqjq","images/men/image_4972.jpg",52,"man",3,3,1
"l3g10fj4sqjq","images/men/image_214.jpg",53,"man",4,4,1
"l3g10fj4sqjq","images/women/image_8739.jpg",54,"woman",3,1,0
"l3g10fj4sqjq","images/men/image_683.jpg",55,"man",3,1,0
"l3g10fj4sqjq","images/men/image_9917.jpg",56,"man",4,3,1
"l3g10fj4sqjq","images/women/image_33.jpg",57,"woman",4,2,1
"l3g10fj4sqjq","images/women/image_5566.jpg",58,"woman",3,1,0
"l3g10fj4sqjq","images/men/image_106.jpg",59,"man",5,2,1
"l3g10fj4sqjq","images/men/image_1068.jpg",60,"man",3,1,0
"l3g10fj4sqjq","images/men/image_4303.jpg",61,"man",5,1,0
"l3g10fj4sqjq","images/women/image_4257.jpg",62,"woman",4,1,0
"l3g10fj4sqjq","images/men/image_2825.jpg",63,"man",4,2,1
"l3g10fj4sqjq","images/men/image_2651.jpg",64,"man",4,4,1
"l3g10fj4sqjq","images/men/image_4657.jpg",65,"man",5,2,1
"l3g10fj4sqjq","images/women/image_3434.jpg",66,"woman",5,3,1
"l3g10fj4sqjq","images/men/image_8547.jpg",67,"man",3,2,1
"l3g10fj4sqjq","images/women/image_740.jpg",68,"woman",3,3,1
"l3g10fj4sqjq","images/women/image_3736.jpg",69,"woman",5,3,1
"l3g10fj4sqjq","images/women/image_565.jpg",70,"woman",5,5,1
"l3g10fj4sqjq","images/men/image_4844.jpg",71,"man",5,1,0
"l3g10fj4sqjq","images/women/image_784.jpg",72,"woman",3,1,0
"l3g10fj4sqjq","images/women/image_6344.jpg",73,"woman",5,2,1
"l3g10fj4sqjq","images/women/image_5177.jpg",74,"woman",4,3,1
"l3g10fj4sqjq","images/men/image_3227.jpg",75,"man",4,1,0
"l3g10fj4sqjq","images/men/image_321.jpg",76,"man",4,3,1
"l3g10fj4sqjq","images/women/image_4884.jpg",77,"woman",3,1,0
"l3g10fj4sqjq","images/women/image_3010.jpg",78,"woman",4,1,0
"l3g10fj4sqjq","images/women/image_694.jpg",79,"woman",3,1,0
"l3g10fj4sqjq","images/men/image_2479.jpg",80,"man",4,1,0
"l3g10fj4sqjq","images/women/image_8496.jpg",81,"woman",5,5,1
"l3g10fj4sqjq","images/women/image_9627.jpg",82,"woman",4,4,1
"l3g10fj4sqjq","images/women/image_3526.jpg",83,"woman",3,3,1
"l3g10fj4sqjq","images/men/image_676.jpg",84,"man",5,4,1
"l3g10fj4sqjq","images/women/image_2873.jpg",85,"woman",5,1,0
"l3g10fj4sqjq","images/women/image_9718.jpg",86,"woman",4,2,1
"l3g10fj4sqjq","images/men/image_2914.jpg",87,"man",5,1,0
"l3g10fj4sqjq","images/men/image_415.jpg",88,"man",4,1,0
"l3g10fj4sqjq","images/women/image_3867.jpg",89,"woman",5,5,1
"l3g10fj4sqjq","images/women/image_719.jpg",90,"woman",4,2,1
"l3g10fj4sqjq","images/men/image_2044.jpg",91,"man",4,2,1
"l3g10fj4sqjq","images/men/image_2530.jpg",92,"man",5,5,1
"l3g10fj4sqjq","images/men/image_3045.jpg",93,"man",3,3,1
"l3g10fj4sqjq","images/men/image_667.jpg",94,"man",4,2,1
"l3g10fj4sqjq","images/men/image_697.jpg",95,"man",4,2,1
"l3g10fj4sqjq","images/men/image_217.jpg",96,"man",3,3,1
"l3g10fj4sqjq","images/women/image_2560.jpg",97,"woman",4,1,0
"l3g10fj4sqjq","images/men/image_5472.jpg",98,"man",4,3,1
"l3g10fj4sqjq","images/women/image_5648.jpg",99,"woman",4,4,1
"l3g10fj4sqjq","images/women/image_4859.jpg",100,"woman",4,3,1
"l3g10fj4sqjq","images/men/image_3468.jpg",101,"man",3,1,0
"l3g10fj4sqjq","images/men/image_193.jpg",102,"man",4,2,1
"l3g10fj4sqjq","images/men/image_5409.jpg",103,"man",4,1,0
"l3g10fj4sqjq","images/men/image_4135.jpg",104,"man",5,2,1
"l3g10fj4sqjq","images/men/image_2416.jpg",105,"man",5,2,1
"l3g10fj4sqjq","images/women/image_3630.jpg",106,"woman",5,1,0
"l3g10fj4sqjq","images/women/image_945.jpg",107,"woman",5,5,1
"l3g10fj4sqjq","images/men/image_2897.jpg",108,"man",3,2,1
"l3g10fj4sqjq","images/men/image_8531.jpg",109,"man",5,2,1
"l3g10fj4sqjq","images/women/image_3206.jpg",110,"woman",3,1,0
"l3g10fj4sqjq","images/women/image_5090.jpg",111,"woman",4,2,1
"l3g10fj4sqjq","images/women/image_1513.jpg",112,"woman",5,2,1
"l3g10fj4sqjq","images/women/image_8383.jpg",113,"woman",3,1,0
"l3g10fj4sqjq","images/women/image_4597.jpg",114,"woman",3,1,0
"l3g10fj4sqjq","images/men/image_5436.jpg",115,"man",5,4,1
"l3g10fj4sqjq","images/women/image_1152.jpg",116,"woman",3,1,0
"l3g10fj4sqjq","images/men/image_9892.jpg",117,"man",3,2,1
"l3g10fj4sqjq","images/women/image_1623.jpg",118,"woman",5,2,1
"l3g10fj4sqjq","images/men/image_2153.jpg",119,"man",5,2,1
"l3g10fj4sqjq","images/men/image_9681.jpg",120,"man",3,3,1
"l3g10fj4sqjq","images/women/image_1064.jpg",121,"woman",5,4,1
"l3g10fj4sqjq","images/women/image_4163.jpg",122,"woman",3,3,1
"l3g10fj4sqjq","images/women/image_7792.jpg",123,"woman",4,1,0
"l3g10fj4sqjq","images/women/image_7876.jpg",124,"woman",3,3,1
"l3g10fj4sqjq","images/women/image_3741.jpg",125,"woman",3,1,0
"l3g10fj4sqjq","images/men/image_2026.jpg",126,"man",3,3,1
"l3g10fj4sqjq","images/men/image_656.jpg",127,"man",3,3,1
"l3g10fj4sqjq","images/women/image_4827.jpg",128,"woman",5,1,0
"l3g10fj4sqjq","images/women/image_9665.jpg",129,"woman",3,2,1
"l3g10fj4sqjq","images/men/image_4181.jpg",130,"man",5,2,1
"l3g10fj4sqjq","images/women/image_7819.jpg",131,"woman",3,1,0
"l3g10fj4sqjq","images/men/image_4183.jpg",132,"man",3,3,1
"l3g10fj4sqjq","images/women/image_2994.jpg",133,"woman",3,1,0
"l3g10fj4sqjq","images/men/image_3297.jpg",134,"man",3,1,0
"l3g10fj4sqjq","images/women/image_1295.jpg",135,"woman",4,4,1
"l3g10fj4sqjq","images/men/image_9775.jpg",136,"man",5,1,0
"l3g10fj4sqjq","images/women/image_4583.jpg",137,"woman",5,3,1
"l3g10fj4sqjq","images/men/image_3110.jpg",138,"man",4,1,0
"l3g10fj4sqjq","images/men/image_4841.jpg",139,"man",3,2,1
"l3g10fj4sqjq","images/women/image_252.jpg",140,"woman",5,1,0
"l3g10fj4sqjq","images/women/image_1994.jpg",141,"woman",3,2,1
"l3g10fj4sqjq","images/women/image_5909.jpg",142,"woman",4,4,1
"l3g10fj4sqjq","images/women/image_3674.jpg",143,"woman",5,3,1
"l3g10fj4sqjq","images/women/image_9623.jpg",144,"woman",3,1,0
"l3g10fj4sqjq","images/women/image_9700.jpg",145,"woman",5,3,1
"l3g10fj4sqjq","images/men/image_495.jpg",146,"man",5,1,0
"l3g10fj4sqjq","images/women/image_858.jpg",147,"woman",3,1,0
"l3g10fj4sqjq","images/men/image_969.jpg",148,"man",5,1,0
"l3g10fj4sqjq","images/men/image_9577.jpg",149,"man",5,1,0
"l3g10fj4sqjq","images/men/image_901.jpg",150,"man",4,3,1
"l3g10fj4sqjq","images/men/image_746.jpg",151,"man",3,3,1
"l3g10fj4sqjq","images/men/image_4927.jpg",152,"man",5,1,0
"l3g10fj4sqjq","images/men/image_196.jpg",153,"man",3,1,0
"l3g10fj4sqjq","images/men/image_4479.jpg",154,"man",4,1,0
"l3g10fj4sqjq","images/men/image_4858.jpg",155,"man",5,4,1
"l3g10fj4sqjq","images/women/image_8975.jpg",156,"woman",4,2,1
"l3g10fj4sqjq","images/men/image_3209.jpg",157,"man",3,2,1
"l3g10fj4sqjq","images/men/image_8423.jpg",158,"man",4,1,0
"l3g10fj4sqjq","images/women/image_1468.jpg",159,"woman",4,1,0
"l3g10fj4sqjq","images/men/image_1431.jpg",160,"man",4,1,0
"l3g10fj4sqjq","images/women/image_4483.jpg",161,"woman",3,1,0
"l3g10fj4sqjq","images/women/image_3774.jpg",162,"woman",4,1,0
"l3g10fj4sqjq","images/women/image_9278.jpg",163,"woman",5,1,0
"l3g10fj4sqjq","images/men/image_3331.jpg",164,"man",4,1,0
"l3g10fj4sqjq","images/men/image_2381.jpg",165,"man",4,2,1
"l3g10fj4sqjq","images/women/image_9482.jpg",166,"woman",4,2,1
"l3g10fj4sqjq","images/women/image_4117.jpg",167,"woman",5,5,1
"l3g10fj4sqjq","images/women/image_1929.jpg",168,"woman",4,2,1
"c93063wcs3lt","images/men/image_4865.jpg",1,"man",5,2,1
"c93063wcs3lt","images/men/image_718.jpg",2,"man",4,2,1
"c93063wcs3lt","images/men/image_4683.jpg",3,"man",3,1,0
"c93063wcs3lt","images/women/image_1212.jpg",4,"woman",5,1,0
"c93063wcs3lt","images/men/image_8907.jpg",5,"man",3,1,0
"c93063wcs3lt","images/men/image_1068.jpg",6,"man",3,1,0
"c93063wcs3lt","images/women/image_333.jpg",7,"woman",3,1,0
"c93063wcs3lt","images/women/image_5135.jpg",8,"woman",5,5,1
"c93063wcs3lt","images/men/image_1601.jpg",9,"man",3,2,1
"c93063wcs3lt","images/women/image_8338.jpg",10,"woman",4,3,1
"c93063wcs3lt","images/men/image_8648.jpg",11,"man",5,3,1
"c93063wcs3lt","images/men/image_5910.jpg",12,"man",4,1,0
"c93063wcs3lt","images/men/image_35.jpg",13,"man",5,1,0
"c93063wcs3lt","images/women/image_4146.jpg",14,"woman",5,1,0
"c93063wcs3lt","images/men/image_4.jpg",15,"man",4,1,0
"c93063wcs3lt","images/women/image_8622.jpg",16,"woman",3,2,1
"c93063wcs3lt","images/women/image_4827.jpg",17,"woman",4,4,1
"c93063wcs3lt","images/women/image_1868.jpg",18,"woman",4,1,0
"c93063wcs3lt","images/men/image_973.jpg",19,"man",4,4,1
"c93063wcs3lt","images/women/image_8799.jpg",20,"woman",3,1,0
"c93063wcs3lt","images/men/image_4222.jpg",21,"man",5,4,1
"c93063wcs3lt","images/women/image_7855.jpg",22,"woman",3,2,1
"c93063wcs3lt","images/women/image_1665.jpg",23,"woman",5,3,1
"c93063wcs3lt","images/men/image_3973.jpg",24,"man",4,1,0
"c93063wcs3lt","images/men/image_3124.jpg",25,"man",3,1,0
"c93063wcs3lt","images/women/image_5968.jpg",26,"woman",4,1,0
"c93063wcs3lt","images/women/image_1709.jpg",27,"woman",5,5,1
"c93063wcs3lt","images/men/image_1542.jpg",28,"man",3,1,0
"c93063wcs3lt","images/women/image_7888.jpg",29,"woman",5,4,1
"c93063wcs3lt","images/men/image_5125.jpg",30,"man",5,1,0
"c93063wcs3lt","images/men/image_3864.jpg",31,"man",5,4,1
"c93063wcs3lt","images/men/image_254.jpg",32,"man",4,1,0
"c93063wcs3lt","images/men/image_9681.jpg",33,"man",4,2,1
"c93063wcs3lt","images/women/image_1793.jpg",34,"woman",3,1,0
"c93063wcs3lt","images/women/image_3510.jpg",35,"woman",5,1,0
"c93063wcs3lt","images/women/image_8400.jpg",36,"woman",4,2,1
"c93063wcs3lt","images/women/image_110.jpg",37,"woman",4,1,0
"c93063wcs3lt","images/women/image_3075.jpg",38,"woman",3,1,0
"c93063wcs3lt","images/men/image_210.jpg",39,"man",3,1,0
"c93063wcs3lt","images/women/image_1243.jpg",40,"woman",3,2,1
"c93063wcs3lt","images/women/image_4261.jpg",41,"woman",4,2,1
"c93063wcs3lt","images/men/image_5238.jpg",42,"man",5,5,1
"c93063wcs3lt","images/women/image_3194.jpg",43,"woman",4,1,0
"c93063wcs3lt","images/men/image_1129.jpg",44,"man",3,2,1
"c93063wcs3lt","images/women/image_1567.jpg",45,"woman",3,1,0
"c93063wcs3lt","images/men/image_4530.jpg",46,"man",5,1,0
"c93063wcs3lt","images/women/image_3582.jpg",47,"woman",4,1,0
"c93063wcs3lt","images/men/image_614.jpg",48,"man",4,2,1
"c93063wcs3lt","images/women/image_4393.jpg",49,"woman",4,1,0
"c93063wcs3lt","images/men/image_3276.jpg",50,"man",5,3,1
"c93063wcs3lt","images/women/image_3619.jpg",51,"woman",3,1,0
"c93063wcs3lt","images/men/image_5145.jpg",52,"man",3,1,0
"c93063wcs3lt","images/women/image_3524.jpg",53,"woman",3,1,0
"c93063wcs3lt","images/men/image_4832.jpg",54,"man",4,1,0
"c93063wcs3lt","images/women/image_9673.jpg",55,"woman",4,3,1
"c93063wcs3lt","images/men/image_5422.jpg",56,"man",5,5,1
"c93063wcs3lt","images/men/image_1854.jpg",57,"man",4,1,0
"c93063wcs3lt","images/women/image_2930.jpg",58,"woman",4,4,1
"c93063wcs3lt","images/men/image_8837.jpg",59,"man",3,1,0
"c93063wcs3lt","images/women/image_9718.jpg",60,"woman",4,4,1
"c93063wcs3lt","images/men/image_5296.jpg",61,"man",5,5,1
"c93063wcs3lt","images/women/image_4236.jpg",62,"woman",3,2,1
"c93063wcs3lt","images/women/image_8606.jpg",63,"woman",5,1,0
"c93063wcs3lt","images/men/image_2465.jpg",64,"man",4,3,1
"c93063wcs3lt","images/women/image_7895.jpg",65,"woman",5,2,1
"c93063wcs3lt","images/women/image_4324.jpg",66,"woman",5,2,1
"c93063wcs3lt","images/women/image_9482.jpg",67,"woman",5,2,1
"c93063wcs3lt","images/women/image_8507.jpg",68,"woman",3,2,1
"c93063wcs3lt","images/men/image_1928.jpg",69,"man",4,1,0
"c93063wcs3lt","images/men/image_4265.jpg",70,"man",5,1,0
"c93063wcs3lt","images/women/image_4417.jpg",71,"woman",5,4,1
"c93063wcs3lt","images/women/image_2993.jpg",72,"woman",5,3,1
"c93063wcs3lt","images/men/image_5330.jpg",73,"man",5,4,1
"c93063wcs3lt","images/men/image_4402.jpg",74,"man",4,1,0
"c93063wcs3lt","images/women/image_8537.jpg",75,"woman",3,1,0
"c93063wcs3lt","images/men/image_2106.jpg",76,"man",3,1,0
"c93063wcs3lt","images/women/image_8393.jpg",77,"woman",4,1,0
"c93063wcs3lt","images/men/image_3785.jpg",78,"man",3,2,1
"c93063wcs3lt","images/men/image_5.jpg",79,"man",5,1,0
"c93063wcs3lt","images/men/image_9947.jpg",80,"man",3,1,0
"c93063wcs3lt","images/women/image_9570.jpg",81,"woman",5,2,1
"c93063wcs3lt","images/men/image_908.jpg",82,"man",4,4,1
"c93063wcs3lt","images/men/image_1051.jpg",83,"man",3,1,0
"c93063wcs3lt","images/women/image_838.jpg",84,"woman",3,1,0
"c93063wcs3lt","images/women/image_7819.jpg",85,"woman",3,1,0
"c93063wcs3lt","images/women/image_4435.jpg",86,"woman",5,5,1
"c93063wcs3lt","images/men/image_8553.jpg",87,"man",3,3,1
"c93063wcs3lt","images/women/image_60.jpg",88,"woman",4,2,1
"c93063wcs3lt","images/women/image_9994.jpg",89,"woman",4,1,0
"c93063wcs3lt","images/women/image_2801.jpg",90,"woman",5,3,1
"c93063wcs3lt","images/women/image_8877.jpg",91,"woman",3,2,1
"c93063wcs3lt","images/women/image_3179.jpg",92,"woman",4,3,1
"c93063wcs3lt","images/men/image_1645.jpg",93,"man",5,1,0
"c93063wcs3lt","images/men/image_9791.jpg",94,"man",3,2,1
"c93063wcs3lt","images/women/image_9088.jpg",95,"woman",5,2,1
"c93063wcs3lt","images/women/image_4996.jpg",96,"woman",5,3,1
"c93063wcs3lt","images/women/image_5550.jpg",97,"woman",5,4,1
"c93063wcs3lt","images/women/image_2319.jpg",98,"woman",3,1,0
"c93063wcs3lt","images/men/image_45.jpg",99,"man",3,1,0
"c93063wcs3lt","images/women/image_9609.jpg",100,"woman",5,1,0
"c93063wcs3lt","images/men/image_2436.jpg",101,"man",3,3,1
"c93063wcs3lt","images/women/image_9669.jpg",102,"woman",3,1,0
"c93063wcs3lt","images/women/image_3956.jpg",103,"woman",3,3,1
"c93063wcs3lt","images/men/image_5204.jpg",104,"man",5,1,0
"c93063wcs3lt","images/women/image_740.jpg",105,"woman",5,4,1
"c93063wcs3lt","images/women/image_306.jpg",106,"woman",4,2,1
"c93063wcs3lt","images/women/image_1593.jpg",107,"woman",3,1,0
"c93063wcs3lt","images/women/image_302.jpg",108,"woman",3,3,1
"c93063wcs3lt","images/men/image_4537.jpg",109,"man",4,1,0
"c93063wcs3lt","images/men/image_4157.jpg",110,"man",3,1,0
"c93063wcs3lt","images/women/image_2136.jpg",111,"woman",4,3,1
"c93063wcs3lt","images/men/image_4013.jpg",112,"man",5,5,1
"c93063wcs3lt","images/men/image_6059.jpg",113,"man",5,2,1
"c93063wcs3lt","images/men/image_626.jpg",114,"man",4,1,0
"c93063wcs3lt","images/men/image_2773.jpg",115,"man",4,3,1
"c93063wcs3lt","images/men/image_3473.jpg",116,"man",5,3,1
"c93063wcs3lt","images/men/image_299.jpg",117,"man",5,2,1
"c93063wcs3lt","images/women/image_8801.jpg",118,"woman",4,1,0
"c93063wcs3lt","images/men/image_3344.jpg",119,"man",4,4,1
"c93063wcs3lt","images/women/image_288.jpg",120,"woman",4,1,0
"c93063wcs3lt","images/men/image_762.jpg",121,"man",3,2,1
"c93063wcs3lt","images/men/image_3612.jpg",122,"man",4,1,0
"c93063wcs3lt","images/men/image_961.jpg",123,"man",4,3,1
"c93063wcs3lt","images/men/image_746.jpg",124,"man",3,3,1
"c93063wcs3lt","images/men/image_922.jpg",125,"man",4,1,0
"c93063wcs3lt","images/men/image_4735.jpg",126,"man",5,4,1
"c93063wcs3lt","images/women/image_9627.jpg",127,"woman",3,2,1
"c93063wcs3lt","images/women/image_4988.jpg",128,"woman",4,2,1
"c93063wcs3lt","images/men/image_3110.jpg",129,"man",4,1,0
"c93063wcs3lt","images/men/image_4457.jpg",130,"man",5,2,1
"c93063wcs3lt","images/women/image_398.jpg",131,"woman",5,5,1
"c93063wcs3lt","images/women/image_9069.jpg",132,"woman",3,1,0
"c93063wcs3lt","images/men/image_792.jpg",133,"man",4,4,1
"c93063wcs3lt","images/men/image_5086.jpg",134,"man",5,1,0
"c93063wcs3lt","images/women/image_8739.jpg",135,"woman",3,2,1
"c93063wcs3lt","images/women/image_8472.jpg",136,"woman",4,2,1
"c93063wcs3lt","images/men/image_987.jpg",137,"man",3,3,1
"c93063wcs3lt","images/men/image_4816.jpg",138,"man",3,2,1
"c93063wcs3lt","images/women/image_1903.jpg",139,"woman",4,1,0
"c93063wcs3lt","images/men/image_4061.jpg",140,"man",4,1,0
"c93063wcs3lt","images/women/image_5284.jpg",141,"woman",4,4,1
"c93063wcs3lt","images/women/image_9313.jpg",142,"woman",3,3,1
"c93063wcs3lt","images/men/image_8689.jpg",143,"man",5,4,1
"c93063wcs3lt","images/women/image_3607.jpg",144,"woman",4,1,0
"c93063wcs3lt","images/women/image_5326.jpg",145,"woman",4,1,0
"c93063wcs3lt","images/men/image_9618.jpg",146,"man",5,4,1
"c93063wcs3lt","images/women/image_9377.jpg",147,"woman",5,2,1
"c93063wcs3lt","images/women/image_494.jpg",148,"woman",5,1,0
"c93063wcs3lt","images/men/image_8446.jpg",149,"man",3,3,1
"c93063wcs3lt","images/women/image_9457.jpg",150,"woman",4,1,0
"c93063wcs3lt","images/men/image_4815.jpg",151,"man",5,3,1
"c93063wcs3lt","images/women/image_682.jpg",152,"woman",5,2,1
"c93063wcs3lt","images/men/image_1620.jpg",153,"man",4,1,0
"c93063wcs3lt","images/men/image_930.jpg",154,"man",3,1,0
"c93063wcs3lt","images/men/image_5445.jpg",155,"man",4,1,0
"c93063wcs3lt","images/men/image_9400.jpg",156,"man",3,1,0
"c93063wcs3lt","images/women/image_3434.jpg",157,"woman",3,3,1
"c93063wcs3lt","images/women/image_2500.jpg",158,"woman",5,2,1
"c93063wcs3lt","images/men/image_4591.jpg",159,"man",5,2,1
"c93063wcs3lt","images/women/image_3325.jpg",160,"woman",5,4,1
"c93063wcs3lt","images/men/image_861.jpg",161,"man",4,2,1
"c93063wcs3lt","images/women/image_287.jpg",162,"woman",3,3,1
"c93063wcs3lt","images/men/image_495.jpg",163,"man",4,4,1
"c93063wcs3lt","images/women/image_7755.jpg",164,"woman",5,1,0
"c93063wcs3lt","images/men/image_4951.jpg",165,"man",3,1,0
"c93063wcs3lt","images/men/image_356.jpg",166,"man",3,2,1
"c93063wcs3lt","images/men/image_1522.jpg",167,"man",5,2,1
"c93063wcs3lt","images/women/image_1141.jpg",168,"woman",3,3,1
"jrvqge0e6ovz","images/women/image_110.jpg",1,"woman",3,1,0
"jrvqge0e6ovz","images/men/image_2523.jpg",2,"man",4,2,1
"jrvqge0e6ovz","images/men/image_4429.jpg",3,"man",5,1,0
"jrvqge0e6ovz","images/women/image_3582.jpg",4,"woman",3,3,1
"jrvqge0e6ovz","images/women/image_9708.jpg",5,"woman",3,1,0
"jrvqge0e6ovz","images/men/image_908.jpg",6,"man",5,3,1
"jrvqge0e6ovz","images/women/image_4583.jpg",7,"woman",5,2,1
"jrvqge0e6ovz","images/men/image_9758.jpg",8,"man",4,1,0
"jrvqge0e6ovz","images/women/image_295.jpg",9,"woman",3,2,1
"jrvqge0e6ovz","images/men/image_9155.jpg",10,"man",5,1,0
"jrvqge0e6ovz","images/women/image_9232.jpg",11,"woman",5,3,1
"jrvqge0e6ovz","images/men/image_656.jpg",12,"man",4,1,0
"jrvqge0e6ovz","images/women/image_3293.jpg",13,"woman",4,3,1
"jrvqge0e6ovz","images/men/image_9948.jpg",14,"man",4,1,0
"jrvqge0e6ovz","images/women/image_4638.jpg",15,"woman",4,4,1
"jrvqge0e6ovz","images/men/image_9986.jpg",16,"man",3,2,1
"jrvqge0e6ovz","images/men/image_4674.jpg",17,"man",4,1,0
"jrvqge0e6ovz","images/women/image_4393.jpg",18,"woman",5,2,1
"jrvqge0e6ovz","images/women/image_2930.jpg",19,"woman",4,1,0
"jrvqge0e6ovz","images/men/image_9400.jpg",20,"man",4,2,1
"jrvqge0e6ovz","images/women/image_5295.jpg",21,"woman",5,2,1
"jrvqge0e6ovz","images/women/image_838.jpg",22,"woman",3,2,1
"jrvqge0e6ovz","images/women/image_4240.jpg",23,"woman",4,4,1
"jrvqge0e6ovz","images/men/image_193.jpg",24,"man",4,4,1
"jrvqge0e6ovz","images/men/image_752.jpg",25,"man",3,3,1
"jrvqge0e6ovz","images/men/image_741.jpg",26,"man",3,1,0
"jrvqge0e6ovz","images/men/image_3605.jpg",27,"man",3,2,1
"jrvqge0e6ovz","images/women/image_4000.jpg",28,"woman",3,3,1
"jrvqge0e6ovz","images/men/image_9431.jpg",29,"man",5,5,1
"jrvqge0e6ovz","images/men/image_795.jpg",30,"man",3,1,0
"jrvqge0e6ovz","images/women/image_2631.jpg",31,"woman",4,4,1
"jrvqge0e6ovz","images/women/image_8700.jpg",32,"woman",3,1,0
"jrvqge0e6ovz","images/women/image_4338.jpg",33,"woman",4,1,0
"jrvqge0e6ovz","images/women/image_2065.jpg",34,"woman",5,4,1
"jrvqge0e6ovz","images/men/image_2417.jpg",35,"man",3,3,1
"jrvqge0e6ovz","images/men/image_8922.jpg",36,"man",3,1,0
"jrvqge0e6ovz","images/men/image_833.jpg",37,"man",5,4,1
"jrvqge0e6ovz","images/women/image_5068.jpg",38,"woman",4,2,1
"jrvqge0e6ovz","images/men/image_5086.jpg",39,"man",5,2,1
"jrvqge0e6ovz","images/women/image_9267.jpg",40,"woman",5,1,0
"jrvqge0e6ovz","images/men/image_9933.jpg",41,"man",5,3,1
"jrvqge0e6ovz","images/women/image_1152.jpg",42,"woman",5,1,0
"jrvqge0e6ovz","images/men/image_9403.jpg",43,"man",4,1,0
"jrvqge0e6ovz","images/men/image_9528.jpg",44,"man",3,2,1
"jrvqge0e6ovz","images/women/image_1903.jpg",45,"woman",4,1,0
"jrvqge0e6ovz","images/women/image_8717.jpg",46,"woman",4,1,0
"jrvqge0e6ovz","images/women/image_2500.jpg",47,"woman",3,1,0
"jrvqge0e6ovz","images/men/image_2948.jpg",48,"man",5,5,1
"jrvqge0e6ovz","images/women/image_1155.jpg",49,"woman",4,1,0
"jrvqge0e6ovz","images/men/image_5709.jpg",50,"man",5,4,1
"jrvqge0e6ovz","images/men/image_718.jpg",51,"man",3,1,0
"jrvqge0e6ovz","images/men/image_3820.jpg",52,"man",3,1,0
"jrvqge0e6ovz","images/women/image_4558.jpg",53,"woman",5,3,1
"jrvqge0e6ovz","images/women/image_5525.jpg",54,"woman",4,1,0
"jrvqge0e6ovz","images/women/image_1684.jpg",55,"woman",5,1,0
"jrvqge0e6ovz","images/men/image_6190.jpg",56,"man",5,4,1
"jrvqge0e6ovz","images/men/image_3467.jpg",57,"man",5,1,0
"jrvqge0e6ovz","images/women/image_444.jpg",58,"woman",4,1,0
"jrvqge0e6ovz","images/men/image_801.jpg",59,"man",3,1,0
"jrvqge0e6ovz","images/women/image_4965.jpg",60,"woman",4,4,1
"jrvqge0e6ovz","images/men/image_9917.jpg",61,"man",3,3,1
"jrvqge0e6ovz","images/women/image_4697.jpg",62,"woman",3,2,1
"jrvqge0e6ovz","images/men/image_3951.jpg",63,"man",3,2,1
"jrvqge0e6ovz","images/men/image_3973.jpg",64,"man",5,3,1
"jrvqge0e6ovz","images/women/image_666.jpg",65,"woman",5,3,1
"jrvqge0e6ovz","images/men/image_2131.jpg",66,"man",4,1,0
"jrvqge0e6ovz","images/men/image_1139.jpg",67,"man",5,3,1
"jrvqge0e6ovz","images/men/image_629.jpg",68,"man",4,2,1
"jrvqge0e6ovz","images/men/image_4644.jpg",69,"man",4,1,0
"jrvqge0e6ovz","images/men/image_4479.jpg",70,"man",4,1,0
"jrvqge0e6ovz","images/women/image_4435.jpg",71,"woman",3,3,1
"jrvqge0e6ovz","images/women/image_1897.jpg",72,"woman",5,1,0
"jrvqge0e6ovz","images/men/image_1261.jpg",73,"man",4,4,1
"jrvqge0e6ovz","images/women/image_5947.jpg",74,"woman",3,2,1
"jrvqge0e6ovz","images/men/image_4402.jpg",75,"man",5,5,1
"jrvqge0e6ovz","images/women/image_7819.jpg",76,"woman",3,2,1
"jrvqge0e6ovz","images/women/image_3367.jpg",77,"woman",5,1,0
"jrvqge0e6ovz","images/men/image_2851.jpg",78,"man",4,4,1
"jrvqge0e6ovz","images/women/image_33.jpg",79,"woman",4,3,1
"jrvqge0e6ovz","images/women/image_1413.jpg",80,"woman",5,2,1
"jrvqge0e6ovz","images/men/image_3045.jpg",81,"man",3,1,0
"jrvqge0e6ovz","images/women/image_3774.jpg",82,"woman",3,2,1
"jrvqge0e6ovz","images/women/image_5177.jpg",83,"woman",3,1,0
"jrvqge0e6ovz","images/women/image_503.jpg",84,"woman",5,1,0
"jrvqge0e6ovz","images/men/image_3558.jpg",85,"man",3,3,1
"jrvqge0e6ovz","images/men/image_9373.jpg",86,"man",3,2,1
"jrvqge0e6ovz","images/women/image_2994.jpg",87,"woman",4,4,1
"jrvqge0e6ovz","images/men/image_8582.jpg",88,"man",5,4,1
"jrvqge0e6ovz","images/men/image_4603.jpg",89,"man",5,1,0
"jrvqge0e6ovz","images/women/image_1929.jpg",90,"woman",5,2,1
"jrvqge0e6ovz","images/women/image_5407.jpg",91,"woman",5,5,1
"jrvqge0e6ovz","images/men/image_9711.jpg",92,"man",3,1,0
"jrvqge0e6ovz","images/men/image_336.jpg",93,"man",4,1,0
"jrvqge0e6ovz","images/men/image_950.jpg",94,"man",5,5,1
"jrvqge0e6ovz","images/women/image_1664.jpg",95,"woman",4,3,1
"jrvqge0e6ovz","images/men/image_584.jpg",96,"man",3,2,1
"jrvqge0e6ovz","images/women/image_7762.jpg",97,"woman",3,2,1
"jrvqge0e6ovz","images/women/image_1504.jpg",98,"woman",3,3,1
"jrvqge0e6ovz","images/men/image_721.jpg",99,"man",5,3,1
"jrvqge0e6ovz","images/men/image_3240.jpg",100,"man",4,1,0
"jrvqge0e6ovz","images/women/image_595.jpg",101,"woman",3,2,1
"jrvqge0e6ovz","images/women/image_9590.jpg",102,"woman",3,1,0
"jrvqge0e6ovz","images/women/image_4997.jpg",103,"woman",5,1,0
"jrvqge0e6ovz","images/men/image_3770.jpg",104,"man",3,1,0
"jrvqge0e6ovz","images/women/image_8590.jpg",105,"woman",5,3,1
"jrvqge0e6ovz","images/men/image_5272.jpg",106,"man",5,2,1
"jrvqge0e6ovz","images/men/image_9142.jpg",107,"man",4,4,1
"jrvqge0e6ovz","images/women/image_2148.jpg",108,"woman",4,1,0
"jrvqge0e6ovz","images/men/image_8403.jpg",109,"man",4,4,1
"jrvqge0e6ovz","images/men/image_8998.jpg",110,"man",4,2,1
"jrvqge0e6ovz","images/women/image_784.jpg",111,"woman",3,2,1
"jrvqge0e6ovz","images/women/image_355.jpg",112,"woman",3,3,1
"jrvqge0e6ovz","images/women/image_3481.jpg",113,"woman",5,2,1
"jrvqge0e6ovz","images/women/image_2232.jpg",114,"woman",3,1,0
"jrvqge0e6ovz","images/women/image_464.jpg",115,"woman",4,4,1
"jrvqge0e6ovz","images/men/image_386.jpg",116,"man",5,1,0
"jrvqge0e6ovz","images/women/image_455.jpg",117,"woman",5,5,1
"jrvqge0e6ovz","images/men/image_1224.jpg",118,"man",3,2,1
"jrvqge0e6ovz","images/women/image_9383.jpg",119,"woman",4,1,0
"jrvqge0e6ovz","images/women/image_3450.jpg",120,"woman",5,4,1
"jrvqge0e6ovz","images/men/image_1265.jpg",121,"man",5,3,1
"jrvqge0e6ovz","images/men/image_2524.jpg",122,"man",4,1,0
"jrvqge0e6ovz","images/men/image_2203.jpg",123,"man",4,4,1
"jrvqge0e6ovz","images/women/image_1994.jpg",124,"woman",4,4,1
"jrvqge0e6ovz","images/men/image_1620.jpg",125,"man",3,1,0
"jrvqge0e6ovz","images/women/image_9429.jpg",126,"woman",4,1,0
"jrvqge0e6ovz","images/men/image_1331.jpg",127,"man",5,4,1
"jrvqge0e6ovz","images/women/image_719.jpg",128,"woman",5,2,1
"jrvqge0e6ovz","images/men/image_3357.jpg",129,"man",3,2,1
"jrvqge0e6ovz","images/women/image_694.jpg",130,"woman",3,1,0
"jrvqge0e6ovz","images/men/image_2416.jpg",131,"man",5,2,1
"jrvqge0e6ovz","images/women/image_3158.jpg",132,"woman",5,3,1
"jrvqge0e6ovz","images/women/image_1264.jpg",133,"woman",3,3,1
"jrvqge0e6ovz","images/women/image_3075.jpg",134,"woman",4,4,1
"jrvqge0e6ovz","images/women/image_5198.jpg",135,"woman",5,3,1
"jrvqge0e6ovz","images/men/image_2479.jpg",136,"man",3,1,0
"jrvqge0e6ovz","images/men/image_776.jpg",137,"man",4,2,1
"jrvqge0e6ovz","images/men/image_3656.jpg",138,"man",3,2,1
"jrvqge0e6ovz","images/men/image_9427.jpg",139,"man",5,3,1
"jrvqge0e6ovz","images/women/image_9673.jpg",140,"woman",5,3,1
"jrvqge0e6ovz","images/women/image_9482.jpg",141,"woman",5,4,1
"jrvqge0e6ovz","images/men/image_9947.jpg",142,"man",3,1,0
"jrvqge0e6ovz","images/women/image_8393.jpg",143,"woman",3,3,1
"jrvqge0e6ovz","images/men/image_5268.jpg",144,"man",4,3,1
"jrvqge0e6ovz","images/men/image_4466.jpg",145,"man",5,1,0
"jrvqge0e6ovz","images/women/image_4582.jpg",146,"woman",3,1,0
"jrvqge0e6ovz","images/men/image_4735.jpg",147,"man",4,2,1
"jrvqge0e6ovz","images/women/image_3807.jpg",148,"woman",3,1,0
"jrvqge0e6ovz","images/men/image_5031.jpg",149,"man",5,3,1
"jrvqge0e6ovz","images/women/image_9069.jpg",150,"woman",4,4,1
"jrvqge0e6ovz","images/men/image_13.jpg",151,"man",5,5,1
"jrvqge0e6ovz","images/men/image_4380.jpg",152,"man",4,4,1
"jrvqge0e6ovz","images/women/image_3619.jpg",153,"woman",5,3,1
"jrvqge0e6ovz","images/women/image_1351.jpg",154,"woman",3,2,1
"jrvqge0e6ovz","images/women/image_8693.jpg",155,"woman",4,3,1
"jrvqge0e6ovz","images/women/image_9669.jpg",156,"woman",4,1,0
"jrvqge0e6ovz","images/men/image_1629.jpg",157,"man",4,1,0
"jrvqge0e6ovz","images/women/image_4668.jpg",158,"woman",4,1,0
"jrvqge0e6ovz","images/men/image_265.jpg",159,"man",3,2,1
"jrvqge0e6ovz","images/men/image_8423.jpg",160,"man",5,2,1
"jrvqge0e6ovz","images/men/image_3404.jpg",161,"man",3,3,1
"jrvqge0e6ovz","images/men/image_1431.jpg",162,"man",3,2,1
"jrvqge0e6ovz","images/men/image_9058.jpg",163,"man",4,4,1
"jrvqge0e6ovz","images/men/image_600.jpg",164,"man",4,4,1
"jrvqge0e6ovz","images/women/image_2797.jpg",165,"woman",3,2,1
"jrvqge0e6ovz","images/women/image_2002.jpg",166,"woman",5,2,1
"jrvqge0e6ovz","images/women/image_3179.jpg",167,"woman",4,1,0
"jrvqge0e6ovz","images/women/image_4509.jpg",168,"woman",4,4,1
"dsy6rorqjqa0","images/women/image_479.jpg",1,"woman",3,1,0
"dsy6rorqjqa0","images/women/image_237.jpg",2,"woman",4,1,0
"dsy6rorqjqa0","images/women/image_47.jpg",3,"woman",5,1,0
"dsy6rorqjqa0","images/men/image_9986.jpg",4,"man",3,1,0
"dsy6rorqjqa0","images/women/image_398.jpg",5,"woman",4,1,0
"dsy6rorqjqa0","images/men/image_9883.jpg",6,"man",3,1,0
"dsy6rorqjqa0","images/men/image_4939.jpg",7,"man",5,3,1
"dsy6rorqjqa0","images/women/image_9665.jpg",8,"woman",5,1,0
"dsy6rorqjqa0","images/women/image_1793.jpg",9,"woman",3,1,0
"dsy6rorqjqa0","images/women/image_3367.jpg",10,"woman",3,1,0
"dsy6rorqjqa0","images/men/image_2180.jpg",11,"man",4,1,0
"dsy6rorqjqa0","images/women/image_3985.jpg",12,"woman",4,1,0
"dsy6rorqjqa0","images/men/image_697.jpg",13,"man",3,1,0
"dsy6rorqjqa0","images/men/image_106.jpg",14,"man",4,1,0
"dsy6rorqjqa0","images/men/image_283.jpg",15,"man",3,2,1
"dsy6rorqjqa0","images/women/image_302.jpg",16,"woman",5,1,0
"dsy6rorqjqa0","images/men/image_721.jpg",17,"man",4,1,0
"dsy6rorqjqa0","images/men/image_148.jpg",18,"man",5,1,0
"dsy6rorqjqa0","images/men/image_1224.jpg",19,"man",4,3,1
"dsy6rorqjqa0","images/women/image_3075.jpg",20,"woman",5,1,0
"dsy6rorqjqa0","images/women/image_1243.jpg",21,"woman",3,1,0
"dsy6rorqjqa0","images/women/image_9590.jpg",22,"woman",4,1,0
"dsy6rorqjqa0","images/men/image_1235.jpg",23,"man",5,1,0
"dsy6rorqjqa0","images/women/image_4577.jpg",24,"woman",4,1,0
"dsy6rorqjqa0","images/men/image_3124.jpg",25,"man",5,1,0
"dsy6rorqjqa0","images/women/image_9429.jpg",26,"woman",4,2,1
"dsy6rorqjqa0","images/men/image_4938.jpg",27,"man",5,2,1
"dsy6rorqjqa0","images/men/image_3757.jpg",28,"man",3,2,1
"dsy6rorqjqa0","images/men/image_2173.jpg",29,"man",5,5,1
"dsy6rorqjqa0","images/women/image_8422.jpg",30,"woman",5,1,0
"dsy6rorqjqa0","images/men/image_2773.jpg",31,"man",5,4,1
"dsy6rorqjqa0","images/women/image_8684.jpg",32,"woman",3,1,0
"dsy6rorqjqa0","images/women/image_2418.jpg",33,"woman",3,1,0
"dsy6rorqjqa0","images/men/image_3297.jpg",34,"man",3,1,0
"dsy6rorqjqa0","images/men/image_8467.jpg",35,"man",4,1,0
"dsy6rorqjqa0","images/women/image_3743.jpg",36,"woman",4,2,1
"dsy6rorqjqa0","images/men/image_4537.jpg",37,"man",4,2,1
"dsy6rorqjqa0","images/women/image_2631.jpg",38,"woman",3,3,1
"dsy6rorqjqa0","images/women/image_6153.jpg",39,"woman",5,1,0
"dsy6rorqjqa0","images/men/image_969.jpg",40,"man",3,1,0
"dsy6rorqjqa0","images/men/image_201.jpg",41,"man",4,2,1
"dsy6rorqjqa0","images/women/image_3619.jpg",42,"woman",5,1,0
"dsy6rorqjqa0","images/men/image_3227.jpg",43,"man",3,3,1
"dsy6rorqjqa0","images/women/image_3293.jpg",44,"woman",5,1,0
"dsy6rorqjqa0","images/men/image_5577.jpg",45,"man",5,4,1
"dsy6rorqjqa0","images/women/image_2806.jpg",46,"woman",4,4,1
"dsy6rorqjqa0","images/women/image_2571.jpg",47,"woman",4,1,0
"dsy6rorqjqa0","images/women/image_7696.jpg",48,"woman",3,1,0
"dsy6rorqjqa0","images/women/image_4607.jpg",49,"woman",3,1,0
"dsy6rorqjqa0","images/men/image_5472.jpg",50,"man",5,4,1
"dsy6rorqjqa0","images/men/image_9354.jpg",51,"man",4,1,0
"dsy6rorqjqa0","images/women/image_2429.jpg",52,"woman",3,1,0
"dsy6rorqjqa0","images/men/image_8531.jpg",53,"man",4,3,1
"dsy6rorqjqa0","images/women/image_1593.jpg",54,"woman",4,3,1
"dsy6rorqjqa0","images/women/image_9734.jpg",55,"woman",5,3,1
"dsy6rorqjqa0","images/men/image_5422.jpg",56,"man",4,1,0
"dsy6rorqjqa0","images/men/image_1875.jpg",57,"man",3,2,1
"dsy6rorqjqa0","images/men/image_2914.jpg",58,"man",5,1,0
"dsy6rorqjqa0","images/men/image_6019.jpg",59,"man",3,1,0
"dsy6rorqjqa0","images/men/image_3648.jpg",60,"man",3,3,1
"dsy6rorqjqa0","images/women/image_672.jpg",61,"woman",3,2,1
"dsy6rorqjqa0","images/men/image_2962.jpg",62,"man",4,1,0
"dsy6rorqjqa0","images/men/image_612.jpg",63,"man",5,2,1
"dsy6rorqjqa0","images/women/image_2689.jpg",64,"woman",4,4,1
"dsy6rorqjqa0","images/women/image_4243.jpg",65,"woman",5,2,1
"dsy6rorqjqa0","images/men/image_15.jpg",66,"man",5,5,1
"dsy6rorqjqa0","images/women/image_8388.jpg",67,"woman",4,3,1
"dsy6rorqjqa0","images/women/image_5198.jpg",68,"woman",5,3,1
"dsy6rorqjqa0","images/men/image_1598.jpg",69,"man",4,1,0
"dsy6rorqjqa0","images/men/image_2207.jpg",70,"man",5,5,1
"dsy6rorqjqa0","images/men/image_4981.jpg",71,"man",3,1,0
"dsy6rorqjqa0","images/men/image_734.jpg",72,"man",3,3,1
"dsy6rorqjqa0","images/women/image_8400.jpg",73,"woman",5,1,0
"dsy6rorqjqa0","images/men/image_2131.jpg",74,"man",5,4,1
"dsy6rorqjqa0","images/women/image_1665.jpg",75,"woman",3,1,0
"dsy6rorqjqa0","images/women/image_1351.jpg",76,"woman",3,2,1
"dsy6rorqjqa0","images/women/image_798.jpg",77,"woman",5,2,1
"dsy6rorqjqa0","images/men/image_13.jpg",78,"man",4,2,1
"dsy6rorqjqa0","images/men/image_1271.jpg",79,"man",3,1,0
"dsy6rorqjqa0","images/women/image_9627.jpg",80,"woman",5,5,1
"dsy6rorqjqa0","images/men/image_35.jpg",81,"man",4,4,1
"dsy6rorqjqa0","images/women/image_8682.jpg",82,"woman",4,4,1
"dsy6rorqjqa0","images/women/image_5648.jpg",83,"woman",3,2,1
"dsy6rorqjqa0","images/women/image_4338.jpg",84,"woman",4,1,0
"dsy6rorqjqa0","images/men/image_9676.jpg",85,"man",3,3,1
"dsy6rorqjqa0","images/women/image_3206.jpg",86,"woman",4,1,0
"dsy6rorqjqa0","images/women/image_2041.jpg",87,"woman",4,1,0
"dsy6rorqjqa0","images/men/image_2203.jpg",88,"man",4,2,1
"dsy6rorqjqa0","images/women/image_1684.jpg",89,"woman",5,1,0
"dsy6rorqjqa0","images/women/image_5502.jpg",90,"woman",3,1,0
"dsy6rorqjqa0","images/men/image_4657.jpg",91,"man",5,1,0
"dsy6rorqjqa0","images/women/image_4884.jpg",92,"woman",4,1,0
"dsy6rorqjqa0","images/women/image_7911.jpg",93,"woman",5,3,1
"dsy6rorqjqa0","images/men/image_4320.jpg",94,"man",5,4,1
"dsy6rorqjqa0","images/women/image_4770.jpg",95,"woman",5,1,0
"dsy6rorqjqa0","images/women/image_1569.jpg",96,"woman",4,2,1
"dsy6rorqjqa0","images/women/image_4257.jpg",97,"woman",3,1,0
"dsy6rorqjqa0","images/men/image_4858.jpg",98,"man",3,1,0
"dsy6rorqjqa0","images/women/image_1960.jpg",99,"woman",3,1,0
"dsy6rorqjqa0","images/men/image_415.jpg",100,"man",5,1,0
"dsy6rorqjqa0","images/men/image_4683.jpg",101,"man",3,2,1
"dsy6rorqjqa0","images/women/image_9755.jpg",102,"woman",4,1,0
"dsy6rorqjqa0","images/women/image_9274.jpg",103,"woman",5,3,1
"dsy6rorqjqa0","images/men/image_9791.jpg",104,"man",5,4,1
"dsy6rorqjqa0","images/women/image_4483.jpg",105,"woman",4,1,0
"dsy6rorqjqa0","images/men/image_9919.jpg",106,"man",3,1,0
"dsy6rorqjqa0","images/men/image_902.jpg",107,"man",3,2,1
"dsy6rorqjqa0","images/men/image_6345.jpg",108,"man",4,1,0
"dsy6rorqjqa0","images/men/image_1854.jpg",109,"man",4,1,0
"dsy6rorqjqa0","images/women/image_5766.jpg",110,"woman",5,4,1
"dsy6rorqjqa0","images/women/image_2560.jpg",111,"woman",5,2,1
"dsy6rorqjqa0","images/women/image_8398.jpg",112,"woman",4,2,1
"dsy6rorqjqa0","images/women/image_1533.jpg",113,"woman",3,3,1
"dsy6rorqjqa0","images/men/image_3612.jpg",114,"man",5,2,1
"dsy6rorqjqa0","images/men/image_5272.jpg",115,"man",4,1,0
"dsy6rorqjqa0","images/men/image_2695.jpg",116,"man",5,1,0
"dsy6rorqjqa0","images/men/image_4832.jpg",117,"man",4,3,1
"dsy6rorqjqa0","images/women/image_3526.jpg",118,"woman",3,1,0
"dsy6rorqjqa0","images/men/image_2081.jpg",119,"man",3,1,0
"dsy6rorqjqa0","images/men/image_9674.jpg",120,"man",4,2,1
"dsy6rorqjqa0","images/women/image_8975.jpg",121,"woman",3,3,1
"dsy6rorqjqa0","images/men/image_4044.jpg",122,"man",5,1,0
"dsy6rorqjqa0","images/women/image_2051.jpg",123,"woman",5,2,1
"dsy6rorqjqa0","images/men/image_2714.jpg",124,"man",4,2,1
"dsy6rorqjqa0","images/women/image_455.jpg",125,"woman",3,2,1
"dsy6rorqjqa0","images/men/image_9606.jpg",126,"man",3,2,1
"dsy6rorqjqa0","images/women/image_436.jpg",127,"woman",3,3,1
"dsy6rorqjqa0","images/women/image_7951.jpg",128,"woman",4,2,1
"dsy6rorqjqa0","images/men/image_2605.jpg",129,"man",5,1,0
"dsy6rorqjqa0","images/men/image_497.jpg",130,"man",5,1,0
"dsy6rorqjqa0","images/women/image_695.jpg",131,"woman",4,1,0
"dsy6rorqjqa0","images/men/image_6078.jpg",132,"man",4,1,0
"dsy6rorqjqa0","images/women/image_6351.jpg",133,"woman",5,1,0
"dsy6rorqjqa0","images/men/image_1558.jpg",134,"man",3,1,0
"dsy6rorqjqa0","images/men/image_2192.jpg",135,"man",4,1,0
"dsy6rorqjqa0","images/men/image_5445.jpg",136,"man",3,2,1
"dsy6rorqjqa0","images/women/image_1295.jpg",137,"woman",5,4,1
"dsy6rorqjqa0","images/men/image_9133.jpg",138,"man",5,1,0
"dsy6rorqjqa0","images/women/image_4089.jpg",139,"woman",4,1,0
"dsy6rorqjqa0","images/men/image_1785.jpg",140,"man",3,3,1
"dsy6rorqjqa0","images/women/image_8472.jpg",141,"woman",5,4,1
"dsy6rorqjqa0","images/women/image_1903.jpg",142,"woman",5,3,1
"dsy6rorqjqa0","images/men/image_156.jpg",143,"man",3,2,1
"dsy6rorqjqa0","images/men/image_8998.jpg",144,"man",5,1,0
"dsy6rorqjqa0","images/men/image_1751.jpg",145,"man",3,1,0
"dsy6rorqjqa0","images/men/image_2897.jpg",146,"man",4,1,0
"dsy6rorqjqa0","images/women/image_1168.jpg",147,"woman",3,1,0
"dsy6rorqjqa0","images/women/image_4996.jpg",148,"woman",3,1,0
"dsy6rorqjqa0","images/women/image_8799.jpg",149,"woman",3,1,0
"dsy6rorqjqa0","images/men/image_4800.jpg",150,"man",4,1,0
"dsy6rorqjqa0","images/women/image_4311.jpg",151,"woman",3,3,1
"dsy6rorqjqa0","images/women/image_8731.jpg",152,"woman",5,1,0
"dsy6rorqjqa0","images/women/image_6177.jpg",153,"woman",3,2,1
"dsy6rorqjqa0","images/men/image_4875.jpg",154,"man",5,1,0
"dsy6rorqjqa0","images/men/image_336.jpg",155,"man",5,4,1
"dsy6rorqjqa0","images/women/image_735.jpg",156,"woman",4,1,0
"dsy6rorqjqa0","images/men/image_9756.jpg",157,"man",4,1,0
"dsy6rorqjqa0","images/men/image_628.jpg",158,"man",4,1,0
"dsy6rorqjqa0","images/women/image_2801.jpg",159,"woman",4,1,0
"dsy6rorqjqa0","images/men/image_4603.jpg",160,"man",5,1,0
"dsy6rorqjqa0","images/men/image_3908.jpg",161,"man",3,1,0
"dsy6rorqjqa0","images/women/image_1403.jpg",162,"woman",5,2,1
"dsy6rorqjqa0","images/men/image_9741.jpg",163,"man",4,3,1
"dsy6rorqjqa0","images/women/image_8938.jpg",164,"woman",4,3,1
"dsy6rorqjqa0","images/women/image_9609.jpg",165,"woman",5,1,0
"dsy6rorqjqa0","images/men/image_3358.jpg",166,"man",3,2,1
"dsy6rorqjqa0","images/women/image_2077.jpg",167,"woman",3,3,1
"dsy6rorqjqa0","images/women/image_3956.jpg",168,"woman",4,1,0
"ljg0hjbzj3ka","images/women/image_2993.jpg",1,"woman",4,1,0
"ljg0hjbzj3ka","images/women/image_3279.jpg",2,"woman",5,1,0
"ljg0hjbzj3ka","images/women/image_8880.jpg",3,"woman",3,3,1
"ljg0hjbzj3ka","images/men/image_4951.jpg",4,"man",4,1,0
"ljg0hjbzj3ka","images/men/image_3754.jpg",5,"man",4,1,0
"ljg0hjbzj3ka","images/men/image_3942.jpg",6,"man",4,1,0
"ljg0hjbzj3ka","images/men/image_1787.jpg",7,"man",3,1,0
"ljg0hjbzj3ka","images/women/image_5758.jpg",8,"woman",4,1,0
"ljg0hjbzj3ka","images/women/image_2112.jpg",9,"woman",3,1,0
"ljg0hjbzj3ka","images/men/image_9784.jpg",10,"man",3,1,0
"ljg0hjbzj3ka","images/women/image_4586.jpg",11,"woman",3,3,1
"ljg0hjbzj3ka","images/men/image_1601.jpg",12,"man",5,2,1
"ljg0hjbzj3ka","images/men/image_10.jpg",13,"man",3,1,0
"ljg0hjbzj3ka","images/men/image_4466.jpg",14,"man",5,2,1
"ljg0hjbzj3ka","images/women/image_1892.jpg",15,"woman",3,1,0
"ljg0hjbzj3ka","images/women/image_4394.jpg",16,"woman",4,2,1
"ljg0hjbzj3ka","images/women/image_3691.jpg",17,"woman",3,1,0
"ljg0hjbzj3ka","images/men/image_5272.jpg",18,"man",3,1,0
"ljg0hjbzj3ka","images/men/image_1051.jpg",19,"man",3,2,1
"ljg0hjbzj3ka","images/women/image_355.jpg",20,"woman",5,3,1
"ljg0hjbzj3ka","images/women/image_562.jpg",21,"woman",4,4,1
"ljg0hjbzj3ka","images/women/image_8992.jpg",22,"woman",4,3,1
"ljg0hjbzj3ka","images/men/image_817.jpg",23,"man",5,2,1
"ljg0hjbzj3ka","images/women/image_2041.jpg",24,"woman",3,3,1
"ljg0hjbzj3ka","images/women/image_603.jpg",25,"woman",4,1,0
"ljg0hjbzj3ka","images/women/image_3960.jpg",26,"woman",5,1,0
"ljg0hjbzj3ka","images/men/image_3124.jpg",27,"man",4,2,1
"ljg0hjbzj3ka","images/men/image_2902.jpg",28,"man",5,1,0
"ljg0hjbzj3ka","images/women/image_9278.jpg",29,"woman",5,1,0
"ljg0hjbzj3ka","images/women/image_9232.jpg",30,"woman",5,1,0
"ljg0hjbzj3ka","images/men/image_1573.jpg",31,"man",4,1,0
"ljg0hjbzj3ka","images/men/image_1572.jpg",32,"man",3,1,0
"ljg0hjbzj3ka","images/men/image_1875.jpg",33,"man",5,3,1
"ljg0hjbzj3ka","images/women/image_1684.jpg",34,"woman",3,3,1
"ljg0hjbzj3ka","images/men/image_2621.jpg",35,"man",3,2,1
"ljg0hjbzj3ka","images/men/image_3894.jpg",36,"man",4,1,0
"ljg0hjbzj3ka","images/women/image_244.jpg",37,"woman",4,1,0
"ljg0hjbzj3ka","images/men/image_1272.jpg",38,"man",5,3,1
"ljg0hjbzj3ka","images/women/image_1155.jpg",39,"woman",5,2,1
"ljg0hjbzj3ka","images/women/image_1089.jpg",40,"woman",5,2,1
"ljg0hjbzj3ka","images/men/image_774.jpg",41,"man",4,4,1
"ljg0hjbzj3ka","images/men/image_861.jpg",42,"man",5,5,1
"ljg0hjbzj3ka","images/men/image_3404.jpg",43,"man",5,1,0
"ljg0hjbzj3ka","images/women/image_1709.jpg",44,"woman",3,1,0
"ljg0hjbzj3ka","images/men/image_8994.jpg",45,"man",4,2,1
"ljg0hjbzj3ka","images/women/image_2051.jpg",46,"woman",5,2,1
"ljg0hjbzj3ka","images/women/image_5135.jpg",47,"woman",5,2,1
"ljg0hjbzj3ka","images/men/image_3573.jpg",48,"man",3,1,0
"ljg0hjbzj3ka","images/men/image_8843.jpg",49,"man",3,3,1
"ljg0hjbzj3ka","images/women/image_3194.jpg",50,"woman",4,1,0
"ljg0hjbzj3ka","images/men/image_1615.jpg",51,"man",5,1,0
"ljg0hjbzj3ka","images/women/image_5042.jpg",52,"woman",5,3,1
"ljg0hjbzj3ka","images/men/image_3998.jpg",53,"man",5,1,0
"ljg0hjbzj3ka","images/men/image_2420.jpg",54,"man",5,3,1
"ljg0hjbzj3ka","images/women/image_9734.jpg",55,"woman",3,2,1
"ljg0hjbzj3ka","images/women/image_496.jpg",56,"woman",4,3,1
"ljg0hjbzj3ka","images/women/image_1664.jpg",57,"woman",5,1,0
"ljg0hjbzj3ka","images/men/image_901.jpg",58,"man",3,1,0
"ljg0hjbzj3ka","images/men/image_4803.jpg",59,"man",3,1,0
"ljg0hjbzj3ka","images/men/image_8894.jpg",60,"man",3,1,0
"ljg0hjbzj3ka","images/men/image_3110.jpg",61,"man",3,2,1
"ljg0hjbzj3ka","images/women/image_704.jpg",62,"woman",4,1,0
"ljg0hjbzj3ka","images/women/image_4577.jpg",63,"woman",3,1,0
"ljg0hjbzj3ka","images/men/image_415.jpg",64,"man",3,1,0
"ljg0hjbzj3ka","images/men/image_4654.jpg",65,"man",5,2,1
"ljg0hjbzj3ka","images/women/image_9882.jpg",66,"woman",3,2,1
"ljg0hjbzj3ka","images/women/image_4597.jpg",67,"woman",5,1,0
"ljg0hjbzj3ka","images/men/image_2153.jpg",68,"man",4,3,1
"ljg0hjbzj3ka","images/men/image_600.jpg",69,"man",5,1,0
"ljg0hjbzj3ka","images/men/image_2819.jpg",70,"man",4,1,0
"ljg0hjbzj3ka","images/women/image_8393.jpg",71,"woman",4,1,0
"ljg0hjbzj3ka","images/women/image_513.jpg",72,"woman",4,1,0
"ljg0hjbzj3ka","images/women/image_295.jpg",73,"woman",4,4,1
"ljg0hjbzj3ka","images/men/image_3184.jpg",74,"man",4,2,1
"ljg0hjbzj3ka","images/women/image_3582.jpg",75,"woman",4,2,1
"ljg0hjbzj3ka","images/men/image_9676.jpg",76,"man",5,3,1
"ljg0hjbzj3ka","images/men/image_4.jpg",77,"man",4,2,1
"ljg0hjbzj3ka","images/men/image_9948.jpg",78,"man",4,1,0
"ljg0hjbzj3ka","images/women/image_1403.jpg",79,"woman",5,3,1
"ljg0hjbzj3ka","images/women/image_2689.jpg",80,"woman",3,3,1
"ljg0hjbzj3ka","images/men/image_5305.jpg",81,"man",4,1,0
"ljg0hjbzj3ka","images/women/image_8975.jpg",82,"woman",3,1,0
"ljg0hjbzj3ka","images/women/image_8496.jpg",83,"woman",3,1,0
"ljg0hjbzj3ka","images/women/image_4826.jpg",84,"woman",5,1,0
"ljg0hjbzj3ka","images/men/image_9373.jpg",85,"man",5,2,1
"ljg0hjbzj3ka","images/women/image_84.jpg",86,"woman",5,5,1
"ljg0hjbzj3ka","images/women/image_5177.jpg",87,"woman",5,1,0
"ljg0hjbzj3ka","images/men/image_8654.jpg",88,"man",3,3,1
"ljg0hjbzj3ka","images/women/image_9482.jpg",89,"woman",4,1,0
"ljg0hjbzj3ka","images/women/image_7749.jpg",90,"woman",5,5,1
"ljg0hjbzj3ka","images/men/image_4963.jpg",91,"man",5,1,0
"ljg0hjbzj3ka","images/women/image_5407.jpg",92,"woman",4,1,0
"ljg0hjbzj3ka","images/men/image_196.jpg",93,"man",4,4,1
"ljg0hjbzj3ka","images/men/image_1618.jpg",94,"man",5,1,0
"ljg0hjbzj3ka","images/women/image_4261.jpg",95,"woman",5,2,1
"ljg0hjbzj3ka","images/women/image_6344.jpg",96,"woman",4,3,1
"ljg0hjbzj3ka","images/women/image_694.jpg",97,"woman",3,2,1
"ljg0hjbzj3ka","images/men/image_210.jpg",98,"man",3,1,0
"ljg0hjbzj3ka","images/men/image_2948.jpg",99,"man",3,2,1
"ljg0hjbzj3ka","images/men/image_2203.jpg",100,"man",5,1,0
"ljg0hjbzj3ka","images/women/image_7895.jpg",101,"woman",4,2,1
"ljg0hjbzj3ka","images/men/image_91.jpg",102,"man",4,3,1
"ljg0hjbzj3ka","images/men/image_179.jpg",103,"man",4,1,0
"ljg0hjbzj3ka","images/men/image_1521.jpg",104,"man",3,2,1
"ljg0hjbzj3ka","images/men/image_1150.jpg",105,"man",3,2,1
"ljg0hjbzj3ka","images/men/image_201.jpg",106,"man",5,1,0
"ljg0hjbzj3ka","images/men/image_193.jpg",107,"man",4,1,0
"ljg0hjbzj3ka","images/women/image_4798.jpg",108,"woman",5,4,1
"ljg0hjbzj3ka","images/women/image_8731.jpg",109,"woman",4,1,0
"ljg0hjbzj3ka","images/men/image_4683.jpg",110,"man",5,5,1
"ljg0hjbzj3ka","images/women/image_306.jpg",111,"woman",4,4,1
"ljg0hjbzj3ka","images/women/image_595.jpg",112,"woman",5,1,0
"ljg0hjbzj3ka","images/men/image_8790.jpg",113,"man",5,3,1
"ljg0hjbzj3ka","images/women/image_3450.jpg",114,"woman",3,1,0
"ljg0hjbzj3ka","images/men/image_4013.jpg",115,"man",4,2,1
"ljg0hjbzj3ka","images/men/image_2693.jpg",116,"man",4,3,1
"ljg0hjbzj3ka","images/women/image_9429.jpg",117,"woman",3,3,1
"ljg0hjbzj3ka","images/women/image_6010.jpg",118,"woman",3,1,0
"ljg0hjbzj3ka","images/women/image_33.jpg",119,"woman",3,1,0
"ljg0hjbzj3ka","images/men/image_4441.jpg",120,"man",4,1,0
"ljg0hjbzj3ka","images/women/image_554.jpg",121,"woman",4,3,1
"ljg0hjbzj3ka","images/women/image_3283.jpg",122,"woman",5,1,0
"ljg0hjbzj3ka","images/men/image_4972.jpg",123,"man",3,1,0
"ljg0hjbzj3ka","images/women/image_9599.jpg",124,"woman",3,2,1
"ljg0hjbzj3ka","images/women/image_4117.jpg",125,"woman",3,1,0
"ljg0hjbzj3ka","images/men/image_5470.jpg",126,"man",3,3,1
"ljg0hjbzj3ka","images/men/image_9329.jpg",127,"man",5,5,1
"ljg0hjbzj3ka","images/men/image_6019.jpg",128,"man",3,1,0
"ljg0hjbzj3ka","images/women/image_444.jpg",129,"woman",4,2,1
"ljg0hjbzj3ka","images/men/image_2586.jpg",130,"man",4,3,1
"ljg0hjbzj3ka","images/women/image_1960.jpg",131,"woman",3,1,0
"ljg0hjbzj3ka","images/women/image_735.jpg",132,"woman",3,1,0
"ljg0hjbzj3ka","images/men/image_9704.jpg",133,"man",3,1,0
"ljg0hjbzj3ka","images/women/image_3935.jpg",134,"woman",4,2,1
"ljg0hjbzj3ka","images/men/image_2523.jpg",135,"man",5,2,1
"ljg0hjbzj3ka","images/women/image_560.jpg",136,"woman",5,1,0
"ljg0hjbzj3ka","images/women/image_8775.jpg",137,"woman",3,2,1
"ljg0hjbzj3ka","images/women/image_4331.jpg",138,"woman",5,1,0
"ljg0hjbzj3ka","images/men/image_950.jpg",139,"man",3,2,1
"ljg0hjbzj3ka","images/women/image_3851.jpg",140,"woman",3,2,1
"ljg0hjbzj3ka","images/women/image_8717.jpg",141,"woman",3,2,1
"ljg0hjbzj3ka","images/men/image_8907.jpg",142,"man",3,2,1
"ljg0hjbzj3ka","images/women/image_6041.jpg",143,"woman",5,3,1
"ljg0hjbzj3ka","images/men/image_683.jpg",144,"man",5,1,0
"ljg0hjbzj3ka","images/women/image_3434.jpg",145,"woman",4,4,1
"ljg0hjbzj3ka","images/men/image_4979.jpg",146,"man",5,4,1
"ljg0hjbzj3ka","images/women/image_3722.jpg",147,"woman",4,1,0
"ljg0hjbzj3ka","images/women/image_4770.jpg",148,"woman",4,1,0
"ljg0hjbzj3ka","images/men/image_5640.jpg",149,"man",5,4,1
"ljg0hjbzj3ka","images/women/image_398.jpg",150,"woman",3,1,0
"ljg0hjbzj3ka","images/men/image_8397.jpg",151,"man",4,1,0
"ljg0hjbzj3ka","images/men/image_6345.jpg",152,"man",5,2,1
"ljg0hjbzj3ka","images/men/image_229.jpg",153,"man",4,1,0
"ljg0hjbzj3ka","images/men/image_4479.jpg",154,"man",4,1,0
"ljg0hjbzj3ka","images/men/image_4816.jpg",155,"man",4,3,1
"ljg0hjbzj3ka","images/women/image_4508.jpg",156,"woman",4,1,0
"ljg0hjbzj3ka","images/men/image_4658.jpg",157,"man",3,3,1
"ljg0hjbzj3ka","images/women/image_2571.jpg",158,"woman",3,3,1
"ljg0hjbzj3ka","images/men/image_9403.jpg",159,"man",4,3,1
"ljg0hjbzj3ka","images/men/image_3358.jpg",160,"man",3,2,1
"ljg0hjbzj3ka","images/men/image_5794.jpg",161,"man",4,3,1
"ljg0hjbzj3ka","images/women/image_945.jpg",162,"woman",5,4,1
"ljg0hjbzj3ka","images/men/image_5268.jpg",163,"man",5,3,1
"ljg0hjbzj3ka","images/men/image_922.jpg",164,"man",3,1,0
"ljg0hjbzj3ka","images/women/image_8684.jpg",165,"woman",5,1,0
"ljg0hjbzj3ka","images/women/image_8733.jpg",166,"woman",5,4,1
"ljg0hjbzj3ka","images/women/image_424.jpg",167,"woman",4,4,1
"ljg0hjbzj3ka","images/women/image_2412.jpg",168,"woman",5,4,1
"18kth7e90pxr","images/women/image_3481.jpg",1,"woman",4,1,0
"18kth7e90pxr","images/women/image_4943.jpg",2,"woman",5,1,0
"18kth7e90pxr","images/women/image_3807.jpg",3,"woman",3,1,0
"18kth7e90pxr","images/men/image_9741.jpg",4,"man",5,1,0
"18kth7e90pxr","images/men/image_3029.jpg",5,"man",4,1,0
"18kth7e90pxr","images/men/image_1261.jpg",6,"man",5,1,0
"18kth7e90pxr","images/women/image_2797.jpg",7,"woman",4,3,1
"18kth7e90pxr","images/men/image_210.jpg",8,"man",5,1,0
"18kth7e90pxr","images/women/image_4324.jpg",9,"woman",3,1,0
"18kth7e90pxr","images/women/image_2571.jpg",10,"woman",3,1,0
"18kth7e90pxr","images/men/image_1247.jpg",11,"man",5,1,0
"18kth7e90pxr","images/men/image_4044.jpg",12,"man",4,4,1
"18kth7e90pxr","images/men/image_1747.jpg",13,"man",3,2,1
"18kth7e90pxr","images/women/image_560.jpg",14,"woman",5,1,0
"18kth7e90pxr","images/men/image_1787.jpg",15,"man",3,3,1
"18kth7e90pxr","images/men/image_1667.jpg",16,"man",4,1,0
"18kth7e90pxr","images/men/image_2106.jpg",17,"man",3,1,0
"18kth7e90pxr","images/women/image_2094.jpg",18,"woman",3,3,1
"18kth7e90pxr","images/women/image_9274.jpg",19,"woman",4,3,1
"18kth7e90pxr","images/men/image_1271.jpg",20,"man",3,1,0
"18kth7e90pxr","images/women/image_4202.jpg",21,"woman",5,1,0
"18kth7e90pxr","images/men/image_4735.jpg",22,"man",5,1,0
"18kth7e90pxr","images/women/image_4435.jpg",23,"woman",3,1,0
"18kth7e90pxr","images/women/image_8535.jpg",24,"woman",4,3,1
"18kth7e90pxr","images/men/image_2335.jpg",25,"man",5,3,1
"18kth7e90pxr","images/women/image_1283.jpg",26,"woman",3,1,0
"18kth7e90pxr","images/women/image_2697.jpg",27,"woman",5,1,0
"18kth7e90pxr","images/women/image_4652.jpg",28,"woman",5,1,0
"18kth7e90pxr","images/women/image_6340.jpg",29,"woman",4,1,0
"18kth7e90pxr","images/women/image_2148.jpg",30,"woman",4,1,0
"18kth7e90pxr","images/men/image_795.jpg",31,"man",4,1,0
"18kth7e90pxr","images/women/image_4509.jpg",32,"woman",5,1,0
"18kth7e90pxr","images/women/image_8398.jpg",33,"woman",4,1,0
"18kth7e90pxr","images/women/image_2002.jpg",34,"woman",3,1,0
"18kth7e90pxr","images/women/image_4884.jpg",35,"woman",5,2,1
"18kth7e90pxr","images/men/image_9653.jpg",36,"man",3,1,0
"18kth7e90pxr","images/men/image_3794.jpg",37,"man",4,1,0
"18kth7e90pxr","images/men/image_4832.jpg",38,"man",3,1,0
"18kth7e90pxr","images/men/image_1041.jpg",39,"man",5,2,1
"18kth7e90pxr","images/men/image_1835.jpg",40,"man",4,3,1
"18kth7e90pxr","images/men/image_4185.jpg",41,"man",3,1,0
"18kth7e90pxr","images/men/image_9681.jpg",42,"man",4,1,0
"18kth7e90pxr","images/men/image_9711.jpg",43,"man",5,1,0
"18kth7e90pxr","images/women/image_2815.jpg",44,"woman",4,2,1
"18kth7e90pxr","images/women/image_1145.jpg",45,"woman",5,1,0
"18kth7e90pxr","images/women/image_4243.jpg",46,"woman",3,1,0
"18kth7e90pxr","images/women/image_1935.jpg",47,"woman",4,1,0
"18kth7e90pxr","images/women/image_1452.jpg",48,"woman",4,1,0
"18kth7e90pxr","images/men/image_861.jpg",49,"man",4,2,1
"18kth7e90pxr","images/women/image_7855.jpg",50,"woman",3,1,0
"18kth7e90pxr","images/men/image_2588.jpg",51,"man",5,1,0
"18kth7e90pxr","images/men/image_9577.jpg",52,"man",5,1,0
"18kth7e90pxr","images/women/image_976.jpg",53,"woman",4,2,1
"18kth7e90pxr","images/men/image_2153.jpg",54,"man",5,1,0
"18kth7e90pxr","images/men/image_1091.jpg",55,"man",4,2,1
"18kth7e90pxr","images/women/image_4258.jpg",56,"woman",5,3,1
"18kth7e90pxr","images/women/image_9232.jpg",57,"woman",4,2,1
"18kth7e90pxr","images/men/image_628.jpg",58,"man",3,1,0
"18kth7e90pxr","images/women/image_1504.jpg",59,"woman",3,1,0
"18kth7e90pxr","images/men/image_4950.jpg",60,"man",3,2,1
"18kth7e90pxr","images/men/image_2570.jpg",61,"man",3,1,0
"18kth7e90pxr","images/women/image_4899.jpg",62,"woman",4,4,1
"18kth7e90pxr","images/women/image_4304.jpg",63,"woman",3,1,0
"18kth7e90pxr","images/men/image_9775.jpg",64,"man",5,1,0
"18kth7e90pxr","images/men/image_6019.jpg",65,"man",4,1,0
"18kth7e90pxr","images/women/image_838.jpg",66,"woman",4,4,1
"18kth7e90pxr","images/women/image_3330.jpg",67,"woman",3,1,0
"18kth7e90pxr","images/men/image_600.jpg",68,"man",3,3,1
"18kth7e90pxr","images/women/image_355.jpg",69,"woman",3,1,0
"18kth7e90pxr","images/men/image_4803.jpg",70,"man",5,1,0
"18kth7e90pxr","images/women/image_4508.jpg",71,"woman",5,3,1
"18kth7e90pxr","images/men/image_1601.jpg",72,"man",3,1,0
"18kth7e90pxr","images/men/image_8547.jpg",73,"man",3,1,0
"18kth7e90pxr","images/men/image_5709.jpg",74,"man",4,1,0
"18kth7e90pxr","images/men/image_9373.jpg",75,"man",4,1,0
"18kth7e90pxr","images/men/image_901.jpg",76,"man",4,3,1
"18kth7e90pxr","images/women/image_78.jpg",77,"woman",3,1,0
"18kth7e90pxr","images/women/image_1155.jpg",78,"woman",5,1,0
"18kth7e90pxr","images/men/image_3240.jpg",79,"man",4,2,1
"18kth7e90pxr","images/women/image_2622.jpg",80,"woman",5,1,0
"18kth7e90pxr","images/men/image_741.jpg",81,"man",3,1,0
"18kth7e90pxr","images/women/image_2136.jpg",82,"woman",5,2,1
"18kth7e90pxr","images/men/image_2693.jpg",83,"man",5,3,1
"18kth7e90pxr","images/women/image_3674.jpg",84,"woman",5,1,0
"18kth7e90pxr","images/men/image_4061.jpg",85,"man",3,1,0
"18kth7e90pxr","images/men/image_3843.jpg",86,"man",4,1,0
"18kth7e90pxr","images/men/image_2386.jpg",87,"man",3,1,0
"18kth7e90pxr","images/women/image_9734.jpg",88,"woman",5,1,0
"18kth7e90pxr","images/men/image_683.jpg",89,"man",4,1,0
"18kth7e90pxr","images/women/image_2232.jpg",90,"woman",3,2,1
"18kth7e90pxr","images/women/image_8311.jpg",91,"woman",4,1,0
"18kth7e90pxr","images/men/image_4951.jpg",92,"man",3,2,1
"18kth7e90pxr","images/women/image_5807.jpg",93,"woman",3,2,1
"18kth7e90pxr","images/men/image_2819.jpg",94,"man",4,2,1
"18kth7e90pxr","images/men/image_4566.jpg",95,"man",4,1,0
"18kth7e90pxr","images/women/image_1328.jpg",96,"woman",4,1,0
"18kth7e90pxr","images/women/image_1064.jpg",97,"woman",5,1,0
"18kth7e90pxr","images/women/image_3736.jpg",98,"woman",3,1,0
"18kth7e90pxr","images/women/image_9539.jpg",99,"woman",4,1,0
"18kth7e90pxr","images/women/image_1240.jpg",100,"woman",5,5,1
"18kth7e90pxr","images/women/image_335.jpg",101,"woman",4,1,0
"18kth7e90pxr","images/men/image_179.jpg",102,"man",4,1,0
"18kth7e90pxr","images/men/image_5549.jpg",103,"man",4,3,1
"18kth7e90pxr","images/men/image_949.jpg",104,"man",5,1,0
"18kth7e90pxr","images/men/image_9109.jpg",105,"man",5,1,0
"18kth7e90pxr","images/men/image_4963.jpg",106,"man",5,3,1
"18kth7e90pxr","images/men/image_1751.jpg",107,"man",4,1,0
"18kth7e90pxr","images/women/image_5758.jpg",108,"woman",3,1,0
"18kth7e90pxr","images/women/image_86.jpg",109,"woman",4,2,1
"18kth7e90pxr","images/women/image_757.jpg",110,"woman",3,1,0
"18kth7e90pxr","images/women/image_9191.jpg",111,"woman",5,1,0
"18kth7e90pxr","images/men/image_2131.jpg",112,"man",3,1,0
"18kth7e90pxr","images/women/image_9268.jpg",113,"woman",4,1,0
"18kth7e90pxr","images/women/image_8388.jpg",114,"woman",3,2,1
"18kth7e90pxr","images/men/image_5528.jpg",115,"man",5,1,0
"18kth7e90pxr","images/women/image_9700.jpg",116,"woman",5,2,1
"18kth7e90pxr","images/women/image_5550.jpg",117,"woman",5,1,0
"18kth7e90pxr","images/men/image_1129.jpg",118,"man",3,1,0
"18kth7e90pxr","images/men/image_3357.jpg",119,"man",5,1,0
"18kth7e90pxr","images/men/image_3004.jpg",120,"man",3,2,1
"18kth7e90pxr","images/men/image_1598.jpg",121,"man",5,3,1
"18kth7e90pxr","images/men/image_988.jpg",122,"man",3,2,1
"18kth7e90pxr","images/women/image_3007.jpg",123,"woman",5,1,0
"18kth7e90pxr","images/women/image_302.jpg",124,"woman",4,2,1
"18kth7e90pxr","images/women/image_5592.jpg",125,"woman",3,1,0
"18kth7e90pxr","images/men/image_1342.jpg",126,"man",5,1,0
"18kth7e90pxr","images/men/image_3757.jpg",127,"man",5,4,1
"18kth7e90pxr","images/women/image_5566.jpg",128,"woman",3,1,0
"18kth7e90pxr","images/women/image_3743.jpg",129,"woman",4,4,1
"18kth7e90pxr","images/men/image_5382.jpg",130,"man",3,1,0
"18kth7e90pxr","images/women/image_4483.jpg",131,"woman",3,1,0
"18kth7e90pxr","images/women/image_4582.jpg",132,"woman",5,4,1
"18kth7e90pxr","images/women/image_603.jpg",133,"woman",3,1,0
"18kth7e90pxr","images/men/image_667.jpg",134,"man",4,4,1
"18kth7e90pxr","images/men/image_4457.jpg",135,"man",4,3,1
"18kth7e90pxr","images/men/image_817.jpg",136,"man",3,2,1
"18kth7e90pxr","images/men/image_9223.jpg",137,"man",3,1,0
"18kth7e90pxr","images/men/image_1572.jpg",138,"man",5,1,0
"18kth7e90pxr","images/men/image_2058.jpg",139,"man",4,2,1
"18kth7e90pxr","images/men/image_2173.jpg",140,"man",4,1,0
"18kth7e90pxr","images/men/image_4927.jpg",141,"man",4,2,1
"18kth7e90pxr","images/women/image_2112.jpg",142,"woman",5,1,0
"18kth7e90pxr","images/men/image_3951.jpg",143,"man",5,1,0
"18kth7e90pxr","images/women/image_455.jpg",144,"woman",3,2,1
"18kth7e90pxr","images/women/image_7895.jpg",145,"woman",4,2,1
"18kth7e90pxr","images/women/image_1314.jpg",146,"woman",5,1,0
"18kth7e90pxr","images/women/image_295.jpg",147,"woman",4,1,0
"18kth7e90pxr","images/men/image_3573.jpg",148,"man",3,1,0
"18kth7e90pxr","images/women/image_8472.jpg",149,"woman",3,2,1
"18kth7e90pxr","images/women/image_5648.jpg",150,"woman",4,1,0
"18kth7e90pxr","images/men/image_2417.jpg",151,"man",3,3,1
"18kth7e90pxr","images/men/image_4657.jpg",152,"man",3,1,0
"18kth7e90pxr","images/men/image_4441.jpg",153,"man",4,2,1
"18kth7e90pxr","images/women/image_3996.jpg",154,"woman",4,1,0
"18kth7e90pxr","images/women/image_1264.jpg",155,"woman",5,1,0
"18kth7e90pxr","images/men/image_752.jpg",156,"man",3,2,1
"18kth7e90pxr","images/women/image_2029.jpg",157,"woman",5,1,0
"18kth7e90pxr","images/women/image_1430.jpg",158,"woman",5,1,0
"18kth7e90pxr","images/women/image_562.jpg",159,"woman",3,1,0
"18kth7e90pxr","images/women/image_686.jpg",160,"woman",4,1,0
"18kth7e90pxr","images/women/image_1623.jpg",161,"woman",3,2,1
"18kth7e90pxr","images/women/image_2760.jpg",162,"woman",4,1,0
"18kth7e90pxr","images/men/image_9612.jpg",163,"man",5,1,0
"18kth7e90pxr","images/women/image_4773.jpg",164,"woman",5,2,1
"18kth7e90pxr","images/men/image_1928.jpg",165,"man",4,3,1
"18kth7e90pxr","images/men/image_8648.jpg",166,"man",5,1,0
"18kth7e90pxr","images/men/image_4993.jpg",167,"man",5,4,1
"18kth7e90pxr","images/men/image_5743.jpg",168,"man",5,1,0
"qt6yvwnv4rq4","images/women/image_4243.jpg",1,"woman",3,3,1
"qt6yvwnv4rq4","images/women/image_3495.jpg",2,"woman",5,1,0
"qt6yvwnv4rq4","images/men/image_10.jpg",3,"man",4,4,1
"qt6yvwnv4rq4","images/women/image_947.jpg",4,"woman",4,2,1
"qt6yvwnv4rq4","images/women/image_3007.jpg",5,"woman",4,1,0
"qt6yvwnv4rq4","images/men/image_1542.jpg",6,"man",3,1,0
"qt6yvwnv4rq4","images/men/image_625.jpg",7,"man",3,1,0
"qt6yvwnv4rq4","images/men/image_2884.jpg",8,"man",3,1,0
"qt6yvwnv4rq4","images/women/image_6243.jpg",9,"woman",5,1,0
"qt6yvwnv4rq4","images/men/image_5213.jpg",10,"man",4,2,1
"qt6yvwnv4rq4","images/women/image_3021.jpg",11,"woman",3,3,1
"qt6yvwnv4rq4","images/women/image_1364.jpg",12,"woman",4,2,1
"qt6yvwnv4rq4","images/women/image_47.jpg",13,"woman",4,1,0
"qt6yvwnv4rq4","images/men/image_4683.jpg",14,"man",5,1,0
"qt6yvwnv4rq4","images/men/image_8956.jpg",15,"man",5,3,1
"qt6yvwnv4rq4","images/men/image_9373.jpg",16,"man",3,1,0
"qt6yvwnv4rq4","images/women/image_9700.jpg",17,"woman",3,2,1
"qt6yvwnv4rq4","images/men/image_5086.jpg",18,"man",3,1,0
"qt6yvwnv4rq4","images/men/image_5709.jpg",19,"man",5,5,1
"qt6yvwnv4rq4","images/women/image_8449.jpg",20,"woman",5,4,1
"qt6yvwnv4rq4","images/men/image_201.jpg",21,"man",5,5,1
"qt6yvwnv4rq4","images/women/image_6153.jpg",22,"woman",4,1,0
"qt6yvwnv4rq4","images/women/image_1155.jpg",23,"woman",5,1,0
"qt6yvwnv4rq4","images/women/image_1452.jpg",24,"woman",5,4,1
"qt6yvwnv4rq4","images/men/image_2693.jpg",25,"man",4,3,1
"qt6yvwnv4rq4","images/men/image_1522.jpg",26,"man",4,3,1
"qt6yvwnv4rq4","images/men/image_2207.jpg",27,"man",5,4,1
"qt6yvwnv4rq4","images/women/image_896.jpg",28,"woman",4,2,1
"qt6yvwnv4rq4","images/men/image_789.jpg",29,"man",4,1,0
"qt6yvwnv4rq4","images/women/image_798.jpg",30,"woman",4,1,0
"qt6yvwnv4rq4","images/men/image_629.jpg",31,"man",4,2,1
"qt6yvwnv4rq4","images/women/image_4394.jpg",32,"woman",5,3,1
"qt6yvwnv4rq4","images/women/image_1351.jpg",33,"woman",3,2,1
"qt6yvwnv4rq4","images/women/image_2292.jpg",34,"woman",3,2,1
"qt6yvwnv4rq4","images/men/image_2902.jpg",35,"man",3,1,0
"qt6yvwnv4rq4","images/men/image_2570.jpg",36,"man",5,3,1
"qt6yvwnv4rq4","images/men/image_949.jpg",37,"man",3,2,1
"qt6yvwnv4rq4","images/men/image_299.jpg",38,"man",4,3,1
"qt6yvwnv4rq4","images/men/image_4317.jpg",39,"man",5,1,0
"qt6yvwnv4rq4","images/women/image_8739.jpg",40,"woman",5,1,0
"qt6yvwnv4rq4","images/women/image_3450.jpg",41,"woman",3,2,1
"qt6yvwnv4rq4","images/women/image_9457.jpg",42,"woman",3,3,1
"qt6yvwnv4rq4","images/men/image_3473.jpg",43,"man",3,1,0
"qt6yvwnv4rq4","images/men/image_2381.jpg",44,"man",4,2,1
"qt6yvwnv4rq4","images/men/image_9229.jpg",45,"man",3,1,0
"qt6yvwnv4rq4","images/women/image_4532.jpg",46,"woman",4,3,1
"qt6yvwnv4rq4","images/women/image_3194.jpg",47,"woman",4,2,1
"qt6yvwnv4rq4","images/men/image_3404.jpg",48,"man",5,3,1
"qt6yvwnv4rq4","images/women/image_565.jpg",49,"woman",3,2,1
"qt6yvwnv4rq4","images/women/image_2697.jpg",50,"woman",5,3,1
"qt6yvwnv4rq4","images/women/image_5758.jpg",51,"woman",5,2,1
"qt6yvwnv4rq4","images/women/image_4435.jpg",52,"woman",5,2,1
"qt6yvwnv4rq4","images/women/image_3075.jpg",53,"woman",4,2,1
"qt6yvwnv4rq4","images/men/image_8443.jpg",54,"man",5,3,1
"qt6yvwnv4rq4","images/men/image_3864.jpg",55,"man",4,3,1
"qt6yvwnv4rq4","images/women/image_4351.jpg",56,"woman",4,3,1
"qt6yvwnv4rq4","images/men/image_2378.jpg",57,"man",4,3,1
"qt6yvwnv4rq4","images/women/image_4311.jpg",58,"woman",3,1,0
"qt6yvwnv4rq4","images/men/image_902.jpg",59,"man",5,1,0
"qt6yvwnv4rq4","images/men/image_2203.jpg",60,"man",5,2,1
"qt6yvwnv4rq4","images/men/image_4429.jpg",61,"man",4,3,1
"qt6yvwnv4rq4","images/women/image_295.jpg",62,"woman",5,1,0
"qt6yvwnv4rq4","images/women/image_1892.jpg",63,"woman",3,3,1
"qt6yvwnv4rq4","images/men/image_1068.jpg",64,"man",5,1,0
"qt6yvwnv4rq4","images/women/image_2689.jpg",65,"woman",4,4,1
"qt6yvwnv4rq4","images/men/image_1747.jpg",66,"man",5,3,1
"qt6yvwnv4rq4","images/men/image_2192.jpg",67,"man",3,1,0
"qt6yvwnv4rq4","images/women/image_688.jpg",68,"woman",3,1,0
"qt6yvwnv4rq4","images/men/image_4800.jpg",69,"man",4,4,1
"qt6yvwnv4rq4","images/women/image_3267.jpg",70,"woman",5,1,0
"qt6yvwnv4rq4","images/men/image_8922.jpg",71,"man",4,3,1
"qt6yvwnv4rq4","images/men/image_2819.jpg",72,"man",3,3,1
"qt6yvwnv4rq4","images/men/image_4222.jpg",73,"man",5,1,0
"qt6yvwnv4rq4","images/men/image_9675.jpg",74,"man",3,3,1
"qt6yvwnv4rq4","images/men/image_1114.jpg",75,"man",3,1,0
"qt6yvwnv4rq4","images/women/image_212.jpg",76,"woman",5,1,0
"qt6yvwnv4rq4","images/men/image_9606.jpg",77,"man",3,3,1
"qt6yvwnv4rq4","images/men/image_90.jpg",78,"man",4,1,0
"qt6yvwnv4rq4","images/women/image_3791.jpg",79,"woman",4,4,1
"qt6yvwnv4rq4","images/women/image_735.jpg",80,"woman",3,2,1
"qt6yvwnv4rq4","images/women/image_287.jpg",81,"woman",4,1,0
"qt6yvwnv4rq4","images/women/image_3448.jpg",82,"woman",5,1,0
"qt6yvwnv4rq4","images/women/image_1567.jpg",83,"woman",3,2,1
"qt6yvwnv4rq4","images/women/image_3481.jpg",84,"woman",3,1,0
"qt6yvwnv4rq4","images/women/image_9669.jpg",85,"woman",5,5,1
"qt6yvwnv4rq4","images/women/image_4997.jpg",86,"woman",5,2,1
"qt6yvwnv4rq4","images/men/image_9727.jpg",87,"man",3,3,1
"qt6yvwnv4rq4","images/women/image_3619.jpg",88,"woman",4,1,0
"qt6yvwnv4rq4","images/women/image_1314.jpg",89,"woman",3,3,1
"qt6yvwnv4rq4","images/women/image_562.jpg",90,"woman",3,1,0
"qt6yvwnv4rq4","images/men/image_730.jpg",91,"man",5,3,1
"qt6yvwnv4rq4","images/women/image_5592.jpg",92,"woman",5,3,1
"qt6yvwnv4rq4","images/women/image_1973.jpg",93,"woman",4,4,1
"qt6yvwnv4rq4","images/women/image_3599.jpg",94,"woman",4,2,1
"qt6yvwnv4rq4","images/women/image_451.jpg",95,"woman",3,1,0
"qt6yvwnv4rq4","images/women/image_5502.jpg",96,"woman",4,3,1
"qt6yvwnv4rq4","images/men/image_1645.jpg",97,"man",5,3,1
"qt6yvwnv4rq4","images/women/image_4597.jpg",98,"woman",5,2,1
"qt6yvwnv4rq4","images/men/image_383.jpg",99,"man",4,2,1
"qt6yvwnv4rq4","images/men/image_3184.jpg",100,"man",5,2,1
"qt6yvwnv4rq4","images/women/image_3956.jpg",101,"woman",3,1,0
"qt6yvwnv4rq4","images/men/image_3687.jpg",102,"man",3,2,1
"qt6yvwnv4rq4","images/women/image_603.jpg",103,"woman",4,2,1
"qt6yvwnv4rq4","images/men/image_3951.jpg",104,"man",4,3,1
"qt6yvwnv4rq4","images/men/image_4942.jpg",105,"man",4,2,1
"qt6yvwnv4rq4","images/men/image_3797.jpg",106,"man",5,2,1
"qt6yvwnv4rq4","images/men/image_708.jpg",107,"man",4,2,1
"qt6yvwnv4rq4","images/men/image_734.jpg",108,"man",5,4,1
"qt6yvwnv4rq4","images/men/image_1395.jpg",109,"man",4,4,1
"qt6yvwnv4rq4","images/women/image_2806.jpg",110,"woman",3,3,1
"qt6yvwnv4rq4","images/men/image_8650.jpg",111,"man",3,3,1
"qt6yvwnv4rq4","images/women/image_1994.jpg",112,"woman",5,3,1
"qt6yvwnv4rq4","images/men/image_2465.jpg",113,"man",5,2,1
"qt6yvwnv4rq4","images/men/image_3612.jpg",114,"man",4,2,1
"qt6yvwnv4rq4","images/men/image_2058.jpg",115,"man",3,3,1
"qt6yvwnv4rq4","images/men/image_8304.jpg",116,"man",5,4,1
"qt6yvwnv4rq4","images/men/image_993.jpg",117,"man",3,3,1
"qt6yvwnv4rq4","images/men/image_4462.jpg",118,"man",3,2,1
"qt6yvwnv4rq4","images/men/image_3491.jpg",119,"man",3,1,0
"qt6yvwnv4rq4","images/men/image_6148.jpg",120,"man",4,1,0
"qt6yvwnv4rq4","images/women/image_2016.jpg",121,"woman",4,2,1
"qt6yvwnv4rq4","images/women/image_3389.jpg",122,"woman",5,1,0
"qt6yvwnv4rq4","images/women/image_2077.jpg",123,"woman",3,2,1
"qt6yvwnv4rq4","images/women/image_4483.jpg",124,"woman",3,2,1
"qt6yvwnv4rq4","images/women/image_2136.jpg",125,"woman",4,1,0
"qt6yvwnv4rq4","images/women/image_4787.jpg",126,"woman",5,2,1
"qt6yvwnv4rq4","images/women/image_7895.jpg",127,"woman",3,2,1
"qt6yvwnv4rq4","images/men/image_1271.jpg",128,"man",5,1,0
"qt6yvwnv4rq4","images/men/image_1618.jpg",129,"man",5,5,1
"qt6yvwnv4rq4","images/women/image_1623.jpg",130,"woman",4,4,1
"qt6yvwnv4rq4","images/women/image_9665.jpg",131,"woman",4,4,1
"qt6yvwnv4rq4","images/men/image_4998.jpg",132,"man",3,2,1
"qt6yvwnv4rq4","images/women/image_5295.jpg",133,"woman",5,3,1
"qt6yvwnv4rq4","images/women/image_1264.jpg",134,"woman",4,3,1
"qt6yvwnv4rq4","images/men/image_833.jpg",135,"man",5,3,1
"qt6yvwnv4rq4","images/men/image_2106.jpg",136,"man",3,2,1
"qt6yvwnv4rq4","images/women/image_9047.jpg",137,"woman",4,4,1
"qt6yvwnv4rq4","images/men/image_4946.jpg",138,"man",3,2,1
"qt6yvwnv4rq4","images/men/image_721.jpg",139,"man",5,1,0
"qt6yvwnv4rq4","images/men/image_4061.jpg",140,"man",4,2,1
"qt6yvwnv4rq4","images/men/image_265.jpg",141,"man",3,2,1
"qt6yvwnv4rq4","images/men/image_592.jpg",142,"man",4,1,0
"qt6yvwnv4rq4","images/women/image_5525.jpg",143,"woman",4,1,0
"qt6yvwnv4rq4","images/men/image_3830.jpg",144,"man",4,2,1
"qt6yvwnv4rq4","images/women/image_3049.jpg",145,"woman",4,4,1
"qt6yvwnv4rq4","images/women/image_3736.jpg",146,"woman",3,1,0
"qt6yvwnv4rq4","images/women/image_290.jpg",147,"woman",3,3,1
"qt6yvwnv4rq4","images/women/image_6220.jpg",148,"woman",3,1,0
"qt6yvwnv4rq4","images/men/image_559.jpg",149,"man",5,5,1
"qt6yvwnv4rq4","images/men/image_5839.jpg",150,"man",4,1,0
"qt6yvwnv4rq4","images/women/image_7876.jpg",151,"woman",3,3,1
"qt6yvwnv4rq4","images/women/image_5766.jpg",152,"woman",3,1,0
"qt6yvwnv4rq4","images/men/image_8894.jpg",153,"man",4,4,1
"qt6yvwnv4rq4","images/men/image_4588.jpg",154,"man",5,4,1
"qt6yvwnv4rq4","images/men/image_5910.jpg",155,"man",3,1,0
"qt6yvwnv4rq4","images/men/image_3004.jpg",156,"man",3,2,1
"qt6yvwnv4rq4","images/women/image_1665.jpg",157,"woman",5,3,1
"qt6yvwnv4rq4","images/women/image_2500.jpg",158,"woman",5,1,0
"qt6yvwnv4rq4","images/men/image_1768.jpg",159,"man",4,4,1
"qt6yvwnv4rq4","images/women/image_7792.jpg",160,"woman",5,2,1
"qt6yvwnv4rq4","images/women/image_8877.jpg",161,"woman",5,1,0
"qt6yvwnv4rq4","images/men/image_676.jpg",162,"man",5,2,1
"qt6yvwnv4rq4","images/men/image_3265.jpg",163,"man",3,2,1
"qt6yvwnv4rq4","images/women/image_8682.jpg",164,"woman",5,5,1
"qt6yvwnv4rq4","images/women/image_5284.jpg",165,"woman",3,2,1
"qt6yvwnv4rq4","images/men/image_3770.jpg",166,"man",4,1,0
"qt6yvwnv4rq4","images/women/image_2429.jpg",167,"woman",5,5,1
"qt6yvwnv4rq4","images/women/image_8507.jpg",168,"woman",4,2,1
"4vqew5tbqsq0","images/women/image_9448.jpg",1,"woman",3,1,0
"4vqew5tbqsq0","images/women/image_8693.jpg",2,"woman",5,1,0
"4vqew5tbqsq0","images/men/image_559.jpg",3,"man",4,2,1
"4vqew5tbqsq0","images/women/image_1593.jpg",4,"woman",4,2,1
"4vqew5tbqsq0","images/men/image_4644.jpg",5,"man",3,2,1
"4vqew5tbqsq0","images/women/image_2993.jpg",6,"woman",5,3,1
"4vqew5tbqsq0","images/women/image_6010.jpg",7,"woman",3,1,0
"4vqew5tbqsq0","images/women/image_7696.jpg",8,"woman",3,1,0
"4vqew5tbqsq0","images/women/image_4668.jpg",9,"woman",5,1,0
"4vqew5tbqsq0","images/women/image_3495.jpg",10,"woman",3,2,1
"4vqew5tbqsq0","images/men/image_833.jpg",11,"man",4,3,1
"4vqew5tbqsq0","images/women/image_4884.jpg",12,"woman",5,5,1
"4vqew5tbqsq0","images/men/image_1943.jpg",13,"man",5,1,0
"4vqew5tbqsq0","images/men/image_3835.jpg",14,"man",5,4,1
"4vqew5tbqsq0","images/men/image_4441.jpg",15,"man",4,1,0
"4vqew5tbqsq0","images/women/image_9673.jpg",16,"woman",3,1,0
"4vqew5tbqsq0","images/women/image_7749.jpg",17,"woman",4,3,1
"4vqew5tbqsq0","images/men/image_4320.jpg",18,"man",5,3,1
"4vqew5tbqsq0","images/men/image_4429.jpg",19,"man",3,1,0
"4vqew5tbqsq0","images/women/image_8684.jpg",20,"woman",4,1,0
"4vqew5tbqsq0","images/men/image_3648.jpg",21,"man",4,1,0
"4vqew5tbqsq0","images/men/image_2335.jpg",22,"man",3,3,1
"4vqew5tbqsq0","images/men/image_1265.jpg",23,"man",3,1,0
"4vqew5tbqsq0","images/men/image_1573.jpg",24,"man",3,3,1
"4vqew5tbqsq0","images/men/image_5145.jpg",25,"man",3,2,1
"4vqew5tbqsq0","images/women/image_1145.jpg",26,"woman",5,5,1
"4vqew5tbqsq0","images/women/image_8712.jpg",27,"woman",4,2,1
"4vqew5tbqsq0","images/men/image_3209.jpg",28,"man",4,1,0
"4vqew5tbqsq0","images/women/image_8380.jpg",29,"woman",5,5,1
"4vqew5tbqsq0","images/women/image_8606.jpg",30,"woman",4,3,1
"4vqew5tbqsq0","images/women/image_5090.jpg",31,"woman",3,1,0
"4vqew5tbqsq0","images/men/image_4537.jpg",32,"man",5,2,1
"4vqew5tbqsq0","images/men/image_8517.jpg",33,"man",4,1,0
"4vqew5tbqsq0","images/men/image_1091.jpg",34,"man",4,1,0
"4vqew5tbqsq0","images/women/image_2008.jpg",35,"woman",5,5,1
"4vqew5tbqsq0","images/men/image_3908.jpg",36,"man",5,4,1
"4vqew5tbqsq0","images/women/image_1569.jpg",37,"woman",4,1,0
"4vqew5tbqsq0","images/men/image_949.jpg",38,"man",5,1,0
"4vqew5tbqsq0","images/women/image_694.jpg",39,"woman",4,2,1
"4vqew5tbqsq0","images/men/image_8952.jpg",40,"man",5,5,1
"4vqew5tbqsq0","images/men/image_861.jpg",41,"man",3,2,1
"4vqew5tbqsq0","images/women/image_60.jpg",42,"woman",3,1,0
"4vqew5tbqsq0","images/men/image_775.jpg",43,"man",5,4,1
"4vqew5tbqsq0","images/women/image_976.jpg",44,"woman",3,3,1
"4vqew5tbqsq0","images/women/image_4899.jpg",45,"woman",5,1,0
"4vqew5tbqsq0","images/women/image_1929.jpg",46,"woman",4,3,1
"4vqew5tbqsq0","images/men/image_9892.jpg",47,"man",5,4,1
"4vqew5tbqsq0","images/men/image_8922.jpg",48,"man",3,2,1
"4vqew5tbqsq0","images/women/image_1243.jpg",49,"woman",4,2,1
"4vqew5tbqsq0","images/women/image_4483.jpg",50,"woman",5,1,0
"4vqew5tbqsq0","images/women/image_1141.jpg",51,"woman",3,1,0
"4vqew5tbqsq0","images/women/image_1868.jpg",52,"woman",3,2,1
"4vqew5tbqsq0","images/men/image_527.jpg",53,"man",3,1,0
"4vqew5tbqsq0","images/women/image_3458.jpg",54,"woman",5,2,1
"4vqew5tbqsq0","images/men/image_4947.jpg",55,"man",5,3,1
"4vqew5tbqsq0","images/men/image_6148.jpg",56,"man",4,1,0
"4vqew5tbqsq0","images/women/image_1665.jpg",57,"woman",4,1,0
"4vqew5tbqsq0","images/men/image_9270.jpg",58,"man",3,1,0
"4vqew5tbqsq0","images/women/image_2029.jpg",59,"woman",5,5,1
"4vqew5tbqsq0","images/women/image_3526.jpg",60,"woman",5,1,0
"4vqew5tbqsq0","images/women/image_1513.jpg",61,"woman",5,1,0
"4vqew5tbqsq0","images/men/image_4971.jpg",62,"man",3,1,0
"4vqew5tbqsq0","images/women/image_9313.jpg",63,"woman",4,3,1
"4vqew5tbqsq0","images/men/image_5445.jpg",64,"man",3,1,0
"4vqew5tbqsq0","images/men/image_1522.jpg",65,"man",5,1,0
"4vqew5tbqsq0","images/men/image_4858.jpg",66,"man",4,4,1
"4vqew5tbqsq0","images/women/image_9669.jpg",67,"woman",4,4,1
"4vqew5tbqsq0","images/men/image_5422.jpg",68,"man",5,3,1
"4vqew5tbqsq0","images/men/image_179.jpg",69,"man",4,3,1
"4vqew5tbqsq0","images/women/image_1152.jpg",70,"woman",5,3,1
"4vqew5tbqsq0","images/men/image_5470.jpg",71,"man",4,1,0
"4vqew5tbqsq0","images/women/image_2697.jpg",72,"woman",3,1,0
"4vqew5tbqsq0","images/men/image_229.jpg",73,"man",3,1,0
"4vqew5tbqsq0","images/men/image_721.jpg",74,"man",3,1,0
"4vqew5tbqsq0","images/men/image_2897.jpg",75,"man",5,4,1
"4vqew5tbqsq0","images/women/image_8739.jpg",76,"woman",3,1,0
"4vqew5tbqsq0","images/women/image_788.jpg",77,"woman",4,4,1
"4vqew5tbqsq0","images/men/image_5213.jpg",78,"man",4,1,0
"4vqew5tbqsq0","images/women/image_331.jpg",79,"woman",4,4,1
"4vqew5tbqsq0","images/men/image_3344.jpg",80,"man",5,1,0
"4vqew5tbqsq0","images/men/image_1068.jpg",81,"man",4,4,1
"4vqew5tbqsq0","images/men/image_8969.jpg",82,"man",4,2,1
"4vqew5tbqsq0","images/women/image_1576.jpg",83,"woman",3,1,0
"4vqew5tbqsq0","images/women/image_455.jpg",84,"woman",3,1,0
"4vqew5tbqsq0","images/men/image_9681.jpg",85,"man",4,4,1
"4vqew5tbqsq0","images/women/image_494.jpg",86,"woman",4,4,1
"4vqew5tbqsq0","images/women/image_6351.jpg",87,"woman",5,1,0
"4vqew5tbqsq0","images/men/image_4803.jpg",88,"man",4,1,0
"4vqew5tbqsq0","images/women/image_4965.jpg",89,"woman",4,2,1
"4vqew5tbqsq0","images/men/image_3632.jpg",90,"man",5,1,0
"4vqew5tbqsq0","images/women/image_3741.jpg",91,"woman",3,1,0
"4vqew5tbqsq0","images/women/image_295.jpg",92,"woman",3,1,0
"4vqew5tbqsq0","images/men/image_3757.jpg",93,"man",4,1,0
"4vqew5tbqsq0","images/men/image_903.jpg",94,"man",4,4,1
"4vqew5tbqsq0","images/men/image_196.jpg",95,"man",3,3,1
"4vqew5tbqsq0","images/men/image_795.jpg",96,"man",3,3,1
"4vqew5tbqsq0","images/women/image_311.jpg",97,"woman",5,3,1
"4vqew5tbqsq0","images/men/image_9948.jpg",98,"man",4,1,0
"4vqew5tbqsq0","images/men/image_9933.jpg",99,"man",3,2,1
"4vqew5tbqsq0","images/men/image_4401.jpg",100,"man",5,5,1
"4vqew5tbqsq0","images/women/image_5240.jpg",101,"woman",4,1,0
"4vqew5tbqsq0","images/women/image_2051.jpg",102,"woman",3,2,1
"4vqew5tbqsq0","images/women/image_9377.jpg",103,"woman",3,1,0
"4vqew5tbqsq0","images/men/image_9641.jpg",104,"man",5,1,0
"4vqew5tbqsq0","images/men/image_4462.jpg",105,"man",4,3,1
"4vqew5tbqsq0","images/men/image_4.jpg",106,"man",5,3,1
"4vqew5tbqsq0","images/men/image_979.jpg",107,"man",3,1,0
"4vqew5tbqsq0","images/men/image_91.jpg",108,"man",3,1,0
"4vqew5tbqsq0","images/women/image_672.jpg",109,"woman",4,1,0
"4vqew5tbqsq0","images/men/image_1585.jpg",110,"man",5,4,1
"4vqew5tbqsq0","images/women/image_4740.jpg",111,"woman",3,3,1
"4vqew5tbqsq0","images/men/image_3297.jpg",112,"man",5,4,1
"4vqew5tbqsq0","images/men/image_5794.jpg",113,"man",4,4,1
"4vqew5tbqsq0","images/women/image_6153.jpg",114,"woman",4,1,0
"4vqew5tbqsq0","images/men/image_1272.jpg",115,"man",5,5,1
"4vqew5tbqsq0","images/women/image_2319.jpg",116,"woman",3,1,0
"4vqew5tbqsq0","images/men/image_8304.jpg",117,"man",3,3,1
"4vqew5tbqsq0","images/women/image_8535.jpg",118,"woman",5,1,0
"4vqew5tbqsq0","images/women/image_5295.jpg",119,"woman",5,2,1
"4vqew5tbqsq0","images/women/image_554.jpg",120,"woman",5,1,0
"4vqew5tbqsq0","images/men/image_2851.jpg",121,"man",3,2,1
"4vqew5tbqsq0","images/women/image_4532.jpg",122,"woman",3,1,0
"4vqew5tbqsq0","images/women/image_3956.jpg",123,"woman",4,3,1
"4vqew5tbqsq0","images/women/image_3524.jpg",124,"woman",5,5,1
"4vqew5tbqsq0","images/women/image_8323.jpg",125,"woman",5,5,1
"4vqew5tbqsq0","images/women/image_5968.jpg",126,"woman",4,3,1
"4vqew5tbqsq0","images/men/image_5910.jpg",127,"man",5,5,1
"4vqew5tbqsq0","images/women/image_1709.jpg",128,"woman",3,3,1
"4vqew5tbqsq0","images/women/image_4597.jpg",129,"woman",4,2,1
"4vqew5tbqsq0","images/men/image_201.jpg",130,"man",5,5,1
"4vqew5tbqsq0","images/men/image_901.jpg",131,"man",5,3,1
"4vqew5tbqsq0","images/women/image_1935.jpg",132,"woman",5,1,0
"4vqew5tbqsq0","images/women/image_3883.jpg",133,"woman",5,4,1
"4vqew5tbqsq0","images/women/image_3791.jpg",134,"woman",5,5,1
"4vqew5tbqsq0","images/men/image_9058.jpg",135,"man",4,1,0
"4vqew5tbqsq0","images/men/image_5031.jpg",136,"man",3,3,1
"4vqew5tbqsq0","images/men/image_8553.jpg",137,"man",4,4,1
"4vqew5tbqsq0","images/men/image_9917.jpg",138,"man",4,3,1
"4vqew5tbqsq0","images/men/image_3331.jpg",139,"man",5,1,0
"4vqew5tbqsq0","images/men/image_2632.jpg",140,"man",5,4,1
"4vqew5tbqsq0","images/men/image_2470.jpg",141,"man",3,1,0
"4vqew5tbqsq0","images/women/image_7762.jpg",142,"woman",4,3,1
"4vqew5tbqsq0","images/men/image_1720.jpg",143,"man",3,2,1
"4vqew5tbqsq0","images/women/image_3010.jpg",144,"woman",3,1,0
"4vqew5tbqsq0","images/women/image_4508.jpg",145,"woman",5,3,1
"4vqew5tbqsq0","images/women/image_3007.jpg",146,"woman",3,3,1
"4vqew5tbqsq0","images/women/image_3691.jpg",147,"woman",3,2,1
"4vqew5tbqsq0","images/men/image_5.jpg",148,"man",3,2,1
"4vqew5tbqsq0","images/women/image_2148.jpg",149,"woman",4,2,1
"4vqew5tbqsq0","images/women/image_5648.jpg",150,"woman",4,2,1
"4vqew5tbqsq0","images/men/image_2026.jpg",151,"man",4,2,1
"4vqew5tbqsq0","images/men/image_8493.jpg",152,"man",3,2,1
"4vqew5tbqsq0","images/men/image_9741.jpg",153,"man",3,3,1
"4vqew5tbqsq0","images/women/image_8727.jpg",154,"woman",3,2,1
"4vqew5tbqsq0","images/women/image_5192.jpg",155,"woman",4,3,1
"4vqew5tbqsq0","images/women/image_8507.jpg",156,"woman",5,3,1
"4vqew5tbqsq0","images/men/image_3072.jpg",157,"man",3,2,1
"4vqew5tbqsq0","images/women/image_7911.jpg",158,"woman",4,1,0
"4vqew5tbqsq0","images/men/image_3754.jpg",159,"man",4,1,0
"4vqew5tbqsq0","images/men/image_2572.jpg",160,"man",4,1,0
"4vqew5tbqsq0","images/women/image_3838.jpg",161,"woman",4,3,1
"4vqew5tbqsq0","images/women/image_666.jpg",162,"woman",5,5,1
"4vqew5tbqsq0","images/men/image_612.jpg",163,"man",4,1,0
"4vqew5tbqsq0","images/women/image_137.jpg",164,"woman",5,3,1
"4vqew5tbqsq0","images/women/image_5396.jpg",165,"woman",3,3,1
"4vqew5tbqsq0","images/men/image_8443.jpg",166,"man",5,2,1
"4vqew5tbqsq0","images/men/image_4479.jpg",167,"man",5,2,1
"4vqew5tbqsq0","images/women/image_4859.jpg",168,"woman",3,2,1
"dkm7lkn49lyv","images/men/image_8443.jpg",1,"man",5,3,1
"dkm7lkn49lyv","images/women/image_7951.jpg",2,"woman",5,5,1
"dkm7lkn49lyv","images/women/image_3584.jpg",3,"woman",5,1,0
"dkm7lkn49lyv","images/women/image_3267.jpg",4,"woman",3,1,0
"dkm7lkn49lyv","images/women/image_4564.jpg",5,"woman",3,1,0
"dkm7lkn49lyv","images/women/image_5056.jpg",6,"woman",4,1,0
"dkm7lkn49lyv","images/women/image_4243.jpg",7,"woman",4,1,0
"dkm7lkn49lyv","images/men/image_2572.jpg",8,"man",5,1,0
"dkm7lkn49lyv","images/women/image_4965.jpg",9,"woman",3,2,1
"dkm7lkn49lyv","images/men/image_9647.jpg",10,"man",5,1,0
"dkm7lkn49lyv","images/men/image_628.jpg",11,"man",4,1,0
"dkm7lkn49lyv","images/men/image_6148.jpg",12,"man",3,1,0
"dkm7lkn49lyv","images/men/image_973.jpg",13,"man",3,1,0
"dkm7lkn49lyv","images/men/image_679.jpg",14,"man",4,3,1
"dkm7lkn49lyv","images/men/image_8575.jpg",15,"man",3,1,0
"dkm7lkn49lyv","images/men/image_792.jpg",16,"man",4,1,0
"dkm7lkn49lyv","images/men/image_9756.jpg",17,"man",5,2,1
"dkm7lkn49lyv","images/women/image_8510.jpg",18,"woman",3,1,0
"dkm7lkn49lyv","images/men/image_5125.jpg",19,"man",5,2,1
"dkm7lkn49lyv","images/women/image_1533.jpg",20,"woman",5,1,0
"dkm7lkn49lyv","images/men/image_2406.jpg",21,"man",4,1,0
"dkm7lkn49lyv","images/men/image_987.jpg",22,"man",5,3,1
"dkm7lkn49lyv","images/men/image_2173.jpg",23,"man",3,3,1
"dkm7lkn49lyv","images/women/image_3049.jpg",24,"woman",5,2,1
"dkm7lkn49lyv","images/men/image_4185.jpg",25,"man",4,3,1
"dkm7lkn49lyv","images/women/image_2429.jpg",26,"woman",5,3,1
"dkm7lkn49lyv","images/men/image_5145.jpg",27,"man",5,3,1
"dkm7lkn49lyv","images/women/image_3935.jpg",28,"woman",5,1,0
"dkm7lkn49lyv","images/men/image_9917.jpg",29,"man",4,3,1
"dkm7lkn49lyv","images/women/image_2689.jpg",30,"woman",4,4,1
"dkm7lkn49lyv","images/women/image_6351.jpg",31,"woman",4,1,0
"dkm7lkn49lyv","images/women/image_496.jpg",32,"woman",3,3,1
"dkm7lkn49lyv","images/women/image_141.jpg",33,"woman",5,1,0
"dkm7lkn49lyv","images/women/image_9590.jpg",34,"woman",4,1,0
"dkm7lkn49lyv","images/men/image_3757.jpg",35,"man",3,1,0
"dkm7lkn49lyv","images/women/image_4324.jpg",36,"woman",3,1,0
"dkm7lkn49lyv","images/men/image_801.jpg",37,"man",3,2,1
"dkm7lkn49lyv","images/men/image_789.jpg",38,"man",4,1,0
"dkm7lkn49lyv","images/women/image_9904.jpg",39,"woman",3,1,0
"dkm7lkn49lyv","images/women/image_793.jpg",40,"woman",4,1,0
"dkm7lkn49lyv","images/women/image_244.jpg",41,"woman",4,1,0
"dkm7lkn49lyv","images/men/image_2192.jpg",42,"man",3,3,1
"dkm7lkn49lyv","images/women/image_3330.jpg",43,"woman",4,1,0
"dkm7lkn49lyv","images/women/image_4338.jpg",44,"woman",5,1,0
"dkm7lkn49lyv","images/women/image_4826.jpg",45,"woman",4,3,1
"dkm7lkn49lyv","images/men/image_4724.jpg",46,"man",3,2,1
"dkm7lkn49lyv","images/men/image_527.jpg",47,"man",5,4,1
"dkm7lkn49lyv","images/women/image_237.jpg",48,"woman",3,2,1
"dkm7lkn49lyv","images/women/image_2148.jpg",49,"woman",3,1,0
"dkm7lkn49lyv","images/women/image_5498.jpg",50,"woman",5,1,0
"dkm7lkn49lyv","images/women/image_4202.jpg",51,"woman",5,4,1
"dkm7lkn49lyv","images/men/image_4841.jpg",52,"man",3,1,0
"dkm7lkn49lyv","images/men/image_9947.jpg",53,"man",3,1,0
"dkm7lkn49lyv","images/men/image_3792.jpg",54,"man",4,3,1
"dkm7lkn49lyv","images/men/image_4947.jpg",55,"man",5,4,1
"dkm7lkn49lyv","images/men/image_9892.jpg",56,"man",5,1,0
"dkm7lkn49lyv","images/women/image_788.jpg",57,"woman",4,2,1
"dkm7lkn49lyv","images/men/image_5086.jpg",58,"man",4,2,1
"dkm7lkn49lyv","images/men/image_9155.jpg",59,"man",5,1,0
"dkm7lkn49lyv","images/men/image_1720.jpg",60,"man",3,2,1
"dkm7lkn49lyv","images/men/image_795.jpg",61,"man",3,1,0
"dkm7lkn49lyv","images/women/image_1973.jpg",62,"woman",5,3,1
"dkm7lkn49lyv","images/men/image_217.jpg",63,"man",4,3,1
"dkm7lkn49lyv","images/women/image_3883.jpg",64,"woman",4,1,0
"dkm7lkn49lyv","images/women/image_9049.jpg",65,"woman",5,2,1
"dkm7lkn49lyv","images/women/image_5124.jpg",66,"woman",5,1,0
"dkm7lkn49lyv","images/women/image_3434.jpg",67,"woman",3,3,1
"dkm7lkn49lyv","images/men/image_9784.jpg",68,"man",5,5,1
"dkm7lkn49lyv","images/women/image_8938.jpg",69,"woman",5,1,0
"dkm7lkn49lyv","images/women/image_1328.jpg",70,"woman",3,2,1
"dkm7lkn49lyv","images/women/image_3206.jpg",71,"woman",3,2,1
"dkm7lkn49lyv","images/men/image_4657.jpg",72,"man",4,1,0
"dkm7lkn49lyv","images/men/image_4971.jpg",73,"man",4,1,0
"dkm7lkn49lyv","images/women/image_78.jpg",74,"woman",4,1,0
"dkm7lkn49lyv","images/men/image_752.jpg",75,"man",4,3,1
"dkm7lkn49lyv","images/men/image_4865.jpg",76,"man",3,3,1
"dkm7lkn49lyv","images/women/image_549.jpg",77,"woman",4,1,0
"dkm7lkn49lyv","images/men/image_629.jpg",78,"man",4,1,0
"dkm7lkn49lyv","images/men/image_1522.jpg",79,"man",5,3,1
"dkm7lkn49lyv","images/women/image_47.jpg",80,"woman",3,3,1
"dkm7lkn49lyv","images/men/image_2152.jpg",81,"man",3,1,0
"dkm7lkn49lyv","images/women/image_6243.jpg",82,"woman",3,3,1
"dkm7lkn49lyv","images/women/image_1145.jpg",83,"woman",4,1,0
"dkm7lkn49lyv","images/men/image_9741.jpg",84,"man",5,1,0
"dkm7lkn49lyv","images/men/image_3077.jpg",85,"man",5,1,0
"dkm7lkn49lyv","images/women/image_9267.jpg",86,"woman",5,1,0
"dkm7lkn49lyv","images/men/image_1202.jpg",87,"man",4,2,1
"dkm7lkn49lyv","images/women/image_4089.jpg",88,"woman",5,1,0
"dkm7lkn49lyv","images/men/image_626.jpg",89,"man",3,1,0
"dkm7lkn49lyv","images/women/image_3367.jpg",90,"woman",3,1,0
"dkm7lkn49lyv","images/women/image_510.jpg",91,"woman",5,5,1
"dkm7lkn49lyv","images/women/image_2801.jpg",92,"woman",3,2,1
"dkm7lkn49lyv","images/women/image_503.jpg",93,"woman",3,3,1
"dkm7lkn49lyv","images/men/image_4537.jpg",94,"man",3,3,1
"dkm7lkn49lyv","images/women/image_7895.jpg",95,"woman",3,1,0
"dkm7lkn49lyv","images/men/image_3045.jpg",96,"man",4,4,1
"dkm7lkn49lyv","images/men/image_2948.jpg",97,"man",3,2,1
"dkm7lkn49lyv","images/women/image_3075.jpg",98,"woman",3,2,1
"dkm7lkn49lyv","images/men/image_3331.jpg",99,"man",3,3,1
"dkm7lkn49lyv","images/women/image_4146.jpg",100,"woman",3,3,1
"dkm7lkn49lyv","images/women/image_8700.jpg",101,"woman",4,4,1
"dkm7lkn49lyv","images/women/image_1212.jpg",102,"woman",4,4,1
"dkm7lkn49lyv","images/men/image_8998.jpg",103,"man",5,1,0
"dkm7lkn49lyv","images/men/image_1787.jpg",104,"man",4,2,1
"dkm7lkn49lyv","images/men/image_9400.jpg",105,"man",4,3,1
"dkm7lkn49lyv","images/women/image_1295.jpg",106,"woman",5,2,1
"dkm7lkn49lyv","images/men/image_5330.jpg",107,"man",5,4,1
"dkm7lkn49lyv","images/women/image_7888.jpg",108,"woman",4,3,1
"dkm7lkn49lyv","images/men/image_8707.jpg",109,"man",4,1,0
"dkm7lkn49lyv","images/men/image_4441.jpg",110,"man",5,3,1
"dkm7lkn49lyv","images/women/image_9429.jpg",111,"woman",5,3,1
"dkm7lkn49lyv","images/men/image_2058.jpg",112,"man",3,1,0
"dkm7lkn49lyv","images/women/image_1504.jpg",113,"woman",4,1,0
"dkm7lkn49lyv","images/women/image_8507.jpg",114,"woman",4,1,0
"dkm7lkn49lyv","images/men/image_4735.jpg",115,"man",5,1,0
"dkm7lkn49lyv","images/men/image_4457.jpg",116,"man",3,1,0
"dkm7lkn49lyv","images/men/image_4401.jpg",117,"man",5,2,1
"dkm7lkn49lyv","images/women/image_8537.jpg",118,"woman",4,1,0
"dkm7lkn49lyv","images/women/image_7955.jpg",119,"woman",3,1,0
"dkm7lkn49lyv","images/women/image_4483.jpg",120,"woman",5,2,1
"dkm7lkn49lyv","images/women/image_4163.jpg",121,"woman",5,2,1
"dkm7lkn49lyv","images/men/image_5472.jpg",122,"man",3,2,1
"dkm7lkn49lyv","images/men/image_623.jpg",123,"man",4,3,1
"dkm7lkn49lyv","images/men/image_5132.jpg",124,"man",5,2,1
"dkm7lkn49lyv","images/women/image_1240.jpg",125,"woman",4,2,1
"dkm7lkn49lyv","images/men/image_1272.jpg",126,"man",4,1,0
"dkm7lkn49lyv","images/men/image_1585.jpg",127,"man",3,1,0
"dkm7lkn49lyv","images/men/image_3785.jpg",128,"man",5,5,1
"dkm7lkn49lyv","images/men/image_4588.jpg",129,"man",5,1,0
"dkm7lkn49lyv","images/women/image_1626.jpg",130,"woman",3,1,0
"dkm7lkn49lyv","images/men/image_5031.jpg",131,"man",3,3,1
"dkm7lkn49lyv","images/women/image_695.jpg",132,"woman",4,2,1
"dkm7lkn49lyv","images/women/image_9627.jpg",133,"woman",4,1,0
"dkm7lkn49lyv","images/men/image_2479.jpg",134,"man",4,2,1
"dkm7lkn49lyv","images/women/image_3010.jpg",135,"woman",5,1,0
"dkm7lkn49lyv","images/women/image_1152.jpg",136,"woman",3,2,1
"dkm7lkn49lyv","images/women/image_1593.jpg",137,"woman",3,3,1
"dkm7lkn49lyv","images/men/image_6078.jpg",138,"man",4,1,0
"dkm7lkn49lyv","images/women/image_4988.jpg",139,"woman",4,1,0
"dkm7lkn49lyv","images/women/image_9345.jpg",140,"woman",3,1,0
"dkm7lkn49lyv","images/men/image_4950.jpg",141,"man",5,1,0
"dkm7lkn49lyv","images/men/image_979.jpg",142,"man",3,2,1
"dkm7lkn49lyv","images/men/image_988.jpg",143,"man",4,3,1
"dkm7lkn49lyv","images/men/image_5445.jpg",144,"man",5,1,0
"dkm7lkn49lyv","images/men/image_9676.jpg",145,"man",3,1,0
"dkm7lkn49lyv","images/women/image_4697.jpg",146,"woman",5,3,1
"dkm7lkn49lyv","images/men/image_1060.jpg",147,"man",4,1,0
"dkm7lkn49lyv","images/women/image_2094.jpg",148,"woman",5,4,1
"dkm7lkn49lyv","images/men/image_817.jpg",149,"man",3,1,0
"dkm7lkn49lyv","images/women/image_5766.jpg",150,"woman",4,4,1
"dkm7lkn49lyv","images/men/image_2693.jpg",151,"man",4,2,1
"dkm7lkn49lyv","images/women/image_798.jpg",152,"woman",5,4,1
"dkm7lkn49lyv","images/men/image_901.jpg",153,"man",5,4,1
"dkm7lkn49lyv","images/men/image_1395.jpg",154,"man",3,1,0
"dkm7lkn49lyv","images/women/image_1243.jpg",155,"woman",4,1,0
"dkm7lkn49lyv","images/women/image_603.jpg",156,"woman",4,2,1
"dkm7lkn49lyv","images/women/image_2008.jpg",157,"woman",5,1,0
"dkm7lkn49lyv","images/women/image_896.jpg",158,"woman",3,1,0
"dkm7lkn49lyv","images/men/image_721.jpg",159,"man",5,5,1
"dkm7lkn49lyv","images/men/image_1091.jpg",160,"man",4,3,1
"dkm7lkn49lyv","images/women/image_6010.jpg",161,"woman",3,3,1
"dkm7lkn49lyv","images/women/image_8877.jpg",162,"woman",5,3,1
"dkm7lkn49lyv","images/men/image_2524.jpg",163,"man",3,3,1
"dkm7lkn49lyv","images/men/image_5595.jpg",164,"man",4,3,1
"dkm7lkn49lyv","images/women/image_3325.jpg",165,"woman",4,2,1
"dkm7lkn49lyv","images/men/image_9933.jpg",166,"man",5,1,0
"dkm7lkn49lyv","images/women/image_1430.jpg",167,"woman",5,2,1
"dkm7lkn49lyv","images/women/image_455.jpg",168,"woman",3,1,0
"ldyobvt526vt","images/women/image_8684.jpg",1,"woman",5,1,0
"ldyobvt526vt","images/women/image_3691.jpg",2,"woman",4,1,0
"ldyobvt526vt","images/men/image_3894.jpg",3,"man",5,1,0
"ldyobvt526vt","images/men/image_5152.jpg",4,"man",3,2,1
"ldyobvt526vt","images/men/image_3209.jpg",5,"man",4,2,1
"ldyobvt526vt","images/women/image_2412.jpg",6,"woman",3,3,1
"ldyobvt526vt","images/men/image_527.jpg",7,"man",3,1,0
"ldyobvt526vt","images/women/image_3996.jpg",8,"woman",3,1,0
"ldyobvt526vt","images/women/image_3283.jpg",9,"woman",3,1,0
"ldyobvt526vt","images/women/image_5229.jpg",10,"woman",3,2,1
"ldyobvt526vt","images/men/image_4963.jpg",11,"man",5,1,0
"ldyobvt526vt","images/men/image_4316.jpg",12,"man",5,1,0
"ldyobvt526vt","images/men/image_2173.jpg",13,"man",3,2,1
"ldyobvt526vt","images/women/image_9769.jpg",14,"woman",4,4,1
"ldyobvt526vt","images/women/image_9268.jpg",15,"woman",4,1,0
"ldyobvt526vt","images/men/image_5210.jpg",16,"man",3,3,1
"ldyobvt526vt","images/men/image_3357.jpg",17,"man",4,3,1
"ldyobvt526vt","images/women/image_3582.jpg",18,"woman",5,4,1
"ldyobvt526vt","images/men/image_4370.jpg",19,"man",5,5,1
"ldyobvt526vt","images/women/image_5550.jpg",20,"woman",3,3,1
"ldyobvt526vt","images/women/image_110.jpg",21,"woman",5,1,0
"ldyobvt526vt","images/women/image_9457.jpg",22,"woman",4,4,1
"ldyobvt526vt","images/women/image_3956.jpg",23,"woman",4,3,1
"ldyobvt526vt","images/men/image_5743.jpg",24,"man",4,4,1
"ldyobvt526vt","images/men/image_9577.jpg",25,"man",3,1,0
"ldyobvt526vt","images/women/image_4697.jpg",26,"woman",5,1,0
"ldyobvt526vt","images/men/image_3558.jpg",27,"man",5,1,0
"ldyobvt526vt","images/women/image_5968.jpg",28,"woman",4,4,1
"ldyobvt526vt","images/women/image_3450.jpg",29,"woman",5,4,1
"ldyobvt526vt","images/women/image_4997.jpg",30,"woman",5,1,0
"ldyobvt526vt","images/men/image_4865.jpg",31,"man",3,1,0
"ldyobvt526vt","images/men/image_480.jpg",32,"man",4,3,1
"ldyobvt526vt","images/men/image_538.jpg",33,"man",4,1,0
"ldyobvt526vt","images/women/image_4770.jpg",34,"woman",4,2,1
"ldyobvt526vt","images/men/image_9400.jpg",35,"man",3,2,1
"ldyobvt526vt","images/men/image_697.jpg",36,"man",5,1,0
"ldyobvt526vt","images/women/image_9112.jpg",37,"woman",5,4,1
"ldyobvt526vt","images/men/image_263.jpg",38,"man",4,4,1
"ldyobvt526vt","images/women/image_1328.jpg",39,"woman",3,1,0
"ldyobvt526vt","images/men/image_3612.jpg",40,"man",5,3,1
"ldyobvt526vt","images/men/image_178.jpg",41,"man",4,2,1
"ldyobvt526vt","images/women/image_6153.jpg",42,"woman",3,1,0
"ldyobvt526vt","images/men/image_4971.jpg",43,"man",4,4,1
"ldyobvt526vt","images/men/image_9917.jpg",44,"man",3,3,1
"ldyobvt526vt","images/women/image_4338.jpg",45,"woman",4,1,0
"ldyobvt526vt","images/women/image_8323.jpg",46,"woman",4,2,1
"ldyobvt526vt","images/women/image_455.jpg",47,"woman",5,1,0
"ldyobvt526vt","images/men/image_321.jpg",48,"man",4,1,0
"ldyobvt526vt","images/men/image_5472.jpg",49,"man",4,1,0
"ldyobvt526vt","images/women/image_686.jpg",50,"woman",5,1,0
"ldyobvt526vt","images/men/image_183.jpg",51,"man",3,2,1
"ldyobvt526vt","images/women/image_4668.jpg",52,"woman",3,2,1
"ldyobvt526vt","images/women/image_444.jpg",53,"woman",5,1,0
"ldyobvt526vt","images/women/image_4638.jpg",54,"woman",5,1,0
"ldyobvt526vt","images/women/image_9267.jpg",55,"woman",5,3,1
"ldyobvt526vt","images/men/image_4594.jpg",56,"man",4,1,0
"ldyobvt526vt","images/women/image_704.jpg",57,"woman",4,1,0
"ldyobvt526vt","images/men/image_9784.jpg",58,"man",4,1,0
"ldyobvt526vt","images/men/image_9229.jpg",59,"man",5,5,1
"ldyobvt526vt","images/men/image_8397.jpg",60,"man",4,1,0
"ldyobvt526vt","images/women/image_8717.jpg",61,"woman",3,3,1
"ldyobvt526vt","images/men/image_2621.jpg",62,"man",5,3,1
"ldyobvt526vt","images/men/image_721.jpg",63,"man",3,1,0
"ldyobvt526vt","images/men/image_774.jpg",64,"man",5,3,1
"ldyobvt526vt","images/men/image_1645.jpg",65,"man",5,2,1
"ldyobvt526vt","images/women/image_9539.jpg",66,"woman",3,3,1
"ldyobvt526vt","images/women/image_7749.jpg",67,"woman",5,1,0
"ldyobvt526vt","images/women/image_5056.jpg",68,"woman",4,1,0
"ldyobvt526vt","images/women/image_4509.jpg",69,"woman",5,5,1
"ldyobvt526vt","images/men/image_4950.jpg",70,"man",4,2,1
"ldyobvt526vt","images/men/image_8531.jpg",71,"man",3,3,1
"ldyobvt526vt","images/men/image_9408.jpg",72,"man",3,1,0
"ldyobvt526vt","images/women/image_838.jpg",73,"woman",4,4,1
"ldyobvt526vt","images/women/image_3206.jpg",74,"woman",3,2,1
"ldyobvt526vt","images/women/image_494.jpg",75,"woman",4,1,0
"ldyobvt526vt","images/women/image_740.jpg",76,"woman",4,1,0
"ldyobvt526vt","images/women/image_9952.jpg",77,"woman",3,1,0
"ldyobvt526vt","images/men/image_495.jpg",78,"man",5,1,0
"ldyobvt526vt","images/women/image_335.jpg",79,"woman",3,1,0
"ldyobvt526vt","images/men/image_2465.jpg",80,"man",3,1,0
"ldyobvt526vt","images/women/image_3510.jpg",81,"woman",3,3,1
"ldyobvt526vt","images/men/image_4621.jpg",82,"man",5,2,1
"ldyobvt526vt","images/men/image_969.jpg",83,"man",3,1,0
"ldyobvt526vt","images/men/image_15.jpg",84,"man",5,1,0
"ldyobvt526vt","images/women/image_8606.jpg",85,"woman",4,2,1
"ldyobvt526vt","images/men/image_9883.jpg",86,"man",3,3,1
"ldyobvt526vt","images/men/image_3998.jpg",87,"man",5,4,1
"ldyobvt526vt","images/women/image_4393.jpg",88,"woman",3,1,0
"ldyobvt526vt","images/men/image_2851.jpg",89,"man",4,1,0
"ldyobvt526vt","images/men/image_979.jpg",90,"man",4,3,1
"ldyobvt526vt","images/women/image_4740.jpg",91,"woman",3,3,1
"ldyobvt526vt","images/women/image_3867.jpg",92,"woman",5,4,1
"ldyobvt526vt","images/women/image_3458.jpg",93,"woman",3,2,1
"ldyobvt526vt","images/women/image_8733.jpg",94,"woman",4,1,0
"ldyobvt526vt","images/women/image_7855.jpg",95,"woman",4,1,0
"ldyobvt526vt","images/men/image_9933.jpg",96,"man",4,3,1
"ldyobvt526vt","images/women/image_8537.jpg",97,"woman",5,5,1
"ldyobvt526vt","images/men/image_2825.jpg",98,"man",3,1,0
"ldyobvt526vt","images/men/image_1521.jpg",99,"man",3,2,1
"ldyobvt526vt","images/women/image_8554.jpg",100,"woman",5,1,0
"ldyobvt526vt","images/men/image_185.jpg",101,"man",5,4,1
"ldyobvt526vt","images/women/image_86.jpg",102,"woman",4,1,0
"ldyobvt526vt","images/women/image_212.jpg",103,"woman",3,1,0
"ldyobvt526vt","images/women/image_3722.jpg",104,"woman",3,1,0
"ldyobvt526vt","images/women/image_3774.jpg",105,"woman",4,1,0
"ldyobvt526vt","images/men/image_229.jpg",106,"man",5,2,1
"ldyobvt526vt","images/men/image_9329.jpg",107,"man",5,5,1
"ldyobvt526vt","images/women/image_8731.jpg",108,"woman",5,3,1
"ldyobvt526vt","images/men/image_3077.jpg",109,"man",3,1,0
"ldyobvt526vt","images/men/image_383.jpg",110,"man",3,1,0
"ldyobvt526vt","images/women/image_4558.jpg",111,"woman",5,1,0
"ldyobvt526vt","images/men/image_2902.jpg",112,"man",4,1,0
"ldyobvt526vt","images/women/image_4577.jpg",113,"woman",3,3,1
"ldyobvt526vt","images/men/image_8547.jpg",114,"man",4,3,1
"ldyobvt526vt","images/women/image_5198.jpg",115,"woman",5,4,1
"ldyobvt526vt","images/men/image_5213.jpg",116,"man",4,2,1
"ldyobvt526vt","images/women/image_3807.jpg",117,"woman",5,2,1
"ldyobvt526vt","images/men/image_4657.jpg",118,"man",5,3,1
"ldyobvt526vt","images/men/image_5125.jpg",119,"man",3,2,1
"ldyobvt526vt","images/men/image_4683.jpg",120,"man",3,2,1
"ldyobvt526vt","images/women/image_5807.jpg",121,"woman",4,2,1
"ldyobvt526vt","images/men/image_3491.jpg",122,"man",5,1,0
"ldyobvt526vt","images/women/image_306.jpg",123,"woman",3,2,1
"ldyobvt526vt","images/men/image_2523.jpg",124,"man",4,2,1
"ldyobvt526vt","images/men/image_1202.jpg",125,"man",5,1,0
"ldyobvt526vt","images/women/image_5592.jpg",126,"woman",4,2,1
"ldyobvt526vt","images/men/image_9641.jpg",127,"man",4,1,0
"ldyobvt526vt","images/women/image_877.jpg",128,"woman",3,3,1
"ldyobvt526vt","images/men/image_1224.jpg",129,"man",4,3,1
"ldyobvt526vt","images/men/image_489.jpg",130,"man",4,1,0
"ldyobvt526vt","images/men/image_902.jpg",131,"man",3,1,0
"ldyobvt526vt","images/men/image_8654.jpg",132,"man",5,5,1
"ldyobvt526vt","images/men/image_9647.jpg",133,"man",3,1,0
"ldyobvt526vt","images/women/image_137.jpg",134,"woman",5,1,0
"ldyobvt526vt","images/women/image_3674.jpg",135,"woman",3,1,0
"ldyobvt526vt","images/women/image_947.jpg",136,"woman",5,2,1
"ldyobvt526vt","images/men/image_201.jpg",137,"man",5,5,1
"ldyobvt526vt","images/women/image_8400.jpg",138,"woman",5,4,1
"ldyobvt526vt","images/women/image_5090.jpg",139,"woman",3,2,1
"ldyobvt526vt","images/women/image_1168.jpg",140,"woman",3,1,0
"ldyobvt526vt","images/men/image_2651.jpg",141,"man",4,3,1
"ldyobvt526vt","images/women/image_1994.jpg",142,"woman",5,5,1
"ldyobvt526vt","images/men/image_4816.jpg",143,"man",3,1,0
"ldyobvt526vt","images/men/image_9775.jpg",144,"man",3,2,1
"ldyobvt526vt","images/women/image_8938.jpg",145,"woman",4,1,0
"ldyobvt526vt","images/men/image_122.jpg",146,"man",4,4,1
"ldyobvt526vt","images/men/image_908.jpg",147,"man",4,3,1
"ldyobvt526vt","images/men/image_16.jpg",148,"man",5,3,1
"ldyobvt526vt","images/women/image_78.jpg",149,"woman",4,3,1
"ldyobvt526vt","images/women/image_1793.jpg",150,"woman",4,4,1
"ldyobvt526vt","images/men/image_9674.jpg",151,"man",5,3,1
"ldyobvt526vt","images/women/image_4394.jpg",152,"woman",4,1,0
"ldyobvt526vt","images/men/image_2812.jpg",153,"man",5,1,0
"ldyobvt526vt","images/women/image_2553.jpg",154,"woman",4,1,0
"ldyobvt526vt","images/women/image_8380.jpg",155,"woman",4,1,0
"ldyobvt526vt","images/women/image_4257.jpg",156,"woman",4,1,0
"ldyobvt526vt","images/men/image_9618.jpg",157,"man",4,1,0
"ldyobvt526vt","images/women/image_5396.jpg",158,"woman",5,4,1
"ldyobvt526vt","images/women/image_3481.jpg",159,"woman",3,2,1
"ldyobvt526vt","images/men/image_2044.jpg",160,"man",3,1,0
"ldyobvt526vt","images/women/image_331.jpg",161,"woman",5,5,1
"ldyobvt526vt","images/men/image_9681.jpg",162,"man",3,1,0
"ldyobvt526vt","images/women/image_9700.jpg",163,"woman",3,1,0
"ldyobvt526vt","images/men/image_1261.jpg",164,"man",5,1,0
"ldyobvt526vt","images/men/image_6078.jpg",165,"man",5,3,1
"ldyobvt526vt","images/women/image_9174.jpg",166,"woman",3,1,0
"ldyobvt526vt","images/women/image_1495.jpg",167,"woman",5,5,1
"ldyobvt526vt","images/men/image_1331.jpg",168,"man",3,1,0
"jf5w0alon95p","images/women/image_5295.jpg",1,"woman",4,1,0
"jf5w0alon95p","images/men/image_2884.jpg",2,"man",5,2,1
"jf5w0alon95p","images/women/image_302.jpg",3,"woman",3,1,0
"jf5w0alon95p","images/women/image_4582.jpg",4,"woman",4,1,0
"jf5w0alon95p","images/men/image_2335.jpg",5,"man",5,3,1
"jf5w0alon95p","images/women/image_7792.jpg",6,"woman",5,2,1
"jf5w0alon95p","images/men/image_1235.jpg",7,"man",4,1,0
"jf5w0alon95p","images/men/image_9151.jpg",8,"man",3,1,0
"jf5w0alon95p","images/women/image_8400.jpg",9,"woman",5,5,1
"jf5w0alon95p","images/men/image_8397.jpg",10,"man",4,3,1
"jf5w0alon95p","images/women/image_3955.jpg",11,"woman",3,2,1
"jf5w0alon95p","images/women/image_694.jpg",12,"woman",4,2,1
"jf5w0alon95p","images/women/image_3524.jpg",13,"woman",4,1,0
"jf5w0alon95p","images/women/image_9377.jpg",14,"woman",5,2,1
"jf5w0alon95p","images/women/image_4492.jpg",15,"woman",4,2,1
"jf5w0alon95p","images/women/image_5135.jpg",16,"woman",3,3,1
"jf5w0alon95p","images/women/image_5550.jpg",17,"woman",5,2,1
"jf5w0alon95p","images/men/image_5709.jpg",18,"man",5,4,1
"jf5w0alon95p","images/men/image_4316.jpg",19,"man",3,2,1
"jf5w0alon95p","images/women/image_3960.jpg",20,"woman",3,1,0
"jf5w0alon95p","images/men/image_817.jpg",21,"man",4,3,1
"jf5w0alon95p","images/women/image_3283.jpg",22,"woman",3,1,0
"jf5w0alon95p","images/women/image_9069.jpg",23,"woman",5,2,1
"jf5w0alon95p","images/men/image_214.jpg",24,"man",5,3,1
"jf5w0alon95p","images/men/image_4466.jpg",25,"man",4,2,1
"jf5w0alon95p","images/women/image_8472.jpg",26,"woman",5,3,1
"jf5w0alon95p","images/men/image_718.jpg",27,"man",4,3,1
"jf5w0alon95p","images/men/image_3770.jpg",28,"man",5,2,1
"jf5w0alon95p","images/men/image_4963.jpg",29,"man",3,1,0
"jf5w0alon95p","images/women/image_6340.jpg",30,"woman",5,4,1
"jf5w0alon95p","images/men/image_3184.jpg",31,"man",3,1,0
"jf5w0alon95p","images/women/image_4324.jpg",32,"woman",3,3,1
"jf5w0alon95p","images/men/image_9675.jpg",33,"man",3,2,1
"jf5w0alon95p","images/men/image_708.jpg",34,"man",3,3,1
"jf5w0alon95p","images/men/image_9528.jpg",35,"man",3,1,0
"jf5w0alon95p","images/men/image_614.jpg",36,"man",5,5,1
"jf5w0alon95p","images/women/image_8383.jpg",37,"woman",4,1,0
"jf5w0alon95p","images/men/image_4588.jpg",38,"man",5,5,1
"jf5w0alon95p","images/men/image_8467.jpg",39,"man",4,2,1
"jf5w0alon95p","images/women/image_4638.jpg",40,"woman",4,1,0
"jf5w0alon95p","images/men/image_4841.jpg",41,"man",4,3,1
"jf5w0alon95p","images/women/image_4331.jpg",42,"woman",3,2,1
"jf5w0alon95p","images/men/image_1129.jpg",43,"man",4,4,1
"jf5w0alon95p","images/men/image_3757.jpg",44,"man",5,3,1
"jf5w0alon95p","images/women/image_212.jpg",45,"woman",4,1,0
"jf5w0alon95p","images/women/image_1212.jpg",46,"woman",3,1,0
"jf5w0alon95p","images/men/image_2588.jpg",47,"man",3,1,0
"jf5w0alon95p","images/men/image_35.jpg",48,"man",3,1,0
"jf5w0alon95p","images/women/image_4394.jpg",49,"woman",4,2,1
"jf5w0alon95p","images/women/image_398.jpg",50,"woman",5,2,1
"jf5w0alon95p","images/men/image_8493.jpg",51,"man",5,3,1
"jf5w0alon95p","images/men/image_5436.jpg",52,"man",3,1,0
"jf5w0alon95p","images/men/image_625.jpg",53,"man",5,5,1
"jf5w0alon95p","images/women/image_2697.jpg",54,"woman",5,5,1
"jf5w0alon95p","images/men/image_4530.jpg",55,"man",5,3,1
"jf5w0alon95p","images/women/image_355.jpg",56,"woman",3,3,1
"jf5w0alon95p","images/men/image_8707.jpg",57,"man",3,1,0
"jf5w0alon95p","images/women/image_5566.jpg",58,"woman",4,1,0
"jf5w0alon95p","images/men/image_979.jpg",59,"man",5,2,1
"jf5w0alon95p","images/women/image_455.jpg",60,"woman",5,4,1
"jf5w0alon95p","images/women/image_7749.jpg",61,"woman",4,4,1
"jf5w0alon95p","images/men/image_5549.jpg",62,"man",4,1,0
"jf5w0alon95p","images/women/image_8574.jpg",63,"woman",4,2,1
"jf5w0alon95p","images/men/image_9427.jpg",64,"man",4,1,0
"jf5w0alon95p","images/men/image_949.jpg",65,"man",4,4,1
"jf5w0alon95p","images/women/image_1897.jpg",66,"woman",4,4,1
"jf5w0alon95p","images/women/image_1929.jpg",67,"woman",3,1,0
"jf5w0alon95p","images/men/image_4724.jpg",68,"man",3,3,1
"jf5w0alon95p","images/men/image_612.jpg",69,"man",3,2,1
"jf5w0alon95p","images/men/image_527.jpg",70,"man",3,1,0
"jf5w0alon95p","images/women/image_3371.jpg",71,"woman",3,1,0
"jf5w0alon95p","images/women/image_5284.jpg",72,"woman",5,4,1
"jf5w0alon95p","images/men/image_1785.jpg",73,"man",4,2,1
"jf5w0alon95p","images/women/image_1314.jpg",74,"woman",3,3,1
"jf5w0alon95p","images/men/image_3344.jpg",75,"man",5,3,1
"jf5w0alon95p","images/women/image_2815.jpg",76,"woman",4,3,1
"jf5w0alon95p","images/women/image_4583.jpg",77,"woman",5,5,1
"jf5w0alon95p","images/men/image_2420.jpg",78,"man",5,2,1
"jf5w0alon95p","images/women/image_3495.jpg",79,"woman",5,1,0
"jf5w0alon95p","images/women/image_4089.jpg",80,"woman",5,2,1
"jf5w0alon95p","images/women/image_47.jpg",81,"woman",3,2,1
"jf5w0alon95p","images/women/image_3996.jpg",82,"woman",3,3,1
"jf5w0alon95p","images/men/image_766.jpg",83,"man",4,3,1
"jf5w0alon95p","images/men/image_9270.jpg",84,"man",4,1,0
"jf5w0alon95p","images/women/image_1240.jpg",85,"woman",5,2,1
"jf5w0alon95p","images/women/image_9590.jpg",86,"woman",4,2,1
"jf5w0alon95p","images/men/image_1041.jpg",87,"man",3,2,1
"jf5w0alon95p","images/women/image_8682.jpg",88,"woman",3,2,1
"jf5w0alon95p","images/women/image_9047.jpg",89,"woman",4,2,1
"jf5w0alon95p","images/women/image_5326.jpg",90,"woman",5,4,1
"jf5w0alon95p","images/men/image_775.jpg",91,"man",3,3,1
"jf5w0alon95p","images/women/image_3448.jpg",92,"woman",3,1,0
"jf5w0alon95p","images/men/image_4380.jpg",93,"man",3,3,1
"jf5w0alon95p","images/women/image_2553.jpg",94,"woman",4,1,0
"jf5w0alon95p","images/men/image_8790.jpg",95,"man",4,1,0
"jf5w0alon95p","images/men/image_3077.jpg",96,"man",5,1,0
"jf5w0alon95p","images/women/image_5592.jpg",97,"woman",4,2,1
"jf5w0alon95p","images/men/image_2106.jpg",98,"man",4,1,0
"jf5w0alon95p","images/women/image_3049.jpg",99,"woman",4,1,0
"jf5w0alon95p","images/men/image_495.jpg",100,"man",5,1,0
"jf5w0alon95p","images/men/image_4947.jpg",101,"man",4,2,1
"jf5w0alon95p","images/women/image_5357.jpg",102,"woman",5,5,1
"jf5w0alon95p","images/men/image_801.jpg",103,"man",5,1,0
"jf5w0alon95p","images/women/image_686.jpg",104,"woman",3,2,1
"jf5w0alon95p","images/men/image_2572.jpg",105,"man",3,3,1
"jf5w0alon95p","images/men/image_3998.jpg",106,"man",4,2,1
"jf5w0alon95p","images/women/image_4997.jpg",107,"woman",5,5,1
"jf5w0alon95p","images/men/image_4946.jpg",108,"man",5,1,0
"jf5w0alon95p","images/men/image_1592.jpg",109,"man",5,2,1
"jf5w0alon95p","images/men/image_1645.jpg",110,"man",3,3,1
"jf5w0alon95p","images/women/image_5525.jpg",111,"woman",3,2,1
"jf5w0alon95p","images/men/image_4135.jpg",112,"man",4,3,1
"jf5w0alon95p","images/women/image_4117.jpg",113,"woman",3,3,1
"jf5w0alon95p","images/women/image_8338.jpg",114,"woman",5,2,1
"jf5w0alon95p","images/women/image_2002.jpg",115,"woman",3,2,1
"jf5w0alon95p","images/women/image_1935.jpg",116,"woman",5,3,1
"jf5w0alon95p","images/men/image_2846.jpg",117,"man",5,1,0
"jf5w0alon95p","images/men/image_2081.jpg",118,"man",5,2,1
"jf5w0alon95p","images/women/image_78.jpg",119,"woman",5,1,0
"jf5w0alon95p","images/men/image_4402.jpg",120,"man",4,4,1
"jf5w0alon95p","images/men/image_6190.jpg",121,"man",3,2,1
"jf5w0alon95p","images/men/image_4.jpg",122,"man",4,4,1
"jf5w0alon95p","images/women/image_554.jpg",123,"woman",4,3,1
"jf5w0alon95p","images/women/image_735.jpg",124,"woman",3,1,0
"jf5w0alon95p","images/women/image_2797.jpg",125,"woman",4,1,0
"jf5w0alon95p","images/men/image_2479.jpg",126,"man",3,1,0
"jf5w0alon95p","images/women/image_4261.jpg",127,"woman",5,3,1
"jf5w0alon95p","images/men/image_90.jpg",128,"man",4,2,1
"jf5w0alon95p","images/women/image_2112.jpg",129,"woman",5,3,1
"jf5w0alon95p","images/women/image_8346.jpg",130,"woman",3,1,0
"jf5w0alon95p","images/men/image_2902.jpg",131,"man",5,1,0
"jf5w0alon95p","images/men/image_1943.jpg",132,"man",4,3,1
"jf5w0alon95p","images/women/image_6351.jpg",133,"woman",5,2,1
"jf5w0alon95p","images/women/image_2873.jpg",134,"woman",3,1,0
"jf5w0alon95p","images/men/image_1016.jpg",135,"man",3,3,1
"jf5w0alon95p","images/men/image_2524.jpg",136,"man",5,4,1
"jf5w0alon95p","images/women/image_682.jpg",137,"woman",5,2,1
"jf5w0alon95p","images/men/image_2914.jpg",138,"man",5,3,1
"jf5w0alon95p","images/women/image_3599.jpg",139,"woman",5,3,1
"jf5w0alon95p","images/men/image_8922.jpg",140,"man",4,2,1
"jf5w0alon95p","images/men/image_1247.jpg",141,"man",5,3,1
"jf5w0alon95p","images/women/image_5772.jpg",142,"woman",3,2,1
"jf5w0alon95p","images/men/image_600.jpg",143,"man",3,2,1
"jf5w0alon95p","images/men/image_9354.jpg",144,"man",3,1,0
"jf5w0alon95p","images/men/image_9852.jpg",145,"man",5,2,1
"jf5w0alon95p","images/women/image_2418.jpg",146,"woman",4,1,0
"jf5w0alon95p","images/women/image_9623.jpg",147,"woman",4,3,1
"jf5w0alon95p","images/men/image_4979.jpg",148,"man",5,1,0
"jf5w0alon95p","images/men/image_2784.jpg",149,"man",4,3,1
"jf5w0alon95p","images/women/image_8938.jpg",150,"woman",5,5,1
"jf5w0alon95p","images/women/image_562.jpg",151,"woman",4,4,1
"jf5w0alon95p","images/men/image_1573.jpg",152,"man",4,1,0
"jf5w0alon95p","images/women/image_1892.jpg",153,"woman",4,3,1
"jf5w0alon95p","images/women/image_595.jpg",154,"woman",3,3,1
"jf5w0alon95p","images/men/image_3473.jpg",155,"man",5,1,0
"jf5w0alon95p","images/women/image_311.jpg",156,"woman",4,1,0
"jf5w0alon95p","images/men/image_217.jpg",157,"man",3,3,1
"jf5w0alon95p","images/men/image_3138.jpg",158,"man",4,3,1
"jf5w0alon95p","images/men/image_3240.jpg",159,"man",4,4,1
"jf5w0alon95p","images/women/image_1504.jpg",160,"woman",3,2,1
"jf5w0alon95p","images/women/image_436.jpg",161,"woman",3,2,1
"jf5w0alon95p","images/women/image_603.jpg",162,"woman",4,4,1
"jf5w0alon95p","images/men/image_5296.jpg",163,"man",3,3,1
"jf5w0alon95p","images/men/image_5470.jpg",164,"man",3,2,1
"jf5w0alon95p","images/men/image_5120.jpg",165,"man",3,2,1
"jf5w0alon95p","images/women/image_9313.jpg",166,"woman",3,1,0
"jf5w0alon95p","images/women/image_9599.jpg",167,"woman",5,3,1
"jf5w0alon95p","images/women/image_8299.jpg",168,"woman",4,3,1
"1dxmcvxz412s","images/men/image_9704.jpg",1,"man",4,3,1
"1dxmcvxz412s","images/men/image_795.jpg",2,"man",5,1,0
"1dxmcvxz412s","images/men/image_4370.jpg",3,"man",3,2,1
"1dxmcvxz412s","images/women/image_8323.jpg",4,"woman",4,1,0
"1dxmcvxz412s","images/men/image_3770.jpg",5,"man",5,2,1
"1dxmcvxz412s","images/men/image_4946.jpg",6,"man",3,3,1
"1dxmcvxz412s","images/men/image_5382.jpg",7,"man",5,5,1
"1dxmcvxz412s","images/women/image_110.jpg",8,"woman",5,2,1
"1dxmcvxz412s","images/women/image_5218.jpg",9,"woman",4,3,1
"1dxmcvxz412s","images/women/image_2094.jpg",10,"woman",3,2,1
"1dxmcvxz412s","images/women/image_3049.jpg",11,"woman",4,3,1
"1dxmcvxz412s","images/women/image_510.jpg",12,"woman",4,1,0
"1dxmcvxz412s","images/men/image_1542.jpg",13,"man",3,3,1
"1dxmcvxz412s","images/men/image_1889.jpg",14,"man",5,1,0
"1dxmcvxz412s","images/women/image_4965.jpg",15,"woman",3,2,1
"1dxmcvxz412s","images/women/image_554.jpg",16,"woman",5,2,1
"1dxmcvxz412s","images/men/image_1572.jpg",17,"man",3,3,1
"1dxmcvxz412s","images/women/image_2412.jpg",18,"woman",3,1,0
"1dxmcvxz412s","images/men/image_3491.jpg",19,"man",4,2,1
"1dxmcvxz412s","images/men/image_2026.jpg",20,"man",5,2,1
"1dxmcvxz412s","images/women/image_1569.jpg",21,"woman",4,3,1
"1dxmcvxz412s","images/women/image_3743.jpg",22,"woman",3,2,1
"1dxmcvxz412s","images/men/image_2819.jpg",23,"man",3,3,1
"1dxmcvxz412s","images/men/image_4316.jpg",24,"man",4,2,1
"1dxmcvxz412s","images/women/image_9592.jpg",25,"woman",5,1,0
"1dxmcvxz412s","images/men/image_196.jpg",26,"man",4,4,1
"1dxmcvxz412s","images/women/image_2700.jpg",27,"woman",4,2,1
"1dxmcvxz412s","images/women/image_3448.jpg",28,"woman",3,1,0
"1dxmcvxz412s","images/men/image_2386.jpg",29,"man",5,1,0
"1dxmcvxz412s","images/women/image_1897.jpg",30,"woman",3,3,1
"1dxmcvxz412s","images/women/image_4240.jpg",31,"woman",5,4,1
"1dxmcvxz412s","images/men/image_2058.jpg",32,"man",4,2,1
"1dxmcvxz412s","images/women/image_4338.jpg",33,"woman",4,1,0
"1dxmcvxz412s","images/men/image_5421.jpg",34,"man",5,4,1
"1dxmcvxz412s","images/men/image_495.jpg",35,"man",4,4,1
"1dxmcvxz412s","images/men/image_356.jpg",36,"man",4,3,1
"1dxmcvxz412s","images/men/image_214.jpg",37,"man",3,3,1
"1dxmcvxz412s","images/women/image_5665.jpg",38,"woman",5,1,0
"1dxmcvxz412s","images/women/image_4331.jpg",39,"woman",5,2,1
"1dxmcvxz412s","images/women/image_398.jpg",40,"woman",5,2,1
"1dxmcvxz412s","images/women/image_4492.jpg",41,"woman",3,1,0
"1dxmcvxz412s","images/men/image_337.jpg",42,"man",3,1,0
"1dxmcvxz412s","images/women/image_5042.jpg",43,"woman",4,3,1
"1dxmcvxz412s","images/men/image_1629.jpg",44,"man",5,1,0
"1dxmcvxz412s","images/women/image_8393.jpg",45,"woman",5,4,1
"1dxmcvxz412s","images/women/image_335.jpg",46,"woman",5,3,1
"1dxmcvxz412s","images/women/image_2622.jpg",47,"woman",4,4,1
"1dxmcvxz412s","images/women/image_4680.jpg",48,"woman",3,1,0
"1dxmcvxz412s","images/men/image_903.jpg",49,"man",3,2,1
"1dxmcvxz412s","images/women/image_5807.jpg",50,"woman",5,4,1
"1dxmcvxz412s","images/women/image_2697.jpg",51,"woman",3,1,0
"1dxmcvxz412s","images/women/image_5502.jpg",52,"woman",3,2,1
"1dxmcvxz412s","images/women/image_4435.jpg",53,"woman",4,4,1
"1dxmcvxz412s","images/men/image_1202.jpg",54,"man",4,3,1
"1dxmcvxz412s","images/men/image_8994.jpg",55,"man",5,1,0
"1dxmcvxz412s","images/women/image_1793.jpg",56,"woman",3,1,0
"1dxmcvxz412s","images/men/image_774.jpg",57,"man",4,2,1
"1dxmcvxz412s","images/women/image_6243.jpg",58,"woman",3,2,1
"1dxmcvxz412s","images/men/image_4841.jpg",59,"man",5,2,1
"1dxmcvxz412s","images/men/image_5577.jpg",60,"man",5,3,1
"1dxmcvxz412s","images/women/image_9429.jpg",61,"woman",4,3,1
"1dxmcvxz412s","images/women/image_1243.jpg",62,"woman",4,3,1
"1dxmcvxz412s","images/men/image_8894.jpg",63,"man",3,2,1
"1dxmcvxz412s","images/men/image_4462.jpg",64,"man",4,4,1
"1dxmcvxz412s","images/men/image_1585.jpg",65,"man",3,3,1
"1dxmcvxz412s","images/men/image_2410.jpg",66,"man",4,3,1
"1dxmcvxz412s","images/men/image_9948.jpg",67,"man",4,2,1
"1dxmcvxz412s","images/women/image_2797.jpg",68,"woman",5,2,1
"1dxmcvxz412s","images/women/image_3179.jpg",69,"woman",4,4,1
"1dxmcvxz412s","images/men/image_1785.jpg",70,"man",3,2,1
"1dxmcvxz412s","images/men/image_5620.jpg",71,"man",5,1,0
"1dxmcvxz412s","images/men/image_4135.jpg",72,"man",5,5,1
"1dxmcvxz412s","images/women/image_1132.jpg",73,"woman",3,1,0
"1dxmcvxz412s","images/women/image_8877.jpg",74,"woman",5,1,0
"1dxmcvxz412s","images/men/image_2378.jpg",75,"man",4,3,1
"1dxmcvxz412s","images/women/image_4146.jpg",76,"woman",5,3,1
"1dxmcvxz412s","images/women/image_3691.jpg",77,"woman",5,1,0
"1dxmcvxz412s","images/women/image_5525.jpg",78,"woman",4,1,0
"1dxmcvxz412s","images/men/image_106.jpg",79,"man",5,5,1
"1dxmcvxz412s","images/men/image_2572.jpg",80,"man",3,3,1
"1dxmcvxz412s","images/men/image_3558.jpg",81,"man",3,3,1
"1dxmcvxz412s","images/men/image_1928.jpg",82,"man",4,4,1
"1dxmcvxz412s","images/women/image_1240.jpg",83,"woman",3,2,1
"1dxmcvxz412s","images/men/image_386.jpg",84,"man",3,1,0
"1dxmcvxz412s","images/women/image_3584.jpg",85,"woman",3,1,0
"1dxmcvxz412s","images/women/image_3674.jpg",86,"woman",5,1,0
"1dxmcvxz412s","images/women/image_1867.jpg",87,"woman",5,1,0
"1dxmcvxz412s","images/women/image_9882.jpg",88,"woman",4,3,1
"1dxmcvxz412s","images/men/image_8790.jpg",89,"man",3,1,0
"1dxmcvxz412s","images/men/image_5272.jpg",90,"man",4,1,0
"1dxmcvxz412s","images/women/image_3736.jpg",91,"woman",5,2,1
"1dxmcvxz412s","images/women/image_4564.jpg",92,"woman",3,1,0
"1dxmcvxz412s","images/men/image_8922.jpg",93,"man",4,3,1
"1dxmcvxz412s","images/women/image_4826.jpg",94,"woman",3,3,1
"1dxmcvxz412s","images/men/image_973.jpg",95,"man",4,1,0
"1dxmcvxz412s","images/women/image_9174.jpg",96,"woman",3,3,1
"1dxmcvxz412s","images/men/image_922.jpg",97,"man",3,1,0
"1dxmcvxz412s","images/women/image_4417.jpg",98,"woman",3,3,1
"1dxmcvxz412s","images/women/image_3021.jpg",99,"woman",5,4,1
"1dxmcvxz412s","images/women/image_5124.jpg",100,"woman",4,1,0
"1dxmcvxz412s","images/women/image_976.jpg",101,"woman",3,1,0
"1dxmcvxz412s","images/women/image_9529.jpg",102,"woman",4,1,0
"1dxmcvxz412s","images/men/image_9354.jpg",103,"man",5,1,0
"1dxmcvxz412s","images/men/image_628.jpg",104,"man",3,2,1
"1dxmcvxz412s","images/women/image_2264.jpg",105,"woman",4,4,1
"1dxmcvxz412s","images/men/image_9270.jpg",106,"man",4,3,1
"1dxmcvxz412s","images/men/image_1875.jpg",107,"man",5,3,1
"1dxmcvxz412s","images/men/image_2884.jpg",108,"man",4,1,0
"1dxmcvxz412s","images/men/image_3358.jpg",109,"man",3,1,0
"1dxmcvxz412s","images/men/image_4832.jpg",110,"man",3,1,0
"1dxmcvxz412s","images/women/image_302.jpg",111,"woman",5,4,1
"1dxmcvxz412s","images/men/image_1407.jpg",112,"man",5,1,0
"1dxmcvxz412s","images/men/image_9653.jpg",113,"man",5,3,1
"1dxmcvxz412s","images/women/image_4117.jpg",114,"woman",4,2,1
"1dxmcvxz412s","images/women/image_4532.jpg",115,"woman",4,1,0
"1dxmcvxz412s","images/men/image_1522.jpg",116,"man",5,4,1
"1dxmcvxz412s","images/men/image_3687.jpg",117,"man",4,4,1
"1dxmcvxz412s","images/women/image_1892.jpg",118,"woman",4,4,1
"1dxmcvxz412s","images/men/image_4998.jpg",119,"man",3,2,1
"1dxmcvxz412s","images/men/image_9883.jpg",120,"man",3,2,1
"1dxmcvxz412s","images/women/image_6177.jpg",121,"woman",5,4,1
"1dxmcvxz412s","images/men/image_9676.jpg",122,"man",5,1,0
"1dxmcvxz412s","images/women/image_5407.jpg",123,"woman",5,3,1
"1dxmcvxz412s","images/men/image_3184.jpg",124,"man",5,4,1
"1dxmcvxz412s","images/women/image_560.jpg",125,"woman",3,1,0
"1dxmcvxz412s","images/men/image_2416.jpg",126,"man",4,1,0
"1dxmcvxz412s","images/women/image_7895.jpg",127,"woman",5,1,0
"1dxmcvxz412s","images/women/image_6220.jpg",128,"woman",5,1,0
"1dxmcvxz412s","images/women/image_1590.jpg",129,"woman",4,1,0
"1dxmcvxz412s","images/women/image_2484.jpg",130,"woman",5,2,1
"1dxmcvxz412s","images/men/image_229.jpg",131,"man",4,3,1
"1dxmcvxz412s","images/men/image_833.jpg",132,"man",4,4,1
"1dxmcvxz412s","images/men/image_15.jpg",133,"man",3,2,1
"1dxmcvxz412s","images/men/image_1051.jpg",134,"man",3,1,0
"1dxmcvxz412s","images/women/image_5592.jpg",135,"woman",4,2,1
"1dxmcvxz412s","images/men/image_623.jpg",136,"man",4,4,1
"1dxmcvxz412s","images/women/image_4509.jpg",137,"woman",4,3,1
"1dxmcvxz412s","images/women/image_2806.jpg",138,"woman",3,2,1
"1dxmcvxz412s","images/men/image_5152.jpg",139,"man",5,4,1
"1dxmcvxz412s","images/men/image_2605.jpg",140,"man",3,3,1
"1dxmcvxz412s","images/men/image_489.jpg",141,"man",5,4,1
"1dxmcvxz412s","images/women/image_1709.jpg",142,"woman",3,2,1
"1dxmcvxz412s","images/men/image_8582.jpg",143,"man",4,2,1
"1dxmcvxz412s","images/men/image_5125.jpg",144,"man",5,2,1
"1dxmcvxz412s","images/men/image_9400.jpg",145,"man",5,4,1
"1dxmcvxz412s","images/women/image_1264.jpg",146,"woman",3,1,0
"1dxmcvxz412s","images/men/image_4963.jpg",147,"man",5,2,1
"1dxmcvxz412s","images/women/image_8731.jpg",148,"woman",3,1,0
"1dxmcvxz412s","images/men/image_527.jpg",149,"man",3,3,1
"1dxmcvxz412s","images/women/image_9708.jpg",150,"woman",4,1,0
"1dxmcvxz412s","images/women/image_3481.jpg",151,"woman",4,3,1
"1dxmcvxz412s","images/women/image_1513.jpg",152,"woman",4,1,0
"1dxmcvxz412s","images/men/image_3605.jpg",153,"man",4,2,1
"1dxmcvxz412s","images/men/image_721.jpg",154,"man",5,5,1
"1dxmcvxz412s","images/men/image_930.jpg",155,"man",4,2,1
"1dxmcvxz412s","images/women/image_3956.jpg",156,"woman",5,3,1
"1dxmcvxz412s","images/women/image_3279.jpg",157,"woman",3,1,0
"1dxmcvxz412s","images/men/image_4183.jpg",158,"man",3,1,0
"1dxmcvxz412s","images/men/image_230.jpg",159,"man",3,2,1
"1dxmcvxz412s","images/men/image_3404.jpg",160,"man",5,1,0
"1dxmcvxz412s","images/women/image_3524.jpg",161,"woman",5,5,1
"1dxmcvxz412s","images/women/image_9345.jpg",162,"woman",3,3,1
"1dxmcvxz412s","images/women/image_8739.jpg",163,"woman",5,1,0
"1dxmcvxz412s","images/men/image_1150.jpg",164,"man",3,1,0
"1dxmcvxz412s","images/women/image_2029.jpg",165,"woman",3,1,0
"1dxmcvxz412s","images/men/image_3473.jpg",166,"man",4,4,1
"1dxmcvxz412s","images/women/image_4787.jpg",167,"woman",5,4,1
"1dxmcvxz412s","images/women/image_945.jpg",168,"woman",4,2,1
"nqpb5xhqyu9k","images/women/image_1994.jpg",1,"woman",3,1,0
"nqpb5xhqyu9k","images/women/image_3206.jpg",2,"woman",5,1,0
"nqpb5xhqyu9k","images/women/image_444.jpg",3,"woman",3,1,0
"nqpb5xhqyu9k","images/women/image_2484.jpg",4,"woman",4,2,1
"nqpb5xhqyu9k","images/men/image_9675.jpg",5,"man",5,3,1
"nqpb5xhqyu9k","images/men/image_3687.jpg",6,"man",3,1,0
"nqpb5xhqyu9k","images/women/image_4311.jpg",7,"woman",3,1,0
"nqpb5xhqyu9k","images/women/image_5124.jpg",8,"woman",4,4,1
"nqpb5xhqyu9k","images/women/image_311.jpg",9,"woman",4,2,1
"nqpb5xhqyu9k","images/men/image_774.jpg",10,"man",5,1,0
"nqpb5xhqyu9k","images/women/image_3389.jpg",11,"woman",3,1,0
"nqpb5xhqyu9k","images/men/image_3794.jpg",12,"man",4,4,1
"nqpb5xhqyu9k","images/men/image_4841.jpg",13,"man",5,2,1
"nqpb5xhqyu9k","images/men/image_922.jpg",14,"man",4,3,1
"nqpb5xhqyu9k","images/women/image_9232.jpg",15,"woman",5,3,1
"nqpb5xhqyu9k","images/men/image_1751.jpg",16,"man",3,2,1
"nqpb5xhqyu9k","images/women/image_798.jpg",17,"woman",5,4,1
"nqpb5xhqyu9k","images/women/image_1884.jpg",18,"woman",5,1,0
"nqpb5xhqyu9k","images/men/image_5152.jpg",19,"man",5,2,1
"nqpb5xhqyu9k","images/men/image_679.jpg",20,"man",5,4,1
"nqpb5xhqyu9k","images/women/image_5909.jpg",21,"woman",3,3,1
"nqpb5xhqyu9k","images/women/image_6177.jpg",22,"woman",5,4,1
"nqpb5xhqyu9k","images/women/image_9268.jpg",23,"woman",3,1,0
"nqpb5xhqyu9k","images/women/image_4826.jpg",24,"woman",3,1,0
"nqpb5xhqyu9k","images/men/image_8467.jpg",25,"man",5,2,1
"nqpb5xhqyu9k","images/women/image_757.jpg",26,"woman",4,1,0
"nqpb5xhqyu9k","images/women/image_5766.jpg",27,"woman",5,1,0
"nqpb5xhqyu9k","images/men/image_106.jpg",28,"man",3,3,1
"nqpb5xhqyu9k","images/men/image_3648.jpg",29,"man",4,2,1
"nqpb5xhqyu9k","images/men/image_3112.jpg",30,"man",4,1,0
"nqpb5xhqyu9k","images/men/image_217.jpg",31,"man",4,1,0
"nqpb5xhqyu9k","images/men/image_4971.jpg",32,"man",3,2,1
"nqpb5xhqyu9k","images/men/image_4316.jpg",33,"man",3,3,1
"nqpb5xhqyu9k","images/men/image_8563.jpg",34,"man",3,1,0
"nqpb5xhqyu9k","images/men/image_8650.jpg",35,"man",4,2,1
"nqpb5xhqyu9k","images/women/image_9267.jpg",36,"woman",4,1,0
"nqpb5xhqyu9k","images/men/image_4875.jpg",37,"man",4,4,1
"nqpb5xhqyu9k","images/men/image_13.jpg",38,"man",5,1,0
"nqpb5xhqyu9k","images/women/image_5968.jpg",39,"woman",4,1,0
"nqpb5xhqyu9k","images/women/image_9708.jpg",40,"woman",4,2,1
"nqpb5xhqyu9k","images/women/image_4597.jpg",41,"woman",5,3,1
"nqpb5xhqyu9k","images/men/image_1310.jpg",42,"man",3,1,0
"nqpb5xhqyu9k","images/men/image_9612.jpg",43,"man",4,4,1
"nqpb5xhqyu9k","images/women/image_2418.jpg",44,"woman",4,4,1
"nqpb5xhqyu9k","images/men/image_902.jpg",45,"man",5,1,0
"nqpb5xhqyu9k","images/women/image_7819.jpg",46,"woman",5,1,0
"nqpb5xhqyu9k","images/women/image_355.jpg",47,"woman",3,1,0
"nqpb5xhqyu9k","images/women/image_695.jpg",48,"woman",5,2,1
"nqpb5xhqyu9k","images/women/image_8801.jpg",49,"woman",3,1,0
"nqpb5xhqyu9k","images/men/image_4013.jpg",50,"man",5,4,1
"nqpb5xhqyu9k","images/women/image_2486.jpg",51,"woman",4,2,1
"nqpb5xhqyu9k","images/women/image_9627.jpg",52,"woman",4,1,0
"nqpb5xhqyu9k","images/women/image_3367.jpg",53,"woman",4,3,1
"nqpb5xhqyu9k","images/men/image_3785.jpg",54,"man",3,2,1
"nqpb5xhqyu9k","images/men/image_2378.jpg",55,"man",4,1,0
"nqpb5xhqyu9k","images/men/image_4462.jpg",56,"man",3,1,0
"nqpb5xhqyu9k","images/men/image_697.jpg",57,"man",3,1,0
"nqpb5xhqyu9k","images/men/image_5120.jpg",58,"man",5,1,0
"nqpb5xhqyu9k","images/women/image_7792.jpg",59,"woman",5,3,1
"nqpb5xhqyu9k","images/women/image_9570.jpg",60,"woman",3,3,1
"nqpb5xhqyu9k","images/men/image_730.jpg",61,"man",4,3,1
"nqpb5xhqyu9k","images/men/image_8994.jpg",62,"man",3,2,1
"nqpb5xhqyu9k","images/women/image_3607.jpg",63,"woman",3,3,1
"nqpb5xhqyu9k","images/men/image_8969.jpg",64,"man",4,4,1
"nqpb5xhqyu9k","images/men/image_2058.jpg",65,"man",4,3,1
"nqpb5xhqyu9k","images/women/image_838.jpg",66,"woman",4,2,1
"nqpb5xhqyu9k","images/men/image_612.jpg",67,"man",3,3,1
"nqpb5xhqyu9k","images/men/image_1129.jpg",68,"man",5,2,1
"nqpb5xhqyu9k","images/women/image_5396.jpg",69,"woman",4,2,1
"nqpb5xhqyu9k","images/women/image_3935.jpg",70,"woman",3,2,1
"nqpb5xhqyu9k","images/men/image_949.jpg",71,"man",5,3,1
"nqpb5xhqyu9k","images/women/image_4117.jpg",72,"woman",3,3,1
"nqpb5xhqyu9k","images/women/image_4089.jpg",73,"woman",5,1,0
"nqpb5xhqyu9k","images/women/image_7914.jpg",74,"woman",5,2,1
"nqpb5xhqyu9k","images/men/image_4208.jpg",75,"man",5,5,1
"nqpb5xhqyu9k","images/women/image_1127.jpg",76,"woman",3,1,0
"nqpb5xhqyu9k","images/women/image_603.jpg",77,"woman",5,1,0
"nqpb5xhqyu9k","images/men/image_9727.jpg",78,"man",3,3,1
"nqpb5xhqyu9k","images/women/image_2815.jpg",79,"woman",4,1,0
"nqpb5xhqyu9k","images/men/image_4724.jpg",80,"man",3,1,0
"nqpb5xhqyu9k","images/women/image_9718.jpg",81,"woman",5,3,1
"nqpb5xhqyu9k","images/men/image_9270.jpg",82,"man",4,1,0
"nqpb5xhqyu9k","images/men/image_908.jpg",83,"man",4,1,0
"nqpb5xhqyu9k","images/men/image_4832.jpg",84,"man",5,5,1
"nqpb5xhqyu9k","images/men/image_2846.jpg",85,"man",3,1,0
"nqpb5xhqyu9k","images/women/image_4202.jpg",86,"woman",4,4,1
"nqpb5xhqyu9k","images/men/image_4708.jpg",87,"man",5,2,1
"nqpb5xhqyu9k","images/men/image_4222.jpg",88,"man",5,4,1
"nqpb5xhqyu9k","images/women/image_47.jpg",89,"woman",3,1,0
"nqpb5xhqyu9k","images/women/image_9669.jpg",90,"woman",3,1,0
"nqpb5xhqyu9k","images/women/image_4680.jpg",91,"woman",5,2,1
"nqpb5xhqyu9k","images/men/image_3835.jpg",92,"man",3,2,1
"nqpb5xhqyu9k","images/women/image_1664.jpg",93,"woman",4,2,1
"nqpb5xhqyu9k","images/men/image_2851.jpg",94,"man",3,1,0
"nqpb5xhqyu9k","images/women/image_2622.jpg",95,"woman",3,1,0
"nqpb5xhqyu9k","images/women/image_1590.jpg",96,"woman",3,1,0
"nqpb5xhqyu9k","images/men/image_8952.jpg",97,"man",5,1,0
"nqpb5xhqyu9k","images/women/image_3599.jpg",98,"woman",5,5,1
"nqpb5xhqyu9k","images/women/image_560.jpg",99,"woman",5,1,0
"nqpb5xhqyu9k","images/women/image_5056.jpg",100,"woman",4,3,1
"nqpb5xhqyu9k","images/men/image_8443.jpg",101,"man",5,4,1
"nqpb5xhqyu9k","images/men/image_2153.jpg",102,"man",5,2,1
"nqpb5xhqyu9k","images/men/image_4457.jpg",103,"man",4,3,1
"nqpb5xhqyu9k","images/men/image_1787.jpg",104,"man",4,2,1
"nqpb5xhqyu9k","images/men/image_5743.jpg",105,"man",3,1,0
"nqpb5xhqyu9k","images/women/image_7911.jpg",106,"woman",3,2,1
"nqpb5xhqyu9k","images/women/image_4740.jpg",107,"woman",4,3,1
"nqpb5xhqyu9k","images/women/image_60.jpg",108,"woman",3,1,0
"nqpb5xhqyu9k","images/women/image_9383.jpg",109,"woman",4,4,1
"nqpb5xhqyu9k","images/men/image_4942.jpg",110,"man",4,3,1
"nqpb5xhqyu9k","images/women/image_290.jpg",111,"woman",5,3,1
"nqpb5xhqyu9k","images/women/image_2292.jpg",112,"woman",5,2,1
"nqpb5xhqyu9k","images/men/image_1618.jpg",113,"man",4,1,0
"nqpb5xhqyu9k","images/men/image_178.jpg",114,"man",5,2,1
"nqpb5xhqyu9k","images/women/image_5240.jpg",115,"woman",5,3,1
"nqpb5xhqyu9k","images/men/image_3820.jpg",116,"man",3,2,1
"nqpb5xhqyu9k","images/women/image_4582.jpg",117,"woman",5,5,1
"nqpb5xhqyu9k","images/men/image_9600.jpg",118,"man",4,1,0
"nqpb5xhqyu9k","images/men/image_6345.jpg",119,"man",5,2,1
"nqpb5xhqyu9k","images/men/image_183.jpg",120,"man",3,3,1
"nqpb5xhqyu9k","images/men/image_795.jpg",121,"man",4,1,0
"nqpb5xhqyu9k","images/men/image_9058.jpg",122,"man",4,4,1
"nqpb5xhqyu9k","images/men/image_4185.jpg",123,"man",3,2,1
"nqpb5xhqyu9k","images/women/image_3582.jpg",124,"woman",4,1,0
"nqpb5xhqyu9k","images/women/image_3955.jpg",125,"woman",3,3,1
"nqpb5xhqyu9k","images/women/image_9370.jpg",126,"woman",4,4,1
"nqpb5xhqyu9k","images/women/image_7696.jpg",127,"woman",3,3,1
"nqpb5xhqyu9k","images/men/image_9984.jpg",128,"man",3,1,0
"nqpb5xhqyu9k","images/women/image_4492.jpg",129,"woman",5,2,1
"nqpb5xhqyu9k","images/women/image_3743.jpg",130,"woman",3,1,0
"nqpb5xhqyu9k","images/women/image_496.jpg",131,"woman",4,4,1
"nqpb5xhqyu9k","images/men/image_3137.jpg",132,"man",3,2,1
"nqpb5xhqyu9k","images/women/image_9539.jpg",133,"woman",3,1,0
"nqpb5xhqyu9k","images/women/image_3194.jpg",134,"woman",4,3,1
"nqpb5xhqyu9k","images/women/image_4146.jpg",135,"woman",4,1,0
"nqpb5xhqyu9k","images/men/image_4963.jpg",136,"man",4,4,1
"nqpb5xhqyu9k","images/men/image_3124.jpg",137,"man",4,2,1
"nqpb5xhqyu9k","images/men/image_1572.jpg",138,"man",5,5,1
"nqpb5xhqyu9k","images/men/image_356.jpg",139,"man",4,4,1
"nqpb5xhqyu9k","images/women/image_2797.jpg",140,"woman",4,1,0
"nqpb5xhqyu9k","images/women/image_5198.jpg",141,"woman",3,3,1
"nqpb5xhqyu9k","images/men/image_1235.jpg",142,"man",3,3,1
"nqpb5xhqyu9k","images/women/image_1709.jpg",143,"woman",4,1,0
"nqpb5xhqyu9k","images/men/image_8707.jpg",144,"man",5,2,1
"nqpb5xhqyu9k","images/women/image_784.jpg",145,"woman",5,2,1
"nqpb5xhqyu9k","images/women/image_4240.jpg",146,"woman",5,1,0
"nqpb5xhqyu9k","images/women/image_8422.jpg",147,"woman",3,3,1
"nqpb5xhqyu9k","images/men/image_1542.jpg",148,"man",5,2,1
"nqpb5xhqyu9k","images/men/image_2693.jpg",149,"man",4,2,1
"nqpb5xhqyu9k","images/women/image_9882.jpg",150,"woman",5,2,1
"nqpb5xhqyu9k","images/women/image_682.jpg",151,"woman",5,3,1
"nqpb5xhqyu9k","images/men/image_2436.jpg",152,"man",5,5,1
"nqpb5xhqyu9k","images/women/image_8496.jpg",153,"woman",4,2,1
"nqpb5xhqyu9k","images/men/image_1875.jpg",154,"man",3,1,0
"nqpb5xhqyu9k","images/men/image_4402.jpg",155,"man",4,3,1
"nqpb5xhqyu9k","images/women/image_8682.jpg",156,"woman",3,1,0
"nqpb5xhqyu9k","images/men/image_1720.jpg",157,"man",3,2,1
"nqpb5xhqyu9k","images/men/image_1224.jpg",158,"man",5,2,1
"nqpb5xhqyu9k","images/men/image_383.jpg",159,"man",5,3,1
"nqpb5xhqyu9k","images/women/image_5550.jpg",160,"woman",4,2,1
"nqpb5xhqyu9k","images/men/image_3568.jpg",161,"man",4,2,1
"nqpb5xhqyu9k","images/women/image_1155.jpg",162,"woman",5,2,1
"nqpb5xhqyu9k","images/women/image_3267.jpg",163,"woman",3,1,0
"nqpb5xhqyu9k","images/men/image_1629.jpg",164,"man",5,1,0
"nqpb5xhqyu9k","images/men/image_833.jpg",165,"man",4,3,1
"nqpb5xhqyu9k","images/men/image_3864.jpg",166,"man",3,2,1
"nqpb5xhqyu9k","images/women/image_1903.jpg",167,"woman",5,2,1
"nqpb5xhqyu9k","images/men/image_2410.jpg",168,"man",3,1,0
"s32m9k98spgo","images/men/image_908.jpg",1,"man",4,1,0
"s32m9k98spgo","images/men/image_907.jpg",2,"man",3,2,1
"s32m9k98spgo","images/women/image_2873.jpg",3,"woman",4,1,0
"s32m9k98spgo","images/women/image_4236.jpg",4,"woman",5,1,0
"s32m9k98spgo","images/men/image_383.jpg",5,"man",3,2,1
"s32m9k98spgo","images/women/image_2319.jpg",6,"woman",4,1,0
"s32m9k98spgo","images/men/image_628.jpg",7,"man",5,1,0
"s32m9k98spgo","images/men/image_2018.jpg",8,"man",3,1,0
"s32m9k98spgo","images/men/image_9647.jpg",9,"man",5,5,1
"s32m9k98spgo","images/men/image_3951.jpg",10,"man",5,2,1
"s32m9k98spgo","images/women/image_9377.jpg",11,"woman",3,1,0
"s32m9k98spgo","images/women/image_1684.jpg",12,"woman",3,3,1
"s32m9k98spgo","images/women/image_1127.jpg",13,"woman",4,1,0
"s32m9k98spgo","images/men/image_3573.jpg",14,"man",5,1,0
"s32m9k98spgo","images/women/image_1364.jpg",15,"woman",3,3,1
"s32m9k98spgo","images/women/image_4996.jpg",16,"woman",4,2,1
"s32m9k98spgo","images/women/image_3956.jpg",17,"woman",3,3,1
"s32m9k98spgo","images/women/image_4997.jpg",18,"woman",4,1,0
"s32m9k98spgo","images/men/image_2962.jpg",19,"man",4,1,0
"s32m9k98spgo","images/men/image_5.jpg",20,"man",3,3,1
"s32m9k98spgo","images/women/image_4859.jpg",21,"woman",3,2,1
"s32m9k98spgo","images/men/image_2948.jpg",22,"man",5,4,1
"s32m9k98spgo","images/women/image_295.jpg",23,"woman",4,1,0
"s32m9k98spgo","images/men/image_681.jpg",24,"man",4,1,0
"s32m9k98spgo","images/women/image_3450.jpg",25,"woman",5,2,1
"s32m9k98spgo","images/men/image_9883.jpg",26,"man",3,1,0
"s32m9k98spgo","images/women/image_682.jpg",27,"woman",5,4,1
"s32m9k98spgo","images/men/image_4621.jpg",28,"man",4,3,1
"s32m9k98spgo","images/men/image_210.jpg",29,"man",4,2,1
"s32m9k98spgo","images/men/image_2812.jpg",30,"man",4,2,1
"s32m9k98spgo","images/women/image_1903.jpg",31,"woman",5,1,0
"s32m9k98spgo","images/men/image_4.jpg",32,"man",4,4,1
"s32m9k98spgo","images/men/image_336.jpg",33,"man",5,5,1
"s32m9k98spgo","images/women/image_7951.jpg",34,"woman",3,2,1
"s32m9k98spgo","images/men/image_9892.jpg",35,"man",3,1,0
"s32m9k98spgo","images/women/image_510.jpg",36,"woman",5,4,1
"s32m9k98spgo","images/men/image_3265.jpg",37,"man",3,1,0
"s32m9k98spgo","images/women/image_1132.jpg",38,"woman",3,1,0
"s32m9k98spgo","images/women/image_688.jpg",39,"woman",4,1,0
"s32m9k98spgo","images/women/image_244.jpg",40,"woman",5,1,0
"s32m9k98spgo","images/women/image_9278.jpg",41,"woman",5,1,0
"s32m9k98spgo","images/men/image_901.jpg",42,"man",5,3,1
"s32m9k98spgo","images/women/image_5090.jpg",43,"woman",5,4,1
"s32m9k98spgo","images/women/image_398.jpg",44,"woman",4,3,1
"s32m9k98spgo","images/men/image_902.jpg",45,"man",4,2,1
"s32m9k98spgo","images/men/image_1310.jpg",46,"man",3,1,0
"s32m9k98spgo","images/women/image_3495.jpg",47,"woman",5,3,1
"s32m9k98spgo","images/men/image_2106.jpg",48,"man",3,1,0
"s32m9k98spgo","images/women/image_1973.jpg",49,"woman",4,2,1
"s32m9k98spgo","images/women/image_7855.jpg",50,"woman",4,1,0
"s32m9k98spgo","images/men/image_2524.jpg",51,"man",5,2,1
"s32m9k98spgo","images/women/image_9734.jpg",52,"woman",4,1,0
"s32m9k98spgo","images/women/image_5648.jpg",53,"woman",5,3,1
"s32m9k98spgo","images/women/image_86.jpg",54,"woman",3,1,0
"s32m9k98spgo","images/men/image_8707.jpg",55,"man",5,1,0
"s32m9k98spgo","images/women/image_4117.jpg",56,"woman",3,3,1
"s32m9k98spgo","images/women/image_1155.jpg",57,"woman",3,1,0
"s32m9k98spgo","images/women/image_2429.jpg",58,"woman",4,3,1
"s32m9k98spgo","images/men/image_2233.jpg",59,"man",3,2,1
"s32m9k98spgo","images/men/image_2825.jpg",60,"man",5,4,1
"s32m9k98spgo","images/women/image_3557.jpg",61,"woman",5,3,1
"s32m9k98spgo","images/men/image_2902.jpg",62,"man",4,2,1
"s32m9k98spgo","images/women/image_9383.jpg",63,"woman",4,2,1
"s32m9k98spgo","images/women/image_3774.jpg",64,"woman",4,4,1
"s32m9k98spgo","images/men/image_106.jpg",65,"man",3,1,0
"s32m9k98spgo","images/men/image_2588.jpg",66,"man",4,4,1
"s32m9k98spgo","images/men/image_950.jpg",67,"man",5,1,0
"s32m9k98spgo","images/men/image_2410.jpg",68,"man",3,3,1
"s32m9k98spgo","images/women/image_8775.jpg",69,"woman",5,2,1
"s32m9k98spgo","images/men/image_5132.jpg",70,"man",3,2,1
"s32m9k98spgo","images/men/image_4287.jpg",71,"man",4,1,0
"s32m9k98spgo","images/women/image_2136.jpg",72,"woman",3,1,0
"s32m9k98spgo","images/men/image_9142.jpg",73,"man",5,4,1
"s32m9k98spgo","images/men/image_2621.jpg",74,"man",5,3,1
"s32m9k98spgo","images/women/image_2700.jpg",75,"woman",3,3,1
"s32m9k98spgo","images/women/image_896.jpg",76,"woman",5,2,1
"s32m9k98spgo","images/women/image_5218.jpg",77,"woman",3,3,1
"s32m9k98spgo","images/women/image_3607.jpg",78,"woman",5,4,1
"s32m9k98spgo","images/women/image_424.jpg",79,"woman",3,3,1
"s32m9k98spgo","images/men/image_3004.jpg",80,"man",3,2,1
"s32m9k98spgo","images/men/image_3558.jpg",81,"man",5,4,1
"s32m9k98spgo","images/men/image_1629.jpg",82,"man",4,4,1
"s32m9k98spgo","images/men/image_9674.jpg",83,"man",4,3,1
"s32m9k98spgo","images/men/image_2605.jpg",84,"man",4,1,0
"s32m9k98spgo","images/women/image_7819.jpg",85,"woman",5,3,1
"s32m9k98spgo","images/women/image_8510.jpg",86,"woman",5,3,1
"s32m9k98spgo","images/men/image_2131.jpg",87,"man",4,4,1
"s32m9k98spgo","images/women/image_60.jpg",88,"woman",4,3,1
"s32m9k98spgo","images/women/image_3743.jpg",89,"woman",4,1,0
"s32m9k98spgo","images/women/image_33.jpg",90,"woman",3,1,0
"s32m9k98spgo","images/men/image_321.jpg",91,"man",3,1,0
"s32m9k98spgo","images/women/image_3448.jpg",92,"woman",3,2,1
"s32m9k98spgo","images/women/image_729.jpg",93,"woman",5,4,1
"s32m9k98spgo","images/men/image_4317.jpg",94,"man",3,2,1
"s32m9k98spgo","images/women/image_4240.jpg",95,"woman",5,2,1
"s32m9k98spgo","images/women/image_3584.jpg",96,"woman",5,1,0
"s32m9k98spgo","images/women/image_4492.jpg",97,"woman",3,1,0
"s32m9k98spgo","images/women/image_5592.jpg",98,"woman",4,2,1
"s32m9k98spgo","images/women/image_1243.jpg",99,"woman",5,5,1
"s32m9k98spgo","images/men/image_9641.jpg",100,"man",4,2,1
"s32m9k98spgo","images/men/image_8922.jpg",101,"man",4,2,1
"s32m9k98spgo","images/women/image_562.jpg",102,"woman",4,4,1
"s32m9k98spgo","images/men/image_527.jpg",103,"man",4,3,1
"s32m9k98spgo","images/men/image_2851.jpg",104,"man",5,2,1
"s32m9k98spgo","images/men/image_8464.jpg",105,"man",5,1,0
"s32m9k98spgo","images/men/image_1395.jpg",106,"man",3,1,0
"s32m9k98spgo","images/men/image_90.jpg",107,"man",3,1,0
"s32m9k98spgo","images/men/image_2335.jpg",108,"man",3,2,1
"s32m9k98spgo","images/women/image_9708.jpg",109,"woman",4,4,1
"s32m9k98spgo","images/women/image_6243.jpg",110,"woman",5,2,1
"s32m9k98spgo","images/men/image_3804.jpg",111,"man",5,5,1
"s32m9k98spgo","images/women/image_3611.jpg",112,"woman",3,3,1
"s32m9k98spgo","images/women/image_8338.jpg",113,"woman",3,1,0
"s32m9k98spgo","images/men/image_9528.jpg",114,"man",4,4,1
"s32m9k98spgo","images/women/image_9599.jpg",115,"woman",3,1,0
"s32m9k98spgo","images/men/image_6019.jpg",116,"man",3,2,1
"s32m9k98spgo","images/men/image_4841.jpg",117,"man",5,5,1
"s32m9k98spgo","images/men/image_1247.jpg",118,"man",3,3,1
"s32m9k98spgo","images/women/image_5407.jpg",119,"woman",4,3,1
"s32m9k98spgo","images/men/image_2153.jpg",120,"man",4,1,0
"s32m9k98spgo","images/men/image_3331.jpg",121,"man",4,1,0
"s32m9k98spgo","images/men/image_5839.jpg",122,"man",5,5,1
"s32m9k98spgo","images/men/image_592.jpg",123,"man",5,5,1
"s32m9k98spgo","images/men/image_683.jpg",124,"man",5,2,1
"s32m9k98spgo","images/women/image_788.jpg",125,"woman",4,2,1
"s32m9k98spgo","images/women/image_2631.jpg",126,"woman",3,3,1
"s32m9k98spgo","images/men/image_9727.jpg",127,"man",4,3,1
"s32m9k98spgo","images/women/image_9482.jpg",128,"woman",4,4,1
"s32m9k98spgo","images/men/image_8837.jpg",129,"man",4,1,0
"s32m9k98spgo","images/men/image_4566.jpg",130,"man",4,2,1
"s32m9k98spgo","images/women/image_3674.jpg",131,"woman",3,3,1
"s32m9k98spgo","images/women/image_8727.jpg",132,"woman",4,1,0
"s32m9k98spgo","images/women/image_2016.jpg",133,"woman",3,1,0
"s32m9k98spgo","images/women/image_2148.jpg",134,"woman",5,5,1
"s32m9k98spgo","images/women/image_5124.jpg",135,"woman",3,2,1
"s32m9k98spgo","images/men/image_4947.jpg",136,"man",5,4,1
"s32m9k98spgo","images/men/image_2714.jpg",137,"man",5,1,0
"s32m9k98spgo","images/men/image_2420.jpg",138,"man",4,3,1
"s32m9k98spgo","images/men/image_4963.jpg",139,"man",3,3,1
"s32m9k98spgo","images/women/image_6010.jpg",140,"woman",5,2,1
"s32m9k98spgo","images/women/image_4957.jpg",141,"woman",5,2,1
"s32m9k98spgo","images/men/image_5910.jpg",142,"man",5,1,0
"s32m9k98spgo","images/men/image_3124.jpg",143,"man",5,4,1
"s32m9k98spgo","images/women/image_4444.jpg",144,"woman",3,1,0
"s32m9k98spgo","images/women/image_2412.jpg",145,"woman",4,4,1
"s32m9k98spgo","images/women/image_1089.jpg",146,"woman",3,2,1
"s32m9k98spgo","images/men/image_9109.jpg",147,"man",4,4,1
"s32m9k98spgo","images/women/image_1935.jpg",148,"woman",5,3,1
"s32m9k98spgo","images/women/image_1240.jpg",149,"woman",3,1,0
"s32m9k98spgo","images/women/image_8554.jpg",150,"woman",4,1,0
"s32m9k98spgo","images/men/image_2819.jpg",151,"man",5,1,0
"s32m9k98spgo","images/men/image_4401.jpg",152,"man",3,2,1
"s32m9k98spgo","images/men/image_2914.jpg",153,"man",3,1,0
"s32m9k98spgo","images/women/image_9973.jpg",154,"woman",3,2,1
"s32m9k98spgo","images/men/image_5743.jpg",155,"man",5,3,1
"s32m9k98spgo","images/men/image_5528.jpg",156,"man",3,2,1
"s32m9k98spgo","images/men/image_3137.jpg",157,"man",3,1,0
"s32m9k98spgo","images/women/image_3158.jpg",158,"woman",4,3,1
"s32m9k98spgo","images/men/image_201.jpg",159,"man",4,4,1
"s32m9k98spgo","images/men/image_721.jpg",160,"man",4,2,1
"s32m9k98spgo","images/women/image_5228.jpg",161,"woman",4,4,1
"s32m9k98spgo","images/women/image_5042.jpg",162,"woman",5,4,1
"s32m9k98spgo","images/women/image_6041.jpg",163,"woman",4,1,0
"s32m9k98spgo","images/men/image_8843.jpg",164,"man",3,1,0
"s32m9k98spgo","images/women/image_2029.jpg",165,"woman",5,5,1
"s32m9k98spgo","images/women/image_5766.jpg",166,"woman",5,2,1
"s32m9k98spgo","images/men/image_1068.jpg",167,"man",3,1,0
"s32m9k98spgo","images/men/image_9625.jpg",168,"man",5,1,0
"tgx4d27osvzo","images/women/image_5407.jpg",1,"woman",5,3,1
"tgx4d27osvzo","images/men/image_4594.jpg",2,"man",3,3,1
"tgx4d27osvzo","images/men/image_1139.jpg",3,"man",5,4,1
"tgx4d27osvzo","images/women/image_9973.jpg",4,"woman",4,3,1
"tgx4d27osvzo","images/women/image_1709.jpg",5,"woman",4,1,0
"tgx4d27osvzo","images/women/image_60.jpg",6,"woman",3,3,1
"tgx4d27osvzo","images/men/image_4815.jpg",7,"man",4,3,1
"tgx4d27osvzo","images/women/image_8400.jpg",8,"woman",3,1,0
"tgx4d27osvzo","images/women/image_2873.jpg",9,"woman",5,1,0
"tgx4d27osvzo","images/men/image_2386.jpg",10,"man",3,2,1
"tgx4d27osvzo","images/women/image_4444.jpg",11,"woman",4,2,1
"tgx4d27osvzo","images/men/image_229.jpg",12,"man",4,3,1
"tgx4d27osvzo","images/women/image_4492.jpg",13,"woman",5,1,0
"tgx4d27osvzo","images/women/image_719.jpg",14,"woman",4,1,0
"tgx4d27osvzo","images/men/image_9930.jpg",15,"man",5,1,0
"tgx4d27osvzo","images/women/image_2697.jpg",16,"woman",3,1,0
"tgx4d27osvzo","images/women/image_9049.jpg",17,"woman",4,1,0
"tgx4d27osvzo","images/women/image_8535.jpg",18,"woman",4,1,0
"tgx4d27osvzo","images/men/image_4183.jpg",19,"man",5,2,1
"tgx4d27osvzo","images/men/image_9600.jpg",20,"man",4,1,0
"tgx4d27osvzo","images/men/image_9226.jpg",21,"man",4,1,0
"tgx4d27osvzo","images/women/image_1867.jpg",22,"woman",5,1,0
"tgx4d27osvzo","images/men/image_2695.jpg",23,"man",4,2,1
"tgx4d27osvzo","images/women/image_1430.jpg",24,"woman",4,3,1
"tgx4d27osvzo","images/women/image_2292.jpg",25,"woman",5,2,1
"tgx4d27osvzo","images/men/image_9791.jpg",26,"man",3,1,0
"tgx4d27osvzo","images/women/image_6041.jpg",27,"woman",3,2,1
"tgx4d27osvzo","images/women/image_8388.jpg",28,"woman",5,4,1
"tgx4d27osvzo","images/women/image_2215.jpg",29,"woman",5,1,0
"tgx4d27osvzo","images/men/image_2173.jpg",30,"man",4,3,1
"tgx4d27osvzo","images/women/image_4202.jpg",31,"woman",3,3,1
"tgx4d27osvzo","images/men/image_4303.jpg",32,"man",5,3,1
"tgx4d27osvzo","images/women/image_976.jpg",33,"woman",3,1,0
"tgx4d27osvzo","images/men/image_9400.jpg",34,"man",4,2,1
"tgx4d27osvzo","images/women/image_2801.jpg",35,"woman",3,2,1
"tgx4d27osvzo","images/men/image_668.jpg",36,"man",3,1,0
"tgx4d27osvzo","images/men/image_4724.jpg",37,"man",5,1,0
"tgx4d27osvzo","images/men/image_5125.jpg",38,"man",3,2,1
"tgx4d27osvzo","images/men/image_9577.jpg",39,"man",5,2,1
"tgx4d27osvzo","images/men/image_217.jpg",40,"man",3,2,1
"tgx4d27osvzo","images/men/image_8582.jpg",41,"man",3,1,0
"tgx4d27osvzo","images/men/image_3687.jpg",42,"man",5,1,0
"tgx4d27osvzo","images/men/image_1272.jpg",43,"man",5,2,1
"tgx4d27osvzo","images/men/image_4800.jpg",44,"man",3,3,1
"tgx4d27osvzo","images/men/image_5549.jpg",45,"man",3,1,0
"tgx4d27osvzo","images/men/image_9612.jpg",46,"man",5,2,1
"tgx4d27osvzo","images/women/image_6351.jpg",47,"woman",5,1,0
"tgx4d27osvzo","images/men/image_626.jpg",48,"man",4,1,0
"tgx4d27osvzo","images/women/image_603.jpg",49,"woman",5,1,0
"tgx4d27osvzo","images/women/image_3611.jpg",50,"woman",4,1,0
"tgx4d27osvzo","images/women/image_9592.jpg",51,"woman",3,3,1
"tgx4d27osvzo","images/men/image_5743.jpg",52,"man",4,3,1
"tgx4d27osvzo","images/women/image_2148.jpg",53,"woman",5,4,1
"tgx4d27osvzo","images/men/image_90.jpg",54,"man",5,1,0
"tgx4d27osvzo","images/women/image_398.jpg",55,"woman",5,3,1
"tgx4d27osvzo","images/women/image_9665.jpg",56,"woman",3,3,1
"tgx4d27osvzo","images/men/image_2335.jpg",57,"man",3,3,1
"tgx4d27osvzo","images/women/image_4826.jpg",58,"woman",5,1,0
"tgx4d27osvzo","images/women/image_1328.jpg",59,"woman",3,1,0
"tgx4d27osvzo","images/men/image_9852.jpg",60,"man",4,3,1
"tgx4d27osvzo","images/women/image_288.jpg",61,"woman",4,1,0
"tgx4d27osvzo","images/women/image_4899.jpg",62,"woman",3,1,0
"tgx4d27osvzo","images/women/image_3434.jpg",63,"woman",5,2,1
"tgx4d27osvzo","images/women/image_9599.jpg",64,"woman",4,4,1
"tgx4d27osvzo","images/men/image_3820.jpg",65,"man",5,2,1
"tgx4d27osvzo","images/women/image_5807.jpg",66,"woman",4,3,1
"tgx4d27osvzo","images/men/image_2406.jpg",67,"man",4,4,1
"tgx4d27osvzo","images/men/image_9223.jpg",68,"man",5,4,1
"tgx4d27osvzo","images/men/image_5470.jpg",69,"man",3,2,1
"tgx4d27osvzo","images/men/image_4265.jpg",70,"man",3,1,0
"tgx4d27osvzo","images/men/image_746.jpg",71,"man",4,1,0
"tgx4d27osvzo","images/men/image_4466.jpg",72,"man",5,5,1
"tgx4d27osvzo","images/women/image_311.jpg",73,"woman",4,1,0
"tgx4d27osvzo","images/men/image_1620.jpg",74,"man",4,2,1
"tgx4d27osvzo","images/women/image_4997.jpg",75,"woman",3,1,0
"tgx4d27osvzo","images/women/image_1145.jpg",76,"woman",3,3,1
"tgx4d27osvzo","images/women/image_5502.jpg",77,"woman",4,3,1
"tgx4d27osvzo","images/women/image_3743.jpg",78,"woman",4,4,1
"tgx4d27osvzo","images/men/image_4951.jpg",79,"man",3,1,0
"tgx4d27osvzo","images/men/image_4875.jpg",80,"man",5,2,1
"tgx4d27osvzo","images/women/image_9669.jpg",81,"woman",3,2,1
"tgx4d27osvzo","images/women/image_3021.jpg",82,"woman",5,5,1
"tgx4d27osvzo","images/men/image_1247.jpg",83,"man",4,4,1
"tgx4d27osvzo","images/men/image_5.jpg",84,"man",3,2,1
"tgx4d27osvzo","images/women/image_9627.jpg",85,"woman",4,4,1
"tgx4d27osvzo","images/men/image_5272.jpg",86,"man",4,4,1
"tgx4d27osvzo","images/women/image_1152.jpg",87,"woman",5,4,1
"tgx4d27osvzo","images/women/image_335.jpg",88,"woman",5,4,1
"tgx4d27osvzo","images/men/image_4457.jpg",89,"man",4,1,0
"tgx4d27osvzo","images/men/image_8547.jpg",90,"man",4,1,0
"tgx4d27osvzo","images/women/image_2797.jpg",91,"woman",4,1,0
"tgx4d27osvzo","images/men/image_2417.jpg",92,"man",5,5,1
"tgx4d27osvzo","images/men/image_766.jpg",93,"man",3,2,1
"tgx4d27osvzo","images/women/image_9952.jpg",94,"woman",5,1,0
"tgx4d27osvzo","images/men/image_8650.jpg",95,"man",5,4,1
"tgx4d27osvzo","images/women/image_7911.jpg",96,"woman",4,1,0
"tgx4d27osvzo","images/women/image_47.jpg",97,"woman",4,4,1
"tgx4d27osvzo","images/women/image_6220.jpg",98,"woman",3,1,0
"tgx4d27osvzo","images/men/image_1051.jpg",99,"man",4,4,1
"tgx4d27osvzo","images/women/image_8880.jpg",100,"woman",4,4,1
"tgx4d27osvzo","images/men/image_2714.jpg",101,"man",4,1,0
"tgx4d27osvzo","images/men/image_4157.jpg",102,"man",3,1,0
"tgx4d27osvzo","images/men/image_8843.jpg",103,"man",3,2,1
"tgx4d27osvzo","images/women/image_682.jpg",104,"woman",5,2,1
"tgx4d27osvzo","images/men/image_3804.jpg",105,"man",3,3,1
"tgx4d27osvzo","images/men/image_2897.jpg",106,"man",4,2,1
"tgx4d27osvzo","images/women/image_4508.jpg",107,"woman",3,2,1
"tgx4d27osvzo","images/men/image_4441.jpg",108,"man",5,2,1
"tgx4d27osvzo","images/women/image_8975.jpg",109,"woman",4,4,1
"tgx4d27osvzo","images/men/image_3942.jpg",110,"man",5,5,1
"tgx4d27osvzo","images/women/image_1132.jpg",111,"woman",4,2,1
"tgx4d27osvzo","images/men/image_979.jpg",112,"man",4,1,0
"tgx4d27osvzo","images/men/image_614.jpg",113,"man",3,3,1
"tgx4d27osvzo","images/women/image_5228.jpg",114,"woman",5,4,1
"tgx4d27osvzo","images/women/image_8537.jpg",115,"woman",5,4,1
"tgx4d27osvzo","images/women/image_5550.jpg",116,"woman",3,1,0
"tgx4d27osvzo","images/women/image_1626.jpg",117,"woman",3,3,1
"tgx4d27osvzo","images/men/image_9676.jpg",118,"man",5,4,1
"tgx4d27osvzo","images/women/image_9882.jpg",119,"woman",3,2,1
"tgx4d27osvzo","images/women/image_1504.jpg",120,"woman",3,1,0
"tgx4d27osvzo","images/men/image_4061.jpg",121,"man",5,4,1
"tgx4d27osvzo","images/women/image_5177.jpg",122,"woman",5,1,0
"tgx4d27osvzo","images/men/image_9427.jpg",123,"man",3,1,0
"tgx4d27osvzo","images/men/image_901.jpg",124,"man",3,2,1
"tgx4d27osvzo","images/women/image_9069.jpg",125,"woman",3,2,1
"tgx4d27osvzo","images/men/image_1747.jpg",126,"man",5,3,1
"tgx4d27osvzo","images/women/image_562.jpg",127,"woman",5,3,1
"tgx4d27osvzo","images/women/image_3510.jpg",128,"woman",4,4,1
"tgx4d27osvzo","images/men/image_625.jpg",129,"man",3,2,1
"tgx4d27osvzo","images/men/image_3491.jpg",130,"man",5,1,0
"tgx4d27osvzo","images/men/image_9408.jpg",131,"man",5,5,1
"tgx4d27osvzo","images/women/image_4884.jpg",132,"woman",3,3,1
"tgx4d27osvzo","images/men/image_5640.jpg",133,"man",3,3,1
"tgx4d27osvzo","images/women/image_1452.jpg",134,"woman",4,1,0
"tgx4d27osvzo","images/women/image_9879.jpg",135,"woman",3,1,0
"tgx4d27osvzo","images/women/image_1351.jpg",136,"woman",5,4,1
"tgx4d27osvzo","images/women/image_1884.jpg",137,"woman",5,1,0
"tgx4d27osvzo","images/men/image_5330.jpg",138,"man",4,4,1
"tgx4d27osvzo","images/women/image_494.jpg",139,"woman",4,1,0
"tgx4d27osvzo","images/men/image_2192.jpg",140,"man",5,3,1
"tgx4d27osvzo","images/men/image_5152.jpg",141,"man",3,3,1
"tgx4d27osvzo","images/men/image_3625.jpg",142,"man",3,1,0
"tgx4d27osvzo","images/women/image_464.jpg",143,"woman",3,1,0
"tgx4d27osvzo","images/women/image_3206.jpg",144,"woman",4,1,0
"tgx4d27osvzo","images/women/image_1669.jpg",145,"woman",5,4,1
"tgx4d27osvzo","images/men/image_480.jpg",146,"man",3,2,1
"tgx4d27osvzo","images/men/image_949.jpg",147,"man",3,2,1
"tgx4d27osvzo","images/men/image_415.jpg",148,"man",5,1,0
"tgx4d27osvzo","images/men/image_9653.jpg",149,"man",4,3,1
"tgx4d27osvzo","images/men/image_5150.jpg",150,"man",4,3,1
"tgx4d27osvzo","images/women/image_3007.jpg",151,"woman",5,5,1
"tgx4d27osvzo","images/women/image_9570.jpg",152,"woman",5,3,1
"tgx4d27osvzo","images/women/image_1520.jpg",153,"woman",4,2,1
"tgx4d27osvzo","images/men/image_2570.jpg",154,"man",5,3,1
"tgx4d27osvzo","images/women/image_4324.jpg",155,"woman",3,1,0
"tgx4d27osvzo","images/men/image_9229.jpg",156,"man",5,4,1
"tgx4d27osvzo","images/women/image_1892.jpg",157,"woman",3,3,1
"tgx4d27osvzo","images/men/image_4013.jpg",158,"man",3,2,1
"tgx4d27osvzo","images/women/image_8775.jpg",159,"woman",3,1,0
"tgx4d27osvzo","images/women/image_8684.jpg",160,"woman",4,1,0
"tgx4d27osvzo","images/men/image_2203.jpg",161,"man",5,1,0
"tgx4d27osvzo","images/women/image_323.jpg",162,"woman",4,3,1
"tgx4d27osvzo","images/men/image_3894.jpg",163,"man",4,2,1
"tgx4d27osvzo","images/men/image_1558.jpg",164,"man",4,4,1
"tgx4d27osvzo","images/men/image_210.jpg",165,"man",4,3,1
"tgx4d27osvzo","images/women/image_4000.jpg",166,"woman",3,2,1
"tgx4d27osvzo","images/women/image_3526.jpg",167,"woman",5,1,0
"tgx4d27osvzo","images/men/image_9775.jpg",168,"man",4,1,0
"x1penn11rsc8","images/women/image_424.jpg",1,"woman",3,2,1
"x1penn11rsc8","images/women/image_3956.jpg",2,"woman",4,4,1
"x1penn11rsc8","images/men/image_3227.jpg",3,"man",5,1,0
"x1penn11rsc8","images/women/image_8388.jpg",4,"woman",4,3,1
"x1penn11rsc8","images/women/image_4304.jpg",5,"woman",5,3,1
"x1penn11rsc8","images/women/image_2215.jpg",6,"woman",3,1,0
"x1penn11rsc8","images/women/image_1994.jpg",7,"woman",5,3,1
"x1penn11rsc8","images/men/image_8553.jpg",8,"man",3,2,1
"x1penn11rsc8","images/men/image_2962.jpg",9,"man",4,1,0
"x1penn11rsc8","images/men/image_676.jpg",10,"man",5,3,1
"x1penn11rsc8","images/men/image_1971.jpg",11,"man",4,1,0
"x1penn11rsc8","images/men/image_2420.jpg",12,"man",4,2,1
"x1penn11rsc8","images/men/image_3138.jpg",13,"man",3,3,1
"x1penn11rsc8","images/women/image_1593.jpg",14,"woman",5,1,0
"x1penn11rsc8","images/men/image_9852.jpg",15,"man",5,1,0
"x1penn11rsc8","images/men/image_5421.jpg",16,"man",5,5,1
"x1penn11rsc8","images/women/image_6010.jpg",17,"woman",4,1,0
"x1penn11rsc8","images/men/image_9758.jpg",18,"man",3,3,1
"x1penn11rsc8","images/women/image_1868.jpg",19,"woman",5,1,0
"x1penn11rsc8","images/men/image_9775.jpg",20,"man",5,2,1
"x1penn11rsc8","images/men/image_950.jpg",21,"man",5,4,1
"x1penn11rsc8","images/women/image_9718.jpg",22,"woman",3,1,0
"x1penn11rsc8","images/women/image_1314.jpg",23,"woman",5,5,1
"x1penn11rsc8","images/men/image_2081.jpg",24,"man",3,3,1
"x1penn11rsc8","images/women/image_8496.jpg",25,"woman",5,5,1
"x1penn11rsc8","images/men/image_3209.jpg",26,"man",4,2,1
"x1penn11rsc8","images/men/image_3820.jpg",27,"man",4,2,1
"x1penn11rsc8","images/women/image_562.jpg",28,"woman",4,1,0
"x1penn11rsc8","images/women/image_4577.jpg",29,"woman",3,1,0
"x1penn11rsc8","images/women/image_1973.jpg",30,"woman",3,1,0
"x1penn11rsc8","images/women/image_9723.jpg",31,"woman",5,1,0
"x1penn11rsc8","images/women/image_4884.jpg",32,"woman",3,3,1
"x1penn11rsc8","images/men/image_908.jpg",33,"man",3,1,0
"x1penn11rsc8","images/women/image_3736.jpg",34,"woman",4,1,0
"x1penn11rsc8","images/women/image_290.jpg",35,"woman",3,1,0
"x1penn11rsc8","images/men/image_5549.jpg",36,"man",5,1,0
"x1penn11rsc8","images/men/image_3792.jpg",37,"man",4,2,1
"x1penn11rsc8","images/men/image_4939.jpg",38,"man",4,2,1
"x1penn11rsc8","images/women/image_496.jpg",39,"woman",4,3,1
"x1penn11rsc8","images/women/image_4997.jpg",40,"woman",4,2,1
"x1penn11rsc8","images/men/image_922.jpg",41,"man",3,2,1
"x1penn11rsc8","images/men/image_734.jpg",42,"man",3,3,1
"x1penn11rsc8","images/women/image_1127.jpg",43,"woman",3,3,1
"x1penn11rsc8","images/women/image_9769.jpg",44,"woman",4,4,1
"x1penn11rsc8","images/men/image_489.jpg",45,"man",4,1,0
"x1penn11rsc8","images/men/image_4044.jpg",46,"man",4,1,0
"x1penn11rsc8","images/women/image_6220.jpg",47,"woman",4,3,1
"x1penn11rsc8","images/men/image_4882.jpg",48,"man",3,1,0
"x1penn11rsc8","images/women/image_3330.jpg",49,"woman",5,1,0
"x1penn11rsc8","images/men/image_2714.jpg",50,"man",5,1,0
"x1penn11rsc8","images/women/image_8422.jpg",51,"woman",4,1,0
"x1penn11rsc8","images/men/image_1667.jpg",52,"man",4,4,1
"x1penn11rsc8","images/women/image_9800.jpg",53,"woman",3,2,1
"x1penn11rsc8","images/men/image_299.jpg",54,"man",4,3,1
"x1penn11rsc8","images/men/image_718.jpg",55,"man",3,1,0
"x1penn11rsc8","images/men/image_789.jpg",56,"man",3,1,0
"x1penn11rsc8","images/women/image_2077.jpg",57,"woman",4,3,1
"x1penn11rsc8","images/women/image_5326.jpg",58,"woman",5,1,0
"x1penn11rsc8","images/women/image_9599.jpg",59,"woman",5,1,0
"x1penn11rsc8","images/men/image_4157.jpg",60,"man",5,4,1
"x1penn11rsc8","images/men/image_8582.jpg",61,"man",4,2,1
"x1penn11rsc8","images/men/image_3648.jpg",62,"man",5,4,1
"x1penn11rsc8","images/women/image_1905.jpg",63,"woman",4,4,1
"x1penn11rsc8","images/women/image_8739.jpg",64,"woman",5,2,1
"x1penn11rsc8","images/women/image_793.jpg",65,"woman",3,1,0
"x1penn11rsc8","images/women/image_4532.jpg",66,"woman",3,1,0
"x1penn11rsc8","images/men/image_9641.jpg",67,"man",5,3,1
"x1penn11rsc8","images/men/image_3864.jpg",68,"man",3,3,1
"x1penn11rsc8","images/men/image_3830.jpg",69,"man",5,2,1
"x1penn11rsc8","images/women/image_1960.jpg",70,"woman",5,4,1
"x1penn11rsc8","images/men/image_254.jpg",71,"man",3,1,0
"x1penn11rsc8","images/men/image_4181.jpg",72,"man",4,3,1
"x1penn11rsc8","images/men/image_9431.jpg",73,"man",5,5,1
"x1penn11rsc8","images/women/image_4146.jpg",74,"woman",3,2,1
"x1penn11rsc8","images/women/image_9590.jpg",75,"woman",5,2,1
"x1penn11rsc8","images/women/image_8682.jpg",76,"woman",3,3,1
"x1penn11rsc8","images/men/image_2851.jpg",77,"man",5,3,1
"x1penn11rsc8","images/men/image_4800.jpg",78,"man",3,3,1
"x1penn11rsc8","images/women/image_4492.jpg",79,"woman",4,2,1
"x1penn11rsc8","images/women/image_3996.jpg",80,"woman",4,4,1
"x1penn11rsc8","images/men/image_3297.jpg",81,"man",3,3,1
"x1penn11rsc8","images/men/image_4993.jpg",82,"man",4,1,0
"x1penn11rsc8","images/women/image_7819.jpg",83,"woman",5,3,1
"x1penn11rsc8","images/women/image_2873.jpg",84,"woman",3,2,1
"x1penn11rsc8","images/men/image_283.jpg",85,"man",5,5,1
"x1penn11rsc8","images/women/image_1264.jpg",86,"woman",4,3,1
"x1penn11rsc8","images/women/image_1569.jpg",87,"woman",4,2,1
"x1penn11rsc8","images/women/image_3722.jpg",88,"woman",5,2,1
"x1penn11rsc8","images/men/image_625.jpg",89,"man",3,3,1
"x1penn11rsc8","images/men/image_1747.jpg",90,"man",4,1,0
"x1penn11rsc8","images/men/image_9919.jpg",91,"man",4,1,0
"x1penn11rsc8","images/men/image_766.jpg",92,"man",3,3,1
"x1penn11rsc8","images/women/image_5648.jpg",93,"woman",5,4,1
"x1penn11rsc8","images/men/image_3110.jpg",94,"man",3,3,1
"x1penn11rsc8","images/women/image_9700.jpg",95,"woman",3,1,0
"x1penn11rsc8","images/women/image_3010.jpg",96,"woman",3,3,1
"x1penn11rsc8","images/women/image_1709.jpg",97,"woman",3,2,1
"x1penn11rsc8","images/women/image_3742.jpg",98,"woman",3,1,0
"x1penn11rsc8","images/women/image_9377.jpg",99,"woman",5,5,1
"x1penn11rsc8","images/women/image_5592.jpg",100,"woman",4,2,1
"x1penn11rsc8","images/men/image_3754.jpg",101,"man",3,1,0
"x1penn11rsc8","images/men/image_4735.jpg",102,"man",4,4,1
"x1penn11rsc8","images/men/image_1835.jpg",103,"man",3,1,0
"x1penn11rsc8","images/men/image_5330.jpg",104,"man",4,4,1
"x1penn11rsc8","images/women/image_4417.jpg",105,"woman",3,2,1
"x1penn11rsc8","images/men/image_4998.jpg",106,"man",5,5,1
"x1penn11rsc8","images/men/image_5238.jpg",107,"man",3,2,1
"x1penn11rsc8","images/women/image_3851.jpg",108,"woman",5,1,0
"x1penn11rsc8","images/men/image_6148.jpg",109,"man",5,1,0
"x1penn11rsc8","images/women/image_252.jpg",110,"woman",5,4,1
"x1penn11rsc8","images/men/image_1885.jpg",111,"man",5,2,1
"x1penn11rsc8","images/men/image_1068.jpg",112,"man",5,5,1
"x1penn11rsc8","images/men/image_3794.jpg",113,"man",5,4,1
"x1penn11rsc8","images/women/image_5396.jpg",114,"woman",4,4,1
"x1penn11rsc8","images/men/image_1060.jpg",115,"man",4,2,1
"x1penn11rsc8","images/women/image_6177.jpg",116,"woman",3,2,1
"x1penn11rsc8","images/women/image_9267.jpg",117,"woman",5,2,1
"x1penn11rsc8","images/men/image_5145.jpg",118,"man",4,4,1
"x1penn11rsc8","images/men/image_8443.jpg",119,"man",5,5,1
"x1penn11rsc8","images/women/image_3691.jpg",120,"woman",5,3,1
"x1penn11rsc8","images/women/image_5284.jpg",121,"woman",3,3,1
"x1penn11rsc8","images/women/image_1590.jpg",122,"woman",4,1,0
"x1penn11rsc8","images/women/image_7762.jpg",123,"woman",4,1,0
"x1penn11rsc8","images/women/image_8727.jpg",124,"woman",4,1,0
"x1penn11rsc8","images/men/image_3632.jpg",125,"man",3,2,1
"x1penn11rsc8","images/men/image_5422.jpg",126,"man",4,3,1
"x1penn11rsc8","images/women/image_9627.jpg",127,"woman",5,3,1
"x1penn11rsc8","images/women/image_6.jpg",128,"woman",5,2,1
"x1penn11rsc8","images/men/image_2233.jpg",129,"man",3,1,0
"x1penn11rsc8","images/men/image_8563.jpg",130,"man",5,3,1
"x1penn11rsc8","images/women/image_976.jpg",131,"woman",5,1,0
"x1penn11rsc8","images/men/image_4971.jpg",132,"man",5,1,0
"x1penn11rsc8","images/men/image_1150.jpg",133,"man",5,5,1
"x1penn11rsc8","images/women/image_8877.jpg",134,"woman",4,1,0
"x1penn11rsc8","images/women/image_9994.jpg",135,"woman",3,3,1
"x1penn11rsc8","images/women/image_4996.jpg",136,"woman",5,4,1
"x1penn11rsc8","images/men/image_3806.jpg",137,"man",4,3,1
"x1penn11rsc8","images/women/image_6149.jpg",138,"woman",4,2,1
"x1penn11rsc8","images/women/image_6041.jpg",139,"woman",4,1,0
"x1penn11rsc8","images/women/image_4827.jpg",140,"woman",3,2,1
"x1penn11rsc8","images/women/image_4351.jpg",141,"woman",5,3,1
"x1penn11rsc8","images/women/image_4607.jpg",142,"woman",3,3,1
"x1penn11rsc8","images/men/image_8907.jpg",143,"man",4,1,0
"x1penn11rsc8","images/men/image_9058.jpg",144,"man",4,3,1
"x1penn11rsc8","images/men/image_3908.jpg",145,"man",5,5,1
"x1penn11rsc8","images/women/image_8799.jpg",146,"woman",4,2,1
"x1penn11rsc8","images/women/image_4202.jpg",147,"woman",4,1,0
"x1penn11rsc8","images/men/image_2406.jpg",148,"man",4,1,0
"x1penn11rsc8","images/men/image_626.jpg",149,"man",5,2,1
"x1penn11rsc8","images/men/image_3687.jpg",150,"man",5,2,1
"x1penn11rsc8","images/men/image_8650.jpg",151,"man",3,2,1
"x1penn11rsc8","images/women/image_858.jpg",152,"woman",5,4,1
"x1penn11rsc8","images/men/image_3757.jpg",153,"man",4,3,1
"x1penn11rsc8","images/women/image_7895.jpg",154,"woman",3,2,1
"x1penn11rsc8","images/women/image_4243.jpg",155,"woman",3,1,0
"x1penn11rsc8","images/women/image_2148.jpg",156,"woman",4,3,1
"x1penn11rsc8","images/men/image_8648.jpg",157,"man",3,1,0
"x1penn11rsc8","images/men/image_1618.jpg",158,"man",4,1,0
"x1penn11rsc8","images/men/image_1114.jpg",159,"man",3,3,1
"x1penn11rsc8","images/men/image_979.jpg",160,"man",3,1,0
"x1penn11rsc8","images/men/image_762.jpg",161,"man",5,4,1
"x1penn11rsc8","images/men/image_3357.jpg",162,"man",3,2,1
"x1penn11rsc8","images/men/image_179.jpg",163,"man",3,2,1
"x1penn11rsc8","images/women/image_6243.jpg",164,"woman",5,1,0
"x1penn11rsc8","images/women/image_4261.jpg",165,"woman",3,1,0
"x1penn11rsc8","images/women/image_1669.jpg",166,"woman",4,1,0
"x1penn11rsc8","images/men/image_122.jpg",167,"man",4,3,1
"x1penn11rsc8","images/women/image_2232.jpg",168,"woman",3,3,1
"o2udyg84musb","images/women/image_3925.jpg",1,"woman",5,4,1
"o2udyg84musb","images/men/image_2420.jpg",2,"man",4,1,0
"o2udyg84musb","images/women/image_2112.jpg",3,"woman",4,3,1
"o2udyg84musb","images/women/image_947.jpg",4,"woman",5,1,0
"o2udyg84musb","images/women/image_5968.jpg",5,"woman",4,4,1
"o2udyg84musb","images/women/image_8507.jpg",6,"woman",5,4,1
"o2udyg84musb","images/men/image_8952.jpg",7,"man",4,4,1
"o2udyg84musb","images/men/image_1202.jpg",8,"man",4,1,0
"o2udyg84musb","images/men/image_3785.jpg",9,"man",5,4,1
"o2udyg84musb","images/men/image_961.jpg",10,"man",4,1,0
"o2udyg84musb","images/men/image_8790.jpg",11,"man",3,1,0
"o2udyg84musb","images/men/image_1041.jpg",12,"man",5,4,1
"o2udyg84musb","images/men/image_774.jpg",13,"man",3,1,0
"o2udyg84musb","images/women/image_3075.jpg",14,"woman",4,4,1
"o2udyg84musb","images/women/image_9718.jpg",15,"woman",5,1,0
"o2udyg84musb","images/women/image_8731.jpg",16,"woman",4,3,1
"o2udyg84musb","images/women/image_3751.jpg",17,"woman",3,2,1
"o2udyg84musb","images/men/image_4537.jpg",18,"man",5,1,0
"o2udyg84musb","images/men/image_1787.jpg",19,"man",3,3,1
"o2udyg84musb","images/women/image_8682.jpg",20,"woman",4,1,0
"o2udyg84musb","images/women/image_764.jpg",21,"woman",3,3,1
"o2udyg84musb","images/women/image_7755.jpg",22,"woman",3,1,0
"o2udyg84musb","images/women/image_2136.jpg",23,"woman",4,1,0
"o2udyg84musb","images/men/image_2018.jpg",24,"man",3,1,0
"o2udyg84musb","images/women/image_2016.jpg",25,"woman",5,1,0
"o2udyg84musb","images/men/image_9223.jpg",26,"man",5,2,1
"o2udyg84musb","images/women/image_8383.jpg",27,"woman",5,1,0
"o2udyg84musb","images/men/image_5.jpg",28,"man",4,2,1
"o2udyg84musb","images/men/image_1835.jpg",29,"man",3,3,1
"o2udyg84musb","images/women/image_1152.jpg",30,"woman",3,2,1
"o2udyg84musb","images/men/image_337.jpg",31,"man",5,3,1
"o2udyg84musb","images/women/image_9312.jpg",32,"woman",3,2,1
"o2udyg84musb","images/men/image_626.jpg",33,"man",3,1,0
"o2udyg84musb","images/men/image_2386.jpg",34,"man",4,1,0
"o2udyg84musb","images/men/image_4946.jpg",35,"man",3,2,1
"o2udyg84musb","images/men/image_193.jpg",36,"man",5,4,1
"o2udyg84musb","images/women/image_3495.jpg",37,"woman",3,1,0
"o2udyg84musb","images/women/image_2631.jpg",38,"woman",5,5,1
"o2udyg84musb","images/men/image_2948.jpg",39,"man",5,3,1
"o2udyg84musb","images/women/image_4622.jpg",40,"woman",3,2,1
"o2udyg84musb","images/women/image_793.jpg",41,"woman",4,1,0
"o2udyg84musb","images/men/image_8553.jpg",42,"man",4,1,0
"o2udyg84musb","images/men/image_9354.jpg",43,"man",5,1,0
"o2udyg84musb","images/men/image_2825.jpg",44,"man",4,1,0
"o2udyg84musb","images/men/image_8397.jpg",45,"man",3,1,0
"o2udyg84musb","images/men/image_8446.jpg",46,"man",5,3,1
"o2udyg84musb","images/men/image_8654.jpg",47,"man",4,1,0
"o2udyg84musb","images/men/image_5577.jpg",48,"man",5,2,1
"o2udyg84musb","images/men/image_5305.jpg",49,"man",3,2,1
"o2udyg84musb","images/women/image_9232.jpg",50,"woman",3,2,1
"o2udyg84musb","images/women/image_5068.jpg",51,"woman",3,3,1
"o2udyg84musb","images/men/image_1747.jpg",52,"man",4,1,0
"o2udyg84musb","images/women/image_5758.jpg",53,"woman",4,1,0
"o2udyg84musb","images/women/image_9174.jpg",54,"woman",3,1,0
"o2udyg84musb","images/men/image_1265.jpg",55,"man",4,1,0
"o2udyg84musb","images/women/image_513.jpg",56,"woman",4,1,0
"o2udyg84musb","images/men/image_5472.jpg",57,"man",4,4,1
"o2udyg84musb","images/women/image_3450.jpg",58,"woman",5,1,0
"o2udyg84musb","images/men/image_9933.jpg",59,"man",3,3,1
"o2udyg84musb","images/men/image_2335.jpg",60,"man",4,4,1
"o2udyg84musb","images/men/image_3276.jpg",61,"man",3,2,1
"o2udyg84musb","images/women/image_451.jpg",62,"woman",3,2,1
"o2udyg84musb","images/women/image_877.jpg",63,"woman",4,1,0
"o2udyg84musb","images/men/image_9618.jpg",64,"man",5,1,0
"o2udyg84musb","images/men/image_1542.jpg",65,"man",5,2,1
"o2udyg84musb","images/women/image_5090.jpg",66,"woman",4,2,1
"o2udyg84musb","images/women/image_6344.jpg",67,"woman",4,1,0
"o2udyg84musb","images/women/image_8642.jpg",68,"woman",5,2,1
"o2udyg84musb","images/women/image_9482.jpg",69,"woman",5,2,1
"o2udyg84musb","images/men/image_5296.jpg",70,"man",3,1,0
"o2udyg84musb","images/women/image_6243.jpg",71,"woman",4,1,0
"o2udyg84musb","images/women/image_2002.jpg",72,"woman",5,1,0
"o2udyg84musb","images/women/image_5396.jpg",73,"woman",3,1,0
"o2udyg84musb","images/women/image_8684.jpg",74,"woman",5,3,1
"o2udyg84musb","images/women/image_5229.jpg",75,"woman",3,2,1
"o2udyg84musb","images/men/image_8998.jpg",76,"man",4,3,1
"o2udyg84musb","images/men/image_2026.jpg",77,"man",5,1,0
"o2udyg84musb","images/women/image_8393.jpg",78,"woman",5,2,1
"o2udyg84musb","images/women/image_560.jpg",79,"woman",4,1,0
"o2udyg84musb","images/women/image_4773.jpg",80,"woman",3,1,0
"o2udyg84musb","images/men/image_4594.jpg",81,"man",3,2,1
"o2udyg84musb","images/women/image_8880.jpg",82,"woman",5,3,1
"o2udyg84musb","images/men/image_9791.jpg",83,"man",5,4,1
"o2udyg84musb","images/men/image_5620.jpg",84,"man",3,1,0
"o2udyg84musb","images/women/image_2571.jpg",85,"woman",3,3,1
"o2udyg84musb","images/women/image_3526.jpg",86,"woman",4,3,1
"o2udyg84musb","images/women/image_4597.jpg",87,"woman",4,2,1
"o2udyg84musb","images/men/image_1129.jpg",88,"man",5,1,0
"o2udyg84musb","images/men/image_5210.jpg",89,"man",3,3,1
"o2udyg84musb","images/women/image_2041.jpg",90,"woman",3,1,0
"o2udyg84musb","images/men/image_9756.jpg",91,"man",5,1,0
"o2udyg84musb","images/men/image_3804.jpg",92,"man",3,2,1
"o2udyg84musb","images/women/image_3607.jpg",93,"woman",4,1,0
"o2udyg84musb","images/women/image_9448.jpg",94,"woman",3,3,1
"o2udyg84musb","images/men/image_4951.jpg",95,"man",5,1,0
"o2udyg84musb","images/women/image_3330.jpg",96,"woman",3,2,1
"o2udyg84musb","images/women/image_1593.jpg",97,"woman",4,3,1
"o2udyg84musb","images/men/image_2524.jpg",98,"man",4,4,1
"o2udyg84musb","images/women/image_3007.jpg",99,"woman",3,2,1
"o2udyg84musb","images/men/image_3894.jpg",100,"man",4,1,0
"o2udyg84musb","images/men/image_8547.jpg",101,"man",5,1,0
"o2udyg84musb","images/women/image_4492.jpg",102,"woman",5,2,1
"o2udyg84musb","images/women/image_8496.jpg",103,"woman",5,1,0
"o2udyg84musb","images/women/image_2484.jpg",104,"woman",3,2,1
"o2udyg84musb","images/women/image_9800.jpg",105,"woman",4,1,0
"o2udyg84musb","images/men/image_2773.jpg",106,"man",3,3,1
"o2udyg84musb","images/men/image_4222.jpg",107,"man",4,4,1
"o2udyg84musb","images/women/image_8700.jpg",108,"woman",5,2,1
"o2udyg84musb","images/men/image_1060.jpg",109,"man",4,1,0
"o2udyg84musb","images/men/image_4964.jpg",110,"man",3,1,0
"o2udyg84musb","images/women/image_729.jpg",111,"woman",5,3,1
"o2udyg84musb","images/men/image_336.jpg",112,"man",4,1,0
"o2udyg84musb","images/women/image_1892.jpg",113,"woman",5,5,1
"o2udyg84musb","images/women/image_8622.jpg",114,"woman",5,2,1
"o2udyg84musb","images/men/image_2417.jpg",115,"man",4,3,1
"o2udyg84musb","images/women/image_5240.jpg",116,"woman",4,1,0
"o2udyg84musb","images/men/image_5086.jpg",117,"man",5,4,1
"o2udyg84musb","images/women/image_3279.jpg",118,"woman",4,2,1
"o2udyg84musb","images/men/image_4061.jpg",119,"man",3,2,1
"o2udyg84musb","images/women/image_1328.jpg",120,"woman",3,2,1
"o2udyg84musb","images/men/image_2884.jpg",121,"man",4,3,1
"o2udyg84musb","images/men/image_263.jpg",122,"man",5,5,1
"o2udyg84musb","images/men/image_106.jpg",123,"man",5,3,1
"o2udyg84musb","images/men/image_9058.jpg",124,"man",3,2,1
"o2udyg84musb","images/women/image_47.jpg",125,"woman",5,5,1
"o2udyg84musb","images/men/image_122.jpg",126,"man",3,1,0
"o2udyg84musb","images/women/image_9708.jpg",127,"woman",4,3,1
"o2udyg84musb","images/men/image_5422.jpg",128,"man",4,1,0
"o2udyg84musb","images/men/image_4816.jpg",129,"man",5,2,1
"o2udyg84musb","images/women/image_5550.jpg",130,"woman",5,1,0
"o2udyg84musb","images/women/image_6041.jpg",131,"woman",4,1,0
"o2udyg84musb","images/men/image_4462.jpg",132,"man",4,1,0
"o2udyg84musb","images/women/image_1664.jpg",133,"woman",3,1,0
"o2udyg84musb","images/men/image_2465.jpg",134,"man",4,1,0
"o2udyg84musb","images/men/image_1875.jpg",135,"man",5,1,0
"o2udyg84musb","images/women/image_4202.jpg",136,"woman",5,1,0
"o2udyg84musb","images/women/image_3267.jpg",137,"woman",3,1,0
"o2udyg84musb","images/women/image_436.jpg",138,"woman",4,4,1
"o2udyg84musb","images/women/image_1590.jpg",139,"woman",4,1,0
"o2udyg84musb","images/men/image_4947.jpg",140,"man",3,3,1
"o2udyg84musb","images/men/image_3077.jpg",141,"man",3,3,1
"o2udyg84musb","images/women/image_4740.jpg",142,"woman",4,2,1
"o2udyg84musb","images/women/image_1513.jpg",143,"woman",3,1,0
"o2udyg84musb","images/men/image_3112.jpg",144,"man",5,1,0
"o2udyg84musb","images/women/image_288.jpg",145,"woman",5,5,1
"o2udyg84musb","images/women/image_1132.jpg",146,"woman",4,1,0
"o2udyg84musb","images/women/image_3194.jpg",147,"woman",3,1,0
"o2udyg84musb","images/men/image_9600.jpg",148,"man",3,2,1
"o2udyg84musb","images/men/image_1854.jpg",149,"man",3,1,0
"o2udyg84musb","images/men/image_801.jpg",150,"man",3,1,0
"o2udyg84musb","images/women/image_3524.jpg",151,"woman",3,2,1
"o2udyg84musb","images/men/image_3045.jpg",152,"man",3,3,1
"o2udyg84musb","images/men/image_4979.jpg",153,"man",5,3,1
"o2udyg84musb","images/women/image_9293.jpg",154,"woman",5,3,1
"o2udyg84musb","images/men/image_1928.jpg",155,"man",5,1,0
"o2udyg84musb","images/women/image_8388.jpg",156,"woman",4,3,1
"o2udyg84musb","images/women/image_9665.jpg",157,"woman",3,3,1
"o2udyg84musb","images/women/image_1569.jpg",158,"woman",5,4,1
"o2udyg84musb","images/men/image_922.jpg",159,"man",4,3,1
"o2udyg84musb","images/women/image_9570.jpg",160,"woman",5,2,1
"o2udyg84musb","images/women/image_1430.jpg",161,"woman",3,1,0
"o2udyg84musb","images/men/image_9109.jpg",162,"man",4,2,1
"o2udyg84musb","images/men/image_9151.jpg",163,"man",5,2,1
"o2udyg84musb","images/men/image_3794.jpg",164,"man",4,1,0
"o2udyg84musb","images/men/image_5031.jpg",165,"man",5,5,1
"o2udyg84musb","images/women/image_6153.jpg",166,"woman",5,2,1
"o2udyg84musb","images/men/image_2152.jpg",167,"man",4,3,1
"o2udyg84musb","images/men/image_2632.jpg",168,"man",3,1,0
"e1142dlll8x0","images/women/image_1089.jpg",1,"woman",3,2,1
"e1142dlll8x0","images/men/image_5132.jpg",2,"man",3,3,1
"e1142dlll8x0","images/men/image_9142.jpg",3,"man",5,1,0
"e1142dlll8x0","images/women/image_8590.jpg",4,"woman",5,1,0
"e1142dlll8x0","images/men/image_2524.jpg",5,"man",3,1,0
"e1142dlll8x0","images/women/image_8311.jpg",6,"woman",3,3,1
"e1142dlll8x0","images/women/image_398.jpg",7,"woman",5,1,0
"e1142dlll8x0","images/men/image_2812.jpg",8,"man",5,1,0
"e1142dlll8x0","images/women/image_8496.jpg",9,"woman",4,1,0
"e1142dlll8x0","images/men/image_5709.jpg",10,"man",4,3,1
"e1142dlll8x0","images/men/image_5125.jpg",11,"man",3,2,1
"e1142dlll8x0","images/women/image_5566.jpg",12,"woman",3,1,0
"e1142dlll8x0","images/women/image_2412.jpg",13,"woman",3,3,1
"e1142dlll8x0","images/men/image_762.jpg",14,"man",4,1,0
"e1142dlll8x0","images/men/image_321.jpg",15,"man",4,1,0
"e1142dlll8x0","images/women/image_3434.jpg",16,"woman",5,2,1
"e1142dlll8x0","images/women/image_2873.jpg",17,"woman",4,2,1
"e1142dlll8x0","images/men/image_8403.jpg",18,"man",3,1,0
"e1142dlll8x0","images/women/image_1868.jpg",19,"woman",3,2,1
"e1142dlll8x0","images/men/image_3806.jpg",20,"man",4,3,1
"e1142dlll8x0","images/men/image_1618.jpg",21,"man",5,5,1
"e1142dlll8x0","images/men/image_8423.jpg",22,"man",3,1,0
"e1142dlll8x0","images/men/image_4157.jpg",23,"man",5,4,1
"e1142dlll8x0","images/women/image_3158.jpg",24,"woman",5,1,0
"e1142dlll8x0","images/women/image_4000.jpg",25,"woman",4,1,0
"e1142dlll8x0","images/women/image_9769.jpg",26,"woman",5,3,1
"e1142dlll8x0","images/men/image_6190.jpg",27,"man",3,1,0
"e1142dlll8x0","images/men/image_2479.jpg",28,"man",5,3,1
"e1142dlll8x0","images/women/image_5407.jpg",29,"woman",5,1,0
"e1142dlll8x0","images/women/image_9952.jpg",30,"woman",5,4,1
"e1142dlll8x0","images/men/image_9606.jpg",31,"man",4,3,1
"e1142dlll8x0","images/women/image_9723.jpg",32,"woman",4,2,1
"e1142dlll8x0","images/women/image_2689.jpg",33,"woman",3,1,0
"e1142dlll8x0","images/men/image_1573.jpg",34,"man",5,1,0
"e1142dlll8x0","images/men/image_337.jpg",35,"man",5,1,0
"e1142dlll8x0","images/men/image_3209.jpg",36,"man",4,2,1
"e1142dlll8x0","images/women/image_9755.jpg",37,"woman",4,2,1
"e1142dlll8x0","images/women/image_335.jpg",38,"woman",4,3,1
"e1142dlll8x0","images/men/image_792.jpg",39,"man",4,3,1
"e1142dlll8x0","images/women/image_494.jpg",40,"woman",4,1,0
"e1142dlll8x0","images/women/image_444.jpg",41,"woman",3,1,0
"e1142dlll8x0","images/men/image_2846.jpg",42,"man",3,2,1
"e1142dlll8x0","images/women/image_2486.jpg",43,"woman",5,1,0
"e1142dlll8x0","images/men/image_4658.jpg",44,"man",5,1,0
"e1142dlll8x0","images/men/image_5595.jpg",45,"man",5,2,1
"e1142dlll8x0","images/women/image_764.jpg",46,"woman",3,3,1
"e1142dlll8x0","images/women/image_5502.jpg",47,"woman",5,2,1
"e1142dlll8x0","images/men/image_8952.jpg",48,"man",5,5,1
"e1142dlll8x0","images/women/image_244.jpg",49,"woman",4,2,1
"e1142dlll8x0","images/men/image_3632.jpg",50,"man",3,1,0
"e1142dlll8x0","images/men/image_9933.jpg",51,"man",3,3,1
"e1142dlll8x0","images/women/image_9191.jpg",52,"woman",3,3,1
"e1142dlll8x0","images/men/image_1629.jpg",53,"man",4,3,1
"e1142dlll8x0","images/women/image_3867.jpg",54,"woman",3,1,0
"e1142dlll8x0","images/women/image_2797.jpg",55,"woman",5,3,1
"e1142dlll8x0","images/men/image_3757.jpg",56,"man",5,4,1
"e1142dlll8x0","images/men/image_685.jpg",57,"man",4,2,1
"e1142dlll8x0","images/men/image_3045.jpg",58,"man",5,4,1
"e1142dlll8x0","images/men/image_3794.jpg",59,"man",4,1,0
"e1142dlll8x0","images/women/image_1576.jpg",60,"woman",5,4,1
"e1142dlll8x0","images/men/image_3227.jpg",61,"man",4,2,1
"e1142dlll8x0","images/men/image_1235.jpg",62,"man",4,1,0
"e1142dlll8x0","images/men/image_5.jpg",63,"man",3,1,0
"e1142dlll8x0","images/men/image_3951.jpg",64,"man",3,2,1
"e1142dlll8x0","images/men/image_1542.jpg",65,"man",5,1,0
"e1142dlll8x0","images/men/image_179.jpg",66,"man",5,3,1
"e1142dlll8x0","images/women/image_4680.jpg",67,"woman",3,1,0
"e1142dlll8x0","images/men/image_3835.jpg",68,"man",4,3,1
"e1142dlll8x0","images/women/image_4988.jpg",69,"woman",4,2,1
"e1142dlll8x0","images/women/image_595.jpg",70,"woman",4,1,0
"e1142dlll8x0","images/women/image_8606.jpg",71,"woman",3,3,1
"e1142dlll8x0","images/women/image_288.jpg",72,"woman",4,1,0
"e1142dlll8x0","images/women/image_838.jpg",73,"woman",5,3,1
"e1142dlll8x0","images/men/image_907.jpg",74,"man",4,3,1
"e1142dlll8x0","images/women/image_8510.jpg",75,"woman",4,1,0
"e1142dlll8x0","images/men/image_9641.jpg",76,"man",3,1,0
"e1142dlll8x0","images/women/image_3996.jpg",77,"woman",4,3,1
"e1142dlll8x0","images/women/image_3389.jpg",78,"woman",4,4,1
"e1142dlll8x0","images/men/image_1150.jpg",79,"man",3,2,1
"e1142dlll8x0","images/women/image_7911.jpg",80,"woman",5,3,1
"e1142dlll8x0","images/women/image_8684.jpg",81,"woman",3,1,0
"e1142dlll8x0","images/women/image_5056.jpg",82,"woman",3,3,1
"e1142dlll8x0","images/men/image_3792.jpg",83,"man",3,2,1
"e1142dlll8x0","images/women/image_5192.jpg",84,"woman",5,1,0
"e1142dlll8x0","images/men/image_13.jpg",85,"man",4,1,0
"e1142dlll8x0","images/men/image_1768.jpg",86,"man",5,5,1
"e1142dlll8x0","images/women/image_9289.jpg",87,"woman",5,4,1
"e1142dlll8x0","images/women/image_8422.jpg",88,"woman",5,1,0
"e1142dlll8x0","images/women/image_1212.jpg",89,"woman",3,1,0
"e1142dlll8x0","images/men/image_2058.jpg",90,"man",5,4,1
"e1142dlll8x0","images/women/image_6153.jpg",91,"woman",3,1,0
"e1142dlll8x0","images/men/image_1598.jpg",92,"man",3,2,1
"e1142dlll8x0","images/men/image_3998.jpg",93,"man",3,1,0
"e1142dlll8x0","images/women/image_8801.jpg",94,"woman",5,1,0
"e1142dlll8x0","images/men/image_9373.jpg",95,"man",3,2,1
"e1142dlll8x0","images/men/image_4979.jpg",96,"man",3,1,0
"e1142dlll8x0","images/men/image_8969.jpg",97,"man",5,3,1
"e1142dlll8x0","images/women/image_5240.jpg",98,"woman",4,3,1
"e1142dlll8x0","images/men/image_683.jpg",99,"man",3,3,1
"e1142dlll8x0","images/men/image_679.jpg",100,"man",5,1,0
"e1142dlll8x0","images/women/image_2994.jpg",101,"woman",5,1,0
"e1142dlll8x0","images/men/image_2572.jpg",102,"man",4,4,1
"e1142dlll8x0","images/men/image_861.jpg",103,"man",4,3,1
"e1142dlll8x0","images/women/image_8483.jpg",104,"woman",3,1,0
"e1142dlll8x0","images/men/image_263.jpg",105,"man",4,1,0
"e1142dlll8x0","images/men/image_5445.jpg",106,"man",5,5,1
"e1142dlll8x0","images/women/image_5289.jpg",107,"woman",3,1,0
"e1142dlll8x0","images/women/image_5042.jpg",108,"woman",4,3,1
"e1142dlll8x0","images/men/image_336.jpg",109,"man",3,1,0
"e1142dlll8x0","images/men/image_4815.jpg",110,"man",5,2,1
"e1142dlll8x0","images/men/image_5436.jpg",111,"man",4,3,1
"e1142dlll8x0","images/women/image_110.jpg",112,"woman",4,2,1
"e1142dlll8x0","images/women/image_2136.jpg",113,"woman",5,2,1
"e1142dlll8x0","images/women/image_1283.jpg",114,"woman",5,1,0
"e1142dlll8x0","images/women/image_1367.jpg",115,"woman",4,1,0
"e1142dlll8x0","images/men/image_4441.jpg",116,"man",4,2,1
"e1142dlll8x0","images/women/image_1631.jpg",117,"woman",3,1,0
"e1142dlll8x0","images/men/image_3625.jpg",118,"man",4,2,1
"e1142dlll8x0","images/women/image_3557.jpg",119,"woman",4,3,1
"e1142dlll8x0","images/women/image_9623.jpg",120,"woman",5,1,0
"e1142dlll8x0","images/women/image_290.jpg",121,"woman",4,1,0
"e1142dlll8x0","images/women/image_4582.jpg",122,"woman",3,1,0
"e1142dlll8x0","images/women/image_9599.jpg",123,"woman",3,1,0
"e1142dlll8x0","images/men/image_2406.jpg",124,"man",5,5,1
"e1142dlll8x0","images/men/image_538.jpg",125,"man",3,1,0
"e1142dlll8x0","images/women/image_3371.jpg",126,"woman",4,1,0
"e1142dlll8x0","images/women/image_3985.jpg",127,"woman",3,1,0
"e1142dlll8x0","images/women/image_5525.jpg",128,"woman",5,1,0
"e1142dlll8x0","images/women/image_3619.jpg",129,"woman",3,3,1
"e1142dlll8x0","images/men/image_5528.jpg",130,"man",5,1,0
"e1142dlll8x0","images/men/image_4524.jpg",131,"man",4,1,0
"e1142dlll8x0","images/men/image_2106.jpg",132,"man",4,1,0
"e1142dlll8x0","images/men/image_5421.jpg",133,"man",5,1,0
"e1142dlll8x0","images/men/image_9919.jpg",134,"man",5,3,1
"e1142dlll8x0","images/women/image_3925.jpg",135,"woman",5,2,1
"e1142dlll8x0","images/men/image_8790.jpg",136,"man",3,2,1
"e1142dlll8x0","images/men/image_2897.jpg",137,"man",3,1,0
"e1142dlll8x0","images/women/image_4859.jpg",138,"woman",5,4,1
"e1142dlll8x0","images/women/image_5396.jpg",139,"woman",3,3,1
"e1142dlll8x0","images/women/image_3851.jpg",140,"woman",4,3,1
"e1142dlll8x0","images/women/image_1590.jpg",141,"woman",5,2,1
"e1142dlll8x0","images/women/image_5357.jpg",142,"woman",5,4,1
"e1142dlll8x0","images/women/image_8388.jpg",143,"woman",3,2,1
"e1142dlll8x0","images/men/image_2962.jpg",144,"man",5,2,1
"e1142dlll8x0","images/men/image_9917.jpg",145,"man",3,3,1
"e1142dlll8x0","images/women/image_4996.jpg",146,"woman",5,4,1
"e1142dlll8x0","images/men/image_4183.jpg",147,"man",4,1,0
"e1142dlll8x0","images/women/image_503.jpg",148,"woman",4,1,0
"e1142dlll8x0","images/men/image_3843.jpg",149,"man",4,2,1
"e1142dlll8x0","images/men/image_2784.jpg",150,"man",3,3,1
"e1142dlll8x0","images/women/image_60.jpg",151,"woman",4,3,1
"e1142dlll8x0","images/men/image_3331.jpg",152,"man",5,3,1
"e1142dlll8x0","images/women/image_896.jpg",153,"woman",4,1,0
"e1142dlll8x0","images/women/image_5228.jpg",154,"woman",4,3,1
"e1142dlll8x0","images/men/image_2378.jpg",155,"man",3,3,1
"e1142dlll8x0","images/women/image_8554.jpg",156,"woman",4,2,1
"e1142dlll8x0","images/women/image_798.jpg",157,"woman",5,5,1
"e1142dlll8x0","images/women/image_6220.jpg",158,"woman",3,1,0
"e1142dlll8x0","images/women/image_4607.jpg",159,"woman",3,1,0
"e1142dlll8x0","images/men/image_8575.jpg",160,"man",4,2,1
"e1142dlll8x0","images/men/image_2902.jpg",161,"man",4,3,1
"e1142dlll8x0","images/men/image_3568.jpg",162,"man",5,4,1
"e1142dlll8x0","images/men/image_9400.jpg",163,"man",3,2,1
"e1142dlll8x0","images/men/image_4287.jpg",164,"man",3,1,0
"e1142dlll8x0","images/women/image_7749.jpg",165,"woman",3,2,1
"e1142dlll8x0","images/men/image_922.jpg",166,"man",4,3,1
"e1142dlll8x0","images/men/image_2081.jpg",167,"man",5,1,0
"e1142dlll8x0","images/women/image_9232.jpg",168,"woman",4,4,1
"rtywywc9265v","images/women/image_2815.jpg",1,"woman",3,1,0
"rtywywc9265v","images/women/image_4582.jpg",2,"woman",5,1,0
"rtywywc9265v","images/women/image_8717.jpg",3,"woman",3,1,0
"rtywywc9265v","images/men/image_908.jpg",4,"man",4,1,0
"rtywywc9265v","images/women/image_1145.jpg",5,"woman",4,4,1
"rtywywc9265v","images/women/image_2700.jpg",6,"woman",4,2,1
"rtywywc9265v","images/women/image_1665.jpg",7,"woman",3,1,0
"rtywywc9265v","images/men/image_4316.jpg",8,"man",3,1,0
"rtywywc9265v","images/men/image_2335.jpg",9,"man",5,3,1
"rtywywc9265v","images/women/image_4773.jpg",10,"woman",3,2,1
"rtywywc9265v","images/women/image_3194.jpg",11,"woman",5,1,0
"rtywywc9265v","images/women/image_3883.jpg",12,"woman",4,1,0
"rtywywc9265v","images/women/image_2930.jpg",13,"woman",4,1,0
"rtywywc9265v","images/men/image_5422.jpg",14,"man",3,1,0
"rtywywc9265v","images/men/image_5.jpg",15,"man",3,1,0
"rtywywc9265v","images/men/image_415.jpg",16,"man",3,1,0
"rtywywc9265v","images/men/image_4287.jpg",17,"man",5,5,1
"rtywywc9265v","images/men/image_9948.jpg",18,"man",3,1,0
"rtywywc9265v","images/men/image_734.jpg",19,"man",4,3,1
"rtywywc9265v","images/men/image_4621.jpg",20,"man",5,2,1
"rtywywc9265v","images/women/image_8537.jpg",21,"woman",3,3,1
"rtywywc9265v","images/men/image_8517.jpg",22,"man",4,4,1
"rtywywc9265v","images/men/image_8956.jpg",23,"man",3,1,0
"rtywywc9265v","images/women/image_4586.jpg",24,"woman",5,2,1
"rtywywc9265v","images/women/image_3481.jpg",25,"woman",4,1,0
"rtywywc9265v","images/men/image_156.jpg",26,"man",4,1,0
"rtywywc9265v","images/men/image_969.jpg",27,"man",5,1,0
"rtywywc9265v","images/women/image_4943.jpg",28,"woman",4,3,1
"rtywywc9265v","images/men/image_1620.jpg",29,"man",4,2,1
"rtywywc9265v","images/women/image_4492.jpg",30,"woman",5,2,1
"rtywywc9265v","images/men/image_8547.jpg",31,"man",3,1,0
"rtywywc9265v","images/women/image_562.jpg",32,"woman",5,3,1
"rtywywc9265v","images/men/image_3914.jpg",33,"man",5,1,0
"rtywywc9265v","images/women/image_5772.jpg",34,"woman",3,1,0
"rtywywc9265v","images/men/image_4530.jpg",35,"man",4,1,0
"rtywywc9265v","images/women/image_9718.jpg",36,"woman",5,1,0
"rtywywc9265v","images/men/image_5152.jpg",37,"man",5,3,1
"rtywywc9265v","images/women/image_4638.jpg",38,"woman",3,1,0
"rtywywc9265v","images/women/image_757.jpg",39,"woman",4,4,1
"rtywywc9265v","images/men/image_4566.jpg",40,"man",5,2,1
"rtywywc9265v","images/men/image_2773.jpg",41,"man",4,3,1
"rtywywc9265v","images/women/image_4622.jpg",42,"woman",5,1,0
"rtywywc9265v","images/men/image_1202.jpg",43,"man",4,1,0
"rtywywc9265v","images/women/image_1364.jpg",44,"woman",5,3,1
"rtywywc9265v","images/men/image_5272.jpg",45,"man",5,1,0
"rtywywc9265v","images/men/image_2058.jpg",46,"man",3,2,1
"rtywywc9265v","images/women/image_1576.jpg",47,"woman",4,1,0
"rtywywc9265v","images/women/image_9383.jpg",48,"woman",3,1,0
"rtywywc9265v","images/men/image_3110.jpg",49,"man",4,2,1
"rtywywc9265v","images/men/image_3843.jpg",50,"man",5,2,1
"rtywywc9265v","images/women/image_5502.jpg",51,"woman",3,1,0
"rtywywc9265v","images/women/image_1212.jpg",52,"woman",4,3,1
"rtywywc9265v","images/women/image_945.jpg",53,"woman",4,2,1
"rtywywc9265v","images/women/image_244.jpg",54,"woman",4,3,1
"rtywywc9265v","images/men/image_2044.jpg",55,"man",4,2,1
"rtywywc9265v","images/men/image_987.jpg",56,"man",3,1,0
"rtywywc9265v","images/women/image_2412.jpg",57,"woman",3,1,0
"rtywywc9265v","images/women/image_9708.jpg",58,"woman",3,1,0
"rtywywc9265v","images/women/image_1513.jpg",59,"woman",5,3,1
"rtywywc9265v","images/men/image_776.jpg",60,"man",3,1,0
"rtywywc9265v","images/women/image_9191.jpg",61,"woman",4,3,1
"rtywywc9265v","images/women/image_4965.jpg",62,"woman",5,3,1
"rtywywc9265v","images/men/image_2572.jpg",63,"man",3,1,0
"rtywywc9265v","images/men/image_623.jpg",64,"man",4,3,1
"rtywywc9265v","images/women/image_4117.jpg",65,"woman",3,1,0
"rtywywc9265v","images/women/image_603.jpg",66,"woman",3,1,0
"rtywywc9265v","images/men/image_901.jpg",67,"man",4,3,1
"rtywywc9265v","images/men/image_4657.jpg",68,"man",4,1,0
"rtywywc9265v","images/men/image_741.jpg",69,"man",5,3,1
"rtywywc9265v","images/men/image_3792.jpg",70,"man",4,2,1
"rtywywc9265v","images/men/image_2406.jpg",71,"man",5,4,1
"rtywywc9265v","images/men/image_1751.jpg",72,"man",5,1,0
"rtywywc9265v","images/men/image_1785.jpg",73,"man",5,2,1
"rtywywc9265v","images/women/image_1089.jpg",74,"woman",3,2,1
"rtywywc9265v","images/men/image_993.jpg",75,"man",3,1,0
"rtywywc9265v","images/women/image_6351.jpg",76,"woman",5,2,1
"rtywywc9265v","images/women/image_2065.jpg",77,"woman",5,1,0
"rtywywc9265v","images/men/image_668.jpg",78,"man",5,1,0
"rtywywc9265v","images/men/image_1618.jpg",79,"man",3,1,0
"rtywywc9265v","images/women/image_9069.jpg",80,"woman",4,1,0
"rtywywc9265v","images/men/image_1615.jpg",81,"man",3,2,1
"rtywywc9265v","images/women/image_5648.jpg",82,"woman",5,5,1
"rtywywc9265v","images/women/image_2697.jpg",83,"woman",4,2,1
"rtywywc9265v","images/women/image_2622.jpg",84,"woman",5,5,1
"rtywywc9265v","images/men/image_178.jpg",85,"man",3,1,0
"rtywywc9265v","images/women/image_3293.jpg",86,"woman",4,2,1
"rtywywc9265v","images/women/image_740.jpg",87,"woman",5,1,0
"rtywywc9265v","images/women/image_1413.jpg",88,"woman",3,3,1
"rtywywc9265v","images/women/image_4257.jpg",89,"woman",3,1,0
"rtywywc9265v","images/women/image_3925.jpg",90,"woman",3,1,0
"rtywywc9265v","images/men/image_5296.jpg",91,"man",5,4,1
"rtywywc9265v","images/women/image_1127.jpg",92,"woman",3,1,0
"rtywywc9265v","images/men/image_3276.jpg",93,"man",5,4,1
"rtywywc9265v","images/men/image_559.jpg",94,"man",4,3,1
"rtywywc9265v","images/men/image_2607.jpg",95,"man",4,3,1
"rtywywc9265v","images/men/image_9933.jpg",96,"man",4,2,1
"rtywywc9265v","images/men/image_9641.jpg",97,"man",5,3,1
"rtywywc9265v","images/women/image_9313.jpg",98,"woman",4,4,1
"rtywywc9265v","images/men/image_2530.jpg",99,"man",4,4,1
"rtywywc9265v","images/men/image_2784.jpg",100,"man",3,1,0
"rtywywc9265v","images/women/image_3674.jpg",101,"woman",5,2,1
"rtywywc9265v","images/women/image_2292.jpg",102,"woman",4,1,0
"rtywywc9265v","images/women/image_5124.jpg",103,"woman",5,2,1
"rtywywc9265v","images/women/image_2094.jpg",104,"woman",3,3,1
"rtywywc9265v","images/men/image_4222.jpg",105,"man",3,3,1
"rtywywc9265v","images/women/image_8299.jpg",106,"woman",4,1,0
"rtywywc9265v","images/men/image_2884.jpg",107,"man",5,2,1
"rtywywc9265v","images/women/image_5295.jpg",108,"woman",5,4,1
"rtywywc9265v","images/women/image_3495.jpg",109,"woman",3,1,0
"rtywywc9265v","images/men/image_443.jpg",110,"man",5,5,1
"rtywywc9265v","images/women/image_4583.jpg",111,"woman",4,2,1
"rtywywc9265v","images/men/image_9625.jpg",112,"man",5,4,1
"rtywywc9265v","images/men/image_4947.jpg",113,"man",3,2,1
"rtywywc9265v","images/men/image_3864.jpg",114,"man",5,1,0
"rtywywc9265v","images/women/image_1314.jpg",115,"woman",5,2,1
"rtywywc9265v","images/men/image_4735.jpg",116,"man",3,1,0
"rtywywc9265v","images/men/image_5445.jpg",117,"man",4,3,1
"rtywywc9265v","images/men/image_4942.jpg",118,"man",3,1,0
"rtywywc9265v","images/women/image_2553.jpg",119,"woman",5,1,0
"rtywywc9265v","images/women/image_8510.jpg",120,"woman",4,1,0
"rtywywc9265v","images/men/image_2420.jpg",121,"man",3,2,1
"rtywywc9265v","images/women/image_1243.jpg",122,"woman",4,3,1
"rtywywc9265v","images/men/image_1542.jpg",123,"man",4,3,1
"rtywywc9265v","images/men/image_4799.jpg",124,"man",4,2,1
"rtywywc9265v","images/women/image_5198.jpg",125,"woman",3,2,1
"rtywywc9265v","images/women/image_3510.jpg",126,"woman",5,2,1
"rtywywc9265v","images/men/image_214.jpg",127,"man",4,2,1
"rtywywc9265v","images/men/image_9226.jpg",128,"man",4,2,1
"rtywywc9265v","images/men/image_193.jpg",129,"man",3,2,1
"rtywywc9265v","images/women/image_3267.jpg",130,"woman",3,1,0
"rtywywc9265v","images/men/image_2410.jpg",131,"man",3,1,0
"rtywywc9265v","images/women/image_2560.jpg",132,"woman",5,1,0
"rtywywc9265v","images/women/image_8535.jpg",133,"woman",5,2,1
"rtywywc9265v","images/women/image_8622.jpg",134,"woman",4,3,1
"rtywywc9265v","images/women/image_8507.jpg",135,"woman",3,1,0
"rtywywc9265v","images/women/image_666.jpg",136,"woman",3,3,1
"rtywywc9265v","images/women/image_1684.jpg",137,"woman",4,3,1
"rtywywc9265v","images/women/image_5090.jpg",138,"woman",4,1,0
"rtywywc9265v","images/women/image_5240.jpg",139,"woman",4,4,1
"rtywywc9265v","images/women/image_719.jpg",140,"woman",5,3,1
"rtywywc9265v","images/men/image_4303.jpg",141,"man",5,1,0
"rtywywc9265v","images/men/image_656.jpg",142,"man",5,4,1
"rtywywc9265v","images/men/image_2586.jpg",143,"man",4,4,1
"rtywywc9265v","images/women/image_444.jpg",144,"woman",4,4,1
"rtywywc9265v","images/women/image_960.jpg",145,"woman",4,2,1
"rtywywc9265v","images/men/image_45.jpg",146,"man",5,5,1
"rtywywc9265v","images/women/image_2016.jpg",147,"woman",4,3,1
"rtywywc9265v","images/men/image_4591.jpg",148,"man",3,1,0
"rtywywc9265v","images/men/image_1572.jpg",149,"man",3,1,0
"rtywywc9265v","images/women/image_9623.jpg",150,"woman",5,3,1
"rtywywc9265v","images/men/image_979.jpg",151,"man",5,2,1
"rtywywc9265v","images/men/image_2825.jpg",152,"man",3,3,1
"rtywywc9265v","images/women/image_7855.jpg",153,"woman",5,1,0
"rtywywc9265v","images/women/image_4680.jpg",154,"woman",3,2,1
"rtywywc9265v","images/men/image_4135.jpg",155,"man",5,1,0
"rtywywc9265v","images/men/image_8304.jpg",156,"man",3,2,1
"rtywywc9265v","images/women/image_9112.jpg",157,"woman",3,3,1
"rtywywc9265v","images/men/image_5204.jpg",158,"man",5,4,1
"rtywywc9265v","images/women/image_2797.jpg",159,"woman",5,1,0
"rtywywc9265v","images/women/image_688.jpg",160,"woman",3,1,0
"rtywywc9265v","images/men/image_3757.jpg",161,"man",4,2,1
"rtywywc9265v","images/men/image_3666.jpg",162,"man",3,3,1
"rtywywc9265v","images/men/image_8403.jpg",163,"man",4,3,1
"rtywywc9265v","images/women/image_695.jpg",164,"woman",5,1,0
"rtywywc9265v","images/women/image_729.jpg",165,"woman",3,2,1
"rtywywc9265v","images/men/image_2173.jpg",166,"man",4,1,0
"rtywywc9265v","images/men/image_1865.jpg",167,"man",5,5,1
"rtywywc9265v","images/men/image_4457.jpg",168,"man",4,1,0
"sgopc6pwbn1u","images/women/image_1155.jpg",1,"woman",4,1,0
"sgopc6pwbn1u","images/women/image_9718.jpg",2,"woman",3,1,0
"sgopc6pwbn1u","images/women/image_8297.jpg",3,"woman",5,1,0
"sgopc6pwbn1u","images/men/image_2416.jpg",4,"man",4,1,0
"sgopc6pwbn1u","images/men/image_4370.jpg",5,"man",3,1,0
"sgopc6pwbn1u","images/men/image_4865.jpg",6,"man",3,1,0
"sgopc6pwbn1u","images/men/image_629.jpg",7,"man",3,1,0
"sgopc6pwbn1u","images/women/image_4117.jpg",8,"woman",5,2,1
"sgopc6pwbn1u","images/women/image_1973.jpg",9,"woman",5,1,0
"sgopc6pwbn1u","images/men/image_3004.jpg",10,"man",5,2,1
"sgopc6pwbn1u","images/men/image_9674.jpg",11,"man",4,1,0
"sgopc6pwbn1u","images/men/image_4644.jpg",12,"man",3,2,1
"sgopc6pwbn1u","images/men/image_8563.jpg",13,"man",4,1,0
"sgopc6pwbn1u","images/men/image_2018.jpg",14,"man",4,1,0
"sgopc6pwbn1u","images/men/image_1068.jpg",15,"man",4,2,1
"sgopc6pwbn1u","images/men/image_775.jpg",16,"man",5,2,1
"sgopc6pwbn1u","images/men/image_8998.jpg",17,"man",5,1,0
"sgopc6pwbn1u","images/men/image_2479.jpg",18,"man",3,2,1
"sgopc6pwbn1u","images/women/image_1623.jpg",19,"woman",4,1,0
"sgopc6pwbn1u","images/women/image_2500.jpg",20,"woman",3,1,0
"sgopc6pwbn1u","images/women/image_3450.jpg",21,"woman",4,1,0
"sgopc6pwbn1u","images/women/image_8338.jpg",22,"woman",3,3,1
"sgopc6pwbn1u","images/women/image_8642.jpg",23,"woman",3,1,0
"sgopc6pwbn1u","images/women/image_424.jpg",24,"woman",4,1,0
"sgopc6pwbn1u","images/men/image_122.jpg",25,"man",3,2,1
"sgopc6pwbn1u","images/women/image_2041.jpg",26,"woman",5,1,0
"sgopc6pwbn1u","images/men/image_3804.jpg",27,"man",4,1,0
"sgopc6pwbn1u","images/men/image_3998.jpg",28,"man",5,1,0
"sgopc6pwbn1u","images/women/image_3883.jpg",29,"woman",4,1,0
"sgopc6pwbn1u","images/women/image_4827.jpg",30,"woman",3,1,0
"sgopc6pwbn1u","images/women/image_2689.jpg",31,"woman",5,2,1
"sgopc6pwbn1u","images/men/image_4950.jpg",32,"man",3,3,1
"sgopc6pwbn1u","images/women/image_9769.jpg",33,"woman",5,3,1
"sgopc6pwbn1u","images/men/image_9917.jpg",34,"man",5,1,0
"sgopc6pwbn1u","images/men/image_987.jpg",35,"man",5,1,0
"sgopc6pwbn1u","images/women/image_1328.jpg",36,"woman",4,2,1
"sgopc6pwbn1u","images/men/image_495.jpg",37,"man",5,1,0
"sgopc6pwbn1u","images/women/image_788.jpg",38,"woman",4,1,0
"sgopc6pwbn1u","images/men/image_9756.jpg",39,"man",4,1,0
"sgopc6pwbn1u","images/women/image_1089.jpg",40,"woman",3,3,1
"sgopc6pwbn1u","images/women/image_2232.jpg",41,"woman",3,2,1
"sgopc6pwbn1u","images/women/image_1403.jpg",42,"woman",5,1,0
"sgopc6pwbn1u","images/women/image_9879.jpg",43,"woman",3,2,1
"sgopc6pwbn1u","images/men/image_5213.jpg",44,"man",3,2,1
"sgopc6pwbn1u","images/men/image_2410.jpg",45,"man",3,2,1
"sgopc6pwbn1u","images/women/image_1127.jpg",46,"woman",5,3,1
"sgopc6pwbn1u","images/women/image_5218.jpg",47,"woman",5,2,1
"sgopc6pwbn1u","images/men/image_973.jpg",48,"man",5,1,0
"sgopc6pwbn1u","images/women/image_3267.jpg",49,"woman",3,1,0
"sgopc6pwbn1u","images/men/image_3467.jpg",50,"man",4,1,0
"sgopc6pwbn1u","images/women/image_7855.jpg",51,"woman",4,1,0
"sgopc6pwbn1u","images/women/image_9312.jpg",52,"woman",5,1,0
"sgopc6pwbn1u","images/men/image_2851.jpg",53,"man",4,2,1
"sgopc6pwbn1u","images/men/image_9948.jpg",54,"man",4,2,1
"sgopc6pwbn1u","images/men/image_620.jpg",55,"man",3,3,1
"sgopc6pwbn1u","images/women/image_4582.jpg",56,"woman",4,2,1
"sgopc6pwbn1u","images/men/image_4185.jpg",57,"man",5,3,1
"sgopc6pwbn1u","images/women/image_8449.jpg",58,"woman",4,1,0
"sgopc6pwbn1u","images/women/image_60.jpg",59,"woman",3,1,0
"sgopc6pwbn1u","images/women/image_311.jpg",60,"woman",3,1,0
"sgopc6pwbn1u","images/women/image_3524.jpg",61,"woman",4,1,0
"sgopc6pwbn1u","images/men/image_3558.jpg",62,"man",4,4,1
"sgopc6pwbn1u","images/men/image_1803.jpg",63,"man",4,1,0
"sgopc6pwbn1u","images/men/image_817.jpg",64,"man",5,2,1
"sgopc6pwbn1u","images/women/image_1520.jpg",65,"woman",5,1,0
"sgopc6pwbn1u","images/men/image_9892.jpg",66,"man",3,1,0
"sgopc6pwbn1u","images/men/image_1720.jpg",67,"man",3,1,0
"sgopc6pwbn1u","images/men/image_3240.jpg",68,"man",5,1,0
"sgopc6pwbn1u","images/women/image_9599.jpg",69,"woman",3,2,1
"sgopc6pwbn1u","images/men/image_8547.jpg",70,"man",3,1,0
"sgopc6pwbn1u","images/women/image_5968.jpg",71,"woman",4,1,0
"sgopc6pwbn1u","images/women/image_565.jpg",72,"woman",3,2,1
"sgopc6pwbn1u","images/men/image_1261.jpg",73,"man",5,1,0
"sgopc6pwbn1u","images/men/image_201.jpg",74,"man",4,1,0
"sgopc6pwbn1u","images/women/image_9377.jpg",75,"woman",3,2,1
"sgopc6pwbn1u","images/women/image_4988.jpg",76,"woman",4,1,0
"sgopc6pwbn1u","images/women/image_6153.jpg",77,"woman",5,1,0
"sgopc6pwbn1u","images/women/image_3367.jpg",78,"woman",5,2,1
"sgopc6pwbn1u","images/men/image_3656.jpg",79,"man",3,1,0
"sgopc6pwbn1u","images/men/image_2588.jpg",80,"man",5,1,0
"sgopc6pwbn1u","images/women/image_793.jpg",81,"woman",4,2,1
"sgopc6pwbn1u","images/men/image_2044.jpg",82,"man",4,2,1
"sgopc6pwbn1u","images/men/image_8403.jpg",83,"man",5,5,1
"sgopc6pwbn1u","images/women/image_8712.jpg",84,"woman",5,2,1
"sgopc6pwbn1u","images/women/image_4697.jpg",85,"woman",3,1,0
"sgopc6pwbn1u","images/women/image_1905.jpg",86,"woman",3,1,0
"sgopc6pwbn1u","images/men/image_656.jpg",87,"man",3,3,1
"sgopc6pwbn1u","images/women/image_252.jpg",88,"woman",5,5,1
"sgopc6pwbn1u","images/men/image_415.jpg",89,"man",3,2,1
"sgopc6pwbn1u","images/women/image_798.jpg",90,"woman",5,1,0
"sgopc6pwbn1u","images/women/image_30.jpg",91,"woman",5,1,0
"sgopc6pwbn1u","images/men/image_8907.jpg",92,"man",4,3,1
"sgopc6pwbn1u","images/women/image_9267.jpg",93,"woman",4,1,0
"sgopc6pwbn1u","images/men/image_2378.jpg",94,"man",5,1,0
"sgopc6pwbn1u","images/men/image_969.jpg",95,"man",3,3,1
"sgopc6pwbn1u","images/women/image_1631.jpg",96,"woman",4,2,1
"sgopc6pwbn1u","images/men/image_10.jpg",97,"man",5,1,0
"sgopc6pwbn1u","images/women/image_9800.jpg",98,"woman",5,1,0
"sgopc6pwbn1u","images/men/image_3331.jpg",99,"man",4,2,1
"sgopc6pwbn1u","images/women/image_6010.jpg",100,"woman",5,3,1
"sgopc6pwbn1u","images/men/image_1139.jpg",101,"man",4,4,1
"sgopc6pwbn1u","images/men/image_8582.jpg",102,"man",5,1,0
"sgopc6pwbn1u","images/men/image_2570.jpg",103,"man",3,1,0
"sgopc6pwbn1u","images/women/image_9268.jpg",104,"woman",5,1,0
"sgopc6pwbn1u","images/women/image_3154.jpg",105,"woman",3,3,1
"sgopc6pwbn1u","images/women/image_5396.jpg",106,"woman",5,1,0
"sgopc6pwbn1u","images/women/image_8311.jpg",107,"woman",3,3,1
"sgopc6pwbn1u","images/men/image_3344.jpg",108,"man",4,3,1
"sgopc6pwbn1u","images/men/image_774.jpg",109,"man",3,2,1
"sgopc6pwbn1u","images/men/image_1091.jpg",110,"man",3,1,0
"sgopc6pwbn1u","images/men/image_1943.jpg",111,"man",4,3,1
"sgopc6pwbn1u","images/men/image_3806.jpg",112,"man",4,1,0
"sgopc6pwbn1u","images/men/image_3792.jpg",113,"man",4,2,1
"sgopc6pwbn1u","images/women/image_1264.jpg",114,"woman",4,2,1
"sgopc6pwbn1u","images/women/image_8472.jpg",115,"woman",4,2,1
"sgopc6pwbn1u","images/women/image_1793.jpg",116,"woman",4,4,1
"sgopc6pwbn1u","images/women/image_3691.jpg",117,"woman",4,1,0
"sgopc6pwbn1u","images/men/image_178.jpg",118,"man",3,1,0
"sgopc6pwbn1u","images/men/image_3112.jpg",119,"man",5,2,1
"sgopc6pwbn1u","images/women/image_4351.jpg",120,"woman",4,4,1
"sgopc6pwbn1u","images/men/image_2131.jpg",121,"man",5,2,1
"sgopc6pwbn1u","images/men/image_4657.jpg",122,"man",5,1,0
"sgopc6pwbn1u","images/men/image_9776.jpg",123,"man",5,1,0
"sgopc6pwbn1u","images/women/image_287.jpg",124,"woman",3,2,1
"sgopc6pwbn1u","images/women/image_3791.jpg",125,"woman",3,1,0
"sgopc6pwbn1u","images/women/image_8400.jpg",126,"woman",3,1,0
"sgopc6pwbn1u","images/women/image_4884.jpg",127,"woman",5,3,1
"sgopc6pwbn1u","images/men/image_3357.jpg",128,"man",3,1,0
"sgopc6pwbn1u","images/men/image_949.jpg",129,"man",4,1,0
"sgopc6pwbn1u","images/women/image_5135.jpg",130,"woman",5,2,1
"sgopc6pwbn1u","images/women/image_1935.jpg",131,"woman",5,1,0
"sgopc6pwbn1u","images/men/image_5528.jpg",132,"man",4,1,0
"sgopc6pwbn1u","images/women/image_464.jpg",133,"woman",3,3,1
"sgopc6pwbn1u","images/men/image_5470.jpg",134,"man",4,3,1
"sgopc6pwbn1u","images/men/image_628.jpg",135,"man",3,2,1
"sgopc6pwbn1u","images/men/image_3894.jpg",136,"man",3,3,1
"sgopc6pwbn1u","images/women/image_3481.jpg",137,"woman",4,2,1
"sgopc6pwbn1u","images/men/image_5794.jpg",138,"man",5,5,1
"sgopc6pwbn1u","images/men/image_283.jpg",139,"man",3,1,0
"sgopc6pwbn1u","images/women/image_8483.jpg",140,"woman",3,1,0
"sgopc6pwbn1u","images/women/image_9734.jpg",141,"woman",4,2,1
"sgopc6pwbn1u","images/women/image_2148.jpg",142,"woman",4,3,1
"sgopc6pwbn1u","images/women/image_9278.jpg",143,"woman",4,2,1
"sgopc6pwbn1u","images/women/image_3371.jpg",144,"woman",5,1,0
"sgopc6pwbn1u","images/men/image_4222.jpg",145,"man",5,5,1
"sgopc6pwbn1u","images/men/image_1572.jpg",146,"man",5,1,0
"sgopc6pwbn1u","images/men/image_8531.jpg",147,"man",5,1,0
"sgopc6pwbn1u","images/men/image_2586.jpg",148,"man",5,1,0
"sgopc6pwbn1u","images/men/image_3227.jpg",149,"man",3,1,0
"sgopc6pwbn1u","images/women/image_8496.jpg",150,"woman",3,1,0
"sgopc6pwbn1u","images/men/image_1645.jpg",151,"man",4,1,0
"sgopc6pwbn1u","images/men/image_4287.jpg",152,"man",5,2,1
"sgopc6pwbn1u","images/men/image_1592.jpg",153,"man",5,3,1
"sgopc6pwbn1u","images/women/image_4089.jpg",154,"woman",4,1,0
"sgopc6pwbn1u","images/women/image_2264.jpg",155,"woman",4,1,0
"sgopc6pwbn1u","images/women/image_137.jpg",156,"woman",5,1,0
"sgopc6pwbn1u","images/women/image_8693.jpg",157,"woman",5,3,1
"sgopc6pwbn1u","images/men/image_169.jpg",158,"man",4,4,1
"sgopc6pwbn1u","images/women/image_8682.jpg",159,"woman",4,4,1
"sgopc6pwbn1u","images/women/image_9174.jpg",160,"woman",5,5,1
"sgopc6pwbn1u","images/men/image_2470.jpg",161,"man",3,1,0
"sgopc6pwbn1u","images/men/image_2819.jpg",162,"man",4,2,1
"sgopc6pwbn1u","images/women/image_6.jpg",163,"woman",3,2,1
"sgopc6pwbn1u","images/women/image_3925.jpg",164,"woman",3,1,0
"sgopc6pwbn1u","images/men/image_2621.jpg",165,"man",4,3,1
"sgopc6pwbn1u","images/women/image_3330.jpg",166,"woman",3,1,0
"sgopc6pwbn1u","images/women/image_3075.jpg",167,"woman",3,3,1
"sgopc6pwbn1u","images/men/image_8677.jpg",168,"man",3,3,1
"sf75llu7hpzh","images/women/image_4827.jpg",1,"woman",4,1,0
"sf75llu7hpzh","images/women/image_3956.jpg",2,"woman",3,1,0
"sf75llu7hpzh","images/men/image_263.jpg",3,"man",5,3,1
"sf75llu7hpzh","images/women/image_4331.jpg",4,"woman",5,3,1
"sf75llu7hpzh","images/women/image_4652.jpg",5,"woman",3,1,0
"sf75llu7hpzh","images/men/image_1787.jpg",6,"man",3,3,1
"sf75llu7hpzh","images/women/image_8642.jpg",7,"woman",3,2,1
"sf75llu7hpzh","images/men/image_950.jpg",8,"man",4,4,1
"sf75llu7hpzh","images/women/image_8574.jpg",9,"woman",3,1,0
"sf75llu7hpzh","images/men/image_45.jpg",10,"man",4,1,0
"sf75llu7hpzh","images/men/image_3908.jpg",11,"man",3,2,1
"sf75llu7hpzh","images/men/image_4832.jpg",12,"man",3,2,1
"sf75llu7hpzh","images/men/image_3568.jpg",13,"man",5,2,1
"sf75llu7hpzh","images/women/image_5947.jpg",14,"woman",3,2,1
"sf75llu7hpzh","images/women/image_212.jpg",15,"woman",5,3,1
"sf75llu7hpzh","images/women/image_3741.jpg",16,"woman",5,2,1
"sf75llu7hpzh","images/women/image_9383.jpg",17,"woman",4,1,0
"sf75llu7hpzh","images/men/image_3358.jpg",18,"man",5,3,1
"sf75llu7hpzh","images/men/image_5125.jpg",19,"man",4,4,1
"sf75llu7hpzh","images/women/image_9448.jpg",20,"woman",4,1,0
"sf75llu7hpzh","images/men/image_3045.jpg",21,"man",5,3,1
"sf75llu7hpzh","images/men/image_9919.jpg",22,"man",4,4,1
"sf75llu7hpzh","images/women/image_8799.jpg",23,"woman",3,1,0
"sf75llu7hpzh","images/men/image_4603.jpg",24,"man",5,1,0
"sf75llu7hpzh","images/women/image_6340.jpg",25,"woman",4,2,1
"sf75llu7hpzh","images/men/image_1572.jpg",26,"man",4,1,0
"sf75llu7hpzh","images/men/image_2479.jpg",27,"man",3,1,0
"sf75llu7hpzh","images/women/image_2500.jpg",28,"woman",5,2,1
"sf75llu7hpzh","images/women/image_2797.jpg",29,"woman",3,3,1
"sf75llu7hpzh","images/women/image_3985.jpg",30,"woman",5,2,1
"sf75llu7hpzh","images/men/image_9917.jpg",31,"man",4,3,1
"sf75llu7hpzh","images/men/image_183.jpg",32,"man",3,1,0
"sf75llu7hpzh","images/women/image_503.jpg",33,"woman",4,1,0
"sf75llu7hpzh","images/men/image_9791.jpg",34,"man",3,2,1
"sf75llu7hpzh","images/men/image_3605.jpg",35,"man",5,5,1
"sf75llu7hpzh","images/women/image_4770.jpg",36,"woman",4,4,1
"sf75llu7hpzh","images/men/image_625.jpg",37,"man",4,1,0
"sf75llu7hpzh","images/women/image_1929.jpg",38,"woman",4,3,1
"sf75llu7hpzh","images/men/image_8575.jpg",39,"man",3,3,1
"sf75llu7hpzh","images/women/image_4558.jpg",40,"woman",5,2,1
"sf75llu7hpzh","images/men/image_386.jpg",41,"man",5,3,1
"sf75llu7hpzh","images/women/image_288.jpg",42,"woman",5,4,1
"sf75llu7hpzh","images/women/image_2815.jpg",43,"woman",4,1,0
"sf75llu7hpzh","images/women/image_562.jpg",44,"woman",4,2,1
"sf75llu7hpzh","images/men/image_1016.jpg",45,"man",4,1,0
"sf75llu7hpzh","images/men/image_122.jpg",46,"man",4,4,1
"sf75llu7hpzh","images/men/image_6019.jpg",47,"man",5,5,1
"sf75llu7hpzh","images/women/image_7911.jpg",48,"woman",3,1,0
"sf75llu7hpzh","images/women/image_5566.jpg",49,"woman",3,2,1
"sf75llu7hpzh","images/women/image_3021.jpg",50,"woman",3,2,1
"sf75llu7hpzh","images/men/image_762.jpg",51,"man",3,2,1
"sf75llu7hpzh","images/men/image_1598.jpg",52,"man",5,5,1
"sf75llu7hpzh","images/women/image_1593.jpg",53,"woman",5,4,1
"sf75llu7hpzh","images/women/image_666.jpg",54,"woman",5,4,1
"sf75llu7hpzh","images/men/image_8922.jpg",55,"man",3,1,0
"sf75llu7hpzh","images/women/image_2993.jpg",56,"woman",3,1,0
"sf75llu7hpzh","images/women/image_3154.jpg",57,"woman",3,1,0
"sf75llu7hpzh","images/men/image_210.jpg",58,"man",5,2,1
"sf75llu7hpzh","images/men/image_961.jpg",59,"man",3,2,1
"sf75llu7hpzh","images/women/image_8537.jpg",60,"woman",5,1,0
"sf75llu7hpzh","images/men/image_9675.jpg",61,"man",3,2,1
"sf75llu7hpzh","images/women/image_7792.jpg",62,"woman",3,2,1
"sf75llu7hpzh","images/women/image_1669.jpg",63,"woman",4,2,1
"sf75llu7hpzh","images/women/image_560.jpg",64,"woman",5,5,1
"sf75llu7hpzh","images/men/image_2381.jpg",65,"man",5,1,0
"sf75llu7hpzh","images/men/image_5709.jpg",66,"man",4,4,1
"sf75llu7hpzh","images/women/image_9377.jpg",67,"woman",3,2,1
"sf75llu7hpzh","images/women/image_9345.jpg",68,"woman",5,2,1
"sf75llu7hpzh","images/men/image_5472.jpg",69,"man",5,2,1
"sf75llu7hpzh","images/women/image_5766.jpg",70,"woman",4,4,1
"sf75llu7hpzh","images/men/image_679.jpg",71,"man",4,3,1
"sf75llu7hpzh","images/men/image_321.jpg",72,"man",3,1,0
"sf75llu7hpzh","images/men/image_179.jpg",73,"man",4,2,1
"sf75llu7hpzh","images/women/image_4668.jpg",74,"woman",4,4,1
"sf75llu7hpzh","images/women/image_8472.jpg",75,"woman",4,4,1
"sf75llu7hpzh","images/men/image_2386.jpg",76,"man",5,1,0
"sf75llu7hpzh","images/women/image_9278.jpg",77,"woman",5,5,1
"sf75llu7hpzh","images/men/image_4594.jpg",78,"man",3,1,0
"sf75llu7hpzh","images/women/image_3179.jpg",79,"woman",4,4,1
"sf75llu7hpzh","images/men/image_9625.jpg",80,"man",3,2,1
"sf75llu7hpzh","images/men/image_8994.jpg",81,"man",4,1,0
"sf75llu7hpzh","images/men/image_9155.jpg",82,"man",4,1,0
"sf75llu7hpzh","images/women/image_1495.jpg",83,"woman",5,1,0
"sf75llu7hpzh","images/men/image_4466.jpg",84,"man",5,1,0
"sf75llu7hpzh","images/men/image_1854.jpg",85,"man",5,3,1
"sf75llu7hpzh","images/men/image_2207.jpg",86,"man",4,4,1
"sf75llu7hpzh","images/men/image_973.jpg",87,"man",5,1,0
"sf75llu7hpzh","images/men/image_91.jpg",88,"man",3,1,0
"sf75llu7hpzh","images/women/image_8700.jpg",89,"woman",5,5,1
"sf75llu7hpzh","images/men/image_299.jpg",90,"man",4,1,0
"sf75llu7hpzh","images/women/image_9592.jpg",91,"woman",3,3,1
"sf75llu7hpzh","images/women/image_2319.jpg",92,"woman",3,2,1
"sf75llu7hpzh","images/women/image_877.jpg",93,"woman",3,2,1
"sf75llu7hpzh","images/women/image_729.jpg",94,"woman",5,4,1
"sf75llu7hpzh","images/men/image_9528.jpg",95,"man",3,1,0
"sf75llu7hpzh","images/men/image_8837.jpg",96,"man",4,3,1
"sf75llu7hpzh","images/men/image_9223.jpg",97,"man",3,2,1
"sf75llu7hpzh","images/men/image_9784.jpg",98,"man",4,2,1
"sf75llu7hpzh","images/women/image_5135.jpg",99,"woman",4,2,1
"sf75llu7hpzh","images/men/image_9892.jpg",100,"man",4,1,0
"sf75llu7hpzh","images/women/image_290.jpg",101,"woman",5,4,1
"sf75llu7hpzh","images/men/image_9855.jpg",102,"man",5,5,1
"sf75llu7hpzh","images/women/image_5042.jpg",103,"woman",4,1,0
"sf75llu7hpzh","images/women/image_33.jpg",104,"woman",4,2,1
"sf75llu7hpzh","images/women/image_2077.jpg",105,"woman",5,1,0
"sf75llu7hpzh","images/women/image_4261.jpg",106,"woman",5,1,0
"sf75llu7hpzh","images/men/image_4800.jpg",107,"man",5,2,1
"sf75llu7hpzh","images/women/image_1152.jpg",108,"woman",4,1,0
"sf75llu7hpzh","images/women/image_8693.jpg",109,"woman",5,3,1
"sf75llu7hpzh","images/women/image_5326.jpg",110,"woman",4,2,1
"sf75llu7hpzh","images/women/image_4787.jpg",111,"woman",3,2,1
"sf75llu7hpzh","images/women/image_9723.jpg",112,"woman",3,1,0
"sf75llu7hpzh","images/women/image_3838.jpg",113,"woman",3,1,0
"sf75llu7hpzh","images/men/image_697.jpg",114,"man",3,1,0
"sf75llu7hpzh","images/men/image_656.jpg",115,"man",5,3,1
"sf75llu7hpzh","images/women/image_9755.jpg",116,"woman",3,1,0
"sf75llu7hpzh","images/men/image_5305.jpg",117,"man",5,4,1
"sf75llu7hpzh","images/men/image_4979.jpg",118,"man",3,1,0
"sf75llu7hpzh","images/men/image_4658.jpg",119,"man",3,3,1
"sf75llu7hpzh","images/women/image_8496.jpg",120,"woman",4,3,1
"sf75llu7hpzh","images/men/image_3004.jpg",121,"man",3,3,1
"sf75llu7hpzh","images/men/image_9984.jpg",122,"man",5,4,1
"sf75llu7hpzh","images/men/image_3794.jpg",123,"man",4,2,1
"sf75llu7hpzh","images/men/image_9618.jpg",124,"man",4,1,0
"sf75llu7hpzh","images/women/image_887.jpg",125,"woman",4,2,1
"sf75llu7hpzh","images/women/image_3075.jpg",126,"woman",5,4,1
"sf75llu7hpzh","images/women/image_1430.jpg",127,"woman",5,4,1
"sf75llu7hpzh","images/women/image_8338.jpg",128,"woman",3,3,1
"sf75llu7hpzh","images/men/image_5210.jpg",129,"man",3,2,1
"sf75llu7hpzh","images/women/image_9669.jpg",130,"woman",5,4,1
"sf75llu7hpzh","images/men/image_901.jpg",131,"man",5,1,0
"sf75llu7hpzh","images/men/image_9947.jpg",132,"man",5,4,1
"sf75llu7hpzh","images/men/image_3612.jpg",133,"man",3,2,1
"sf75llu7hpzh","images/men/image_336.jpg",134,"man",4,4,1
"sf75llu7hpzh","images/men/image_8443.jpg",135,"man",5,3,1
"sf75llu7hpzh","images/men/image_8547.jpg",136,"man",4,2,1
"sf75llu7hpzh","images/men/image_8403.jpg",137,"man",3,2,1
"sf75llu7hpzh","images/men/image_3331.jpg",138,"man",4,1,0
"sf75llu7hpzh","images/women/image_7955.jpg",139,"woman",5,1,0
"sf75llu7hpzh","images/women/image_3526.jpg",140,"woman",5,2,1
"sf75llu7hpzh","images/women/image_335.jpg",141,"woman",5,1,0
"sf75llu7hpzh","images/men/image_148.jpg",142,"man",3,2,1
"sf75llu7hpzh","images/women/image_7895.jpg",143,"woman",4,1,0
"sf75llu7hpzh","images/women/image_788.jpg",144,"woman",4,1,0
"sf75llu7hpzh","images/women/image_398.jpg",145,"woman",3,2,1
"sf75llu7hpzh","images/men/image_5620.jpg",146,"man",5,5,1
"sf75llu7hpzh","images/women/image_5124.jpg",147,"woman",3,1,0
"sf75llu7hpzh","images/women/image_3743.jpg",148,"woman",5,4,1
"sf75llu7hpzh","images/men/image_9058.jpg",149,"man",5,2,1
"sf75llu7hpzh","images/women/image_141.jpg",150,"woman",3,2,1
"sf75llu7hpzh","images/men/image_9758.jpg",151,"man",4,4,1
"sf75llu7hpzh","images/women/image_1892.jpg",152,"woman",4,2,1
"sf75llu7hpzh","images/men/image_35.jpg",153,"man",3,2,1
"sf75llu7hpzh","images/men/image_2621.jpg",154,"man",4,1,0
"sf75llu7hpzh","images/women/image_9599.jpg",155,"woman",4,2,1
"sf75llu7hpzh","images/men/image_3112.jpg",156,"man",4,4,1
"sf75llu7hpzh","images/women/image_287.jpg",157,"woman",5,5,1
"sf75llu7hpzh","images/women/image_464.jpg",158,"woman",4,1,0
"sf75llu7hpzh","images/women/image_1884.jpg",159,"woman",4,4,1
"sf75llu7hpzh","images/women/image_4257.jpg",160,"woman",4,1,0
"sf75llu7hpzh","images/men/image_13.jpg",161,"man",5,1,0
"sf75llu7hpzh","images/men/image_3757.jpg",162,"man",3,3,1
"sf75llu7hpzh","images/women/image_8449.jpg",163,"woman",3,3,1
"sf75llu7hpzh","images/men/image_3344.jpg",164,"man",4,4,1
"sf75llu7hpzh","images/women/image_5228.jpg",165,"woman",3,2,1
"sf75llu7hpzh","images/men/image_3942.jpg",166,"man",3,3,1
"sf75llu7hpzh","images/women/image_2418.jpg",167,"woman",3,2,1
"sf75llu7hpzh","images/men/image_5640.jpg",168,"man",5,1,0
"o0fstfd5repc","images/women/image_757.jpg",1,"woman",5,1,0
"o0fstfd5repc","images/women/image_8799.jpg",2,"woman",5,1,0
"o0fstfd5repc","images/women/image_603.jpg",3,"woman",5,3,1
"o0fstfd5repc","images/women/image_9268.jpg",4,"woman",4,1,0
"o0fstfd5repc","images/men/image_9329.jpg",5,"man",3,1,0
"o0fstfd5repc","images/women/image_549.jpg",6,"woman",4,1,0
"o0fstfd5repc","images/men/image_2131.jpg",7,"man",5,3,1
"o0fstfd5repc","images/men/image_8654.jpg",8,"man",4,2,1
"o0fstfd5repc","images/men/image_5470.jpg",9,"man",5,1,0
"o0fstfd5repc","images/men/image_4658.jpg",10,"man",5,3,1
"o0fstfd5repc","images/men/image_600.jpg",11,"man",3,1,0
"o0fstfd5repc","images/women/image_4338.jpg",12,"woman",4,1,0
"o0fstfd5repc","images/men/image_9892.jpg",13,"man",4,2,1
"o0fstfd5repc","images/men/image_9711.jpg",14,"man",4,1,0
"o0fstfd5repc","images/men/image_3648.jpg",15,"man",4,3,1
"o0fstfd5repc","images/women/image_1569.jpg",16,"woman",5,1,0
"o0fstfd5repc","images/women/image_7895.jpg",17,"woman",4,1,0
"o0fstfd5repc","images/women/image_4740.jpg",18,"woman",3,3,1
"o0fstfd5repc","images/men/image_1016.jpg",19,"man",3,2,1
"o0fstfd5repc","images/women/image_686.jpg",20,"woman",4,1,0
"o0fstfd5repc","images/women/image_2484.jpg",21,"woman",3,1,0
"o0fstfd5repc","images/women/image_9708.jpg",22,"woman",5,1,0
"o0fstfd5repc","images/men/image_3632.jpg",23,"man",5,1,0
"o0fstfd5repc","images/men/image_4841.jpg",24,"man",3,2,1
"o0fstfd5repc","images/women/image_1367.jpg",25,"woman",3,1,0
"o0fstfd5repc","images/women/image_137.jpg",26,"woman",4,1,0
"o0fstfd5repc","images/women/image_9609.jpg",27,"woman",3,2,1
"o0fstfd5repc","images/men/image_9948.jpg",28,"man",5,1,0
"o0fstfd5repc","images/women/image_4597.jpg",29,"woman",3,1,0
"o0fstfd5repc","images/men/image_1585.jpg",30,"man",5,1,0
"o0fstfd5repc","images/men/image_3072.jpg",31,"man",4,1,0
"o0fstfd5repc","images/women/image_6041.jpg",32,"woman",5,3,1
"o0fstfd5repc","images/women/image_7855.jpg",33,"woman",4,1,0
"o0fstfd5repc","images/women/image_1145.jpg",34,"woman",3,1,0
"o0fstfd5repc","images/women/image_9800.jpg",35,"woman",5,4,1
"o0fstfd5repc","images/men/image_148.jpg",36,"man",3,2,1
"o0fstfd5repc","images/men/image_2902.jpg",37,"man",4,1,0
"o0fstfd5repc","images/men/image_480.jpg",38,"man",4,1,0
"o0fstfd5repc","images/women/image_4638.jpg",39,"woman",3,3,1
"o0fstfd5repc","images/men/image_734.jpg",40,"man",3,1,0
"o0fstfd5repc","images/men/image_4.jpg",41,"man",5,4,1
"o0fstfd5repc","images/men/image_1803.jpg",42,"man",3,3,1
"o0fstfd5repc","images/women/image_3751.jpg",43,"woman",4,2,1
"o0fstfd5repc","images/men/image_8969.jpg",44,"man",5,1,0
"o0fstfd5repc","images/women/image_3367.jpg",45,"woman",5,2,1
"o0fstfd5repc","images/women/image_8682.jpg",46,"woman",3,1,0
"o0fstfd5repc","images/women/image_7951.jpg",47,"woman",3,1,0
"o0fstfd5repc","images/men/image_8650.jpg",48,"man",3,1,0
"o0fstfd5repc","images/women/image_8693.jpg",49,"woman",3,1,0
"o0fstfd5repc","images/men/image_5213.jpg",50,"man",5,1,0
"o0fstfd5repc","images/women/image_3158.jpg",51,"woman",5,1,0
"o0fstfd5repc","images/women/image_4435.jpg",52,"woman",4,1,0
"o0fstfd5repc","images/men/image_9408.jpg",53,"man",3,1,0
"o0fstfd5repc","images/women/image_8877.jpg",54,"woman",4,1,0
"o0fstfd5repc","images/men/image_4566.jpg",55,"man",3,1,0
"o0fstfd5repc","images/women/image_5124.jpg",56,"woman",3,1,0
"o0fstfd5repc","images/men/image_4380.jpg",57,"man",3,3,1
"o0fstfd5repc","images/men/image_1129.jpg",58,"man",4,1,0
"o0fstfd5repc","images/women/image_1132.jpg",59,"woman",4,1,0
"o0fstfd5repc","images/men/image_5268.jpg",60,"man",4,1,0
"o0fstfd5repc","images/men/image_1572.jpg",61,"man",5,5,1
"o0fstfd5repc","images/men/image_6148.jpg",62,"man",4,1,0
"o0fstfd5repc","images/men/image_9883.jpg",63,"man",4,3,1
"o0fstfd5repc","images/women/image_2700.jpg",64,"woman",5,3,1
"o0fstfd5repc","images/women/image_3955.jpg",65,"woman",5,2,1
"o0fstfd5repc","images/men/image_5577.jpg",66,"man",3,1,0
"o0fstfd5repc","images/women/image_60.jpg",67,"woman",3,3,1
"o0fstfd5repc","images/men/image_2812.jpg",68,"man",3,3,1
"o0fstfd5repc","images/women/image_9592.jpg",69,"woman",5,3,1
"o0fstfd5repc","images/women/image_9669.jpg",70,"woman",4,1,0
"o0fstfd5repc","images/men/image_8648.jpg",71,"man",3,1,0
"o0fstfd5repc","images/women/image_8323.jpg",72,"woman",3,1,0
"o0fstfd5repc","images/women/image_3007.jpg",73,"woman",3,1,0
"o0fstfd5repc","images/men/image_156.jpg",74,"man",5,1,0
"o0fstfd5repc","images/women/image_3607.jpg",75,"woman",5,1,0
"o0fstfd5repc","images/men/image_1962.jpg",76,"man",4,1,0
"o0fstfd5repc","images/men/image_1395.jpg",77,"man",4,4,1
"o0fstfd5repc","images/men/image_1720.jpg",78,"man",5,1,0
"o0fstfd5repc","images/women/image_5240.jpg",79,"woman",4,1,0
"o0fstfd5repc","images/women/image_3741.jpg",80,"woman",5,1,0
"o0fstfd5repc","images/men/image_13.jpg",81,"man",5,2,1
"o0fstfd5repc","images/men/image_2180.jpg",82,"man",5,3,1
"o0fstfd5repc","images/women/image_1533.jpg",83,"woman",4,1,0
"o0fstfd5repc","images/men/image_1573.jpg",84,"man",4,4,1
"o0fstfd5repc","images/men/image_3770.jpg",85,"man",4,3,1
"o0fstfd5repc","images/men/image_4708.jpg",86,"man",4,1,0
"o0fstfd5repc","images/women/image_8731.jpg",87,"woman",3,3,1
"o0fstfd5repc","images/men/image_2153.jpg",88,"man",5,2,1
"o0fstfd5repc","images/men/image_691.jpg",89,"man",4,3,1
"o0fstfd5repc","images/women/image_5758.jpg",90,"woman",5,1,0
"o0fstfd5repc","images/men/image_338.jpg",91,"man",3,1,0
"o0fstfd5repc","images/men/image_185.jpg",92,"man",5,1,0
"o0fstfd5repc","images/women/image_2631.jpg",93,"woman",4,3,1
"o0fstfd5repc","images/women/image_323.jpg",94,"woman",5,2,1
"o0fstfd5repc","images/women/image_1892.jpg",95,"woman",5,2,1
"o0fstfd5repc","images/women/image_7914.jpg",96,"woman",3,1,0
"o0fstfd5repc","images/women/image_1793.jpg",97,"woman",4,2,1
"o0fstfd5repc","images/men/image_4303.jpg",98,"man",3,1,0
"o0fstfd5repc","images/women/image_3293.jpg",99,"woman",3,1,0
"o0fstfd5repc","images/men/image_2714.jpg",100,"man",4,1,0
"o0fstfd5repc","images/women/image_9734.jpg",101,"woman",3,1,0
"o0fstfd5repc","images/men/image_3656.jpg",102,"man",3,1,0
"o0fstfd5repc","images/women/image_4607.jpg",103,"woman",5,5,1
"o0fstfd5repc","images/men/image_1235.jpg",104,"man",4,4,1
"o0fstfd5repc","images/women/image_4996.jpg",105,"woman",3,2,1
"o0fstfd5repc","images/men/image_443.jpg",106,"man",5,4,1
"o0fstfd5repc","images/men/image_3687.jpg",107,"man",5,2,1
"o0fstfd5repc","images/women/image_9370.jpg",108,"woman",4,4,1
"o0fstfd5repc","images/men/image_907.jpg",109,"man",5,2,1
"o0fstfd5repc","images/women/image_2560.jpg",110,"woman",4,2,1
"o0fstfd5repc","images/men/image_2192.jpg",111,"man",5,1,0
"o0fstfd5repc","images/women/image_1567.jpg",112,"woman",4,1,0
"o0fstfd5repc","images/men/image_2233.jpg",113,"man",3,2,1
"o0fstfd5repc","images/women/image_513.jpg",114,"woman",5,3,1
"o0fstfd5repc","images/men/image_628.jpg",115,"man",3,1,0
"o0fstfd5repc","images/women/image_2553.jpg",116,"woman",5,1,0
"o0fstfd5repc","images/men/image_106.jpg",117,"man",4,1,0
"o0fstfd5repc","images/women/image_333.jpg",118,"woman",4,2,1
"o0fstfd5repc","images/women/image_4258.jpg",119,"woman",4,1,0
"o0fstfd5repc","images/women/image_976.jpg",120,"woman",5,3,1
"o0fstfd5repc","images/women/image_9623.jpg",121,"woman",3,1,0
"o0fstfd5repc","images/men/image_265.jpg",122,"man",5,1,0
"o0fstfd5repc","images/women/image_8297.jpg",123,"woman",3,2,1
"o0fstfd5repc","images/men/image_2693.jpg",124,"man",3,1,0
"o0fstfd5repc","images/men/image_1150.jpg",125,"man",3,1,0
"o0fstfd5repc","images/men/image_9431.jpg",126,"man",4,1,0
"o0fstfd5repc","images/women/image_5407.jpg",127,"woman",5,3,1
"o0fstfd5repc","images/men/image_9675.jpg",128,"man",3,3,1
"o0fstfd5repc","images/men/image_3792.jpg",129,"man",5,2,1
"o0fstfd5repc","images/men/image_3973.jpg",130,"man",3,1,0
"o0fstfd5repc","images/men/image_708.jpg",131,"man",3,2,1
"o0fstfd5repc","images/men/image_1091.jpg",132,"man",3,3,1
"o0fstfd5repc","images/women/image_1141.jpg",133,"woman",3,1,0
"o0fstfd5repc","images/women/image_9700.jpg",134,"woman",5,1,0
"o0fstfd5repc","images/men/image_1667.jpg",135,"man",4,3,1
"o0fstfd5repc","images/women/image_444.jpg",136,"woman",3,1,0
"o0fstfd5repc","images/women/image_5592.jpg",137,"woman",3,1,0
"o0fstfd5repc","images/men/image_3625.jpg",138,"man",4,1,0
"o0fstfd5repc","images/women/image_4243.jpg",139,"woman",4,1,0
"o0fstfd5repc","images/men/image_625.jpg",140,"man",4,3,1
"o0fstfd5repc","images/women/image_1064.jpg",141,"woman",5,1,0
"o0fstfd5repc","images/women/image_2689.jpg",142,"woman",3,1,0
"o0fstfd5repc","images/women/image_4770.jpg",143,"woman",3,1,0
"o0fstfd5repc","images/women/image_8388.jpg",144,"woman",4,3,1
"o0fstfd5repc","images/men/image_1875.jpg",145,"man",4,1,0
"o0fstfd5repc","images/men/image_3804.jpg",146,"man",5,1,0
"o0fstfd5repc","images/women/image_2264.jpg",147,"woman",5,2,1
"o0fstfd5repc","images/women/image_2136.jpg",148,"woman",4,1,0
"o0fstfd5repc","images/men/image_969.jpg",149,"man",4,1,0
"o0fstfd5repc","images/men/image_9855.jpg",150,"man",3,2,1
"o0fstfd5repc","images/women/image_86.jpg",151,"woman",5,4,1
"o0fstfd5repc","images/men/image_1224.jpg",152,"man",4,2,1
"o0fstfd5repc","images/men/image_833.jpg",153,"man",5,1,0
"o0fstfd5repc","images/women/image_9590.jpg",154,"woman",4,1,0
"o0fstfd5repc","images/women/image_3584.jpg",155,"woman",4,1,0
"o0fstfd5repc","images/women/image_2486.jpg",156,"woman",5,3,1
"o0fstfd5repc","images/men/image_4657.jpg",157,"man",3,1,0
"o0fstfd5repc","images/men/image_4979.jpg",158,"man",3,2,1
"o0fstfd5repc","images/men/image_9653.jpg",159,"man",4,2,1
"o0fstfd5repc","images/women/image_8510.jpg",160,"woman",3,2,1
"o0fstfd5repc","images/men/image_4951.jpg",161,"man",5,1,0
"o0fstfd5repc","images/women/image_5284.jpg",162,"woman",5,1,0
"o0fstfd5repc","images/women/image_1295.jpg",163,"woman",4,1,0
"o0fstfd5repc","images/women/image_1709.jpg",164,"woman",3,1,0
"o0fstfd5repc","images/men/image_752.jpg",165,"man",5,1,0
"o0fstfd5repc","images/women/image_9529.jpg",166,"woman",4,3,1
"o0fstfd5repc","images/men/image_9133.jpg",167,"man",5,1,0
"o0fstfd5repc","images/men/image_4927.jpg",168,"man",5,2,1
"lh9l7p4y12v9","images/men/image_4222.jpg",1,"man",5,1,0
"lh9l7p4y12v9","images/women/image_510.jpg",2,"woman",4,1,0
"lh9l7p4y12v9","images/women/image_4770.jpg",3,"woman",5,1,0
"lh9l7p4y12v9","images/men/image_9647.jpg",4,"man",4,4,1
"lh9l7p4y12v9","images/women/image_4988.jpg",5,"woman",5,4,1
"lh9l7p4y12v9","images/men/image_9727.jpg",6,"man",3,2,1
"lh9l7p4y12v9","images/men/image_6078.jpg",7,"man",3,2,1
"lh9l7p4y12v9","images/men/image_4466.jpg",8,"man",3,1,0
"lh9l7p4y12v9","images/women/image_60.jpg",9,"woman",4,1,0
"lh9l7p4y12v9","images/men/image_8650.jpg",10,"man",4,2,1
"lh9l7p4y12v9","images/women/image_1793.jpg",11,"woman",3,1,0
"lh9l7p4y12v9","images/women/image_2571.jpg",12,"woman",3,1,0
"lh9l7p4y12v9","images/women/image_3293.jpg",13,"woman",3,2,1
"lh9l7p4y12v9","images/women/image_2797.jpg",14,"woman",5,1,0
"lh9l7p4y12v9","images/men/image_480.jpg",15,"man",4,1,0
"lh9l7p4y12v9","images/men/image_4946.jpg",16,"man",3,1,0
"lh9l7p4y12v9","images/men/image_6019.jpg",17,"man",5,1,0
"lh9l7p4y12v9","images/men/image_3648.jpg",18,"man",4,1,0
"lh9l7p4y12v9","images/women/image_3450.jpg",19,"woman",5,1,0
"lh9l7p4y12v9","images/men/image_1620.jpg",20,"man",3,1,0
"lh9l7p4y12v9","images/men/image_4441.jpg",21,"man",4,2,1
"lh9l7p4y12v9","images/men/image_5445.jpg",22,"man",3,1,0
"lh9l7p4y12v9","images/women/image_1626.jpg",23,"woman",4,3,1
"lh9l7p4y12v9","images/men/image_5125.jpg",24,"man",5,1,0
"lh9l7p4y12v9","images/men/image_2693.jpg",25,"man",5,1,0
"lh9l7p4y12v9","images/men/image_3331.jpg",26,"man",3,1,0
"lh9l7p4y12v9","images/men/image_1139.jpg",27,"man",5,1,0
"lh9l7p4y12v9","images/women/image_5192.jpg",28,"woman",4,2,1
"lh9l7p4y12v9","images/women/image_9599.jpg",29,"woman",5,1,0
"lh9l7p4y12v9","images/women/image_3526.jpg",30,"woman",3,1,0
"lh9l7p4y12v9","images/women/image_494.jpg",31,"woman",3,1,0
"lh9l7p4y12v9","images/women/image_9973.jpg",32,"woman",4,1,0
"lh9l7p4y12v9","images/women/image_1623.jpg",33,"woman",3,1,0
"lh9l7p4y12v9","images/women/image_4965.jpg",34,"woman",5,3,1
"lh9l7p4y12v9","images/men/image_3757.jpg",35,"man",4,1,0
"lh9l7p4y12v9","images/women/image_5947.jpg",36,"woman",5,1,0
"lh9l7p4y12v9","images/men/image_3297.jpg",37,"man",5,1,0
"lh9l7p4y12v9","images/men/image_2884.jpg",38,"man",5,1,0
"lh9l7p4y12v9","images/men/image_3951.jpg",39,"man",4,1,0
"lh9l7p4y12v9","images/women/image_4577.jpg",40,"woman",4,4,1
"lh9l7p4y12v9","images/women/image_3330.jpg",41,"woman",4,2,1
"lh9l7p4y12v9","images/women/image_7876.jpg",42,"woman",3,2,1
"lh9l7p4y12v9","images/men/image_908.jpg",43,"man",4,2,1
"lh9l7p4y12v9","images/men/image_263.jpg",44,"man",3,1,0
"lh9l7p4y12v9","images/women/image_4243.jpg",45,"woman",4,4,1
"lh9l7p4y12v9","images/men/image_746.jpg",46,"man",3,1,0
"lh9l7p4y12v9","images/women/image_3049.jpg",47,"woman",4,3,1
"lh9l7p4y12v9","images/women/image_4492.jpg",48,"woman",4,1,0
"lh9l7p4y12v9","images/men/image_2773.jpg",49,"man",4,3,1
"lh9l7p4y12v9","images/women/image_4680.jpg",50,"woman",3,1,0
"lh9l7p4y12v9","images/women/image_3283.jpg",51,"woman",5,2,1
"lh9l7p4y12v9","images/men/image_9373.jpg",52,"man",3,2,1
"lh9l7p4y12v9","images/women/image_1665.jpg",53,"woman",4,3,1
"lh9l7p4y12v9","images/men/image_5436.jpg",54,"man",3,1,0
"lh9l7p4y12v9","images/women/image_1089.jpg",55,"woman",3,1,0
"lh9l7p4y12v9","images/women/image_2112.jpg",56,"woman",3,1,0
"lh9l7p4y12v9","images/women/image_9289.jpg",57,"woman",3,1,0
"lh9l7p4y12v9","images/men/image_1803.jpg",58,"man",3,1,0
"lh9l7p4y12v9","images/women/image_3557.jpg",59,"woman",5,3,1
"lh9l7p4y12v9","images/men/image_1875.jpg",60,"man",5,3,1
"lh9l7p4y12v9","images/women/image_8712.jpg",61,"woman",4,2,1
"lh9l7p4y12v9","images/men/image_5204.jpg",62,"man",4,1,0
"lh9l7p4y12v9","images/men/image_1865.jpg",63,"man",4,4,1
"lh9l7p4y12v9","images/women/image_1430.jpg",64,"woman",5,1,0
"lh9l7p4y12v9","images/women/image_4304.jpg",65,"woman",5,4,1
"lh9l7p4y12v9","images/men/image_4588.jpg",66,"man",4,4,1
"lh9l7p4y12v9","images/men/image_8648.jpg",67,"man",4,1,0
"lh9l7p4y12v9","images/men/image_4998.jpg",68,"man",4,1,0
"lh9l7p4y12v9","images/men/image_1016.jpg",69,"man",3,1,0
"lh9l7p4y12v9","images/men/image_5296.jpg",70,"man",5,2,1
"lh9l7p4y12v9","images/women/image_8297.jpg",71,"woman",4,1,0
"lh9l7p4y12v9","images/men/image_5422.jpg",72,"man",5,3,1
"lh9l7p4y12v9","images/women/image_9529.jpg",73,"woman",3,1,0
"lh9l7p4y12v9","images/men/image_4591.jpg",74,"man",5,1,0
"lh9l7p4y12v9","images/women/image_1283.jpg",75,"woman",4,3,1
"lh9l7p4y12v9","images/women/image_4564.jpg",76,"woman",5,1,0
"lh9l7p4y12v9","images/men/image_4643.jpg",77,"man",5,4,1
"lh9l7p4y12v9","images/men/image_1785.jpg",78,"man",5,1,0
"lh9l7p4y12v9","images/women/image_9904.jpg",79,"woman",5,1,0
"lh9l7p4y12v9","images/women/image_6010.jpg",80,"woman",3,1,0
"lh9l7p4y12v9","images/men/image_1431.jpg",81,"man",5,1,0
"lh9l7p4y12v9","images/men/image_3792.jpg",82,"man",3,1,0
"lh9l7p4y12v9","images/women/image_9383.jpg",83,"woman",3,1,0
"lh9l7p4y12v9","images/women/image_5198.jpg",84,"woman",5,2,1
"lh9l7p4y12v9","images/women/image_3158.jpg",85,"woman",3,1,0
"lh9l7p4y12v9","images/women/image_8323.jpg",86,"woman",3,1,0
"lh9l7p4y12v9","images/women/image_436.jpg",87,"woman",4,3,1
"lh9l7p4y12v9","images/women/image_2008.jpg",88,"woman",4,1,0
"lh9l7p4y12v9","images/men/image_2479.jpg",89,"man",4,4,1
"lh9l7p4y12v9","images/women/image_5177.jpg",90,"woman",4,1,0
"lh9l7p4y12v9","images/women/image_290.jpg",91,"woman",5,1,0
"lh9l7p4y12v9","images/women/image_4899.jpg",92,"woman",4,1,0
"lh9l7p4y12v9","images/women/image_3179.jpg",93,"woman",5,3,1
"lh9l7p4y12v9","images/men/image_9577.jpg",94,"man",3,1,0
"lh9l7p4y12v9","images/women/image_5550.jpg",95,"woman",4,3,1
"lh9l7p4y12v9","images/women/image_672.jpg",96,"woman",4,3,1
"lh9l7p4y12v9","images/men/image_3404.jpg",97,"man",4,3,1
"lh9l7p4y12v9","images/women/image_4311.jpg",98,"woman",3,1,0
"lh9l7p4y12v9","images/men/image_1962.jpg",99,"man",3,1,0
"lh9l7p4y12v9","images/women/image_4163.jpg",100,"woman",5,3,1
"lh9l7p4y12v9","images/women/image_86.jpg",101,"woman",3,1,0
"lh9l7p4y12v9","images/women/image_9609.jpg",102,"woman",3,1,0
"lh9l7p4y12v9","images/men/image_3656.jpg",103,"man",5,1,0
"lh9l7p4y12v9","images/men/image_2152.jpg",104,"man",4,1,0
"lh9l7p4y12v9","images/women/image_719.jpg",105,"woman",5,1,0
"lh9l7p4y12v9","images/women/image_9088.jpg",106,"woman",5,5,1
"lh9l7p4y12v9","images/women/image_8299.jpg",107,"woman",5,1,0
"lh9l7p4y12v9","images/men/image_774.jpg",108,"man",3,2,1
"lh9l7p4y12v9","images/men/image_415.jpg",109,"man",4,3,1
"lh9l7p4y12v9","images/men/image_8464.jpg",110,"man",4,1,0
"lh9l7p4y12v9","images/men/image_4963.jpg",111,"man",3,2,1
"lh9l7p4y12v9","images/men/image_1585.jpg",112,"man",3,3,1
"lh9l7p4y12v9","images/men/image_5709.jpg",113,"man",4,4,1
"lh9l7p4y12v9","images/men/image_3227.jpg",114,"man",4,1,0
"lh9l7p4y12v9","images/men/image_775.jpg",115,"man",5,3,1
"lh9l7p4y12v9","images/women/image_1127.jpg",116,"woman",5,3,1
"lh9l7p4y12v9","images/men/image_3240.jpg",117,"man",5,4,1
"lh9l7p4y12v9","images/men/image_4401.jpg",118,"man",5,2,1
"lh9l7p4y12v9","images/men/image_5.jpg",119,"man",5,1,0
"lh9l7p4y12v9","images/men/image_3625.jpg",120,"man",3,2,1
"lh9l7p4y12v9","images/women/image_5284.jpg",121,"woman",4,3,1
"lh9l7p4y12v9","images/women/image_5396.jpg",122,"woman",3,3,1
"lh9l7p4y12v9","images/women/image_1367.jpg",123,"woman",3,2,1
"lh9l7p4y12v9","images/men/image_9852.jpg",124,"man",5,3,1
"lh9l7p4y12v9","images/men/image_741.jpg",125,"man",5,5,1
"lh9l7p4y12v9","images/men/image_4135.jpg",126,"man",3,1,0
"lh9l7p4y12v9","images/men/image_1928.jpg",127,"man",5,5,1
"lh9l7p4y12v9","images/women/image_3867.jpg",128,"woman",4,2,1
"lh9l7p4y12v9","images/men/image_4287.jpg",129,"man",4,1,0
"lh9l7p4y12v9","images/men/image_3666.jpg",130,"man",4,1,0
"lh9l7p4y12v9","images/men/image_3612.jpg",131,"man",4,3,1
"lh9l7p4y12v9","images/women/image_8992.jpg",132,"woman",4,1,0
"lh9l7p4y12v9","images/women/image_7888.jpg",133,"woman",5,2,1
"lh9l7p4y12v9","images/women/image_302.jpg",134,"woman",5,3,1
"lh9l7p4y12v9","images/women/image_8449.jpg",135,"woman",3,3,1
"lh9l7p4y12v9","images/women/image_1567.jpg",136,"woman",4,4,1
"lh9l7p4y12v9","images/women/image_8622.jpg",137,"woman",5,2,1
"lh9l7p4y12v9","images/men/image_5272.jpg",138,"man",5,2,1
"lh9l7p4y12v9","images/men/image_337.jpg",139,"man",5,4,1
"lh9l7p4y12v9","images/women/image_1593.jpg",140,"woman",4,1,0
"lh9l7p4y12v9","images/men/image_1835.jpg",141,"man",3,1,0
"lh9l7p4y12v9","images/women/image_1468.jpg",142,"woman",5,3,1
"lh9l7p4y12v9","images/men/image_9676.jpg",143,"man",3,1,0
"lh9l7p4y12v9","images/women/image_5124.jpg",144,"woman",5,3,1
"lh9l7p4y12v9","images/women/image_4089.jpg",145,"woman",4,4,1
"lh9l7p4y12v9","images/women/image_3010.jpg",146,"woman",3,1,0
"lh9l7p4y12v9","images/men/image_3004.jpg",147,"man",5,1,0
"lh9l7p4y12v9","images/men/image_16.jpg",148,"man",3,1,0
"lh9l7p4y12v9","images/men/image_2233.jpg",149,"man",4,1,0
"lh9l7p4y12v9","images/men/image_2588.jpg",150,"man",5,5,1
"lh9l7p4y12v9","images/women/image_110.jpg",151,"woman",3,2,1
"lh9l7p4y12v9","images/women/image_3524.jpg",152,"woman",3,2,1
"lh9l7p4y12v9","images/women/image_3267.jpg",153,"woman",5,1,0
"lh9l7p4y12v9","images/women/image_9673.jpg",154,"woman",3,3,1
"lh9l7p4y12v9","images/women/image_2077.jpg",155,"woman",3,1,0
"lh9l7p4y12v9","images/men/image_8547.jpg",156,"man",3,2,1
"lh9l7p4y12v9","images/men/image_8423.jpg",157,"man",3,3,1
"lh9l7p4y12v9","images/men/image_2812.jpg",158,"man",4,4,1
"lh9l7p4y12v9","images/men/image_833.jpg",159,"man",4,1,0
"lh9l7p4y12v9","images/women/image_4532.jpg",160,"woman",5,1,0
"lh9l7p4y12v9","images/women/image_8801.jpg",161,"woman",3,1,0
"lh9l7p4y12v9","images/women/image_3736.jpg",162,"woman",4,1,0
"lh9l7p4y12v9","images/men/image_5794.jpg",163,"man",5,1,0
"lh9l7p4y12v9","images/men/image_3473.jpg",164,"man",4,3,1
"lh9l7p4y12v9","images/women/image_9769.jpg",165,"woman",4,1,0
"lh9l7p4y12v9","images/men/image_1235.jpg",166,"man",5,1,0
"lh9l7p4y12v9","images/men/image_4185.jpg",167,"man",3,1,0
"lh9l7p4y12v9","images/men/image_4882.jpg",168,"man",3,3,1
"lqc4n6qe1j9n","images/men/image_2621.jpg",1,"man",5,3,1
"lqc4n6qe1j9n","images/women/image_740.jpg",2,"woman",5,1,0
"lqc4n6qe1j9n","images/women/image_7749.jpg",3,"woman",3,1,0
"lqc4n6qe1j9n","images/men/image_1971.jpg",4,"man",3,3,1
"lqc4n6qe1j9n","images/men/image_8677.jpg",5,"man",3,1,0
"lqc4n6qe1j9n","images/men/image_9855.jpg",6,"man",4,1,0
"lqc4n6qe1j9n","images/women/image_9268.jpg",7,"woman",5,1,0
"lqc4n6qe1j9n","images/women/image_4089.jpg",8,"woman",5,5,1
"lqc4n6qe1j9n","images/men/image_156.jpg",9,"man",5,1,0
"lqc4n6qe1j9n","images/men/image_8553.jpg",10,"man",3,1,0
"lqc4n6qe1j9n","images/women/image_960.jpg",11,"woman",4,1,0
"lqc4n6qe1j9n","images/men/image_8689.jpg",12,"man",5,1,0
"lqc4n6qe1j9n","images/women/image_9800.jpg",13,"woman",3,1,0
"lqc4n6qe1j9n","images/men/image_801.jpg",14,"man",4,4,1
"lqc4n6qe1j9n","images/men/image_8467.jpg",15,"man",3,1,0
"lqc4n6qe1j9n","images/men/image_9933.jpg",16,"man",3,3,1
"lqc4n6qe1j9n","images/men/image_685.jpg",17,"man",4,1,0
"lqc4n6qe1j9n","images/women/image_2631.jpg",18,"woman",3,1,0
"lqc4n6qe1j9n","images/men/image_9919.jpg",19,"man",4,1,0
"lqc4n6qe1j9n","images/men/image_2695.jpg",20,"man",5,2,1
"lqc4n6qe1j9n","images/women/image_7955.jpg",21,"woman",3,2,1
"lqc4n6qe1j9n","images/men/image_3785.jpg",22,"man",3,2,1
"lqc4n6qe1j9n","images/men/image_230.jpg",23,"man",4,3,1
"lqc4n6qe1j9n","images/women/image_9599.jpg",24,"woman",3,2,1
"lqc4n6qe1j9n","images/women/image_5198.jpg",25,"woman",4,1,0
"lqc4n6qe1j9n","images/men/image_1835.jpg",26,"man",5,4,1
"lqc4n6qe1j9n","images/women/image_5229.jpg",27,"woman",4,2,1
"lqc4n6qe1j9n","images/women/image_5289.jpg",28,"woman",4,1,0
"lqc4n6qe1j9n","images/men/image_5620.jpg",29,"man",4,3,1
"lqc4n6qe1j9n","images/women/image_8537.jpg",30,"woman",5,3,1
"lqc4n6qe1j9n","images/women/image_2051.jpg",31,"woman",5,2,1
"lqc4n6qe1j9n","images/men/image_683.jpg",32,"man",5,2,1
"lqc4n6qe1j9n","images/women/image_4597.jpg",33,"woman",5,4,1
"lqc4n6qe1j9n","images/men/image_4998.jpg",34,"man",5,4,1
"lqc4n6qe1j9n","images/women/image_1626.jpg",35,"woman",3,1,0
"lqc4n6qe1j9n","images/women/image_3536.jpg",36,"woman",5,1,0
"lqc4n6qe1j9n","images/women/image_1929.jpg",37,"woman",4,2,1
"lqc4n6qe1j9n","images/men/image_746.jpg",38,"man",4,1,0
"lqc4n6qe1j9n","images/men/image_9775.jpg",39,"man",3,1,0
"lqc4n6qe1j9n","images/women/image_1064.jpg",40,"woman",4,1,0
"lqc4n6qe1j9n","images/women/image_9232.jpg",41,"woman",3,3,1
"lqc4n6qe1j9n","images/women/image_6153.jpg",42,"woman",4,1,0
"lqc4n6qe1j9n","images/men/image_9791.jpg",43,"man",3,2,1
"lqc4n6qe1j9n","images/men/image_2417.jpg",44,"man",4,3,1
"lqc4n6qe1j9n","images/men/image_9852.jpg",45,"man",4,1,0
"lqc4n6qe1j9n","images/men/image_1768.jpg",46,"man",5,4,1
"lqc4n6qe1j9n","images/women/image_2065.jpg",47,"woman",5,1,0
"lqc4n6qe1j9n","images/men/image_9647.jpg",48,"man",5,1,0
"lqc4n6qe1j9n","images/women/image_9627.jpg",49,"woman",3,2,1
"lqc4n6qe1j9n","images/women/image_1665.jpg",50,"woman",4,1,0
"lqc4n6qe1j9n","images/women/image_8801.jpg",51,"woman",4,3,1
"lqc4n6qe1j9n","images/women/image_8483.jpg",52,"woman",5,2,1
"lqc4n6qe1j9n","images/men/image_1129.jpg",53,"man",3,3,1
"lqc4n6qe1j9n","images/women/image_2486.jpg",54,"woman",3,2,1
"lqc4n6qe1j9n","images/men/image_1928.jpg",55,"man",3,2,1
"lqc4n6qe1j9n","images/men/image_2588.jpg",56,"man",5,2,1
"lqc4n6qe1j9n","images/women/image_1867.jpg",57,"woman",5,5,1
"lqc4n6qe1j9n","images/women/image_2215.jpg",58,"woman",4,1,0
"lqc4n6qe1j9n","images/women/image_1884.jpg",59,"woman",3,1,0
"lqc4n6qe1j9n","images/women/image_8733.jpg",60,"woman",5,1,0
"lqc4n6qe1j9n","images/men/image_600.jpg",61,"man",4,3,1
"lqc4n6qe1j9n","images/men/image_443.jpg",62,"man",4,1,0
"lqc4n6qe1j9n","images/women/image_8323.jpg",63,"woman",3,1,0
"lqc4n6qe1j9n","images/men/image_2825.jpg",64,"man",5,3,1
"lqc4n6qe1j9n","images/men/image_10.jpg",65,"man",3,3,1
"lqc4n6qe1j9n","images/men/image_2812.jpg",66,"man",3,2,1
"lqc4n6qe1j9n","images/men/image_592.jpg",67,"man",5,5,1
"lqc4n6qe1j9n","images/men/image_4946.jpg",68,"man",5,3,1
"lqc4n6qe1j9n","images/men/image_2378.jpg",69,"man",3,3,1
"lqc4n6qe1j9n","images/women/image_355.jpg",70,"woman",3,2,1
"lqc4n6qe1j9n","images/women/image_3807.jpg",71,"woman",3,1,0
"lqc4n6qe1j9n","images/women/image_3434.jpg",72,"woman",3,2,1
"lqc4n6qe1j9n","images/men/image_5125.jpg",73,"man",3,1,0
"lqc4n6qe1j9n","images/women/image_3389.jpg",74,"woman",5,1,0
"lqc4n6qe1j9n","images/women/image_2801.jpg",75,"woman",5,1,0
"lqc4n6qe1j9n","images/women/image_1905.jpg",76,"woman",4,2,1
"lqc4n6qe1j9n","images/men/image_3804.jpg",77,"man",4,4,1
"lqc4n6qe1j9n","images/men/image_169.jpg",78,"man",4,2,1
"lqc4n6qe1j9n","images/men/image_3794.jpg",79,"man",5,3,1
"lqc4n6qe1j9n","images/women/image_4943.jpg",80,"woman",4,1,0
"lqc4n6qe1j9n","images/men/image_8837.jpg",81,"man",4,2,1
"lqc4n6qe1j9n","images/women/image_1533.jpg",82,"woman",4,3,1
"lqc4n6qe1j9n","images/women/image_8574.jpg",83,"woman",5,5,1
"lqc4n6qe1j9n","images/women/image_4000.jpg",84,"woman",4,4,1
"lqc4n6qe1j9n","images/men/image_3914.jpg",85,"man",3,2,1
"lqc4n6qe1j9n","images/men/image_90.jpg",86,"man",4,2,1
"lqc4n6qe1j9n","images/women/image_2136.jpg",87,"woman",4,2,1
"lqc4n6qe1j9n","images/men/image_1645.jpg",88,"man",5,1,0
"lqc4n6qe1j9n","images/men/image_4683.jpg",89,"man",3,1,0
"lqc4n6qe1j9n","images/men/image_3573.jpg",90,"man",3,1,0
"lqc4n6qe1j9n","images/women/image_4827.jpg",91,"woman",4,3,1
"lqc4n6qe1j9n","images/women/image_8880.jpg",92,"woman",3,1,0
"lqc4n6qe1j9n","images/women/image_3611.jpg",93,"woman",5,4,1
"lqc4n6qe1j9n","images/men/image_9109.jpg",94,"man",4,4,1
"lqc4n6qe1j9n","images/men/image_5577.jpg",95,"man",4,1,0
"lqc4n6qe1j9n","images/men/image_1854.jpg",96,"man",3,2,1
"lqc4n6qe1j9n","images/men/image_2586.jpg",97,"man",4,3,1
"lqc4n6qe1j9n","images/men/image_676.jpg",98,"man",5,1,0
"lqc4n6qe1j9n","images/women/image_945.jpg",99,"woman",3,1,0
"lqc4n6qe1j9n","images/men/image_1272.jpg",100,"man",3,3,1
"lqc4n6qe1j9n","images/women/image_793.jpg",101,"woman",5,4,1
"lqc4n6qe1j9n","images/men/image_2570.jpg",102,"man",5,4,1
"lqc4n6qe1j9n","images/women/image_3448.jpg",103,"woman",4,1,0
"lqc4n6qe1j9n","images/men/image_5436.jpg",104,"man",4,1,0
"lqc4n6qe1j9n","images/men/image_4222.jpg",105,"man",5,5,1
"lqc4n6qe1j9n","images/women/image_494.jpg",106,"woman",3,1,0
"lqc4n6qe1j9n","images/men/image_5595.jpg",107,"man",4,2,1
"lqc4n6qe1j9n","images/women/image_1295.jpg",108,"woman",5,2,1
"lqc4n6qe1j9n","images/women/image_6010.jpg",109,"woman",4,1,0
"lqc4n6qe1j9n","images/women/image_764.jpg",110,"woman",5,4,1
"lqc4n6qe1j9n","images/women/image_2806.jpg",111,"woman",5,2,1
"lqc4n6qe1j9n","images/women/image_295.jpg",112,"woman",4,1,0
"lqc4n6qe1j9n","images/women/image_1314.jpg",113,"woman",3,1,0
"lqc4n6qe1j9n","images/women/image_947.jpg",114,"woman",3,1,0
"lqc4n6qe1j9n","images/women/image_1367.jpg",115,"woman",4,2,1
"lqc4n6qe1j9n","images/women/image_9345.jpg",116,"woman",3,3,1
"lqc4n6qe1j9n","images/men/image_4644.jpg",117,"man",5,5,1
"lqc4n6qe1j9n","images/men/image_179.jpg",118,"man",5,4,1
"lqc4n6qe1j9n","images/men/image_2180.jpg",119,"man",5,2,1
"lqc4n6qe1j9n","images/women/image_1520.jpg",120,"woman",5,2,1
"lqc4n6qe1j9n","images/men/image_4457.jpg",121,"man",4,2,1
"lqc4n6qe1j9n","images/men/image_3648.jpg",122,"man",3,3,1
"lqc4n6qe1j9n","images/women/image_4668.jpg",123,"woman",5,1,0
"lqc4n6qe1j9n","images/women/image_6220.jpg",124,"woman",3,1,0
"lqc4n6qe1j9n","images/women/image_549.jpg",125,"woman",4,2,1
"lqc4n6qe1j9n","images/men/image_2851.jpg",126,"man",3,1,0
"lqc4n6qe1j9n","images/women/image_3279.jpg",127,"woman",5,2,1
"lqc4n6qe1j9n","images/men/image_1310.jpg",128,"man",3,2,1
"lqc4n6qe1j9n","images/women/image_7914.jpg",129,"woman",4,2,1
"lqc4n6qe1j9n","images/women/image_3179.jpg",130,"woman",4,1,0
"lqc4n6qe1j9n","images/women/image_3584.jpg",131,"woman",3,2,1
"lqc4n6qe1j9n","images/women/image_4338.jpg",132,"woman",3,1,0
"lqc4n6qe1j9n","images/men/image_2153.jpg",133,"man",5,2,1
"lqc4n6qe1j9n","images/women/image_8739.jpg",134,"woman",4,1,0
"lqc4n6qe1j9n","images/women/image_2016.jpg",135,"woman",3,2,1
"lqc4n6qe1j9n","images/women/image_6344.jpg",136,"woman",5,2,1
"lqc4n6qe1j9n","images/men/image_973.jpg",137,"man",4,2,1
"lqc4n6qe1j9n","images/men/image_9403.jpg",138,"man",3,3,1
"lqc4n6qe1j9n","images/women/image_1590.jpg",139,"woman",4,2,1
"lqc4n6qe1j9n","images/men/image_2651.jpg",140,"man",5,3,1
"lqc4n6qe1j9n","images/women/image_565.jpg",141,"woman",4,4,1
"lqc4n6qe1j9n","images/men/image_1235.jpg",142,"man",4,4,1
"lqc4n6qe1j9n","images/men/image_9727.jpg",143,"man",3,3,1
"lqc4n6qe1j9n","images/men/image_1751.jpg",144,"man",4,2,1
"lqc4n6qe1j9n","images/women/image_9482.jpg",145,"woman",5,1,0
"lqc4n6qe1j9n","images/men/image_6148.jpg",146,"man",4,1,0
"lqc4n6qe1j9n","images/men/image_833.jpg",147,"man",5,4,1
"lqc4n6qe1j9n","images/women/image_3883.jpg",148,"woman",3,3,1
"lqc4n6qe1j9n","images/men/image_3029.jpg",149,"man",5,3,1
"lqc4n6qe1j9n","images/women/image_4509.jpg",150,"woman",5,3,1
"lqc4n6qe1j9n","images/women/image_4586.jpg",151,"woman",5,1,0
"lqc4n6qe1j9n","images/women/image_5124.jpg",152,"woman",4,2,1
"lqc4n6qe1j9n","images/men/image_961.jpg",153,"man",5,4,1
"lqc4n6qe1j9n","images/women/image_6340.jpg",154,"woman",3,1,0
"lqc4n6qe1j9n","images/men/image_4524.jpg",155,"man",5,4,1
"lqc4n6qe1j9n","images/men/image_1889.jpg",156,"man",4,1,0
"lqc4n6qe1j9n","images/women/image_8535.jpg",157,"woman",3,2,1
"lqc4n6qe1j9n","images/women/image_33.jpg",158,"woman",5,1,0
"lqc4n6qe1j9n","images/men/image_3404.jpg",159,"man",3,2,1
"lqc4n6qe1j9n","images/men/image_5145.jpg",160,"man",3,3,1
"lqc4n6qe1j9n","images/women/image_5502.jpg",161,"woman",3,3,1
"lqc4n6qe1j9n","images/women/image_1513.jpg",162,"woman",4,1,0
"lqc4n6qe1j9n","images/men/image_1598.jpg",163,"man",4,2,1
"lqc4n6qe1j9n","images/men/image_4466.jpg",164,"man",3,1,0
"lqc4n6qe1j9n","images/women/image_9904.jpg",165,"woman",5,2,1
"lqc4n6qe1j9n","images/men/image_4013.jpg",166,"man",5,2,1
"lqc4n6qe1j9n","images/men/image_4972.jpg",167,"man",4,4,1
"lqc4n6qe1j9n","images/men/image_1115.jpg",168,"man",3,1,0
"adszzpdjjeuv","images/women/image_9723.jpg",1,"woman",5,4,1
"adszzpdjjeuv","images/men/image_8994.jpg",2,"man",3,1,0
"adszzpdjjeuv","images/men/image_2417.jpg",3,"man",5,2,1
"adszzpdjjeuv","images/men/image_3227.jpg",4,"man",5,5,1
"adszzpdjjeuv","images/men/image_3835.jpg",5,"man",5,1,0
"adszzpdjjeuv","images/men/image_122.jpg",6,"man",3,1,0
"adszzpdjjeuv","images/women/image_3536.jpg",7,"woman",4,4,1
"adszzpdjjeuv","images/women/image_3996.jpg",8,"woman",5,4,1
"adszzpdjjeuv","images/women/image_1994.jpg",9,"woman",3,1,0
"adszzpdjjeuv","images/women/image_2319.jpg",10,"woman",5,1,0
"adszzpdjjeuv","images/men/image_3656.jpg",11,"man",5,5,1
"adszzpdjjeuv","images/men/image_9917.jpg",12,"man",4,2,1
"adszzpdjjeuv","images/men/image_3804.jpg",13,"man",3,3,1
"adszzpdjjeuv","images/men/image_5238.jpg",14,"man",5,1,0
"adszzpdjjeuv","images/men/image_16.jpg",15,"man",3,1,0
"adszzpdjjeuv","images/women/image_1127.jpg",16,"woman",3,2,1
"adszzpdjjeuv","images/women/image_5592.jpg",17,"woman",5,1,0
"adszzpdjjeuv","images/women/image_9448.jpg",18,"woman",3,2,1
"adszzpdjjeuv","images/men/image_2465.jpg",19,"man",4,1,0
"adszzpdjjeuv","images/men/image_683.jpg",20,"man",4,2,1
"adszzpdjjeuv","images/men/image_337.jpg",21,"man",4,1,0
"adszzpdjjeuv","images/women/image_3524.jpg",22,"woman",3,1,0
"adszzpdjjeuv","images/women/image_8346.jpg",23,"woman",4,2,1
"adszzpdjjeuv","images/men/image_2207.jpg",24,"man",4,4,1
"adszzpdjjeuv","images/women/image_3582.jpg",25,"woman",3,1,0
"adszzpdjjeuv","images/women/image_1929.jpg",26,"woman",4,1,0
"adszzpdjjeuv","images/women/image_3021.jpg",27,"woman",5,2,1
"adszzpdjjeuv","images/men/image_3240.jpg",28,"man",5,2,1
"adszzpdjjeuv","images/women/image_8338.jpg",29,"woman",5,4,1
"adszzpdjjeuv","images/women/image_8731.jpg",30,"woman",4,2,1
"adszzpdjjeuv","images/women/image_764.jpg",31,"woman",4,1,0
"adszzpdjjeuv","images/women/image_3599.jpg",32,"woman",4,4,1
"adszzpdjjeuv","images/men/image_2026.jpg",33,"man",3,1,0
"adszzpdjjeuv","images/women/image_4558.jpg",34,"woman",3,3,1
"adszzpdjjeuv","images/women/image_4622.jpg",35,"woman",3,3,1
"adszzpdjjeuv","images/men/image_1667.jpg",36,"man",5,3,1
"adszzpdjjeuv","images/men/image_2586.jpg",37,"man",4,2,1
"adszzpdjjeuv","images/men/image_2605.jpg",38,"man",3,2,1
"adszzpdjjeuv","images/men/image_3864.jpg",39,"man",4,1,0
"adszzpdjjeuv","images/men/image_4479.jpg",40,"man",3,1,0
"adszzpdjjeuv","images/women/image_9720.jpg",41,"woman",4,1,0
"adszzpdjjeuv","images/women/image_8393.jpg",42,"woman",5,1,0
"adszzpdjjeuv","images/women/image_302.jpg",43,"woman",5,1,0
"adszzpdjjeuv","images/men/image_741.jpg",44,"man",4,2,1
"adszzpdjjeuv","images/men/image_8956.jpg",45,"man",4,1,0
"adszzpdjjeuv","images/women/image_3206.jpg",46,"woman",3,1,0
"adszzpdjjeuv","images/men/image_8423.jpg",47,"man",5,5,1
"adszzpdjjeuv","images/women/image_1264.jpg",48,"woman",5,1,0
"adszzpdjjeuv","images/men/image_8582.jpg",49,"man",4,2,1
"adszzpdjjeuv","images/men/image_1751.jpg",50,"man",4,3,1
"adszzpdjjeuv","images/women/image_4311.jpg",51,"woman",4,3,1
"adszzpdjjeuv","images/women/image_84.jpg",52,"woman",3,2,1
"adszzpdjjeuv","images/women/image_4240.jpg",53,"woman",3,1,0
"adszzpdjjeuv","images/men/image_480.jpg",54,"man",5,1,0
"adszzpdjjeuv","images/men/image_3687.jpg",55,"man",3,1,0
"adszzpdjjeuv","images/men/image_2570.jpg",56,"man",4,4,1
"adszzpdjjeuv","images/men/image_90.jpg",57,"man",4,4,1
"adszzpdjjeuv","images/men/image_1889.jpg",58,"man",5,1,0
"adszzpdjjeuv","images/women/image_6041.jpg",59,"woman",3,1,0
"adszzpdjjeuv","images/women/image_5947.jpg",60,"woman",4,1,0
"adszzpdjjeuv","images/men/image_3558.jpg",61,"man",3,3,1
"adszzpdjjeuv","images/women/image_1314.jpg",62,"woman",3,1,0
"adszzpdjjeuv","images/women/image_290.jpg",63,"woman",3,3,1
"adszzpdjjeuv","images/women/image_5240.jpg",64,"woman",5,1,0
"adszzpdjjeuv","images/women/image_4435.jpg",65,"woman",5,1,0
"adszzpdjjeuv","images/women/image_4827.jpg",66,"woman",5,4,1
"adszzpdjjeuv","images/women/image_2215.jpg",67,"woman",5,1,0
"adszzpdjjeuv","images/women/image_3791.jpg",68,"woman",3,2,1
"adszzpdjjeuv","images/women/image_554.jpg",69,"woman",4,1,0
"adszzpdjjeuv","images/men/image_3830.jpg",70,"man",5,1,0
"adszzpdjjeuv","images/women/image_8684.jpg",71,"woman",4,3,1
"adszzpdjjeuv","images/men/image_383.jpg",72,"man",5,1,0
"adszzpdjjeuv","images/men/image_4591.jpg",73,"man",3,1,0
"adszzpdjjeuv","images/men/image_2819.jpg",74,"man",3,3,1
"adszzpdjjeuv","images/women/image_8590.jpg",75,"woman",5,1,0
"adszzpdjjeuv","images/men/image_2192.jpg",76,"man",5,3,1
"adszzpdjjeuv","images/women/image_2993.jpg",77,"woman",4,3,1
"adszzpdjjeuv","images/women/image_1367.jpg",78,"woman",4,3,1
"adszzpdjjeuv","images/men/image_4815.jpg",79,"man",5,5,1
"adszzpdjjeuv","images/men/image_1885.jpg",80,"man",3,3,1
"adszzpdjjeuv","images/women/image_9590.jpg",81,"woman",4,1,0
"adszzpdjjeuv","images/men/image_338.jpg",82,"man",3,1,0
"adszzpdjjeuv","images/men/image_3124.jpg",83,"man",3,3,1
"adszzpdjjeuv","images/men/image_9933.jpg",84,"man",4,1,0
"adszzpdjjeuv","images/women/image_8682.jpg",85,"woman",3,1,0
"adszzpdjjeuv","images/men/image_9155.jpg",86,"man",4,2,1
"adszzpdjjeuv","images/men/image_2180.jpg",87,"man",5,2,1
"adszzpdjjeuv","images/women/image_9274.jpg",88,"woman",5,5,1
"adszzpdjjeuv","images/men/image_1620.jpg",89,"man",4,1,0
"adszzpdjjeuv","images/women/image_5498.jpg",90,"woman",3,1,0
"adszzpdjjeuv","images/men/image_2378.jpg",91,"man",5,4,1
"adszzpdjjeuv","images/women/image_3075.jpg",92,"woman",5,3,1
"adszzpdjjeuv","images/women/image_838.jpg",93,"woman",4,2,1
"adszzpdjjeuv","images/women/image_4261.jpg",94,"woman",4,2,1
"adszzpdjjeuv","images/men/image_1971.jpg",95,"man",5,4,1
"adszzpdjjeuv","images/men/image_584.jpg",96,"man",4,3,1
"adszzpdjjeuv","images/women/image_858.jpg",97,"woman",3,3,1
"adszzpdjjeuv","images/men/image_614.jpg",98,"man",5,1,0
"adszzpdjjeuv","images/men/image_4316.jpg",99,"man",5,4,1
"adszzpdjjeuv","images/women/image_1364.jpg",100,"woman",4,4,1
"adszzpdjjeuv","images/women/image_8877.jpg",101,"woman",5,2,1
"adszzpdjjeuv","images/men/image_3951.jpg",102,"man",3,1,0
"adszzpdjjeuv","images/women/image_4351.jpg",103,"woman",3,3,1
"adszzpdjjeuv","images/men/image_9600.jpg",104,"man",4,3,1
"adszzpdjjeuv","images/men/image_5330.jpg",105,"man",3,2,1
"adszzpdjjeuv","images/men/image_612.jpg",106,"man",4,4,1
"adszzpdjjeuv","images/women/image_4444.jpg",107,"woman",4,1,0
"adszzpdjjeuv","images/men/image_559.jpg",108,"man",3,3,1
"adszzpdjjeuv","images/women/image_5396.jpg",109,"woman",4,2,1
"adszzpdjjeuv","images/women/image_8727.jpg",110,"woman",3,1,0
"adszzpdjjeuv","images/men/image_169.jpg",111,"man",4,2,1
"adszzpdjjeuv","images/women/image_3736.jpg",112,"woman",3,3,1
"adszzpdjjeuv","images/women/image_9570.jpg",113,"woman",4,2,1
"adszzpdjjeuv","images/women/image_1240.jpg",114,"woman",5,2,1
"adszzpdjjeuv","images/women/image_2797.jpg",115,"woman",5,4,1
"adszzpdjjeuv","images/women/image_4331.jpg",116,"woman",3,1,0
"adszzpdjjeuv","images/men/image_3573.jpg",117,"man",5,4,1
"adszzpdjjeuv","images/men/image_5272.jpg",118,"man",3,1,0
"adszzpdjjeuv","images/men/image_730.jpg",119,"man",3,3,1
"adszzpdjjeuv","images/women/image_9377.jpg",120,"woman",5,1,0
"adszzpdjjeuv","images/men/image_4942.jpg",121,"man",3,3,1
"adszzpdjjeuv","images/men/image_8654.jpg",122,"man",5,5,1
"adszzpdjjeuv","images/men/image_283.jpg",123,"man",3,1,0
"adszzpdjjeuv","images/women/image_1684.jpg",124,"woman",4,4,1
"adszzpdjjeuv","images/men/image_961.jpg",125,"man",4,2,1
"adszzpdjjeuv","images/women/image_2873.jpg",126,"woman",5,2,1
"adszzpdjjeuv","images/men/image_3110.jpg",127,"man",3,1,0
"adszzpdjjeuv","images/men/image_5472.jpg",128,"man",5,2,1
"adszzpdjjeuv","images/men/image_2588.jpg",129,"man",5,3,1
"adszzpdjjeuv","images/women/image_788.jpg",130,"woman",5,1,0
"adszzpdjjeuv","images/women/image_2412.jpg",131,"woman",3,1,0
"adszzpdjjeuv","images/men/image_746.jpg",132,"man",4,2,1
"adszzpdjjeuv","images/men/image_4841.jpg",133,"man",3,1,0
"adszzpdjjeuv","images/women/image_9345.jpg",134,"woman",3,1,0
"adszzpdjjeuv","images/women/image_9665.jpg",135,"woman",4,1,0
"adszzpdjjeuv","images/women/image_7749.jpg",136,"woman",4,1,0
"adszzpdjjeuv","images/women/image_1295.jpg",137,"woman",4,1,0
"adszzpdjjeuv","images/men/image_3358.jpg",138,"man",4,2,1
"adszzpdjjeuv","images/women/image_333.jpg",139,"woman",5,1,0
"adszzpdjjeuv","images/women/image_7819.jpg",140,"woman",3,1,0
"adszzpdjjeuv","images/women/image_8606.jpg",141,"woman",3,1,0
"adszzpdjjeuv","images/men/image_341.jpg",142,"man",4,1,0
"adszzpdjjeuv","images/men/image_1331.jpg",143,"man",3,2,1
"adszzpdjjeuv","images/men/image_9226.jpg",144,"man",4,1,0
"adszzpdjjeuv","images/men/image_5296.jpg",145,"man",5,4,1
"adszzpdjjeuv","images/men/image_4462.jpg",146,"man",3,3,1
"adszzpdjjeuv","images/women/image_311.jpg",147,"woman",3,1,0
"adszzpdjjeuv","images/men/image_3077.jpg",148,"man",4,2,1
"adszzpdjjeuv","images/women/image_9278.jpg",149,"woman",5,3,1
"adszzpdjjeuv","images/women/image_1669.jpg",150,"woman",5,4,1
"adszzpdjjeuv","images/women/image_4258.jpg",151,"woman",5,1,0
"adszzpdjjeuv","images/women/image_976.jpg",152,"woman",4,1,0
"adszzpdjjeuv","images/women/image_6351.jpg",153,"woman",3,2,1
"adszzpdjjeuv","images/men/image_415.jpg",154,"man",5,1,0
"adszzpdjjeuv","images/women/image_3751.jpg",155,"woman",4,3,1
"adszzpdjjeuv","images/men/image_3797.jpg",156,"man",4,4,1
"adszzpdjjeuv","images/men/image_4998.jpg",157,"man",5,5,1
"adszzpdjjeuv","images/women/image_8472.jpg",158,"woman",5,3,1
"adszzpdjjeuv","images/women/image_4089.jpg",159,"woman",5,5,1
"adszzpdjjeuv","images/men/image_9641.jpg",160,"man",3,1,0
"adszzpdjjeuv","images/men/image_4.jpg",161,"man",3,3,1
"adszzpdjjeuv","images/men/image_1601.jpg",162,"man",4,2,1
"adszzpdjjeuv","images/women/image_2689.jpg",163,"woman",4,4,1
"adszzpdjjeuv","images/women/image_1141.jpg",164,"woman",3,1,0
"adszzpdjjeuv","images/women/image_1089.jpg",165,"woman",4,3,1
"adszzpdjjeuv","images/men/image_8575.jpg",166,"man",5,1,0
"adszzpdjjeuv","images/men/image_9784.jpg",167,"man",3,2,1
"adszzpdjjeuv","images/men/image_4674.jpg",168,"man",5,3,1
"ht31zg101w2j","images/men/image_383.jpg",1,"man",3,2,1
"ht31zg101w2j","images/women/image_3158.jpg",2,"woman",5,5,1
"ht31zg101w2j","images/men/image_2523.jpg",3,"man",3,2,1
"ht31zg101w2j","images/women/image_3524.jpg",4,"woman",3,1,0
"ht31zg101w2j","images/women/image_9879.jpg",5,"woman",4,3,1
"ht31zg101w2j","images/women/image_4324.jpg",6,"woman",4,1,0
"ht31zg101w2j","images/men/image_1943.jpg",7,"man",5,1,0
"ht31zg101w2j","images/women/image_47.jpg",8,"woman",3,1,0
"ht31zg101w2j","images/men/image_801.jpg",9,"man",5,2,1
"ht31zg101w2j","images/men/image_386.jpg",10,"man",3,1,0
"ht31zg101w2j","images/women/image_3955.jpg",11,"woman",5,2,1
"ht31zg101w2j","images/men/image_730.jpg",12,"man",4,1,0
"ht31zg101w2j","images/men/image_5759.jpg",13,"man",4,2,1
"ht31zg101w2j","images/women/image_5498.jpg",14,"woman",5,1,0
"ht31zg101w2j","images/men/image_676.jpg",15,"man",5,1,0
"ht31zg101w2j","images/women/image_9049.jpg",16,"woman",5,2,1
"ht31zg101w2j","images/women/image_9609.jpg",17,"woman",3,1,0
"ht31zg101w2j","images/men/image_443.jpg",18,"man",3,3,1
"ht31zg101w2j","images/women/image_398.jpg",19,"woman",3,1,0
"ht31zg101w2j","images/women/image_8717.jpg",20,"woman",5,1,0
"ht31zg101w2j","images/women/image_1452.jpg",21,"woman",4,1,0
"ht31zg101w2j","images/men/image_4621.jpg",22,"man",5,1,0
"ht31zg101w2j","images/men/image_4441.jpg",23,"man",3,1,0
"ht31zg101w2j","images/women/image_5592.jpg",24,"woman",3,1,0
"ht31zg101w2j","images/women/image_3956.jpg",25,"woman",4,2,1
"ht31zg101w2j","images/men/image_4530.jpg",26,"man",4,1,0
"ht31zg101w2j","images/women/image_1364.jpg",27,"woman",5,3,1
"ht31zg101w2j","images/men/image_1885.jpg",28,"man",3,3,1
"ht31zg101w2j","images/men/image_196.jpg",29,"man",4,1,0
"ht31zg101w2j","images/men/image_5421.jpg",30,"man",4,3,1
"ht31zg101w2j","images/men/image_2651.jpg",31,"man",5,1,0
"ht31zg101w2j","images/women/image_757.jpg",32,"woman",4,3,1
"ht31zg101w2j","images/women/image_5648.jpg",33,"woman",5,3,1
"ht31zg101w2j","images/men/image_2914.jpg",34,"man",4,1,0
"ht31zg101w2j","images/men/image_3331.jpg",35,"man",3,2,1
"ht31zg101w2j","images/women/image_8590.jpg",36,"woman",3,1,0
"ht31zg101w2j","images/men/image_5409.jpg",37,"man",4,2,1
"ht31zg101w2j","images/men/image_2851.jpg",38,"man",5,4,1
"ht31zg101w2j","images/men/image_3209.jpg",39,"man",5,4,1
"ht31zg101w2j","images/women/image_3371.jpg",40,"woman",3,2,1
"ht31zg101w2j","images/women/image_8400.jpg",41,"woman",4,1,0
"ht31zg101w2j","images/women/image_7749.jpg",42,"woman",4,1,0
"ht31zg101w2j","images/women/image_2418.jpg",43,"woman",4,2,1
"ht31zg101w2j","images/men/image_5794.jpg",44,"man",5,2,1
"ht31zg101w2j","images/women/image_9592.jpg",45,"woman",5,1,0
"ht31zg101w2j","images/women/image_784.jpg",46,"woman",3,2,1
"ht31zg101w2j","images/women/image_9708.jpg",47,"woman",5,4,1
"ht31zg101w2j","images/men/image_4844.jpg",48,"man",4,1,0
"ht31zg101w2j","images/women/image_8388.jpg",49,"woman",4,4,1
"ht31zg101w2j","images/men/image_9528.jpg",50,"man",5,4,1
"ht31zg101w2j","images/women/image_3267.jpg",51,"woman",4,1,0
"ht31zg101w2j","images/men/image_4524.jpg",52,"man",5,5,1
"ht31zg101w2j","images/men/image_833.jpg",53,"man",4,2,1
"ht31zg101w2j","images/men/image_9948.jpg",54,"man",3,1,0
"ht31zg101w2j","images/women/image_3774.jpg",55,"woman",5,2,1
"ht31zg101w2j","images/men/image_2479.jpg",56,"man",3,2,1
"ht31zg101w2j","images/men/image_8582.jpg",57,"man",4,1,0
"ht31zg101w2j","images/men/image_4.jpg",58,"man",4,1,0
"ht31zg101w2j","images/women/image_323.jpg",59,"woman",5,1,0
"ht31zg101w2j","images/men/image_3804.jpg",60,"man",5,1,0
"ht31zg101w2j","images/men/image_5238.jpg",61,"man",3,1,0
"ht31zg101w2j","images/women/image_8693.jpg",62,"woman",5,3,1
"ht31zg101w2j","images/women/image_9191.jpg",63,"woman",3,1,0
"ht31zg101w2j","images/men/image_5910.jpg",64,"man",3,2,1
"ht31zg101w2j","images/men/image_1720.jpg",65,"man",4,1,0
"ht31zg101w2j","images/women/image_7914.jpg",66,"woman",3,1,0
"ht31zg101w2j","images/women/image_1212.jpg",67,"woman",4,4,1
"ht31zg101w2j","images/men/image_559.jpg",68,"man",3,3,1
"ht31zg101w2j","images/men/image_5709.jpg",69,"man",3,1,0
"ht31zg101w2j","images/men/image_9883.jpg",70,"man",5,2,1
"ht31zg101w2j","images/women/image_8483.jpg",71,"woman",4,1,0
"ht31zg101w2j","images/women/image_3367.jpg",72,"woman",5,1,0
"ht31zg101w2j","images/men/image_1573.jpg",73,"man",3,3,1
"ht31zg101w2j","images/women/image_7951.jpg",74,"woman",3,1,0
"ht31zg101w2j","images/men/image_3648.jpg",75,"man",5,1,0
"ht31zg101w2j","images/women/image_288.jpg",76,"woman",3,2,1
"ht31zg101w2j","images/women/image_1240.jpg",77,"woman",3,1,0
"ht31zg101w2j","images/women/image_3584.jpg",78,"woman",5,1,0
"ht31zg101w2j","images/women/image_4697.jpg",79,"woman",3,2,1
"ht31zg101w2j","images/women/image_8801.jpg",80,"woman",4,1,0
"ht31zg101w2j","images/men/image_8443.jpg",81,"man",4,1,0
"ht31zg101w2j","images/women/image_686.jpg",82,"woman",4,1,0
"ht31zg101w2j","images/men/image_1235.jpg",83,"man",5,3,1
"ht31zg101w2j","images/men/image_45.jpg",84,"man",4,4,1
"ht31zg101w2j","images/women/image_455.jpg",85,"woman",3,3,1
"ht31zg101w2j","images/men/image_4479.jpg",86,"man",3,2,1
"ht31zg101w2j","images/men/image_4832.jpg",87,"man",3,2,1
"ht31zg101w2j","images/women/image_1533.jpg",88,"woman",5,5,1
"ht31zg101w2j","images/men/image_1395.jpg",89,"man",5,5,1
"ht31zg101w2j","images/women/image_5198.jpg",90,"woman",4,1,0
"ht31zg101w2j","images/men/image_3072.jpg",91,"man",4,4,1
"ht31zg101w2j","images/women/image_976.jpg",92,"woman",5,1,0
"ht31zg101w2j","images/women/image_6177.jpg",93,"woman",4,2,1
"ht31zg101w2j","images/women/image_2065.jpg",94,"woman",5,1,0
"ht31zg101w2j","images/women/image_2500.jpg",95,"woman",3,1,0
"ht31zg101w2j","images/women/image_1155.jpg",96,"woman",5,2,1
"ht31zg101w2j","images/men/image_2406.jpg",97,"man",3,2,1
"ht31zg101w2j","images/men/image_5086.jpg",98,"man",4,2,1
"ht31zg101w2j","images/women/image_4146.jpg",99,"woman",3,1,0
"ht31zg101w2j","images/men/image_480.jpg",100,"man",4,4,1
"ht31zg101w2j","images/women/image_4943.jpg",101,"woman",5,3,1
"ht31zg101w2j","images/women/image_444.jpg",102,"woman",4,1,0
"ht31zg101w2j","images/men/image_1115.jpg",103,"man",3,2,1
"ht31zg101w2j","images/women/image_4257.jpg",104,"woman",4,1,0
"ht31zg101w2j","images/men/image_2588.jpg",105,"man",5,4,1
"ht31zg101w2j","images/men/image_9756.jpg",106,"man",5,5,1
"ht31zg101w2j","images/men/image_9653.jpg",107,"man",5,3,1
"ht31zg101w2j","images/men/image_8467.jpg",108,"man",4,4,1
"ht31zg101w2j","images/women/image_8622.jpg",109,"woman",5,4,1
"ht31zg101w2j","images/women/image_4638.jpg",110,"woman",3,3,1
"ht31zg101w2j","images/men/image_1747.jpg",111,"man",5,1,0
"ht31zg101w2j","images/women/image_3751.jpg",112,"woman",3,2,1
"ht31zg101w2j","images/women/image_5968.jpg",113,"woman",3,1,0
"ht31zg101w2j","images/men/image_4013.jpg",114,"man",4,1,0
"ht31zg101w2j","images/men/image_341.jpg",115,"man",4,3,1
"ht31zg101w2j","images/women/image_335.jpg",116,"woman",5,1,0
"ht31zg101w2j","images/women/image_2689.jpg",117,"woman",4,2,1
"ht31zg101w2j","images/women/image_7792.jpg",118,"woman",4,4,1
"ht31zg101w2j","images/men/image_4402.jpg",119,"man",3,2,1
"ht31zg101w2j","images/men/image_4939.jpg",120,"man",4,1,0
"ht31zg101w2j","images/women/image_2486.jpg",121,"woman",4,4,1
"ht31zg101w2j","images/women/image_1623.jpg",122,"woman",3,1,0
"ht31zg101w2j","images/men/image_193.jpg",123,"man",5,2,1
"ht31zg101w2j","images/men/image_3468.jpg",124,"man",5,1,0
"ht31zg101w2j","images/men/image_6190.jpg",125,"man",3,3,1
"ht31zg101w2j","images/men/image_8493.jpg",126,"man",3,1,0
"ht31zg101w2j","images/women/image_3741.jpg",127,"woman",4,1,0
"ht31zg101w2j","images/women/image_9700.jpg",128,"woman",3,2,1
"ht31zg101w2j","images/men/image_4591.jpg",129,"man",3,3,1
"ht31zg101w2j","images/women/image_8712.jpg",130,"woman",3,3,1
"ht31zg101w2j","images/women/image_9377.jpg",131,"woman",5,1,0
"ht31zg101w2j","images/men/image_3835.jpg",132,"man",4,3,1
"ht31zg101w2j","images/men/image_5296.jpg",133,"man",4,3,1
"ht31zg101w2j","images/women/image_8775.jpg",134,"woman",4,3,1
"ht31zg101w2j","images/men/image_9852.jpg",135,"man",4,1,0
"ht31zg101w2j","images/women/image_947.jpg",136,"woman",5,2,1
"ht31zg101w2j","images/men/image_1962.jpg",137,"man",3,2,1
"ht31zg101w2j","images/men/image_734.jpg",138,"man",5,2,1
"ht31zg101w2j","images/women/image_5525.jpg",139,"woman",3,2,1
"ht31zg101w2j","images/men/image_789.jpg",140,"man",4,2,1
"ht31zg101w2j","images/women/image_2232.jpg",141,"woman",4,1,0
"ht31zg101w2j","images/men/image_1572.jpg",142,"man",5,2,1
"ht31zg101w2j","images/women/image_5192.jpg",143,"woman",5,4,1
"ht31zg101w2j","images/men/image_489.jpg",144,"man",5,2,1
"ht31zg101w2j","images/men/image_901.jpg",145,"man",5,2,1
"ht31zg101w2j","images/men/image_5577.jpg",146,"man",4,2,1
"ht31zg101w2j","images/men/image_6345.jpg",147,"man",3,2,1
"ht31zg101w2j","images/men/image_1618.jpg",148,"man",4,3,1
"ht31zg101w2j","images/women/image_7819.jpg",149,"woman",5,4,1
"ht31zg101w2j","images/women/image_2760.jpg",150,"woman",4,3,1
"ht31zg101w2j","images/men/image_681.jpg",151,"man",3,2,1
"ht31zg101w2j","images/women/image_1892.jpg",152,"woman",3,3,1
"ht31zg101w2j","images/women/image_1468.jpg",153,"woman",4,2,1
"ht31zg101w2j","images/men/image_1585.jpg",154,"man",5,1,0
"ht31zg101w2j","images/women/image_494.jpg",155,"woman",3,1,0
"ht31zg101w2j","images/men/image_6019.jpg",156,"man",5,4,1
"ht31zg101w2j","images/men/image_1615.jpg",157,"man",3,3,1
"ht31zg101w2j","images/women/image_9539.jpg",158,"woman",5,1,0
"ht31zg101w2j","images/women/image_3722.jpg",159,"woman",4,1,0
"ht31zg101w2j","images/women/image_719.jpg",160,"woman",5,2,1
"ht31zg101w2j","images/men/image_3077.jpg",161,"man",4,2,1
"ht31zg101w2j","images/women/image_4582.jpg",162,"woman",3,1,0
"ht31zg101w2j","images/women/image_3807.jpg",163,"woman",5,3,1
"ht31zg101w2j","images/women/image_2571.jpg",164,"woman",3,3,1
"ht31zg101w2j","images/men/image_156.jpg",165,"man",5,2,1
"ht31zg101w2j","images/men/image_4537.jpg",166,"man",3,2,1
"ht31zg101w2j","images/men/image_5132.jpg",167,"man",3,1,0
"ht31zg101w2j","images/women/image_4394.jpg",168,"woman",4,3,1
"1eb175fna00m","images/women/image_1567.jpg",1,"woman",4,1,0
"1eb175fna00m","images/women/image_2292.jpg",2,"woman",5,3,1
"1eb175fna00m","images/women/image_1569.jpg",3,"woman",5,4,1
"1eb175fna00m","images/men/image_584.jpg",4,"man",4,4,1
"1eb175fna00m","images/women/image_9952.jpg",5,"woman",3,2,1
"1eb175fna00m","images/women/image_1367.jpg",6,"woman",5,1,0
"1eb175fna00m","images/women/image_287.jpg",7,"woman",3,3,1
"1eb175fna00m","images/men/image_106.jpg",8,"man",3,2,1
"1eb175fna00m","images/men/image_1331.jpg",9,"man",5,3,1
"1eb175fna00m","images/men/image_4466.jpg",10,"man",4,2,1
"1eb175fna00m","images/men/image_4947.jpg",11,"man",3,3,1
"1eb175fna00m","images/women/image_8801.jpg",12,"woman",4,1,0
"1eb175fna00m","images/women/image_3049.jpg",13,"woman",3,2,1
"1eb175fna00m","images/women/image_6041.jpg",14,"woman",3,3,1
"1eb175fna00m","images/men/image_8689.jpg",15,"man",5,4,1
"1eb175fna00m","images/women/image_704.jpg",16,"woman",5,1,0
"1eb175fna00m","images/men/image_5421.jpg",17,"man",5,1,0
"1eb175fna00m","images/men/image_4950.jpg",18,"man",4,3,1
"1eb175fna00m","images/men/image_2897.jpg",19,"man",4,1,0
"1eb175fna00m","images/women/image_2700.jpg",20,"woman",4,3,1
"1eb175fna00m","images/men/image_2846.jpg",21,"man",5,5,1
"1eb175fna00m","images/men/image_3804.jpg",22,"man",5,1,0
"1eb175fna00m","images/women/image_6351.jpg",23,"woman",4,3,1
"1eb175fna00m","images/women/image_3985.jpg",24,"woman",5,2,1
"1eb175fna00m","images/men/image_2825.jpg",25,"man",3,2,1
"1eb175fna00m","images/men/image_91.jpg",26,"man",3,1,0
"1eb175fna00m","images/women/image_2319.jpg",27,"woman",3,1,0
"1eb175fna00m","images/men/image_4603.jpg",28,"man",5,3,1
"1eb175fna00m","images/men/image_480.jpg",29,"man",5,1,0
"1eb175fna00m","images/women/image_1089.jpg",30,"woman",5,5,1
"1eb175fna00m","images/women/image_2418.jpg",31,"woman",5,5,1
"1eb175fna00m","images/women/image_9112.jpg",32,"woman",4,1,0
"1eb175fna00m","images/men/image_5409.jpg",33,"man",4,2,1
"1eb175fna00m","images/men/image_4183.jpg",34,"man",3,1,0
"1eb175fna00m","images/men/image_2153.jpg",35,"man",4,4,1
"1eb175fna00m","images/women/image_7895.jpg",36,"woman",4,3,1
"1eb175fna00m","images/women/image_4089.jpg",37,"woman",3,1,0
"1eb175fna00m","images/men/image_1747.jpg",38,"man",3,3,1
"1eb175fna00m","images/men/image_9933.jpg",39,"man",3,1,0
"1eb175fna00m","images/women/image_6.jpg",40,"woman",3,1,0
"1eb175fna00m","images/men/image_9600.jpg",41,"man",4,4,1
"1eb175fna00m","images/women/image_8299.jpg",42,"woman",4,1,0
"1eb175fna00m","images/women/image_3956.jpg",43,"woman",5,5,1
"1eb175fna00m","images/men/image_2632.jpg",44,"man",5,1,0
"1eb175fna00m","images/men/image_8563.jpg",45,"man",5,3,1
"1eb175fna00m","images/men/image_4654.jpg",46,"man",3,2,1
"1eb175fna00m","images/men/image_527.jpg",47,"man",5,5,1
"1eb175fna00m","images/men/image_4927.jpg",48,"man",5,3,1
"1eb175fna00m","images/men/image_4803.jpg",49,"man",5,1,0
"1eb175fna00m","images/men/image_9917.jpg",50,"man",5,3,1
"1eb175fna00m","images/women/image_398.jpg",51,"woman",4,3,1
"1eb175fna00m","images/women/image_4798.jpg",52,"woman",3,1,0
"1eb175fna00m","images/women/image_355.jpg",53,"woman",4,2,1
"1eb175fna00m","images/men/image_4317.jpg",54,"man",4,3,1
"1eb175fna00m","images/women/image_5807.jpg",55,"woman",5,4,1
"1eb175fna00m","images/women/image_7955.jpg",56,"woman",3,1,0
"1eb175fna00m","images/women/image_84.jpg",57,"woman",4,1,0
"1eb175fna00m","images/men/image_538.jpg",58,"man",3,3,1
"1eb175fna00m","images/men/image_5.jpg",59,"man",3,1,0
"1eb175fna00m","images/men/image_3794.jpg",60,"man",4,2,1
"1eb175fna00m","images/women/image_7888.jpg",61,"woman",5,3,1
"1eb175fna00m","images/men/image_3835.jpg",62,"man",3,2,1
"1eb175fna00m","images/men/image_1645.jpg",63,"man",4,4,1
"1eb175fna00m","images/women/image_3371.jpg",64,"woman",4,2,1
"1eb175fna00m","images/men/image_9784.jpg",65,"man",3,1,0
"1eb175fna00m","images/women/image_1504.jpg",66,"woman",5,4,1
"1eb175fna00m","images/women/image_9274.jpg",67,"woman",5,5,1
"1eb175fna00m","images/women/image_9590.jpg",68,"woman",3,1,0
"1eb175fna00m","images/men/image_229.jpg",69,"man",4,2,1
"1eb175fna00m","images/women/image_8311.jpg",70,"woman",5,3,1
"1eb175fna00m","images/women/image_8338.jpg",71,"woman",5,1,0
"1eb175fna00m","images/men/image_35.jpg",72,"man",3,3,1
"1eb175fna00m","images/women/image_5228.jpg",73,"woman",3,1,0
"1eb175fna00m","images/women/image_7914.jpg",74,"woman",4,2,1
"1eb175fna00m","images/women/image_2065.jpg",75,"woman",3,1,0
"1eb175fna00m","images/women/image_3607.jpg",76,"woman",3,3,1
"1eb175fna00m","images/women/image_444.jpg",77,"woman",4,2,1
"1eb175fna00m","images/men/image_3792.jpg",78,"man",3,2,1
"1eb175fna00m","images/women/image_9293.jpg",79,"woman",4,3,1
"1eb175fna00m","images/men/image_775.jpg",80,"man",4,1,0
"1eb175fna00m","images/women/image_503.jpg",81,"woman",3,2,1
"1eb175fna00m","images/men/image_4998.jpg",82,"man",4,2,1
"1eb175fna00m","images/men/image_4674.jpg",83,"man",4,1,0
"1eb175fna00m","images/men/image_9681.jpg",84,"man",5,5,1
"1eb175fna00m","images/men/image_559.jpg",85,"man",3,3,1
"1eb175fna00m","images/men/image_4537.jpg",86,"man",3,1,0
"1eb175fna00m","images/women/image_4417.jpg",87,"woman",5,1,0
"1eb175fna00m","images/women/image_479.jpg",88,"woman",4,2,1
"1eb175fna00m","images/women/image_4202.jpg",89,"woman",3,1,0
"1eb175fna00m","images/women/image_8682.jpg",90,"woman",3,1,0
"1eb175fna00m","images/women/image_3194.jpg",91,"woman",4,2,1
"1eb175fna00m","images/women/image_237.jpg",92,"woman",4,2,1
"1eb175fna00m","images/women/image_513.jpg",93,"woman",3,2,1
"1eb175fna00m","images/men/image_922.jpg",94,"man",4,4,1
"1eb175fna00m","images/women/image_3495.jpg",95,"woman",5,1,0
"1eb175fna00m","images/men/image_4946.jpg",96,"man",5,1,0
"1eb175fna00m","images/women/image_6344.jpg",97,"woman",4,2,1
"1eb175fna00m","images/men/image_3942.jpg",98,"man",3,1,0
"1eb175fna00m","images/women/image_1623.jpg",99,"woman",5,1,0
"1eb175fna00m","images/men/image_2233.jpg",100,"man",3,1,0
"1eb175fna00m","images/men/image_766.jpg",101,"man",3,3,1
"1eb175fna00m","images/men/image_3754.jpg",102,"man",3,3,1
"1eb175fna00m","images/women/image_6010.jpg",103,"woman",4,3,1
"1eb175fna00m","images/men/image_8304.jpg",104,"man",5,5,1
"1eb175fna00m","images/women/image_3630.jpg",105,"woman",3,1,0
"1eb175fna00m","images/women/image_8606.jpg",106,"woman",5,2,1
"1eb175fna00m","images/men/image_734.jpg",107,"man",5,4,1
"1eb175fna00m","images/women/image_8483.jpg",108,"woman",5,2,1
"1eb175fna00m","images/men/image_730.jpg",109,"man",4,3,1
"1eb175fna00m","images/men/image_1247.jpg",110,"man",4,2,1
"1eb175fna00m","images/men/image_9109.jpg",111,"man",4,4,1
"1eb175fna00m","images/women/image_3743.jpg",112,"woman",4,2,1
"1eb175fna00m","images/men/image_5470.jpg",113,"man",3,3,1
"1eb175fna00m","images/men/image_2781.jpg",114,"man",4,4,1
"1eb175fna00m","images/women/image_5758.jpg",115,"woman",3,2,1
"1eb175fna00m","images/men/image_4457.jpg",116,"man",5,5,1
"1eb175fna00m","images/men/image_8403.jpg",117,"man",5,5,1
"1eb175fna00m","images/men/image_4591.jpg",118,"man",4,1,0
"1eb175fna00m","images/women/image_8537.jpg",119,"woman",4,1,0
"1eb175fna00m","images/women/image_3007.jpg",120,"woman",5,5,1
"1eb175fna00m","images/women/image_5090.jpg",121,"woman",3,1,0
"1eb175fna00m","images/women/image_603.jpg",122,"woman",3,1,0
"1eb175fna00m","images/men/image_9058.jpg",123,"man",4,2,1
"1eb175fna00m","images/men/image_5152.jpg",124,"man",5,3,1
"1eb175fna00m","images/women/image_5525.jpg",125,"woman",5,1,0
"1eb175fna00m","images/men/image_1885.jpg",126,"man",5,1,0
"1eb175fna00m","images/women/image_8739.jpg",127,"woman",5,2,1
"1eb175fna00m","images/women/image_3325.jpg",128,"woman",5,5,1
"1eb175fna00m","images/women/image_8393.jpg",129,"woman",3,1,0
"1eb175fna00m","images/women/image_4146.jpg",130,"woman",4,3,1
"1eb175fna00m","images/men/image_2192.jpg",131,"man",3,3,1
"1eb175fna00m","images/men/image_9625.jpg",132,"man",3,2,1
"1eb175fna00m","images/men/image_210.jpg",133,"man",4,1,0
"1eb175fna00m","images/women/image_9457.jpg",134,"woman",5,5,1
"1eb175fna00m","images/men/image_3864.jpg",135,"man",3,3,1
"1eb175fna00m","images/men/image_9142.jpg",136,"man",3,3,1
"1eb175fna00m","images/men/image_6148.jpg",137,"man",4,1,0
"1eb175fna00m","images/women/image_9069.jpg",138,"woman",5,1,0
"1eb175fna00m","images/women/image_2801.jpg",139,"woman",4,2,1
"1eb175fna00m","images/men/image_1615.jpg",140,"man",5,1,0
"1eb175fna00m","images/men/image_987.jpg",141,"man",3,1,0
"1eb175fna00m","images/men/image_4402.jpg",142,"man",4,2,1
"1eb175fna00m","images/women/image_2484.jpg",143,"woman",4,2,1
"1eb175fna00m","images/women/image_1626.jpg",144,"woman",5,3,1
"1eb175fna00m","images/women/image_302.jpg",145,"woman",4,2,1
"1eb175fna00m","images/men/image_1431.jpg",146,"man",4,2,1
"1eb175fna00m","images/women/image_735.jpg",147,"woman",5,5,1
"1eb175fna00m","images/men/image_1585.jpg",148,"man",5,1,0
"1eb175fna00m","images/women/image_554.jpg",149,"woman",3,3,1
"1eb175fna00m","images/men/image_341.jpg",150,"man",5,1,0
"1eb175fna00m","images/men/image_979.jpg",151,"man",4,4,1
"1eb175fna00m","images/women/image_1452.jpg",152,"woman",3,2,1
"1eb175fna00m","images/men/image_2081.jpg",153,"man",5,1,0
"1eb175fna00m","images/men/image_8707.jpg",154,"man",5,4,1
"1eb175fna00m","images/women/image_3075.jpg",155,"woman",4,4,1
"1eb175fna00m","images/women/image_764.jpg",156,"woman",4,3,1
"1eb175fna00m","images/women/image_2412.jpg",157,"woman",3,1,0
"1eb175fna00m","images/men/image_1051.jpg",158,"man",5,2,1
"1eb175fna00m","images/men/image_9675.jpg",159,"man",3,1,0
"1eb175fna00m","images/men/image_2812.jpg",160,"man",3,3,1
"1eb175fna00m","images/men/image_3998.jpg",161,"man",5,5,1
"1eb175fna00m","images/women/image_4393.jpg",162,"woman",3,2,1
"1eb175fna00m","images/women/image_9482.jpg",163,"woman",3,2,1
"1eb175fna00m","images/men/image_3072.jpg",164,"man",4,3,1
"1eb175fna00m","images/women/image_560.jpg",165,"woman",4,2,1
"1eb175fna00m","images/women/image_8733.jpg",166,"woman",5,4,1
"1eb175fna00m","images/men/image_5125.jpg",167,"man",4,3,1
"1eb175fna00m","images/women/image_1351.jpg",168,"woman",3,1,0
"6r9fu85m1tvs","images/women/image_3607.jpg",1,"woman",5,5,1
"6r9fu85m1tvs","images/women/image_9267.jpg",2,"woman",3,3,1
"6r9fu85m1tvs","images/women/image_3736.jpg",3,"woman",5,2,1
"6r9fu85m1tvs","images/men/image_4654.jpg",4,"man",5,1,0
"6r9fu85m1tvs","images/women/image_3630.jpg",5,"woman",3,1,0
"6r9fu85m1tvs","images/women/image_2797.jpg",6,"woman",4,3,1
"6r9fu85m1tvs","images/women/image_1089.jpg",7,"woman",4,1,0
"6r9fu85m1tvs","images/women/image_7876.jpg",8,"woman",5,1,0
"6r9fu85m1tvs","images/men/image_4621.jpg",9,"man",3,1,0
"6r9fu85m1tvs","images/women/image_4236.jpg",10,"woman",4,1,0
"6r9fu85m1tvs","images/women/image_877.jpg",11,"woman",3,1,0
"6r9fu85m1tvs","images/men/image_15.jpg",12,"man",3,1,0
"6r9fu85m1tvs","images/women/image_7911.jpg",13,"woman",4,1,0
"6r9fu85m1tvs","images/men/image_3573.jpg",14,"man",3,1,0
"6r9fu85m1tvs","images/men/image_9917.jpg",15,"man",5,1,0
"6r9fu85m1tvs","images/men/image_4457.jpg",16,"man",3,2,1
"6r9fu85m1tvs","images/men/image_3568.jpg",17,"man",5,3,1
"6r9fu85m1tvs","images/men/image_9373.jpg",18,"man",4,4,1
"6r9fu85m1tvs","images/women/image_311.jpg",19,"woman",5,1,0
"6r9fu85m1tvs","images/women/image_1994.jpg",20,"woman",5,4,1
"6r9fu85m1tvs","images/women/image_7792.jpg",21,"woman",4,3,1
"6r9fu85m1tvs","images/men/image_13.jpg",22,"man",5,1,0
"6r9fu85m1tvs","images/men/image_4222.jpg",23,"man",5,5,1
"6r9fu85m1tvs","images/men/image_356.jpg",24,"man",4,1,0
"6r9fu85m1tvs","images/women/image_295.jpg",25,"woman",3,1,0
"6r9fu85m1tvs","images/women/image_3194.jpg",26,"woman",3,1,0
"6r9fu85m1tvs","images/men/image_1854.jpg",27,"man",5,4,1
"6r9fu85m1tvs","images/women/image_3742.jpg",28,"woman",4,1,0
"6r9fu85m1tvs","images/men/image_3820.jpg",29,"man",4,1,0
"6r9fu85m1tvs","images/men/image_1235.jpg",30,"man",4,2,1
"6r9fu85m1tvs","images/men/image_5549.jpg",31,"man",4,1,0
"6r9fu85m1tvs","images/women/image_4311.jpg",32,"woman",4,1,0
"6r9fu85m1tvs","images/men/image_8304.jpg",33,"man",3,2,1
"6r9fu85m1tvs","images/women/image_4773.jpg",34,"woman",5,1,0
"6r9fu85m1tvs","images/women/image_2002.jpg",35,"woman",3,1,0
"6r9fu85m1tvs","images/men/image_4832.jpg",36,"man",4,2,1
"6r9fu85m1tvs","images/men/image_8531.jpg",37,"man",4,1,0
"6r9fu85m1tvs","images/men/image_265.jpg",38,"man",3,1,0
"6r9fu85m1tvs","images/men/image_9727.jpg",39,"man",3,1,0
"6r9fu85m1tvs","images/men/image_8998.jpg",40,"man",5,1,0
"6r9fu85m1tvs","images/women/image_306.jpg",41,"woman",5,3,1
"6r9fu85m1tvs","images/women/image_2215.jpg",42,"woman",3,3,1
"6r9fu85m1tvs","images/men/image_3110.jpg",43,"man",3,2,1
"6r9fu85m1tvs","images/women/image_424.jpg",44,"woman",3,3,1
"6r9fu85m1tvs","images/men/image_9109.jpg",45,"man",3,2,1
"6r9fu85m1tvs","images/men/image_5422.jpg",46,"man",5,1,0
"6r9fu85m1tvs","images/men/image_8650.jpg",47,"man",5,4,1
"6r9fu85m1tvs","images/men/image_2044.jpg",48,"man",5,1,0
"6r9fu85m1tvs","images/men/image_1962.jpg",49,"man",4,1,0
"6r9fu85m1tvs","images/women/image_5090.jpg",50,"woman",3,1,0
"6r9fu85m1tvs","images/men/image_5210.jpg",51,"man",3,1,0
"6r9fu85m1tvs","images/women/image_560.jpg",52,"woman",5,3,1
"6r9fu85m1tvs","images/women/image_8733.jpg",53,"woman",5,1,0
"6r9fu85m1tvs","images/women/image_5135.jpg",54,"woman",4,1,0
"6r9fu85m1tvs","images/women/image_8388.jpg",55,"woman",3,2,1
"6r9fu85m1tvs","images/women/image_4943.jpg",56,"woman",4,2,1
"6r9fu85m1tvs","images/women/image_3154.jpg",57,"woman",4,1,0
"6r9fu85m1tvs","images/men/image_3124.jpg",58,"man",4,1,0
"6r9fu85m1tvs","images/men/image_5204.jpg",59,"man",3,1,0
"6r9fu85m1tvs","images/men/image_988.jpg",60,"man",5,5,1
"6r9fu85m1tvs","images/women/image_960.jpg",61,"woman",5,1,0
"6r9fu85m1tvs","images/women/image_5198.jpg",62,"woman",4,3,1
"6r9fu85m1tvs","images/women/image_1905.jpg",63,"woman",5,4,1
"6r9fu85m1tvs","images/women/image_8323.jpg",64,"woman",3,3,1
"6r9fu85m1tvs","images/women/image_9700.jpg",65,"woman",5,1,0
"6r9fu85m1tvs","images/men/image_1016.jpg",66,"man",4,4,1
"6r9fu85m1tvs","images/women/image_1631.jpg",67,"woman",4,3,1
"6r9fu85m1tvs","images/women/image_8422.jpg",68,"woman",3,3,1
"6r9fu85m1tvs","images/women/image_9973.jpg",69,"woman",3,1,0
"6r9fu85m1tvs","images/men/image_4981.jpg",70,"man",4,3,1
"6r9fu85m1tvs","images/women/image_237.jpg",71,"woman",5,2,1
"6r9fu85m1tvs","images/men/image_3468.jpg",72,"man",3,1,0
"6r9fu85m1tvs","images/women/image_1314.jpg",73,"woman",5,5,1
"6r9fu85m1tvs","images/men/image_4882.jpg",74,"man",5,2,1
"6r9fu85m1tvs","images/women/image_4351.jpg",75,"woman",3,2,1
"6r9fu85m1tvs","images/men/image_2812.jpg",76,"man",5,3,1
"6r9fu85m1tvs","images/women/image_335.jpg",77,"woman",4,1,0
"6r9fu85m1tvs","images/men/image_922.jpg",78,"man",5,3,1
"6r9fu85m1tvs","images/men/image_217.jpg",79,"man",4,3,1
"6r9fu85m1tvs","images/men/image_8464.jpg",80,"man",3,3,1
"6r9fu85m1tvs","images/men/image_3632.jpg",81,"man",3,1,0
"6r9fu85m1tvs","images/men/image_8677.jpg",82,"man",4,4,1
"6r9fu85m1tvs","images/men/image_1601.jpg",83,"man",4,3,1
"6r9fu85m1tvs","images/women/image_9665.jpg",84,"woman",4,3,1
"6r9fu85m1tvs","images/women/image_1152.jpg",85,"woman",3,2,1
"6r9fu85m1tvs","images/women/image_8510.jpg",86,"woman",5,2,1
"6r9fu85m1tvs","images/men/image_1747.jpg",87,"man",4,2,1
"6r9fu85m1tvs","images/women/image_4394.jpg",88,"woman",5,1,0
"6r9fu85m1tvs","images/women/image_1868.jpg",89,"woman",4,2,1
"6r9fu85m1tvs","images/men/image_3794.jpg",90,"man",3,2,1
"6r9fu85m1tvs","images/women/image_2112.jpg",91,"woman",5,1,0
"6r9fu85m1tvs","images/women/image_4652.jpg",92,"woman",3,2,1
"6r9fu85m1tvs","images/men/image_122.jpg",93,"man",5,1,0
"6r9fu85m1tvs","images/women/image_1623.jpg",94,"woman",4,2,1
"6r9fu85m1tvs","images/men/image_5120.jpg",95,"man",4,1,0
"6r9fu85m1tvs","images/women/image_4117.jpg",96,"woman",5,4,1
"6r9fu85m1tvs","images/men/image_685.jpg",97,"man",3,2,1
"6r9fu85m1tvs","images/women/image_6344.jpg",98,"woman",3,2,1
"6r9fu85m1tvs","images/men/image_3612.jpg",99,"man",4,3,1
"6r9fu85m1tvs","images/men/image_1803.jpg",100,"man",3,1,0
"6r9fu85m1tvs","images/men/image_1224.jpg",101,"man",5,1,0
"6r9fu85m1tvs","images/women/image_7755.jpg",102,"woman",3,1,0
"6r9fu85m1tvs","images/men/image_9155.jpg",103,"man",3,2,1
"6r9fu85m1tvs","images/women/image_3158.jpg",104,"woman",5,1,0
"6r9fu85m1tvs","images/women/image_3021.jpg",105,"woman",3,2,1
"6r9fu85m1tvs","images/men/image_9947.jpg",106,"man",5,5,1
"6r9fu85m1tvs","images/women/image_9590.jpg",107,"woman",5,2,1
"6r9fu85m1tvs","images/men/image_3404.jpg",108,"man",4,1,0
"6r9fu85m1tvs","images/men/image_1265.jpg",109,"man",5,3,1
"6r9fu85m1tvs","images/women/image_4240.jpg",110,"woman",3,3,1
"6r9fu85m1tvs","images/men/image_6345.jpg",111,"man",3,1,0
"6r9fu85m1tvs","images/men/image_3112.jpg",112,"man",5,4,1
"6r9fu85m1tvs","images/men/image_3138.jpg",113,"man",5,5,1
"6r9fu85m1tvs","images/women/image_2077.jpg",114,"woman",3,3,1
"6r9fu85m1tvs","images/men/image_2207.jpg",115,"man",3,2,1
"6r9fu85m1tvs","images/women/image_4338.jpg",116,"woman",4,1,0
"6r9fu85m1tvs","images/women/image_3851.jpg",117,"woman",4,4,1
"6r9fu85m1tvs","images/men/image_766.jpg",118,"man",4,3,1
"6r9fu85m1tvs","images/women/image_3458.jpg",119,"woman",4,2,1
"6r9fu85m1tvs","images/men/image_4183.jpg",120,"man",4,2,1
"6r9fu85m1tvs","images/men/image_1310.jpg",121,"man",3,3,1
"6r9fu85m1tvs","images/men/image_9647.jpg",122,"man",5,1,0
"6r9fu85m1tvs","images/women/image_3495.jpg",123,"woman",4,1,0
"6r9fu85m1tvs","images/women/image_3985.jpg",124,"woman",4,3,1
"6r9fu85m1tvs","images/men/image_229.jpg",125,"man",4,4,1
"6r9fu85m1tvs","images/women/image_5665.jpg",126,"woman",5,5,1
"6r9fu85m1tvs","images/women/image_7855.jpg",127,"woman",4,2,1
"6r9fu85m1tvs","images/women/image_7895.jpg",128,"woman",3,1,0
"6r9fu85m1tvs","images/women/image_9570.jpg",129,"woman",4,1,0
"6r9fu85m1tvs","images/men/image_3973.jpg",130,"man",3,1,0
"6r9fu85m1tvs","images/men/image_5031.jpg",131,"man",4,3,1
"6r9fu85m1tvs","images/men/image_9229.jpg",132,"man",4,3,1
"6r9fu85m1tvs","images/men/image_3467.jpg",133,"man",3,1,0
"6r9fu85m1tvs","images/women/image_549.jpg",134,"woman",5,1,0
"6r9fu85m1tvs","images/women/image_8938.jpg",135,"woman",3,2,1
"6r9fu85m1tvs","images/men/image_8443.jpg",136,"man",4,4,1
"6r9fu85m1tvs","images/women/image_672.jpg",137,"woman",3,3,1
"6r9fu85m1tvs","images/men/image_1785.jpg",138,"man",5,2,1
"6r9fu85m1tvs","images/women/image_6149.jpg",139,"woman",4,1,0
"6r9fu85m1tvs","images/men/image_3687.jpg",140,"man",4,3,1
"6r9fu85m1tvs","images/women/image_4509.jpg",141,"woman",5,1,0
"6r9fu85m1tvs","images/women/image_3010.jpg",142,"woman",5,4,1
"6r9fu85m1tvs","images/women/image_2094.jpg",143,"woman",3,2,1
"6r9fu85m1tvs","images/men/image_2152.jpg",144,"man",3,1,0
"6r9fu85m1tvs","images/women/image_1403.jpg",145,"woman",5,4,1
"6r9fu85m1tvs","images/women/image_6177.jpg",146,"woman",5,3,1
"6r9fu85m1tvs","images/men/image_1542.jpg",147,"man",5,1,0
"6r9fu85m1tvs","images/men/image_4815.jpg",148,"man",5,1,0
"6r9fu85m1tvs","images/men/image_4591.jpg",149,"man",3,3,1
"6r9fu85m1tvs","images/women/image_4577.jpg",150,"woman",3,3,1
"6r9fu85m1tvs","images/women/image_8535.jpg",151,"woman",5,4,1
"6r9fu85m1tvs","images/women/image_8496.jpg",152,"woman",4,4,1
"6r9fu85m1tvs","images/women/image_9669.jpg",153,"woman",3,3,1
"6r9fu85m1tvs","images/men/image_5.jpg",154,"man",5,5,1
"6r9fu85m1tvs","images/men/image_1091.jpg",155,"man",3,1,0
"6r9fu85m1tvs","images/men/image_559.jpg",156,"man",4,3,1
"6r9fu85m1tvs","images/men/image_762.jpg",157,"man",5,5,1
"6r9fu85m1tvs","images/men/image_4946.jpg",158,"man",4,3,1
"6r9fu85m1tvs","images/men/image_9930.jpg",159,"man",3,1,0
"6r9fu85m1tvs","images/women/image_8693.jpg",160,"woman",3,3,1
"6r9fu85m1tvs","images/men/image_614.jpg",161,"man",3,3,1
"6r9fu85m1tvs","images/men/image_9606.jpg",162,"man",4,1,0
"6r9fu85m1tvs","images/men/image_3792.jpg",163,"man",5,3,1
"6r9fu85m1tvs","images/women/image_4435.jpg",164,"woman",4,4,1
"6r9fu85m1tvs","images/women/image_323.jpg",165,"woman",4,1,0
"6r9fu85m1tvs","images/women/image_398.jpg",166,"woman",4,3,1
"6r9fu85m1tvs","images/women/image_5289.jpg",167,"woman",5,5,1
"6r9fu85m1tvs","images/men/image_4800.jpg",168,"man",5,4,1
"cwexlvs6xu2b","images/men/image_9930.jpg",1,"man",5,1,0
"cwexlvs6xu2b","images/men/image_4832.jpg",2,"man",3,3,1
"cwexlvs6xu2b","images/women/image_8606.jpg",3,"woman",5,1,0
"cwexlvs6xu2b","images/women/image_9952.jpg",4,"woman",4,1,0
"cwexlvs6xu2b","images/women/image_302.jpg",5,"woman",3,1,0
"cwexlvs6xu2b","images/women/image_496.jpg",6,"woman",4,1,0
"cwexlvs6xu2b","images/men/image_861.jpg",7,"man",5,1,0
"cwexlvs6xu2b","images/women/image_513.jpg",8,"woman",4,1,0
"cwexlvs6xu2b","images/men/image_5436.jpg",9,"man",5,4,1
"cwexlvs6xu2b","images/women/image_8449.jpg",10,"woman",5,3,1
"cwexlvs6xu2b","images/women/image_764.jpg",11,"woman",5,3,1
"cwexlvs6xu2b","images/men/image_2588.jpg",12,"man",4,1,0
"cwexlvs6xu2b","images/women/image_9069.jpg",13,"woman",4,1,0
"cwexlvs6xu2b","images/men/image_6345.jpg",14,"man",3,2,1
"cwexlvs6xu2b","images/women/image_9088.jpg",15,"woman",5,2,1
"cwexlvs6xu2b","images/women/image_9609.jpg",16,"woman",4,3,1
"cwexlvs6xu2b","images/women/image_9377.jpg",17,"woman",5,5,1
"cwexlvs6xu2b","images/women/image_3935.jpg",18,"woman",3,3,1
"cwexlvs6xu2b","images/men/image_2018.jpg",19,"man",4,1,0
"cwexlvs6xu2b","images/men/image_3820.jpg",20,"man",4,2,1
"cwexlvs6xu2b","images/men/image_4865.jpg",21,"man",4,2,1
"cwexlvs6xu2b","images/men/image_1747.jpg",22,"man",4,2,1
"cwexlvs6xu2b","images/men/image_2846.jpg",23,"man",5,2,1
"cwexlvs6xu2b","images/women/image_8422.jpg",24,"woman",3,1,0
"cwexlvs6xu2b","images/women/image_1593.jpg",25,"woman",3,3,1
"cwexlvs6xu2b","images/men/image_4815.jpg",26,"man",3,1,0
"cwexlvs6xu2b","images/men/image_1150.jpg",27,"man",3,2,1
"cwexlvs6xu2b","images/men/image_8994.jpg",28,"man",3,2,1
"cwexlvs6xu2b","images/men/image_1835.jpg",29,"man",4,4,1
"cwexlvs6xu2b","images/women/image_960.jpg",30,"woman",5,1,0
"cwexlvs6xu2b","images/women/image_4638.jpg",31,"woman",5,1,0
"cwexlvs6xu2b","images/women/image_2797.jpg",32,"woman",4,3,1
"cwexlvs6xu2b","images/women/image_3021.jpg",33,"woman",3,1,0
"cwexlvs6xu2b","images/women/image_554.jpg",34,"woman",4,2,1
"cwexlvs6xu2b","images/men/image_922.jpg",35,"man",3,2,1
"cwexlvs6xu2b","images/men/image_1068.jpg",36,"man",5,1,0
"cwexlvs6xu2b","images/women/image_3154.jpg",37,"woman",3,2,1
"cwexlvs6xu2b","images/men/image_337.jpg",38,"man",3,2,1
"cwexlvs6xu2b","images/men/image_9403.jpg",39,"man",4,3,1
"cwexlvs6xu2b","images/women/image_694.jpg",40,"woman",3,3,1
"cwexlvs6xu2b","images/men/image_356.jpg",41,"man",5,2,1
"cwexlvs6xu2b","images/men/image_3184.jpg",42,"man",5,4,1
"cwexlvs6xu2b","images/women/image_3179.jpg",43,"woman",5,4,1
"cwexlvs6xu2b","images/women/image_2319.jpg",44,"woman",5,5,1
"cwexlvs6xu2b","images/men/image_1787.jpg",45,"man",3,1,0
"cwexlvs6xu2b","images/women/image_7749.jpg",46,"woman",4,3,1
"cwexlvs6xu2b","images/women/image_4331.jpg",47,"woman",4,1,0
"cwexlvs6xu2b","images/women/image_7792.jpg",48,"woman",5,5,1
"cwexlvs6xu2b","images/women/image_9665.jpg",49,"woman",4,1,0
"cwexlvs6xu2b","images/women/image_1665.jpg",50,"woman",3,3,1
"cwexlvs6xu2b","images/women/image_9879.jpg",51,"woman",3,2,1
"cwexlvs6xu2b","images/men/image_1803.jpg",52,"man",3,1,0
"cwexlvs6xu2b","images/men/image_592.jpg",53,"man",4,4,1
"cwexlvs6xu2b","images/men/image_4938.jpg",54,"man",5,3,1
"cwexlvs6xu2b","images/men/image_4683.jpg",55,"man",5,1,0
"cwexlvs6xu2b","images/men/image_9883.jpg",56,"man",5,1,0
"cwexlvs6xu2b","images/men/image_2044.jpg",57,"man",4,1,0
"cwexlvs6xu2b","images/men/image_45.jpg",58,"man",5,1,0
"cwexlvs6xu2b","images/women/image_1468.jpg",59,"woman",3,2,1
"cwexlvs6xu2b","images/men/image_5382.jpg",60,"man",5,5,1
"cwexlvs6xu2b","images/women/image_3838.jpg",61,"woman",5,1,0
"cwexlvs6xu2b","images/men/image_1572.jpg",62,"man",4,3,1
"cwexlvs6xu2b","images/women/image_5665.jpg",63,"woman",3,2,1
"cwexlvs6xu2b","images/men/image_9142.jpg",64,"man",3,2,1
"cwexlvs6xu2b","images/women/image_9174.jpg",65,"woman",4,1,0
"cwexlvs6xu2b","images/men/image_1885.jpg",66,"man",5,4,1
"cwexlvs6xu2b","images/women/image_1127.jpg",67,"woman",3,2,1
"cwexlvs6xu2b","images/men/image_1407.jpg",68,"man",5,1,0
"cwexlvs6xu2b","images/men/image_1615.jpg",69,"man",4,2,1
"cwexlvs6xu2b","images/women/image_8642.jpg",70,"woman",4,1,0
"cwexlvs6xu2b","images/men/image_4044.jpg",71,"man",3,3,1
"cwexlvs6xu2b","images/men/image_2621.jpg",72,"man",3,1,0
"cwexlvs6xu2b","images/men/image_4927.jpg",73,"man",4,1,0
"cwexlvs6xu2b","images/women/image_9345.jpg",74,"woman",5,2,1
"cwexlvs6xu2b","images/men/image_2897.jpg",75,"man",4,2,1
"cwexlvs6xu2b","images/men/image_3358.jpg",76,"man",4,1,0
"cwexlvs6xu2b","images/women/image_2136.jpg",77,"woman",3,1,0
"cwexlvs6xu2b","images/women/image_3007.jpg",78,"woman",5,3,1
"cwexlvs6xu2b","images/women/image_6149.jpg",79,"woman",5,1,0
"cwexlvs6xu2b","images/men/image_3830.jpg",80,"man",3,3,1
"cwexlvs6xu2b","images/men/image_2781.jpg",81,"man",3,1,0
"cwexlvs6xu2b","images/women/image_5525.jpg",82,"woman",3,1,0
"cwexlvs6xu2b","images/women/image_424.jpg",83,"woman",4,3,1
"cwexlvs6xu2b","images/women/image_9755.jpg",84,"woman",4,1,0
"cwexlvs6xu2b","images/men/image_415.jpg",85,"man",4,1,0
"cwexlvs6xu2b","images/women/image_1669.jpg",86,"woman",4,2,1
"cwexlvs6xu2b","images/women/image_9570.jpg",87,"woman",3,1,0
"cwexlvs6xu2b","images/women/image_8622.jpg",88,"woman",5,4,1
"cwexlvs6xu2b","images/women/image_1960.jpg",89,"woman",5,1,0
"cwexlvs6xu2b","images/women/image_4202.jpg",90,"woman",4,2,1
"cwexlvs6xu2b","images/women/image_4417.jpg",91,"woman",4,1,0
"cwexlvs6xu2b","images/men/image_1558.jpg",92,"man",3,1,0
"cwexlvs6xu2b","images/women/image_3956.jpg",93,"woman",4,1,0
"cwexlvs6xu2b","images/women/image_4577.jpg",94,"woman",3,2,1
"cwexlvs6xu2b","images/women/image_7951.jpg",95,"woman",4,3,1
"cwexlvs6xu2b","images/women/image_252.jpg",96,"woman",3,1,0
"cwexlvs6xu2b","images/men/image_4429.jpg",97,"man",3,1,0
"cwexlvs6xu2b","images/men/image_3137.jpg",98,"man",5,1,0
"cwexlvs6xu2b","images/men/image_1943.jpg",99,"man",5,2,1
"cwexlvs6xu2b","images/men/image_3568.jpg",100,"man",5,1,0
"cwexlvs6xu2b","images/women/image_3458.jpg",101,"woman",3,3,1
"cwexlvs6xu2b","images/men/image_8648.jpg",102,"man",4,4,1
"cwexlvs6xu2b","images/women/image_5566.jpg",103,"woman",4,1,0
"cwexlvs6xu2b","images/men/image_4939.jpg",104,"man",3,1,0
"cwexlvs6xu2b","images/women/image_1709.jpg",105,"woman",5,5,1
"cwexlvs6xu2b","images/men/image_3573.jpg",106,"man",5,1,0
"cwexlvs6xu2b","images/men/image_1620.jpg",107,"man",3,2,1
"cwexlvs6xu2b","images/men/image_4401.jpg",108,"man",5,2,1
"cwexlvs6xu2b","images/men/image_4287.jpg",109,"man",4,4,1
"cwexlvs6xu2b","images/women/image_8712.jpg",110,"woman",5,3,1
"cwexlvs6xu2b","images/women/image_1867.jpg",111,"woman",4,2,1
"cwexlvs6xu2b","images/women/image_1626.jpg",112,"woman",5,1,0
"cwexlvs6xu2b","images/men/image_2962.jpg",113,"man",4,4,1
"cwexlvs6xu2b","images/men/image_4181.jpg",114,"man",3,2,1
"cwexlvs6xu2b","images/women/image_2094.jpg",115,"woman",3,3,1
"cwexlvs6xu2b","images/women/image_47.jpg",116,"woman",3,3,1
"cwexlvs6xu2b","images/women/image_5357.jpg",117,"woman",5,5,1
"cwexlvs6xu2b","images/men/image_3656.jpg",118,"man",4,2,1
"cwexlvs6xu2b","images/men/image_3843.jpg",119,"man",3,3,1
"cwexlvs6xu2b","images/men/image_730.jpg",120,"man",4,1,0
"cwexlvs6xu2b","images/women/image_4558.jpg",121,"woman",3,3,1
"cwexlvs6xu2b","images/men/image_3357.jpg",122,"man",5,2,1
"cwexlvs6xu2b","images/men/image_1115.jpg",123,"man",3,1,0
"cwexlvs6xu2b","images/men/image_1431.jpg",124,"man",5,2,1
"cwexlvs6xu2b","images/men/image_9151.jpg",125,"man",4,4,1
"cwexlvs6xu2b","images/women/image_5909.jpg",126,"woman",5,1,0
"cwexlvs6xu2b","images/women/image_1413.jpg",127,"woman",5,4,1
"cwexlvs6xu2b","images/women/image_2560.jpg",128,"woman",5,1,0
"cwexlvs6xu2b","images/men/image_9408.jpg",129,"man",5,4,1
"cwexlvs6xu2b","images/women/image_2815.jpg",130,"woman",5,1,0
"cwexlvs6xu2b","images/women/image_9994.jpg",131,"woman",4,3,1
"cwexlvs6xu2b","images/men/image_8493.jpg",132,"man",4,1,0
"cwexlvs6xu2b","images/men/image_489.jpg",133,"man",5,2,1
"cwexlvs6xu2b","images/men/image_2825.jpg",134,"man",4,2,1
"cwexlvs6xu2b","images/men/image_2714.jpg",135,"man",4,2,1
"cwexlvs6xu2b","images/women/image_3557.jpg",136,"woman",3,3,1
"cwexlvs6xu2b","images/men/image_789.jpg",137,"man",5,1,0
"cwexlvs6xu2b","images/women/image_2994.jpg",138,"woman",3,3,1
"cwexlvs6xu2b","images/women/image_7819.jpg",139,"woman",4,1,0
"cwexlvs6xu2b","images/women/image_290.jpg",140,"woman",5,1,0
"cwexlvs6xu2b","images/men/image_5620.jpg",141,"man",3,1,0
"cwexlvs6xu2b","images/women/image_464.jpg",142,"woman",4,4,1
"cwexlvs6xu2b","images/men/image_9758.jpg",143,"man",5,4,1
"cwexlvs6xu2b","images/men/image_4858.jpg",144,"man",5,3,1
"cwexlvs6xu2b","images/women/image_3010.jpg",145,"woman",4,1,0
"cwexlvs6xu2b","images/men/image_2884.jpg",146,"man",3,3,1
"cwexlvs6xu2b","images/men/image_9109.jpg",147,"man",3,3,1
"cwexlvs6xu2b","images/women/image_6351.jpg",148,"woman",5,1,0
"cwexlvs6xu2b","images/men/image_746.jpg",149,"man",4,4,1
"cwexlvs6xu2b","images/women/image_4304.jpg",150,"woman",4,1,0
"cwexlvs6xu2b","images/women/image_4240.jpg",151,"woman",3,1,0
"cwexlvs6xu2b","images/women/image_686.jpg",152,"woman",3,2,1
"cwexlvs6xu2b","images/men/image_2524.jpg",153,"man",3,3,1
"cwexlvs6xu2b","images/men/image_3942.jpg",154,"man",5,5,1
"cwexlvs6xu2b","images/women/image_244.jpg",155,"woman",5,1,0
"cwexlvs6xu2b","images/women/image_3526.jpg",156,"woman",3,2,1
"cwexlvs6xu2b","images/men/image_3612.jpg",157,"man",3,1,0
"cwexlvs6xu2b","images/women/image_8535.jpg",158,"woman",3,3,1
"cwexlvs6xu2b","images/women/image_3206.jpg",159,"woman",5,2,1
"cwexlvs6xu2b","images/men/image_2026.jpg",160,"man",5,5,1
"cwexlvs6xu2b","images/women/image_4957.jpg",161,"woman",4,2,1
"cwexlvs6xu2b","images/men/image_9431.jpg",162,"man",4,4,1
"cwexlvs6xu2b","images/men/image_2420.jpg",163,"man",4,4,1
"cwexlvs6xu2b","images/men/image_1235.jpg",164,"man",3,1,0
"cwexlvs6xu2b","images/men/image_3045.jpg",165,"man",3,2,1
"cwexlvs6xu2b","images/women/image_9274.jpg",166,"woman",4,1,0
"cwexlvs6xu2b","images/men/image_5709.jpg",167,"man",4,2,1
"cwexlvs6xu2b","images/women/image_4532.jpg",168,"woman",3,3,1
"7yvoojhpsshd","images/women/image_3495.jpg",1,"woman",3,2,1
"7yvoojhpsshd","images/women/image_9623.jpg",2,"woman",5,3,1
"7yvoojhpsshd","images/women/image_3371.jpg",3,"woman",5,1,0
"7yvoojhpsshd","images/men/image_2530.jpg",4,"man",3,1,0
"7yvoojhpsshd","images/men/image_2152.jpg",5,"man",4,1,0
"7yvoojhpsshd","images/women/image_84.jpg",6,"woman",3,1,0
"7yvoojhpsshd","images/men/image_4927.jpg",7,"man",5,1,0
"7yvoojhpsshd","images/men/image_817.jpg",8,"man",4,1,0
"7yvoojhpsshd","images/women/image_3584.jpg",9,"woman",5,1,0
"7yvoojhpsshd","images/women/image_5758.jpg",10,"woman",4,2,1
"7yvoojhpsshd","images/women/image_4773.jpg",11,"woman",3,1,0
"7yvoojhpsshd","images/women/image_793.jpg",12,"woman",4,3,1
"7yvoojhpsshd","images/women/image_4163.jpg",13,"woman",4,2,1
"7yvoojhpsshd","images/men/image_9151.jpg",14,"man",3,2,1
"7yvoojhpsshd","images/men/image_9641.jpg",15,"man",3,1,0
"7yvoojhpsshd","images/men/image_833.jpg",16,"man",3,2,1
"7yvoojhpsshd","images/women/image_3996.jpg",17,"woman",4,1,0
"7yvoojhpsshd","images/men/image_4466.jpg",18,"man",5,4,1
"7yvoojhpsshd","images/women/image_2002.jpg",19,"woman",4,3,1
"7yvoojhpsshd","images/men/image_4683.jpg",20,"man",4,1,0
"7yvoojhpsshd","images/women/image_976.jpg",21,"woman",4,1,0
"7yvoojhpsshd","images/men/image_443.jpg",22,"man",4,3,1
"7yvoojhpsshd","images/women/image_2484.jpg",23,"woman",3,2,1
"7yvoojhpsshd","images/men/image_4979.jpg",24,"man",3,1,0
"7yvoojhpsshd","images/women/image_494.jpg",25,"woman",5,1,0
"7yvoojhpsshd","images/men/image_4993.jpg",26,"man",5,1,0
"7yvoojhpsshd","images/men/image_3240.jpg",27,"man",4,1,0
"7yvoojhpsshd","images/men/image_4591.jpg",28,"man",4,1,0
"7yvoojhpsshd","images/women/image_2412.jpg",29,"woman",5,1,0
"7yvoojhpsshd","images/men/image_718.jpg",30,"man",5,1,0
"7yvoojhpsshd","images/women/image_9457.jpg",31,"woman",5,3,1
"7yvoojhpsshd","images/men/image_3998.jpg",32,"man",3,2,1
"7yvoojhpsshd","images/women/image_1665.jpg",33,"woman",3,1,0
"7yvoojhpsshd","images/men/image_4865.jpg",34,"man",5,2,1
"7yvoojhpsshd","images/women/image_1593.jpg",35,"woman",3,1,0
"7yvoojhpsshd","images/women/image_1430.jpg",36,"woman",3,1,0
"7yvoojhpsshd","images/men/image_2406.jpg",37,"man",3,2,1
"7yvoojhpsshd","images/men/image_9986.jpg",38,"man",4,1,0
"7yvoojhpsshd","images/women/image_5665.jpg",39,"woman",5,5,1
"7yvoojhpsshd","images/men/image_9625.jpg",40,"man",5,4,1
"7yvoojhpsshd","images/women/image_306.jpg",41,"woman",4,1,0
"7yvoojhpsshd","images/men/image_217.jpg",42,"man",5,3,1
"7yvoojhpsshd","images/men/image_5.jpg",43,"man",3,1,0
"7yvoojhpsshd","images/women/image_9718.jpg",44,"woman",5,3,1
"7yvoojhpsshd","images/women/image_9769.jpg",45,"woman",5,1,0
"7yvoojhpsshd","images/men/image_2884.jpg",46,"man",5,4,1
"7yvoojhpsshd","images/men/image_338.jpg",47,"man",5,2,1
"7yvoojhpsshd","images/women/image_2797.jpg",48,"woman",3,2,1
"7yvoojhpsshd","images/men/image_987.jpg",49,"man",5,4,1
"7yvoojhpsshd","images/women/image_4697.jpg",50,"woman",5,5,1
"7yvoojhpsshd","images/women/image_4311.jpg",51,"woman",4,1,0
"7yvoojhpsshd","images/women/image_960.jpg",52,"woman",3,1,0
"7yvoojhpsshd","images/women/image_8393.jpg",53,"woman",4,4,1
"7yvoojhpsshd","images/men/image_3797.jpg",54,"man",5,2,1
"7yvoojhpsshd","images/men/image_480.jpg",55,"man",3,1,0
"7yvoojhpsshd","images/men/image_341.jpg",56,"man",4,4,1
"7yvoojhpsshd","images/women/image_5135.jpg",57,"woman",4,4,1
"7yvoojhpsshd","images/women/image_137.jpg",58,"woman",4,1,0
"7yvoojhpsshd","images/women/image_9429.jpg",59,"woman",4,2,1
"7yvoojhpsshd","images/men/image_3491.jpg",60,"man",3,3,1
"7yvoojhpsshd","images/men/image_626.jpg",61,"man",3,1,0
"7yvoojhpsshd","images/women/image_1132.jpg",62,"woman",4,2,1
"7yvoojhpsshd","images/men/image_4.jpg",63,"man",4,4,1
"7yvoojhpsshd","images/men/image_3573.jpg",64,"man",4,1,0
"7yvoojhpsshd","images/women/image_9720.jpg",65,"woman",3,1,0
"7yvoojhpsshd","images/women/image_1897.jpg",66,"woman",5,5,1
"7yvoojhpsshd","images/men/image_254.jpg",67,"man",4,2,1
"7yvoojhpsshd","images/women/image_719.jpg",68,"woman",3,3,1
"7yvoojhpsshd","images/men/image_9984.jpg",69,"man",4,1,0
"7yvoojhpsshd","images/men/image_4971.jpg",70,"man",3,1,0
"7yvoojhpsshd","images/men/image_3473.jpg",71,"man",5,1,0
"7yvoojhpsshd","images/women/image_2232.jpg",72,"woman",4,1,0
"7yvoojhpsshd","images/women/image_503.jpg",73,"woman",3,1,0
"7yvoojhpsshd","images/women/image_8712.jpg",74,"woman",5,4,1
"7yvoojhpsshd","images/men/image_1598.jpg",75,"man",3,2,1
"7yvoojhpsshd","images/women/image_8642.jpg",76,"woman",3,2,1
"7yvoojhpsshd","images/men/image_5296.jpg",77,"man",5,2,1
"7yvoojhpsshd","images/women/image_9609.jpg",78,"woman",5,5,1
"7yvoojhpsshd","images/men/image_4013.jpg",79,"man",4,1,0
"7yvoojhpsshd","images/men/image_685.jpg",80,"man",3,2,1
"7yvoojhpsshd","images/men/image_1875.jpg",81,"man",5,1,0
"7yvoojhpsshd","images/women/image_1623.jpg",82,"woman",3,1,0
"7yvoojhpsshd","images/women/image_788.jpg",83,"woman",5,5,1
"7yvoojhpsshd","images/men/image_3864.jpg",84,"man",4,4,1
"7yvoojhpsshd","images/men/image_4841.jpg",85,"man",3,3,1
"7yvoojhpsshd","images/women/image_8739.jpg",86,"woman",3,1,0
"7yvoojhpsshd","images/women/image_2008.jpg",87,"woman",4,3,1
"7yvoojhpsshd","images/women/image_9665.jpg",88,"woman",4,1,0
"7yvoojhpsshd","images/women/image_4117.jpg",89,"woman",4,1,0
"7yvoojhpsshd","images/men/image_9408.jpg",90,"man",5,2,1
"7yvoojhpsshd","images/men/image_356.jpg",91,"man",5,2,1
"7yvoojhpsshd","images/men/image_4947.jpg",92,"man",4,4,1
"7yvoojhpsshd","images/men/image_721.jpg",93,"man",5,2,1
"7yvoojhpsshd","images/women/image_9882.jpg",94,"woman",5,5,1
"7yvoojhpsshd","images/women/image_7911.jpg",95,"woman",3,1,0
"7yvoojhpsshd","images/men/image_4950.jpg",96,"man",5,4,1
"7yvoojhpsshd","images/women/image_2700.jpg",97,"woman",5,1,0
"7yvoojhpsshd","images/men/image_2523.jpg",98,"man",4,1,0
"7yvoojhpsshd","images/women/image_695.jpg",99,"woman",3,1,0
"7yvoojhpsshd","images/men/image_527.jpg",100,"man",3,1,0
"7yvoojhpsshd","images/women/image_3021.jpg",101,"woman",3,1,0
"7yvoojhpsshd","images/men/image_907.jpg",102,"man",5,5,1
"7yvoojhpsshd","images/women/image_2697.jpg",103,"woman",5,4,1
"7yvoojhpsshd","images/men/image_4875.jpg",104,"man",3,3,1
"7yvoojhpsshd","images/men/image_3331.jpg",105,"man",4,1,0
"7yvoojhpsshd","images/men/image_6190.jpg",106,"man",3,1,0
"7yvoojhpsshd","images/women/image_2486.jpg",107,"woman",3,3,1
"7yvoojhpsshd","images/women/image_333.jpg",108,"woman",5,2,1
"7yvoojhpsshd","images/men/image_3605.jpg",109,"man",4,1,0
"7yvoojhpsshd","images/men/image_3806.jpg",110,"man",3,3,1
"7yvoojhpsshd","images/women/image_4770.jpg",111,"woman",4,4,1
"7yvoojhpsshd","images/men/image_792.jpg",112,"man",4,1,0
"7yvoojhpsshd","images/men/image_2386.jpg",113,"man",4,4,1
"7yvoojhpsshd","images/women/image_8733.jpg",114,"woman",4,1,0
"7yvoojhpsshd","images/women/image_30.jpg",115,"woman",3,2,1
"7yvoojhpsshd","images/women/image_455.jpg",116,"woman",3,2,1
"7yvoojhpsshd","images/men/image_8952.jpg",117,"man",4,3,1
"7yvoojhpsshd","images/women/image_3293.jpg",118,"woman",4,1,0
"7yvoojhpsshd","images/women/image_5228.jpg",119,"woman",5,3,1
"7yvoojhpsshd","images/women/image_8400.jpg",120,"woman",4,3,1
"7yvoojhpsshd","images/women/image_290.jpg",121,"woman",5,1,0
"7yvoojhpsshd","images/men/image_8790.jpg",122,"man",5,1,0
"7yvoojhpsshd","images/men/image_4208.jpg",123,"man",5,1,0
"7yvoojhpsshd","images/men/image_1601.jpg",124,"man",3,3,1
"7yvoojhpsshd","images/men/image_9674.jpg",125,"man",3,1,0
"7yvoojhpsshd","images/women/image_424.jpg",126,"woman",5,5,1
"7yvoojhpsshd","images/men/image_950.jpg",127,"man",3,1,0
"7yvoojhpsshd","images/women/image_1089.jpg",128,"woman",3,2,1
"7yvoojhpsshd","images/men/image_5839.jpg",129,"man",5,1,0
"7yvoojhpsshd","images/women/image_8297.jpg",130,"woman",4,4,1
"7yvoojhpsshd","images/men/image_2207.jpg",131,"man",5,1,0
"7yvoojhpsshd","images/men/image_9947.jpg",132,"man",4,1,0
"7yvoojhpsshd","images/women/image_5056.jpg",133,"woman",5,1,0
"7yvoojhpsshd","images/men/image_1720.jpg",134,"man",5,1,0
"7yvoojhpsshd","images/women/image_5550.jpg",135,"woman",5,2,1
"7yvoojhpsshd","images/men/image_106.jpg",136,"man",5,1,0
"7yvoojhpsshd","images/women/image_4668.jpg",137,"woman",4,3,1
"7yvoojhpsshd","images/women/image_3536.jpg",138,"woman",5,2,1
"7yvoojhpsshd","images/men/image_9704.jpg",139,"man",5,2,1
"7yvoojhpsshd","images/women/image_6041.jpg",140,"woman",3,1,0
"7yvoojhpsshd","images/men/image_8907.jpg",141,"man",5,2,1
"7yvoojhpsshd","images/men/image_6345.jpg",142,"man",5,3,1
"7yvoojhpsshd","images/women/image_3955.jpg",143,"woman",3,1,0
"7yvoojhpsshd","images/women/image_9069.jpg",144,"woman",4,2,1
"7yvoojhpsshd","images/men/image_122.jpg",145,"man",3,3,1
"7yvoojhpsshd","images/women/image_1590.jpg",146,"woman",3,1,0
"7yvoojhpsshd","images/men/image_3785.jpg",147,"man",3,2,1
"7yvoojhpsshd","images/women/image_686.jpg",148,"woman",3,2,1
"7yvoojhpsshd","images/women/image_141.jpg",149,"woman",4,2,1
"7yvoojhpsshd","images/women/image_4826.jpg",150,"woman",3,1,0
"7yvoojhpsshd","images/women/image_8483.jpg",151,"woman",4,2,1
"7yvoojhpsshd","images/women/image_560.jpg",152,"woman",5,1,0
"7yvoojhpsshd","images/men/image_668.jpg",153,"man",3,1,0
"7yvoojhpsshd","images/women/image_3510.jpg",154,"woman",3,2,1
"7yvoojhpsshd","images/men/image_4594.jpg",155,"man",4,3,1
"7yvoojhpsshd","images/men/image_5204.jpg",156,"man",3,3,1
"7yvoojhpsshd","images/men/image_3112.jpg",157,"man",4,2,1
"7yvoojhpsshd","images/men/image_3770.jpg",158,"man",4,3,1
"7yvoojhpsshd","images/women/image_464.jpg",159,"woman",5,1,0
"7yvoojhpsshd","images/men/image_5330.jpg",160,"man",3,3,1
"7yvoojhpsshd","images/women/image_9267.jpg",161,"woman",5,1,0
"7yvoojhpsshd","images/men/image_9647.jpg",162,"man",4,2,1
"7yvoojhpsshd","images/men/image_4303.jpg",163,"man",4,3,1
"7yvoojhpsshd","images/men/image_2173.jpg",164,"man",4,2,1
"7yvoojhpsshd","images/women/image_4997.jpg",165,"woman",4,4,1
"7yvoojhpsshd","images/men/image_1407.jpg",166,"man",3,2,1
"7yvoojhpsshd","images/women/image_4564.jpg",167,"woman",4,3,1
"7yvoojhpsshd","images/women/image_2041.jpg",168,"woman",5,2,1
"lgd88tfg0f96","images/women/image_8606.jpg",1,"woman",5,2,1
"lgd88tfg0f96","images/women/image_4394.jpg",2,"woman",3,1,0
"lgd88tfg0f96","images/women/image_1240.jpg",3,"woman",4,1,0
"lgd88tfg0f96","images/men/image_489.jpg",4,"man",5,1,0
"lgd88tfg0f96","images/men/image_2607.jpg",5,"man",3,1,0
"lgd88tfg0f96","images/women/image_2700.jpg",6,"woman",4,2,1
"lgd88tfg0f96","images/women/image_1576.jpg",7,"woman",5,1,0
"lgd88tfg0f96","images/women/image_6344.jpg",8,"woman",3,3,1
"lgd88tfg0f96","images/women/image_5289.jpg",9,"woman",4,4,1
"lgd88tfg0f96","images/women/image_8483.jpg",10,"woman",4,1,0
"lgd88tfg0f96","images/men/image_9618.jpg",11,"man",3,3,1
"lgd88tfg0f96","images/women/image_4435.jpg",12,"woman",3,2,1
"lgd88tfg0f96","images/women/image_1295.jpg",13,"woman",5,1,0
"lgd88tfg0f96","images/men/image_3942.jpg",14,"man",4,1,0
"lgd88tfg0f96","images/men/image_3004.jpg",15,"man",5,4,1
"lgd88tfg0f96","images/women/image_9539.jpg",16,"woman",3,2,1
"lgd88tfg0f96","images/men/image_5086.jpg",17,"man",4,2,1
"lgd88tfg0f96","images/men/image_3473.jpg",18,"man",3,1,0
"lgd88tfg0f96","images/men/image_4972.jpg",19,"man",4,3,1
"lgd88tfg0f96","images/women/image_4509.jpg",20,"woman",5,5,1
"lgd88tfg0f96","images/men/image_230.jpg",21,"man",3,1,0
"lgd88tfg0f96","images/men/image_4993.jpg",22,"man",5,2,1
"lgd88tfg0f96","images/men/image_2131.jpg",23,"man",5,4,1
"lgd88tfg0f96","images/women/image_4331.jpg",24,"woman",4,2,1
"lgd88tfg0f96","images/men/image_193.jpg",25,"man",5,5,1
"lgd88tfg0f96","images/women/image_84.jpg",26,"woman",4,3,1
"lgd88tfg0f96","images/women/image_9609.jpg",27,"woman",5,5,1
"lgd88tfg0f96","images/men/image_9577.jpg",28,"man",3,3,1
"lgd88tfg0f96","images/women/image_5192.jpg",29,"woman",5,4,1
"lgd88tfg0f96","images/men/image_3568.jpg",30,"man",4,1,0
"lgd88tfg0f96","images/men/image_1747.jpg",31,"man",3,1,0
"lgd88tfg0f96","images/women/image_2418.jpg",32,"woman",3,2,1
"lgd88tfg0f96","images/women/image_3179.jpg",33,"woman",3,2,1
"lgd88tfg0f96","images/men/image_9917.jpg",34,"man",3,3,1
"lgd88tfg0f96","images/men/image_5528.jpg",35,"man",4,2,1
"lgd88tfg0f96","images/women/image_9191.jpg",36,"woman",5,4,1
"lgd88tfg0f96","images/men/image_4457.jpg",37,"man",4,2,1
"lgd88tfg0f96","images/men/image_3794.jpg",38,"man",5,3,1
"lgd88tfg0f96","images/men/image_5132.jpg",39,"man",5,1,0
"lgd88tfg0f96","images/women/image_4558.jpg",40,"woman",3,1,0
"lgd88tfg0f96","images/women/image_494.jpg",41,"woman",4,4,1
"lgd88tfg0f96","images/men/image_179.jpg",42,"man",4,3,1
"lgd88tfg0f96","images/men/image_734.jpg",43,"man",4,3,1
"lgd88tfg0f96","images/men/image_817.jpg",44,"man",4,1,0
"lgd88tfg0f96","images/men/image_3792.jpg",45,"man",5,1,0
"lgd88tfg0f96","images/women/image_1430.jpg",46,"woman",3,3,1
"lgd88tfg0f96","images/women/image_9278.jpg",47,"woman",5,1,0
"lgd88tfg0f96","images/women/image_110.jpg",48,"woman",5,2,1
"lgd88tfg0f96","images/men/image_9855.jpg",49,"man",3,3,1
"lgd88tfg0f96","images/men/image_8907.jpg",50,"man",5,1,0
"lgd88tfg0f96","images/women/image_4257.jpg",51,"woman",3,2,1
"lgd88tfg0f96","images/women/image_603.jpg",52,"woman",3,3,1
"lgd88tfg0f96","images/women/image_3742.jpg",53,"woman",4,3,1
"lgd88tfg0f96","images/men/image_922.jpg",54,"man",3,2,1
"lgd88tfg0f96","images/men/image_8582.jpg",55,"man",4,1,0
"lgd88tfg0f96","images/men/image_2420.jpg",56,"man",4,1,0
"lgd88tfg0f96","images/men/image_8467.jpg",57,"man",3,1,0
"lgd88tfg0f96","images/men/image_628.jpg",58,"man",5,4,1
"lgd88tfg0f96","images/women/image_1669.jpg",59,"woman",3,3,1
"lgd88tfg0f96","images/women/image_2815.jpg",60,"woman",4,2,1
"lgd88tfg0f96","images/men/image_592.jpg",61,"man",3,3,1
"lgd88tfg0f96","images/women/image_9673.jpg",62,"woman",5,1,0
"lgd88tfg0f96","images/women/image_3851.jpg",63,"woman",3,3,1
"lgd88tfg0f96","images/women/image_3279.jpg",64,"woman",4,1,0
"lgd88tfg0f96","images/men/image_5595.jpg",65,"man",4,3,1
"lgd88tfg0f96","images/men/image_8403.jpg",66,"man",4,3,1
"lgd88tfg0f96","images/women/image_355.jpg",67,"woman",5,1,0
"lgd88tfg0f96","images/men/image_2586.jpg",68,"man",3,2,1
"lgd88tfg0f96","images/men/image_2651.jpg",69,"man",3,2,1
"lgd88tfg0f96","images/women/image_9069.jpg",70,"woman",5,5,1
"lgd88tfg0f96","images/women/image_4787.jpg",71,"woman",5,1,0
"lgd88tfg0f96","images/men/image_4832.jpg",72,"man",5,5,1
"lgd88tfg0f96","images/women/image_5326.jpg",73,"woman",4,1,0
"lgd88tfg0f96","images/women/image_5566.jpg",74,"woman",4,1,0
"lgd88tfg0f96","images/men/image_1962.jpg",75,"man",5,2,1
"lgd88tfg0f96","images/men/image_9606.jpg",76,"man",5,2,1
"lgd88tfg0f96","images/women/image_6010.jpg",77,"woman",3,1,0
"lgd88tfg0f96","images/women/image_9112.jpg",78,"woman",4,4,1
"lgd88tfg0f96","images/men/image_4316.jpg",79,"man",3,3,1
"lgd88tfg0f96","images/women/image_3154.jpg",80,"woman",3,2,1
"lgd88tfg0f96","images/women/image_4899.jpg",81,"woman",4,4,1
"lgd88tfg0f96","images/women/image_4444.jpg",82,"woman",5,1,0
"lgd88tfg0f96","images/men/image_626.jpg",83,"man",4,3,1
"lgd88tfg0f96","images/men/image_9756.jpg",84,"man",5,1,0
"lgd88tfg0f96","images/men/image_987.jpg",85,"man",4,1,0
"lgd88tfg0f96","images/men/image_2465.jpg",86,"man",5,2,1
"lgd88tfg0f96","images/men/image_1129.jpg",87,"man",4,4,1
"lgd88tfg0f96","images/men/image_5709.jpg",88,"man",3,1,0
"lgd88tfg0f96","images/women/image_798.jpg",89,"woman",5,1,0
"lgd88tfg0f96","images/men/image_4287.jpg",90,"man",5,1,0
"lgd88tfg0f96","images/women/image_3495.jpg",91,"woman",3,3,1
"lgd88tfg0f96","images/men/image_5640.jpg",92,"man",5,2,1
"lgd88tfg0f96","images/men/image_35.jpg",93,"man",5,1,0
"lgd88tfg0f96","images/women/image_4607.jpg",94,"woman",4,1,0
"lgd88tfg0f96","images/women/image_2560.jpg",95,"woman",3,2,1
"lgd88tfg0f96","images/men/image_776.jpg",96,"man",3,1,0
"lgd88tfg0f96","images/women/image_5357.jpg",97,"woman",3,2,1
"lgd88tfg0f96","images/men/image_5210.jpg",98,"man",4,3,1
"lgd88tfg0f96","images/women/image_5042.jpg",99,"woman",4,3,1
"lgd88tfg0f96","images/women/image_7876.jpg",100,"woman",5,2,1
"lgd88tfg0f96","images/women/image_9769.jpg",101,"woman",5,4,1
"lgd88tfg0f96","images/men/image_9354.jpg",102,"man",4,4,1
"lgd88tfg0f96","images/women/image_735.jpg",103,"woman",4,1,0
"lgd88tfg0f96","images/women/image_1884.jpg",104,"woman",3,2,1
"lgd88tfg0f96","images/women/image_947.jpg",105,"woman",5,3,1
"lgd88tfg0f96","images/men/image_3265.jpg",106,"man",5,4,1
"lgd88tfg0f96","images/women/image_8338.jpg",107,"woman",4,2,1
"lgd88tfg0f96","images/women/image_2873.jpg",108,"woman",4,1,0
"lgd88tfg0f96","images/men/image_9373.jpg",109,"man",4,4,1
"lgd88tfg0f96","images/women/image_2292.jpg",110,"woman",3,2,1
"lgd88tfg0f96","images/women/image_1709.jpg",111,"woman",4,2,1
"lgd88tfg0f96","images/men/image_2693.jpg",112,"man",4,2,1
"lgd88tfg0f96","images/men/image_5743.jpg",113,"man",3,3,1
"lgd88tfg0f96","images/women/image_8383.jpg",114,"woman",5,5,1
"lgd88tfg0f96","images/men/image_3605.jpg",115,"man",3,3,1
"lgd88tfg0f96","images/men/image_336.jpg",116,"man",3,1,0
"lgd88tfg0f96","images/men/image_9776.jpg",117,"man",4,4,1
"lgd88tfg0f96","images/men/image_1235.jpg",118,"man",3,2,1
"lgd88tfg0f96","images/men/image_4524.jpg",119,"man",3,1,0
"lgd88tfg0f96","images/women/image_8880.jpg",120,"woman",5,2,1
"lgd88tfg0f96","images/women/image_4000.jpg",121,"woman",5,1,0
"lgd88tfg0f96","images/women/image_4988.jpg",122,"woman",3,1,0
"lgd88tfg0f96","images/women/image_244.jpg",123,"woman",4,4,1
"lgd88tfg0f96","images/women/image_436.jpg",124,"woman",3,3,1
"lgd88tfg0f96","images/men/image_9741.jpg",125,"man",5,1,0
"lgd88tfg0f96","images/men/image_9408.jpg",126,"man",5,1,0
"lgd88tfg0f96","images/women/image_424.jpg",127,"woman",3,1,0
"lgd88tfg0f96","images/women/image_2232.jpg",128,"woman",5,2,1
"lgd88tfg0f96","images/women/image_1351.jpg",129,"woman",4,4,1
"lgd88tfg0f96","images/men/image_6059.jpg",130,"man",4,2,1
"lgd88tfg0f96","images/men/image_122.jpg",131,"man",4,1,0
"lgd88tfg0f96","images/men/image_2897.jpg",132,"man",4,2,1
"lgd88tfg0f96","images/women/image_510.jpg",133,"woman",4,4,1
"lgd88tfg0f96","images/women/image_3010.jpg",134,"woman",5,5,1
"lgd88tfg0f96","images/men/image_8397.jpg",135,"man",5,5,1
"lgd88tfg0f96","images/men/image_1265.jpg",136,"man",4,1,0
"lgd88tfg0f96","images/women/image_455.jpg",137,"woman",4,2,1
"lgd88tfg0f96","images/men/image_3110.jpg",138,"man",3,2,1
"lgd88tfg0f96","images/men/image_3864.jpg",139,"man",5,5,1
"lgd88tfg0f96","images/women/image_8510.jpg",140,"woman",4,1,0
"lgd88tfg0f96","images/men/image_708.jpg",141,"man",3,1,0
"lgd88tfg0f96","images/women/image_8311.jpg",142,"woman",3,3,1
"lgd88tfg0f96","images/men/image_2773.jpg",143,"man",3,3,1
"lgd88tfg0f96","images/women/image_2689.jpg",144,"woman",3,3,1
"lgd88tfg0f96","images/men/image_718.jpg",145,"man",3,1,0
"lgd88tfg0f96","images/women/image_86.jpg",146,"woman",3,3,1
"lgd88tfg0f96","images/men/image_9226.jpg",147,"man",5,1,0
"lgd88tfg0f96","images/men/image_3112.jpg",148,"man",4,1,0
"lgd88tfg0f96","images/women/image_8393.jpg",149,"woman",5,1,0
"lgd88tfg0f96","images/women/image_9370.jpg",150,"woman",3,1,0
"lgd88tfg0f96","images/men/image_1542.jpg",151,"man",5,4,1
"lgd88tfg0f96","images/women/image_3838.jpg",152,"woman",3,1,0
"lgd88tfg0f96","images/women/image_1631.jpg",153,"woman",4,1,0
"lgd88tfg0f96","images/women/image_3582.jpg",154,"woman",5,5,1
"lgd88tfg0f96","images/women/image_560.jpg",155,"woman",4,2,1
"lgd88tfg0f96","images/men/image_1310.jpg",156,"man",3,2,1
"lgd88tfg0f96","images/women/image_4622.jpg",157,"woman",5,4,1
"lgd88tfg0f96","images/men/image_746.jpg",158,"man",5,4,1
"lgd88tfg0f96","images/men/image_2819.jpg",159,"man",3,2,1
"lgd88tfg0f96","images/women/image_729.jpg",160,"woman",5,4,1
"lgd88tfg0f96","images/women/image_3194.jpg",161,"woman",4,3,1
"lgd88tfg0f96","images/women/image_9623.jpg",162,"woman",3,1,0
"lgd88tfg0f96","images/women/image_9088.jpg",163,"woman",5,2,1
"lgd88tfg0f96","images/men/image_5421.jpg",164,"man",4,1,0
"lgd88tfg0f96","images/men/image_8994.jpg",165,"man",5,1,0
"lgd88tfg0f96","images/men/image_386.jpg",166,"man",3,2,1
"lgd88tfg0f96","images/men/image_5445.jpg",167,"man",4,2,1
"lgd88tfg0f96","images/men/image_1395.jpg",168,"man",5,5,1
"k5ouc7h3n5vg","images/men/image_5238.jpg",1,"man",4,4,1
"k5ouc7h3n5vg","images/women/image_9590.jpg",2,"woman",5,1,0
"k5ouc7h3n5vg","images/men/image_4441.jpg",3,"man",3,1,0
"k5ouc7h3n5vg","images/men/image_4683.jpg",4,"man",5,3,1
"k5ouc7h3n5vg","images/women/image_5772.jpg",5,"woman",4,1,0
"k5ouc7h3n5vg","images/women/image_9112.jpg",6,"woman",3,1,0
"k5ouc7h3n5vg","images/men/image_3331.jpg",7,"man",4,2,1
"k5ouc7h3n5vg","images/women/image_9570.jpg",8,"woman",3,1,0
"k5ouc7h3n5vg","images/men/image_156.jpg",9,"man",3,3,1
"k5ouc7h3n5vg","images/men/image_4135.jpg",10,"man",4,3,1
"k5ouc7h3n5vg","images/men/image_3666.jpg",11,"man",5,2,1
"k5ouc7h3n5vg","images/women/image_4509.jpg",12,"woman",4,3,1
"k5ouc7h3n5vg","images/women/image_5042.jpg",13,"woman",3,1,0
"k5ouc7h3n5vg","images/women/image_4393.jpg",14,"woman",3,2,1
"k5ouc7h3n5vg","images/men/image_4594.jpg",15,"man",5,2,1
"k5ouc7h3n5vg","images/women/image_7696.jpg",16,"woman",4,1,0
"k5ouc7h3n5vg","images/women/image_8537.jpg",17,"woman",4,1,0
"k5ouc7h3n5vg","images/women/image_1212.jpg",18,"woman",5,3,1
"k5ouc7h3n5vg","images/women/image_4444.jpg",19,"woman",3,1,0
"k5ouc7h3n5vg","images/men/image_9775.jpg",20,"man",5,5,1
"k5ouc7h3n5vg","images/women/image_1351.jpg",21,"woman",5,3,1
"k5ouc7h3n5vg","images/men/image_1224.jpg",22,"man",5,1,0
"k5ouc7h3n5vg","images/men/image_949.jpg",23,"man",3,2,1
"k5ouc7h3n5vg","images/men/image_5436.jpg",24,"man",4,4,1
"k5ouc7h3n5vg","images/women/image_110.jpg",25,"woman",5,4,1
"k5ouc7h3n5vg","images/women/image_9720.jpg",26,"woman",4,1,0
"k5ouc7h3n5vg","images/men/image_4644.jpg",27,"man",3,2,1
"k5ouc7h3n5vg","images/men/image_2846.jpg",28,"man",3,1,0
"k5ouc7h3n5vg","images/men/image_861.jpg",29,"man",4,1,0
"k5ouc7h3n5vg","images/women/image_896.jpg",30,"woman",3,2,1
"k5ouc7h3n5vg","images/men/image_592.jpg",31,"man",4,3,1
"k5ouc7h3n5vg","images/women/image_5240.jpg",32,"woman",4,2,1
"k5ouc7h3n5vg","images/women/image_8472.jpg",33,"woman",5,1,0
"k5ouc7h3n5vg","images/men/image_4947.jpg",34,"man",5,5,1
"k5ouc7h3n5vg","images/men/image_9427.jpg",35,"man",4,4,1
"k5ouc7h3n5vg","images/women/image_2429.jpg",36,"woman",4,4,1
"k5ouc7h3n5vg","images/women/image_287.jpg",37,"woman",3,1,0
"k5ouc7h3n5vg","images/men/image_5150.jpg",38,"man",5,1,0
"k5ouc7h3n5vg","images/men/image_91.jpg",39,"man",3,3,1
"k5ouc7h3n5vg","images/women/image_8727.jpg",40,"woman",5,2,1
"k5ouc7h3n5vg","images/men/image_214.jpg",41,"man",3,2,1
"k5ouc7h3n5vg","images/women/image_5192.jpg",42,"woman",5,4,1
"k5ouc7h3n5vg","images/women/image_2136.jpg",43,"woman",5,4,1
"k5ouc7h3n5vg","images/women/image_2016.jpg",44,"woman",5,1,0
"k5ouc7h3n5vg","images/men/image_1051.jpg",45,"man",3,2,1
"k5ouc7h3n5vg","images/women/image_7911.jpg",46,"woman",4,2,1
"k5ouc7h3n5vg","images/men/image_5421.jpg",47,"man",4,4,1
"k5ouc7h3n5vg","images/men/image_2180.jpg",48,"man",3,1,0
"k5ouc7h3n5vg","images/women/image_2697.jpg",49,"woman",3,1,0
"k5ouc7h3n5vg","images/women/image_9609.jpg",50,"woman",5,3,1
"k5ouc7h3n5vg","images/women/image_735.jpg",51,"woman",3,2,1
"k5ouc7h3n5vg","images/men/image_559.jpg",52,"man",4,1,0
"k5ouc7h3n5vg","images/women/image_7792.jpg",53,"woman",4,3,1
"k5ouc7h3n5vg","images/men/image_1573.jpg",54,"man",3,3,1
"k5ouc7h3n5vg","images/women/image_3741.jpg",55,"woman",4,3,1
"k5ouc7h3n5vg","images/women/image_4338.jpg",56,"woman",3,1,0
"k5ouc7h3n5vg","images/men/image_1068.jpg",57,"man",5,1,0
"k5ouc7h3n5vg","images/women/image_3283.jpg",58,"woman",4,2,1
"k5ouc7h3n5vg","images/women/image_1141.jpg",59,"woman",5,1,0
"k5ouc7h3n5vg","images/men/image_337.jpg",60,"man",4,4,1
"k5ouc7h3n5vg","images/women/image_6149.jpg",61,"woman",4,3,1
"k5ouc7h3n5vg","images/men/image_148.jpg",62,"man",5,2,1
"k5ouc7h3n5vg","images/men/image_685.jpg",63,"man",4,3,1
"k5ouc7h3n5vg","images/women/image_252.jpg",64,"woman",3,1,0
"k5ouc7h3n5vg","images/men/image_230.jpg",65,"man",4,1,0
"k5ouc7h3n5vg","images/women/image_9952.jpg",66,"woman",4,1,0
"k5ouc7h3n5vg","images/men/image_833.jpg",67,"man",3,3,1
"k5ouc7h3n5vg","images/women/image_3742.jpg",68,"woman",3,1,0
"k5ouc7h3n5vg","images/men/image_9933.jpg",69,"man",3,1,0
"k5ouc7h3n5vg","images/men/image_8790.jpg",70,"man",4,1,0
"k5ouc7h3n5vg","images/men/image_4013.jpg",71,"man",4,2,1
"k5ouc7h3n5vg","images/men/image_1835.jpg",72,"man",3,2,1
"k5ouc7h3n5vg","images/men/image_9109.jpg",73,"man",3,3,1
"k5ouc7h3n5vg","images/men/image_1629.jpg",74,"man",5,1,0
"k5ouc7h3n5vg","images/men/image_8304.jpg",75,"man",5,3,1
"k5ouc7h3n5vg","images/women/image_757.jpg",76,"woman",5,5,1
"k5ouc7h3n5vg","images/men/image_5409.jpg",77,"man",5,4,1
"k5ouc7h3n5vg","images/women/image_793.jpg",78,"woman",5,3,1
"k5ouc7h3n5vg","images/men/image_3625.jpg",79,"man",5,1,0
"k5ouc7h3n5vg","images/men/image_4537.jpg",80,"man",5,5,1
"k5ouc7h3n5vg","images/women/image_6177.jpg",81,"woman",5,3,1
"k5ouc7h3n5vg","images/women/image_9973.jpg",82,"woman",4,2,1
"k5ouc7h3n5vg","images/women/image_444.jpg",83,"woman",3,2,1
"k5ouc7h3n5vg","images/women/image_3807.jpg",84,"woman",3,2,1
"k5ouc7h3n5vg","images/women/image_9274.jpg",85,"woman",3,1,0
"k5ouc7h3n5vg","images/men/image_1747.jpg",86,"man",5,3,1
"k5ouc7h3n5vg","images/women/image_2051.jpg",87,"woman",4,2,1
"k5ouc7h3n5vg","images/women/image_9174.jpg",88,"woman",3,3,1
"k5ouc7h3n5vg","images/women/image_2292.jpg",89,"woman",5,1,0
"k5ouc7h3n5vg","images/men/image_1875.jpg",90,"man",3,1,0
"k5ouc7h3n5vg","images/women/image_9708.jpg",91,"woman",4,4,1
"k5ouc7h3n5vg","images/women/image_237.jpg",92,"woman",3,3,1
"k5ouc7h3n5vg","images/men/image_489.jpg",93,"man",3,1,0
"k5ouc7h3n5vg","images/men/image_2851.jpg",94,"man",5,5,1
"k5ouc7h3n5vg","images/women/image_8590.jpg",95,"woman",5,4,1
"k5ouc7h3n5vg","images/men/image_8547.jpg",96,"man",3,1,0
"k5ouc7h3n5vg","images/women/image_5357.jpg",97,"woman",4,1,0
"k5ouc7h3n5vg","images/women/image_8731.jpg",98,"woman",3,3,1
"k5ouc7h3n5vg","images/women/image_30.jpg",99,"woman",3,1,0
"k5ouc7h3n5vg","images/women/image_3293.jpg",100,"woman",4,1,0
"k5ouc7h3n5vg","images/women/image_9278.jpg",101,"woman",5,2,1
"k5ouc7h3n5vg","images/men/image_8707.jpg",102,"man",3,2,1
"k5ouc7h3n5vg","images/men/image_106.jpg",103,"man",4,4,1
"k5ouc7h3n5vg","images/women/image_2065.jpg",104,"woman",5,1,0
"k5ouc7h3n5vg","images/men/image_3864.jpg",105,"man",5,2,1
"k5ouc7h3n5vg","images/women/image_7914.jpg",106,"woman",4,1,0
"k5ouc7h3n5vg","images/women/image_4577.jpg",107,"woman",5,3,1
"k5ouc7h3n5vg","images/men/image_9612.jpg",108,"man",5,3,1
"k5ouc7h3n5vg","images/men/image_4816.jpg",109,"man",4,1,0
"k5ouc7h3n5vg","images/men/image_5839.jpg",110,"man",4,1,0
"k5ouc7h3n5vg","images/women/image_4827.jpg",111,"woman",5,4,1
"k5ouc7h3n5vg","images/men/image_9741.jpg",112,"man",5,4,1
"k5ouc7h3n5vg","images/men/image_35.jpg",113,"man",3,1,0
"k5ouc7h3n5vg","images/women/image_8380.jpg",114,"woman",4,4,1
"k5ouc7h3n5vg","images/women/image_7755.jpg",115,"woman",3,1,0
"k5ouc7h3n5vg","images/men/image_4287.jpg",116,"man",4,1,0
"k5ouc7h3n5vg","images/men/image_10.jpg",117,"man",4,1,0
"k5ouc7h3n5vg","images/women/image_295.jpg",118,"woman",3,1,0
"k5ouc7h3n5vg","images/men/image_8837.jpg",119,"man",3,1,0
"k5ouc7h3n5vg","images/men/image_9986.jpg",120,"man",5,4,1
"k5ouc7h3n5vg","images/men/image_776.jpg",121,"man",3,2,1
"k5ouc7h3n5vg","images/women/image_1569.jpg",122,"woman",5,1,0
"k5ouc7h3n5vg","images/men/image_697.jpg",123,"man",5,1,0
"k5ouc7h3n5vg","images/women/image_688.jpg",124,"woman",4,1,0
"k5ouc7h3n5vg","images/men/image_922.jpg",125,"man",4,4,1
"k5ouc7h3n5vg","images/men/image_5577.jpg",126,"man",4,1,0
"k5ouc7h3n5vg","images/men/image_283.jpg",127,"man",4,3,1
"k5ouc7h3n5vg","images/men/image_4222.jpg",128,"man",5,2,1
"k5ouc7h3n5vg","images/women/image_9268.jpg",129,"woman",5,2,1
"k5ouc7h3n5vg","images/men/image_2819.jpg",130,"man",3,2,1
"k5ouc7h3n5vg","images/men/image_179.jpg",131,"man",3,3,1
"k5ouc7h3n5vg","images/women/image_5947.jpg",132,"woman",3,1,0
"k5ouc7h3n5vg","images/men/image_3072.jpg",133,"man",3,1,0
"k5ouc7h3n5vg","images/men/image_2470.jpg",134,"man",4,3,1
"k5ouc7h3n5vg","images/men/image_5125.jpg",135,"man",3,2,1
"k5ouc7h3n5vg","images/women/image_2801.jpg",136,"woman",5,3,1
"k5ouc7h3n5vg","images/women/image_1495.jpg",137,"woman",5,5,1
"k5ouc7h3n5vg","images/men/image_538.jpg",138,"man",3,1,0
"k5ouc7h3n5vg","images/men/image_1615.jpg",139,"man",5,2,1
"k5ouc7h3n5vg","images/men/image_2962.jpg",140,"man",5,3,1
"k5ouc7h3n5vg","images/men/image_4858.jpg",141,"man",4,3,1
"k5ouc7h3n5vg","images/men/image_3794.jpg",142,"man",3,1,0
"k5ouc7h3n5vg","images/women/image_5289.jpg",143,"woman",3,1,0
"k5ouc7h3n5vg","images/women/image_1328.jpg",144,"woman",3,2,1
"k5ouc7h3n5vg","images/men/image_1558.jpg",145,"man",3,1,0
"k5ouc7h3n5vg","images/women/image_479.jpg",146,"woman",5,1,0
"k5ouc7h3n5vg","images/women/image_4236.jpg",147,"woman",4,4,1
"k5ouc7h3n5vg","images/women/image_3935.jpg",148,"woman",4,1,0
"k5ouc7h3n5vg","images/women/image_798.jpg",149,"woman",5,4,1
"k5ouc7h3n5vg","images/women/image_9370.jpg",150,"woman",5,1,0
"k5ouc7h3n5vg","images/men/image_2058.jpg",151,"man",4,1,0
"k5ouc7h3n5vg","images/women/image_4492.jpg",152,"woman",4,1,0
"k5ouc7h3n5vg","images/women/image_9539.jpg",153,"woman",4,3,1
"k5ouc7h3n5vg","images/men/image_775.jpg",154,"man",5,5,1
"k5ouc7h3n5vg","images/women/image_1669.jpg",155,"woman",3,3,1
"k5ouc7h3n5vg","images/women/image_4258.jpg",156,"woman",4,2,1
"k5ouc7h3n5vg","images/women/image_3774.jpg",157,"woman",4,3,1
"k5ouc7h3n5vg","images/women/image_9592.jpg",158,"woman",3,3,1
"k5ouc7h3n5vg","images/women/image_9627.jpg",159,"woman",4,2,1
"k5ouc7h3n5vg","images/women/image_8606.jpg",160,"woman",3,1,0
"k5ouc7h3n5vg","images/men/image_4875.jpg",161,"man",4,4,1
"k5ouc7h3n5vg","images/men/image_4724.jpg",162,"man",5,1,0
"k5ouc7h3n5vg","images/women/image_333.jpg",163,"woman",3,1,0
"k5ouc7h3n5vg","images/men/image_2695.jpg",164,"man",5,3,1
"k5ouc7h3n5vg","images/men/image_625.jpg",165,"man",5,2,1
"k5ouc7h3n5vg","images/men/image_8994.jpg",166,"man",4,1,0
"k5ouc7h3n5vg","images/women/image_8323.jpg",167,"woman",5,3,1
"k5ouc7h3n5vg","images/men/image_950.jpg",168,"man",4,3,1
"hkxt52vsp4yg","images/men/image_2570.jpg",1,"man",3,1,0
"hkxt52vsp4yg","images/men/image_8952.jpg",2,"man",5,1,0
"hkxt52vsp4yg","images/women/image_2560.jpg",3,"woman",5,1,0
"hkxt52vsp4yg","images/women/image_9700.jpg",4,"woman",5,1,0
"hkxt52vsp4yg","images/men/image_2607.jpg",5,"man",3,1,0
"hkxt52vsp4yg","images/men/image_4603.jpg",6,"man",3,1,0
"hkxt52vsp4yg","images/women/image_2041.jpg",7,"woman",3,2,1
"hkxt52vsp4yg","images/men/image_1041.jpg",8,"man",4,1,0
"hkxt52vsp4yg","images/men/image_2523.jpg",9,"man",5,1,0
"hkxt52vsp4yg","images/women/image_695.jpg",10,"woman",4,1,0
"hkxt52vsp4yg","images/women/image_9708.jpg",11,"woman",5,1,0
"hkxt52vsp4yg","images/women/image_3807.jpg",12,"woman",3,1,0
"hkxt52vsp4yg","images/men/image_2410.jpg",13,"man",5,1,0
"hkxt52vsp4yg","images/men/image_907.jpg",14,"man",5,4,1
"hkxt52vsp4yg","images/men/image_4013.jpg",15,"man",3,1,0
"hkxt52vsp4yg","images/women/image_1430.jpg",16,"woman",4,2,1
"hkxt52vsp4yg","images/women/image_6243.jpg",17,"woman",3,1,0
"hkxt52vsp4yg","images/men/image_789.jpg",18,"man",4,1,0
"hkxt52vsp4yg","images/women/image_9088.jpg",19,"woman",4,1,0
"hkxt52vsp4yg","images/men/image_4946.jpg",20,"man",4,1,0
"hkxt52vsp4yg","images/women/image_3741.jpg",21,"woman",3,1,0
"hkxt52vsp4yg","images/women/image_3774.jpg",22,"woman",5,1,0
"hkxt52vsp4yg","images/women/image_33.jpg",23,"woman",5,1,0
"hkxt52vsp4yg","images/men/image_4530.jpg",24,"man",5,1,0
"hkxt52vsp4yg","images/women/image_3607.jpg",25,"woman",4,1,0
"hkxt52vsp4yg","images/women/image_7855.jpg",26,"woman",5,1,0
"hkxt52vsp4yg","images/men/image_3184.jpg",27,"man",5,2,1
"hkxt52vsp4yg","images/men/image_1016.jpg",28,"man",3,1,0
"hkxt52vsp4yg","images/women/image_1168.jpg",29,"woman",5,1,0
"hkxt52vsp4yg","images/men/image_8969.jpg",30,"man",4,1,0
"hkxt52vsp4yg","images/men/image_1139.jpg",31,"man",4,4,1
"hkxt52vsp4yg","images/women/image_2264.jpg",32,"woman",3,1,0
"hkxt52vsp4yg","images/men/image_3404.jpg",33,"man",3,1,0
"hkxt52vsp4yg","images/men/image_8998.jpg",34,"man",5,2,1
"hkxt52vsp4yg","images/women/image_8975.jpg",35,"woman",4,1,0
"hkxt52vsp4yg","images/men/image_2436.jpg",36,"man",4,1,0
"hkxt52vsp4yg","images/women/image_4996.jpg",37,"woman",3,1,0
"hkxt52vsp4yg","images/women/image_9769.jpg",38,"woman",4,1,0
"hkxt52vsp4yg","images/women/image_424.jpg",39,"woman",4,3,1
"hkxt52vsp4yg","images/men/image_988.jpg",40,"man",4,1,0
"hkxt52vsp4yg","images/men/image_4832.jpg",41,"man",3,1,0
"hkxt52vsp4yg","images/women/image_3075.jpg",42,"woman",3,2,1
"hkxt52vsp4yg","images/men/image_2621.jpg",43,"man",3,1,0
"hkxt52vsp4yg","images/women/image_3955.jpg",44,"woman",4,1,0
"hkxt52vsp4yg","images/women/image_1152.jpg",45,"woman",5,1,0
"hkxt52vsp4yg","images/men/image_3942.jpg",46,"man",4,1,0
"hkxt52vsp4yg","images/women/image_9274.jpg",47,"woman",3,3,1
"hkxt52vsp4yg","images/women/image_3279.jpg",48,"woman",3,3,1
"hkxt52vsp4yg","images/women/image_8622.jpg",49,"woman",3,1,0
"hkxt52vsp4yg","images/men/image_2420.jpg",50,"man",4,1,0
"hkxt52vsp4yg","images/women/image_4089.jpg",51,"woman",3,1,0
"hkxt52vsp4yg","images/men/image_1645.jpg",52,"man",5,4,1
"hkxt52vsp4yg","images/men/image_4735.jpg",53,"man",5,1,0
"hkxt52vsp4yg","images/women/image_9313.jpg",54,"woman",4,1,0
"hkxt52vsp4yg","images/men/image_8582.jpg",55,"man",3,3,1
"hkxt52vsp4yg","images/men/image_1601.jpg",56,"man",4,1,0
"hkxt52vsp4yg","images/women/image_1403.jpg",57,"woman",3,1,0
"hkxt52vsp4yg","images/women/image_5177.jpg",58,"woman",5,1,0
"hkxt52vsp4yg","images/men/image_4157.jpg",59,"man",4,4,1
"hkxt52vsp4yg","images/men/image_5794.jpg",60,"man",3,1,0
"hkxt52vsp4yg","images/men/image_9641.jpg",61,"man",3,1,0
"hkxt52vsp4yg","images/women/image_5218.jpg",62,"woman",3,1,0
"hkxt52vsp4yg","images/women/image_793.jpg",63,"woman",5,4,1
"hkxt52vsp4yg","images/women/image_6177.jpg",64,"woman",4,1,0
"hkxt52vsp4yg","images/men/image_776.jpg",65,"man",4,2,1
"hkxt52vsp4yg","images/men/image_746.jpg",66,"man",3,1,0
"hkxt52vsp4yg","images/women/image_4435.jpg",67,"woman",5,1,0
"hkxt52vsp4yg","images/women/image_6041.jpg",68,"woman",4,1,0
"hkxt52vsp4yg","images/men/image_4303.jpg",69,"man",5,1,0
"hkxt52vsp4yg","images/men/image_922.jpg",70,"man",4,3,1
"hkxt52vsp4yg","images/men/image_1261.jpg",71,"man",5,1,0
"hkxt52vsp4yg","images/women/image_1973.jpg",72,"woman",5,2,1
"hkxt52vsp4yg","images/men/image_8446.jpg",73,"man",3,1,0
"hkxt52vsp4yg","images/men/image_9142.jpg",74,"man",5,1,0
"hkxt52vsp4yg","images/men/image_3358.jpg",75,"man",4,1,0
"hkxt52vsp4yg","images/men/image_4479.jpg",76,"man",5,1,0
"hkxt52vsp4yg","images/men/image_1854.jpg",77,"man",3,1,0
"hkxt52vsp4yg","images/women/image_3751.jpg",78,"woman",4,1,0
"hkxt52vsp4yg","images/women/image_84.jpg",79,"woman",5,3,1
"hkxt52vsp4yg","images/women/image_287.jpg",80,"woman",5,3,1
"hkxt52vsp4yg","images/women/image_1212.jpg",81,"woman",4,1,0
"hkxt52vsp4yg","images/women/image_9112.jpg",82,"woman",3,1,0
"hkxt52vsp4yg","images/women/image_8727.jpg",83,"woman",4,4,1
"hkxt52vsp4yg","images/men/image_3240.jpg",84,"man",5,2,1
"hkxt52vsp4yg","images/men/image_3830.jpg",85,"man",5,2,1
"hkxt52vsp4yg","images/men/image_1971.jpg",86,"man",4,2,1
"hkxt52vsp4yg","images/men/image_1395.jpg",87,"man",5,1,0
"hkxt52vsp4yg","images/women/image_141.jpg",88,"woman",5,1,0
"hkxt52vsp4yg","images/men/image_9577.jpg",89,"man",5,1,0
"hkxt52vsp4yg","images/men/image_9226.jpg",90,"man",4,1,0
"hkxt52vsp4yg","images/men/image_183.jpg",91,"man",4,1,0
"hkxt52vsp4yg","images/men/image_230.jpg",92,"man",5,1,0
"hkxt52vsp4yg","images/women/image_2292.jpg",93,"woman",3,1,0
"hkxt52vsp4yg","images/women/image_3049.jpg",94,"woman",5,1,0
"hkxt52vsp4yg","images/women/image_8472.jpg",95,"woman",5,1,0
"hkxt52vsp4yg","images/men/image_5910.jpg",96,"man",4,2,1
"hkxt52vsp4yg","images/men/image_2914.jpg",97,"man",3,3,1
"hkxt52vsp4yg","images/men/image_148.jpg",98,"man",5,3,1
"hkxt52vsp4yg","images/women/image_595.jpg",99,"woman",5,3,1
"hkxt52vsp4yg","images/women/image_4740.jpg",100,"woman",4,3,1
"hkxt52vsp4yg","images/women/image_78.jpg",101,"woman",4,1,0
"hkxt52vsp4yg","images/men/image_9133.jpg",102,"man",3,2,1
"hkxt52vsp4yg","images/men/image_5470.jpg",103,"man",5,5,1
"hkxt52vsp4yg","images/men/image_4815.jpg",104,"man",4,1,0
"hkxt52vsp4yg","images/women/image_3010.jpg",105,"woman",3,1,0
"hkxt52vsp4yg","images/women/image_3481.jpg",106,"woman",3,1,0
"hkxt52vsp4yg","images/women/image_8338.jpg",107,"woman",5,1,0
"hkxt52vsp4yg","images/men/image_5422.jpg",108,"man",5,1,0
"hkxt52vsp4yg","images/women/image_3743.jpg",109,"woman",4,4,1
"hkxt52vsp4yg","images/men/image_9791.jpg",110,"man",4,1,0
"hkxt52vsp4yg","images/women/image_8422.jpg",111,"woman",4,1,0
"hkxt52vsp4yg","images/men/image_9625.jpg",112,"man",3,1,0
"hkxt52vsp4yg","images/women/image_444.jpg",113,"woman",5,3,1
"hkxt52vsp4yg","images/women/image_4163.jpg",114,"woman",3,2,1
"hkxt52vsp4yg","images/men/image_2812.jpg",115,"man",3,2,1
"hkxt52vsp4yg","images/women/image_3838.jpg",116,"woman",4,1,0
"hkxt52vsp4yg","images/men/image_443.jpg",117,"man",3,1,0
"hkxt52vsp4yg","images/women/image_8574.jpg",118,"woman",5,1,0
"hkxt52vsp4yg","images/women/image_1929.jpg",119,"woman",3,1,0
"hkxt52vsp4yg","images/men/image_156.jpg",120,"man",3,3,1
"hkxt52vsp4yg","images/women/image_5758.jpg",121,"woman",3,2,1
"hkxt52vsp4yg","images/women/image_331.jpg",122,"woman",3,1,0
"hkxt52vsp4yg","images/women/image_5407.jpg",123,"woman",4,1,0
"hkxt52vsp4yg","images/men/image_9600.jpg",124,"man",4,2,1
"hkxt52vsp4yg","images/women/image_9191.jpg",125,"woman",4,1,0
"hkxt52vsp4yg","images/men/image_1598.jpg",126,"man",3,2,1
"hkxt52vsp4yg","images/men/image_10.jpg",127,"man",5,3,1
"hkxt52vsp4yg","images/women/image_4638.jpg",128,"woman",5,1,0
"hkxt52vsp4yg","images/men/image_4654.jpg",129,"man",3,1,0
"hkxt52vsp4yg","images/men/image_1835.jpg",130,"man",3,3,1
"hkxt52vsp4yg","images/men/image_5031.jpg",131,"man",4,2,1
"hkxt52vsp4yg","images/women/image_3194.jpg",132,"woman",3,1,0
"hkxt52vsp4yg","images/men/image_5330.jpg",133,"man",3,1,0
"hkxt52vsp4yg","images/women/image_2994.jpg",134,"woman",5,1,0
"hkxt52vsp4yg","images/women/image_5192.jpg",135,"woman",4,4,1
"hkxt52vsp4yg","images/women/image_9047.jpg",136,"woman",3,1,0
"hkxt52vsp4yg","images/women/image_2429.jpg",137,"woman",3,1,0
"hkxt52vsp4yg","images/women/image_1665.jpg",138,"woman",3,1,0
"hkxt52vsp4yg","images/men/image_679.jpg",139,"man",3,1,0
"hkxt52vsp4yg","images/men/image_3835.jpg",140,"man",4,1,0
"hkxt52vsp4yg","images/women/image_8554.jpg",141,"woman",5,1,0
"hkxt52vsp4yg","images/men/image_4402.jpg",142,"man",3,1,0
"hkxt52vsp4yg","images/men/image_3687.jpg",143,"man",5,5,1
"hkxt52vsp4yg","images/women/image_3742.jpg",144,"woman",4,1,0
"hkxt52vsp4yg","images/women/image_6149.jpg",145,"woman",3,1,0
"hkxt52vsp4yg","images/men/image_9758.jpg",146,"man",5,2,1
"hkxt52vsp4yg","images/men/image_2962.jpg",147,"man",3,1,0
"hkxt52vsp4yg","images/women/image_5357.jpg",148,"woman",4,2,1
"hkxt52vsp4yg","images/men/image_752.jpg",149,"man",4,4,1
"hkxt52vsp4yg","images/men/image_656.jpg",150,"man",4,1,0
"hkxt52vsp4yg","images/men/image_9647.jpg",151,"man",4,2,1
"hkxt52vsp4yg","images/men/image_3077.jpg",152,"man",5,1,0
"hkxt52vsp4yg","images/women/image_4304.jpg",153,"woman",4,2,1
"hkxt52vsp4yg","images/women/image_4586.jpg",154,"woman",4,1,0
"hkxt52vsp4yg","images/men/image_341.jpg",155,"man",5,4,1
"hkxt52vsp4yg","images/men/image_559.jpg",156,"man",3,1,0
"hkxt52vsp4yg","images/women/image_5396.jpg",157,"woman",5,1,0
"hkxt52vsp4yg","images/women/image_8496.jpg",158,"woman",5,1,0
"hkxt52vsp4yg","images/men/image_2153.jpg",159,"man",4,1,0
"hkxt52vsp4yg","images/women/image_7819.jpg",160,"woman",4,1,0
"hkxt52vsp4yg","images/men/image_4621.jpg",161,"man",5,1,0
"hkxt52vsp4yg","images/women/image_503.jpg",162,"woman",4,1,0
"hkxt52vsp4yg","images/men/image_2335.jpg",163,"man",4,3,1
"hkxt52vsp4yg","images/women/image_86.jpg",164,"woman",5,1,0
"hkxt52vsp4yg","images/women/image_2008.jpg",165,"woman",3,1,0
"hkxt52vsp4yg","images/women/image_4236.jpg",166,"woman",5,5,1
"hkxt52vsp4yg","images/women/image_1328.jpg",167,"woman",3,1,0
"hkxt52vsp4yg","images/men/image_930.jpg",168,"man",5,1,0
"wvvw5klpgks6","images/women/image_1994.jpg",1,"woman",3,1,0
"wvvw5klpgks6","images/men/image_4858.jpg",2,"man",3,3,1
"wvvw5klpgks6","images/men/image_9431.jpg",3,"man",4,2,1
"wvvw5klpgks6","images/women/image_3582.jpg",4,"woman",5,1,0
"wvvw5klpgks6","images/women/image_8727.jpg",5,"woman",4,1,0
"wvvw5klpgks6","images/men/image_4479.jpg",6,"man",4,1,0
"wvvw5klpgks6","images/men/image_801.jpg",7,"man",4,4,1
"wvvw5klpgks6","images/women/image_9539.jpg",8,"woman",3,1,0
"wvvw5klpgks6","images/men/image_9756.jpg",9,"man",5,1,0
"wvvw5klpgks6","images/men/image_2406.jpg",10,"man",3,1,0
"wvvw5klpgks6","images/men/image_3843.jpg",11,"man",5,1,0
"wvvw5klpgks6","images/women/image_1132.jpg",12,"woman",5,2,1
"wvvw5klpgks6","images/men/image_148.jpg",13,"man",5,1,0
"wvvw5klpgks6","images/women/image_2760.jpg",14,"woman",4,4,1
"wvvw5klpgks6","images/men/image_559.jpg",15,"man",3,1,0
"wvvw5klpgks6","images/women/image_3630.jpg",16,"woman",4,1,0
"wvvw5klpgks6","images/men/image_9883.jpg",17,"man",4,1,0
"wvvw5klpgks6","images/men/image_4530.jpg",18,"man",5,1,0
"wvvw5klpgks6","images/women/image_3935.jpg",19,"woman",4,1,0
"wvvw5klpgks6","images/women/image_4146.jpg",20,"woman",3,3,1
"wvvw5klpgks6","images/women/image_9592.jpg",21,"woman",3,2,1
"wvvw5klpgks6","images/women/image_237.jpg",22,"woman",5,2,1
"wvvw5klpgks6","images/women/image_3851.jpg",23,"woman",4,1,0
"wvvw5klpgks6","images/men/image_122.jpg",24,"man",5,4,1
"wvvw5klpgks6","images/men/image_90.jpg",25,"man",4,3,1
"wvvw5klpgks6","images/women/image_960.jpg",26,"woman",3,2,1
"wvvw5klpgks6","images/men/image_2192.jpg",27,"man",3,1,0
"wvvw5klpgks6","images/men/image_1342.jpg",28,"man",4,2,1
"wvvw5klpgks6","images/women/image_1567.jpg",29,"woman",3,1,0
"wvvw5klpgks6","images/women/image_5758.jpg",30,"woman",5,1,0
"wvvw5klpgks6","images/women/image_86.jpg",31,"woman",3,1,0
"wvvw5klpgks6","images/women/image_3075.jpg",32,"woman",4,2,1
"wvvw5klpgks6","images/men/image_3072.jpg",33,"man",5,2,1
"wvvw5klpgks6","images/men/image_1854.jpg",34,"man",3,2,1
"wvvw5klpgks6","images/men/image_5272.jpg",35,"man",3,3,1
"wvvw5klpgks6","images/women/image_3611.jpg",36,"woman",4,4,1
"wvvw5klpgks6","images/women/image_302.jpg",37,"woman",5,5,1
"wvvw5klpgks6","images/men/image_1885.jpg",38,"man",5,1,0
"wvvw5klpgks6","images/women/image_9734.jpg",39,"woman",5,1,0
"wvvw5klpgks6","images/men/image_1889.jpg",40,"man",3,1,0
"wvvw5klpgks6","images/women/image_323.jpg",41,"woman",5,2,1
"wvvw5klpgks6","images/men/image_1962.jpg",42,"man",4,4,1
"wvvw5klpgks6","images/men/image_2605.jpg",43,"man",4,1,0
"wvvw5klpgks6","images/women/image_4957.jpg",44,"woman",3,3,1
"wvvw5klpgks6","images/women/image_8606.jpg",45,"woman",5,1,0
"wvvw5klpgks6","images/women/image_8717.jpg",46,"woman",5,3,1
"wvvw5klpgks6","images/women/image_5135.jpg",47,"woman",4,1,0
"wvvw5klpgks6","images/men/image_4317.jpg",48,"man",3,1,0
"wvvw5klpgks6","images/men/image_3785.jpg",49,"man",4,4,1
"wvvw5klpgks6","images/men/image_5794.jpg",50,"man",4,2,1
"wvvw5klpgks6","images/women/image_8992.jpg",51,"woman",3,1,0
"wvvw5klpgks6","images/men/image_789.jpg",52,"man",5,1,0
"wvvw5klpgks6","images/men/image_2714.jpg",53,"man",3,1,0
"wvvw5klpgks6","images/men/image_9301.jpg",54,"man",4,2,1
"wvvw5klpgks6","images/men/image_2381.jpg",55,"man",5,2,1
"wvvw5klpgks6","images/men/image_3404.jpg",56,"man",3,1,0
"wvvw5klpgks6","images/men/image_3820.jpg",57,"man",3,1,0
"wvvw5klpgks6","images/men/image_254.jpg",58,"man",4,2,1
"wvvw5klpgks6","images/women/image_3279.jpg",59,"woman",3,2,1
"wvvw5klpgks6","images/women/image_4622.jpg",60,"woman",4,4,1
"wvvw5klpgks6","images/men/image_2962.jpg",61,"man",4,2,1
"wvvw5klpgks6","images/women/image_8739.jpg",62,"woman",5,1,0
"wvvw5klpgks6","images/men/image_2693.jpg",63,"man",5,5,1
"wvvw5klpgks6","images/men/image_774.jpg",64,"man",3,3,1
"wvvw5klpgks6","images/women/image_5284.jpg",65,"woman",4,2,1
"wvvw5klpgks6","images/women/image_858.jpg",66,"woman",3,1,0
"wvvw5klpgks6","images/men/image_993.jpg",67,"man",3,1,0
"wvvw5klpgks6","images/women/image_2094.jpg",68,"woman",5,5,1
"wvvw5klpgks6","images/women/image_3619.jpg",69,"woman",4,2,1
"wvvw5klpgks6","images/men/image_8650.jpg",70,"man",5,3,1
"wvvw5klpgks6","images/men/image_949.jpg",71,"man",5,2,1
"wvvw5klpgks6","images/men/image_4594.jpg",72,"man",5,4,1
"wvvw5klpgks6","images/women/image_2148.jpg",73,"woman",4,4,1
"wvvw5klpgks6","images/women/image_444.jpg",74,"woman",4,3,1
"wvvw5klpgks6","images/men/image_3045.jpg",75,"man",3,3,1
"wvvw5klpgks6","images/women/image_494.jpg",76,"woman",5,3,1
"wvvw5klpgks6","images/women/image_5566.jpg",77,"woman",3,1,0
"wvvw5klpgks6","images/men/image_1016.jpg",78,"man",4,2,1
"wvvw5klpgks6","images/women/image_1240.jpg",79,"woman",4,3,1
"wvvw5klpgks6","images/women/image_788.jpg",80,"woman",5,1,0
"wvvw5klpgks6","images/women/image_30.jpg",81,"woman",5,1,0
"wvvw5klpgks6","images/women/image_6041.jpg",82,"woman",3,3,1
"wvvw5klpgks6","images/women/image_141.jpg",83,"woman",3,2,1
"wvvw5klpgks6","images/men/image_2570.jpg",84,"man",5,1,0
"wvvw5klpgks6","images/women/image_7911.jpg",85,"woman",4,3,1
"wvvw5klpgks6","images/men/image_600.jpg",86,"man",5,5,1
"wvvw5klpgks6","images/men/image_5709.jpg",87,"man",5,1,0
"wvvw5klpgks6","images/men/image_3942.jpg",88,"man",3,2,1
"wvvw5klpgks6","images/men/image_4841.jpg",89,"man",3,2,1
"wvvw5klpgks6","images/men/image_4181.jpg",90,"man",3,3,1
"wvvw5klpgks6","images/women/image_4773.jpg",91,"woman",4,3,1
"wvvw5klpgks6","images/women/image_2051.jpg",92,"woman",4,1,0
"wvvw5klpgks6","images/men/image_775.jpg",93,"man",4,2,1
"wvvw5klpgks6","images/men/image_497.jpg",94,"man",5,2,1
"wvvw5klpgks6","images/men/image_2152.jpg",95,"man",5,1,0
"wvvw5klpgks6","images/men/image_9675.jpg",96,"man",3,3,1
"wvvw5klpgks6","images/men/image_9577.jpg",97,"man",4,1,0
"wvvw5klpgks6","images/men/image_2914.jpg",98,"man",5,1,0
"wvvw5klpgks6","images/women/image_1513.jpg",99,"woman",4,3,1
"wvvw5klpgks6","images/women/image_3524.jpg",100,"woman",3,2,1
"wvvw5klpgks6","images/women/image_4261.jpg",101,"woman",4,3,1
"wvvw5klpgks6","images/men/image_283.jpg",102,"man",5,2,1
"wvvw5klpgks6","images/women/image_1367.jpg",103,"woman",5,2,1
"wvvw5klpgks6","images/women/image_4827.jpg",104,"woman",3,1,0
"wvvw5klpgks6","images/men/image_5305.jpg",105,"man",5,4,1
"wvvw5klpgks6","images/women/image_3283.jpg",106,"woman",3,2,1
"wvvw5klpgks6","images/women/image_2801.jpg",107,"woman",4,1,0
"wvvw5klpgks6","images/men/image_2436.jpg",108,"man",4,4,1
"wvvw5klpgks6","images/men/image_5470.jpg",109,"man",4,4,1
"wvvw5klpgks6","images/women/image_1590.jpg",110,"woman",5,1,0
"wvvw5klpgks6","images/women/image_1264.jpg",111,"woman",5,2,1
"wvvw5klpgks6","images/women/image_9879.jpg",112,"woman",3,1,0
"wvvw5klpgks6","images/men/image_4588.jpg",113,"man",4,2,1
"wvvw5klpgks6","images/men/image_538.jpg",114,"man",3,1,0
"wvvw5klpgks6","images/women/image_1973.jpg",115,"woman",3,3,1
"wvvw5klpgks6","images/women/image_603.jpg",116,"woman",5,5,1
"wvvw5klpgks6","images/men/image_2530.jpg",117,"man",4,2,1
"wvvw5klpgks6","images/men/image_4865.jpg",118,"man",4,3,1
"wvvw5klpgks6","images/women/image_4884.jpg",119,"woman",3,3,1
"wvvw5klpgks6","images/men/image_1928.jpg",120,"man",3,2,1
"wvvw5klpgks6","images/men/image_4591.jpg",121,"man",3,3,1
"wvvw5klpgks6","images/women/image_8682.jpg",122,"woman",4,3,1
"wvvw5klpgks6","images/women/image_1141.jpg",123,"woman",5,1,0
"wvvw5klpgks6","images/women/image_9882.jpg",124,"woman",3,2,1
"wvvw5klpgks6","images/women/image_8801.jpg",125,"woman",5,1,0
"wvvw5klpgks6","images/women/image_595.jpg",126,"woman",5,1,0
"wvvw5klpgks6","images/women/image_4652.jpg",127,"woman",3,3,1
"wvvw5klpgks6","images/men/image_5640.jpg",128,"man",4,1,0
"wvvw5klpgks6","images/women/image_9313.jpg",129,"woman",5,3,1
"wvvw5klpgks6","images/men/image_3265.jpg",130,"man",5,2,1
"wvvw5klpgks6","images/men/image_697.jpg",131,"man",5,2,1
"wvvw5klpgks6","images/women/image_4393.jpg",132,"woman",4,2,1
"wvvw5klpgks6","images/men/image_9400.jpg",133,"man",5,1,0
"wvvw5klpgks6","images/men/image_9625.jpg",134,"man",4,1,0
"wvvw5klpgks6","images/women/image_5289.jpg",135,"woman",5,2,1
"wvvw5klpgks6","images/men/image_4644.jpg",136,"man",4,1,0
"wvvw5klpgks6","images/men/image_961.jpg",137,"man",5,2,1
"wvvw5klpgks6","images/women/image_4240.jpg",138,"woman",3,3,1
"wvvw5klpgks6","images/men/image_969.jpg",139,"man",3,1,0
"wvvw5klpgks6","images/men/image_2586.jpg",140,"man",3,2,1
"wvvw5klpgks6","images/men/image_3973.jpg",141,"man",3,1,0
"wvvw5klpgks6","images/women/image_3021.jpg",142,"woman",4,2,1
"wvvw5klpgks6","images/women/image_740.jpg",143,"woman",4,2,1
"wvvw5klpgks6","images/men/image_681.jpg",144,"man",4,3,1
"wvvw5klpgks6","images/women/image_4597.jpg",145,"woman",4,1,0
"wvvw5klpgks6","images/men/image_9229.jpg",146,"man",3,3,1
"wvvw5klpgks6","images/men/image_3357.jpg",147,"man",3,2,1
"wvvw5klpgks6","images/men/image_2884.jpg",148,"man",5,1,0
"wvvw5klpgks6","images/women/image_5807.jpg",149,"woman",5,1,0
"wvvw5klpgks6","images/women/image_464.jpg",150,"woman",5,4,1
"wvvw5klpgks6","images/men/image_8956.jpg",151,"man",4,4,1
"wvvw5klpgks6","images/men/image_1129.jpg",152,"man",4,3,1
"wvvw5klpgks6","images/women/image_9312.jpg",153,"woman",4,1,0
"wvvw5klpgks6","images/men/image_8397.jpg",154,"man",5,3,1
"wvvw5klpgks6","images/women/image_287.jpg",155,"woman",5,1,0
"wvvw5klpgks6","images/men/image_480.jpg",156,"man",4,4,1
"wvvw5klpgks6","images/women/image_9609.jpg",157,"woman",5,1,0
"wvvw5klpgks6","images/women/image_5968.jpg",158,"woman",3,2,1
"wvvw5klpgks6","images/women/image_3450.jpg",159,"woman",3,2,1
"wvvw5klpgks6","images/women/image_9345.jpg",160,"woman",3,3,1
"wvvw5klpgks6","images/women/image_2232.jpg",161,"woman",4,3,1
"wvvw5klpgks6","images/women/image_3691.jpg",162,"woman",3,1,0
"wvvw5klpgks6","images/women/image_1127.jpg",163,"woman",4,2,1
"wvvw5klpgks6","images/men/image_9930.jpg",164,"man",3,3,1
"wvvw5klpgks6","images/women/image_1884.jpg",165,"woman",5,1,0
"wvvw5klpgks6","images/men/image_341.jpg",166,"man",3,3,1
"wvvw5klpgks6","images/men/image_1747.jpg",167,"man",5,1,0
"wvvw5klpgks6","images/women/image_4965.jpg",168,"woman",3,1,0
"1trjuy3vhq5m","images/men/image_1585.jpg",1,"man",4,1,0
"1trjuy3vhq5m","images/men/image_1573.jpg",2,"man",5,1,0
"1trjuy3vhq5m","images/men/image_4972.jpg",3,"man",4,4,1
"1trjuy3vhq5m","images/women/image_976.jpg",4,"woman",4,1,0
"1trjuy3vhq5m","images/men/image_3830.jpg",5,"man",5,1,0
"1trjuy3vhq5m","images/women/image_8642.jpg",6,"woman",3,2,1
"1trjuy3vhq5m","images/women/image_5502.jpg",7,"woman",3,2,1
"1trjuy3vhq5m","images/men/image_10.jpg",8,"man",5,5,1
"1trjuy3vhq5m","images/men/image_5.jpg",9,"man",5,1,0
"1trjuy3vhq5m","images/men/image_2570.jpg",10,"man",3,1,0
"1trjuy3vhq5m","images/men/image_4816.jpg",11,"man",3,1,0
"1trjuy3vhq5m","images/men/image_356.jpg",12,"man",5,5,1
"1trjuy3vhq5m","images/women/image_33.jpg",13,"woman",3,1,0
"1trjuy3vhq5m","images/women/image_4773.jpg",14,"woman",5,1,0
"1trjuy3vhq5m","images/women/image_1569.jpg",15,"woman",3,1,0
"1trjuy3vhq5m","images/women/image_1243.jpg",16,"woman",5,1,0
"1trjuy3vhq5m","images/men/image_4466.jpg",17,"man",3,3,1
"1trjuy3vhq5m","images/women/image_1631.jpg",18,"woman",4,4,1
"1trjuy3vhq5m","images/men/image_2106.jpg",19,"man",3,1,0
"1trjuy3vhq5m","images/women/image_672.jpg",20,"woman",4,1,0
"1trjuy3vhq5m","images/women/image_2232.jpg",21,"woman",4,1,0
"1trjuy3vhq5m","images/men/image_254.jpg",22,"man",3,1,0
"1trjuy3vhq5m","images/women/image_6010.jpg",23,"woman",5,1,0
"1trjuy3vhq5m","images/men/image_623.jpg",24,"man",5,1,0
"1trjuy3vhq5m","images/men/image_4380.jpg",25,"man",4,1,0
"1trjuy3vhq5m","images/women/image_9383.jpg",26,"woman",3,3,1
"1trjuy3vhq5m","images/women/image_1141.jpg",27,"woman",3,1,0
"1trjuy3vhq5m","images/women/image_2553.jpg",28,"woman",5,3,1
"1trjuy3vhq5m","images/women/image_1593.jpg",29,"woman",3,1,0
"1trjuy3vhq5m","images/women/image_2319.jpg",30,"woman",5,2,1
"1trjuy3vhq5m","images/men/image_4317.jpg",31,"man",5,1,0
"1trjuy3vhq5m","images/men/image_679.jpg",32,"man",4,2,1
"1trjuy3vhq5m","images/women/image_2815.jpg",33,"woman",4,1,0
"1trjuy3vhq5m","images/women/image_688.jpg",34,"woman",4,1,0
"1trjuy3vhq5m","images/men/image_4303.jpg",35,"man",4,1,0
"1trjuy3vhq5m","images/women/image_2486.jpg",36,"woman",5,2,1
"1trjuy3vhq5m","images/men/image_9852.jpg",37,"man",3,2,1
"1trjuy3vhq5m","images/women/image_666.jpg",38,"woman",5,4,1
"1trjuy3vhq5m","images/men/image_4979.jpg",39,"man",4,1,0
"1trjuy3vhq5m","images/women/image_2041.jpg",40,"woman",4,1,0
"1trjuy3vhq5m","images/men/image_1224.jpg",41,"man",4,1,0
"1trjuy3vhq5m","images/men/image_9741.jpg",42,"man",3,1,0
"1trjuy3vhq5m","images/women/image_5289.jpg",43,"woman",3,2,1
"1trjuy3vhq5m","images/men/image_8952.jpg",44,"man",5,3,1
"1trjuy3vhq5m","images/women/image_3611.jpg",45,"woman",4,1,0
"1trjuy3vhq5m","images/men/image_1785.jpg",46,"man",3,2,1
"1trjuy3vhq5m","images/men/image_776.jpg",47,"man",5,1,0
"1trjuy3vhq5m","images/women/image_1452.jpg",48,"woman",5,5,1
"1trjuy3vhq5m","images/women/image_3742.jpg",49,"woman",3,1,0
"1trjuy3vhq5m","images/women/image_4163.jpg",50,"woman",5,4,1
"1trjuy3vhq5m","images/women/image_479.jpg",51,"woman",5,1,0
"1trjuy3vhq5m","images/women/image_7876.jpg",52,"woman",3,2,1
"1trjuy3vhq5m","images/men/image_3625.jpg",53,"man",5,2,1
"1trjuy3vhq5m","images/men/image_4429.jpg",54,"man",3,1,0
"1trjuy3vhq5m","images/women/image_1973.jpg",55,"woman",3,1,0
"1trjuy3vhq5m","images/men/image_614.jpg",56,"man",4,2,1
"1trjuy3vhq5m","images/men/image_795.jpg",57,"man",3,2,1
"1trjuy3vhq5m","images/women/image_4957.jpg",58,"woman",5,3,1
"1trjuy3vhq5m","images/men/image_8790.jpg",59,"man",4,1,0
"1trjuy3vhq5m","images/women/image_8393.jpg",60,"woman",4,2,1
"1trjuy3vhq5m","images/men/image_90.jpg",61,"man",4,3,1
"1trjuy3vhq5m","images/men/image_3404.jpg",62,"man",3,2,1
"1trjuy3vhq5m","images/men/image_1787.jpg",63,"man",5,1,0
"1trjuy3vhq5m","images/men/image_9612.jpg",64,"man",5,1,0
"1trjuy3vhq5m","images/men/image_1310.jpg",65,"man",3,2,1
"1trjuy3vhq5m","images/men/image_4135.jpg",66,"man",4,4,1
"1trjuy3vhq5m","images/men/image_3077.jpg",67,"man",5,2,1
"1trjuy3vhq5m","images/women/image_4597.jpg",68,"woman",4,1,0
"1trjuy3vhq5m","images/women/image_1240.jpg",69,"woman",3,1,0
"1trjuy3vhq5m","images/women/image_333.jpg",70,"woman",5,5,1
"1trjuy3vhq5m","images/men/image_683.jpg",71,"man",4,1,0
"1trjuy3vhq5m","images/men/image_2588.jpg",72,"man",3,1,0
"1trjuy3vhq5m","images/women/image_695.jpg",73,"woman",3,1,0
"1trjuy3vhq5m","images/men/image_4370.jpg",74,"man",3,2,1
"1trjuy3vhq5m","images/women/image_8712.jpg",75,"woman",4,3,1
"1trjuy3vhq5m","images/women/image_4117.jpg",76,"woman",5,5,1
"1trjuy3vhq5m","images/men/image_3908.jpg",77,"man",5,1,0
"1trjuy3vhq5m","images/women/image_30.jpg",78,"woman",3,1,0
"1trjuy3vhq5m","images/women/image_8606.jpg",79,"woman",4,1,0
"1trjuy3vhq5m","images/women/image_1897.jpg",80,"woman",5,2,1
"1trjuy3vhq5m","images/men/image_4462.jpg",81,"man",4,1,0
"1trjuy3vhq5m","images/women/image_3458.jpg",82,"woman",4,2,1
"1trjuy3vhq5m","images/men/image_3265.jpg",83,"man",4,1,0
"1trjuy3vhq5m","images/women/image_3955.jpg",84,"woman",4,3,1
"1trjuy3vhq5m","images/women/image_7914.jpg",85,"woman",5,1,0
"1trjuy3vhq5m","images/men/image_612.jpg",86,"man",5,1,0
"1trjuy3vhq5m","images/women/image_6153.jpg",87,"woman",3,3,1
"1trjuy3vhq5m","images/women/image_2797.jpg",88,"woman",3,1,0
"1trjuy3vhq5m","images/women/image_9274.jpg",89,"woman",5,1,0
"1trjuy3vhq5m","images/women/image_4884.jpg",90,"woman",4,2,1
"1trjuy3vhq5m","images/men/image_3648.jpg",91,"man",4,4,1
"1trjuy3vhq5m","images/men/image_1720.jpg",92,"man",4,3,1
"1trjuy3vhq5m","images/men/image_668.jpg",93,"man",4,1,0
"1trjuy3vhq5m","images/men/image_9948.jpg",94,"man",3,1,0
"1trjuy3vhq5m","images/men/image_5709.jpg",95,"man",4,3,1
"1trjuy3vhq5m","images/women/image_1155.jpg",96,"woman",5,1,0
"1trjuy3vhq5m","images/men/image_9791.jpg",97,"man",3,1,0
"1trjuy3vhq5m","images/men/image_3558.jpg",98,"man",5,1,0
"1trjuy3vhq5m","images/men/image_6019.jpg",99,"man",5,1,0
"1trjuy3vhq5m","images/men/image_5086.jpg",100,"man",5,5,1
"1trjuy3vhq5m","images/men/image_4971.jpg",101,"man",3,1,0
"1trjuy3vhq5m","images/women/image_3736.jpg",102,"woman",5,3,1
"1trjuy3vhq5m","images/women/image_4622.jpg",103,"woman",4,1,0
"1trjuy3vhq5m","images/women/image_6041.jpg",104,"woman",4,2,1
"1trjuy3vhq5m","images/women/image_288.jpg",105,"woman",3,1,0
"1trjuy3vhq5m","images/women/image_5198.jpg",106,"woman",4,4,1
"1trjuy3vhq5m","images/men/image_721.jpg",107,"man",4,4,1
"1trjuy3vhq5m","images/women/image_2094.jpg",108,"woman",4,1,0
"1trjuy3vhq5m","images/men/image_1150.jpg",109,"man",5,1,0
"1trjuy3vhq5m","images/women/image_8388.jpg",110,"woman",3,2,1
"1trjuy3vhq5m","images/men/image_2914.jpg",111,"man",4,1,0
"1trjuy3vhq5m","images/men/image_4658.jpg",112,"man",5,1,0
"1trjuy3vhq5m","images/women/image_7895.jpg",113,"woman",5,1,0
"1trjuy3vhq5m","images/women/image_9800.jpg",114,"woman",5,3,1
"1trjuy3vhq5m","images/women/image_704.jpg",115,"woman",3,1,0
"1trjuy3vhq5m","images/men/image_9058.jpg",116,"man",3,2,1
"1trjuy3vhq5m","images/men/image_193.jpg",117,"man",3,3,1
"1trjuy3vhq5m","images/women/image_8383.jpg",118,"woman",3,3,1
"1trjuy3vhq5m","images/women/image_5665.jpg",119,"woman",5,2,1
"1trjuy3vhq5m","images/women/image_5648.jpg",120,"woman",4,2,1
"1trjuy3vhq5m","images/men/image_3843.jpg",121,"man",3,3,1
"1trjuy3vhq5m","images/men/image_762.jpg",122,"man",3,1,0
"1trjuy3vhq5m","images/men/image_1620.jpg",123,"man",5,2,1
"1trjuy3vhq5m","images/men/image_2714.jpg",124,"man",4,1,0
"1trjuy3vhq5m","images/women/image_947.jpg",125,"woman",4,3,1
"1trjuy3vhq5m","images/women/image_5135.jpg",126,"woman",3,1,0
"1trjuy3vhq5m","images/men/image_527.jpg",127,"man",5,5,1
"1trjuy3vhq5m","images/women/image_1089.jpg",128,"woman",5,4,1
"1trjuy3vhq5m","images/men/image_9329.jpg",129,"man",5,2,1
"1trjuy3vhq5m","images/women/image_9973.jpg",130,"woman",4,2,1
"1trjuy3vhq5m","images/women/image_5909.jpg",131,"woman",5,1,0
"1trjuy3vhq5m","images/men/image_5743.jpg",132,"man",4,2,1
"1trjuy3vhq5m","images/women/image_2008.jpg",133,"woman",4,1,0
"1trjuy3vhq5m","images/women/image_3049.jpg",134,"woman",3,1,0
"1trjuy3vhq5m","images/women/image_7951.jpg",135,"woman",3,2,1
"1trjuy3vhq5m","images/women/image_3691.jpg",136,"woman",5,2,1
"1trjuy3vhq5m","images/men/image_4993.jpg",137,"man",3,1,0
"1trjuy3vhq5m","images/men/image_2436.jpg",138,"man",4,1,0
"1trjuy3vhq5m","images/men/image_9229.jpg",139,"man",3,1,0
"1trjuy3vhq5m","images/men/image_4654.jpg",140,"man",4,1,0
"1trjuy3vhq5m","images/men/image_2902.jpg",141,"man",5,2,1
"1trjuy3vhq5m","images/men/image_1667.jpg",142,"man",5,1,0
"1trjuy3vhq5m","images/women/image_9377.jpg",143,"woman",4,3,1
"1trjuy3vhq5m","images/men/image_5272.jpg",144,"man",3,1,0
"1trjuy3vhq5m","images/women/image_960.jpg",145,"woman",5,1,0
"1trjuy3vhq5m","images/men/image_9784.jpg",146,"man",4,3,1
"1trjuy3vhq5m","images/women/image_2065.jpg",147,"woman",5,4,1
"1trjuy3vhq5m","images/men/image_156.jpg",148,"man",4,4,1
"1trjuy3vhq5m","images/men/image_5150.jpg",149,"man",5,1,0
"1trjuy3vhq5m","images/women/image_424.jpg",150,"woman",4,1,0
"1trjuy3vhq5m","images/men/image_907.jpg",151,"man",5,2,1
"1trjuy3vhq5m","images/men/image_4938.jpg",152,"man",3,1,0
"1trjuy3vhq5m","images/women/image_9289.jpg",153,"woman",3,1,0
"1trjuy3vhq5m","images/men/image_8397.jpg",154,"man",5,1,0
"1trjuy3vhq5m","images/men/image_3794.jpg",155,"man",4,3,1
"1trjuy3vhq5m","images/men/image_2695.jpg",156,"man",3,3,1
"1trjuy3vhq5m","images/men/image_901.jpg",157,"man",3,2,1
"1trjuy3vhq5m","images/women/image_9570.jpg",158,"woman",4,1,0
"1trjuy3vhq5m","images/women/image_9457.jpg",159,"woman",5,1,0
"1trjuy3vhq5m","images/women/image_788.jpg",160,"woman",3,2,1
"1trjuy3vhq5m","images/women/image_4607.jpg",161,"woman",3,1,0
"1trjuy3vhq5m","images/women/image_5326.jpg",162,"woman",3,2,1
"1trjuy3vhq5m","images/women/image_2051.jpg",163,"woman",4,4,1
"1trjuy3vhq5m","images/men/image_5210.jpg",164,"man",4,1,0
"1trjuy3vhq5m","images/women/image_9088.jpg",165,"woman",4,1,0
"1trjuy3vhq5m","images/women/image_8622.jpg",166,"woman",3,3,1
"1trjuy3vhq5m","images/women/image_8346.jpg",167,"woman",5,1,0
"1trjuy3vhq5m","images/men/image_5132.jpg",168,"man",3,1,0
"v8qxvqnwm25d","images/women/image_1868.jpg",1,"woman",4,1,0
"v8qxvqnwm25d","images/women/image_8880.jpg",2,"woman",4,1,0
"v8qxvqnwm25d","images/men/image_1522.jpg",3,"man",4,1,0
"v8qxvqnwm25d","images/men/image_8575.jpg",4,"man",5,5,1
"v8qxvqnwm25d","images/men/image_9930.jpg",5,"man",4,1,0
"v8qxvqnwm25d","images/men/image_2207.jpg",6,"man",4,1,0
"v8qxvqnwm25d","images/women/image_4859.jpg",7,"woman",4,2,1
"v8qxvqnwm25d","images/men/image_1615.jpg",8,"man",3,1,0
"v8qxvqnwm25d","images/women/image_9448.jpg",9,"woman",4,4,1
"v8qxvqnwm25d","images/women/image_5289.jpg",10,"woman",3,1,0
"v8qxvqnwm25d","images/men/image_9775.jpg",11,"man",3,1,0
"v8qxvqnwm25d","images/men/image_217.jpg",12,"man",4,4,1
"v8qxvqnwm25d","images/women/image_9718.jpg",13,"woman",5,5,1
"v8qxvqnwm25d","images/men/image_178.jpg",14,"man",3,2,1
"v8qxvqnwm25d","images/women/image_4943.jpg",15,"woman",3,2,1
"v8qxvqnwm25d","images/women/image_1520.jpg",16,"woman",5,3,1
"v8qxvqnwm25d","images/women/image_2484.jpg",17,"woman",5,1,0
"v8qxvqnwm25d","images/men/image_2131.jpg",18,"man",3,2,1
"v8qxvqnwm25d","images/men/image_3473.jpg",19,"man",4,4,1
"v8qxvqnwm25d","images/men/image_8956.jpg",20,"man",5,3,1
"v8qxvqnwm25d","images/men/image_2465.jpg",21,"man",5,1,0
"v8qxvqnwm25d","images/men/image_9373.jpg",22,"man",3,1,0
"v8qxvqnwm25d","images/women/image_3960.jpg",23,"woman",3,3,1
"v8qxvqnwm25d","images/men/image_230.jpg",24,"man",4,2,1
"v8qxvqnwm25d","images/women/image_3557.jpg",25,"woman",5,5,1
"v8qxvqnwm25d","images/women/image_4826.jpg",26,"woman",4,4,1
"v8qxvqnwm25d","images/men/image_497.jpg",27,"man",4,2,1
"v8qxvqnwm25d","images/men/image_3973.jpg",28,"man",5,2,1
"v8qxvqnwm25d","images/women/image_3935.jpg",29,"woman",3,2,1
"v8qxvqnwm25d","images/women/image_8496.jpg",30,"woman",3,1,0
"v8qxvqnwm25d","images/men/image_5910.jpg",31,"man",3,3,1
"v8qxvqnwm25d","images/men/image_4013.jpg",32,"man",5,1,0
"v8qxvqnwm25d","images/women/image_7792.jpg",33,"woman",5,2,1
"v8qxvqnwm25d","images/women/image_398.jpg",34,"woman",5,1,0
"v8qxvqnwm25d","images/men/image_1620.jpg",35,"man",5,1,0
"v8qxvqnwm25d","images/women/image_3434.jpg",36,"woman",3,3,1
"v8qxvqnwm25d","images/men/image_1521.jpg",37,"man",5,1,0
"v8qxvqnwm25d","images/women/image_7911.jpg",38,"woman",4,4,1
"v8qxvqnwm25d","images/women/image_3867.jpg",39,"woman",4,2,1
"v8qxvqnwm25d","images/women/image_8775.jpg",40,"woman",3,1,0
"v8qxvqnwm25d","images/women/image_3955.jpg",41,"woman",5,1,0
"v8qxvqnwm25d","images/men/image_2044.jpg",42,"man",3,1,0
"v8qxvqnwm25d","images/men/image_4591.jpg",43,"man",4,4,1
"v8qxvqnwm25d","images/women/image_5909.jpg",44,"woman",3,1,0
"v8qxvqnwm25d","images/men/image_4402.jpg",45,"man",5,1,0
"v8qxvqnwm25d","images/women/image_9720.jpg",46,"woman",4,4,1
"v8qxvqnwm25d","images/men/image_9776.jpg",47,"man",3,3,1
"v8qxvqnwm25d","images/women/image_1513.jpg",48,"woman",3,2,1
"v8qxvqnwm25d","images/men/image_9641.jpg",49,"man",3,1,0
"v8qxvqnwm25d","images/men/image_2851.jpg",50,"man",3,1,0
"v8qxvqnwm25d","images/men/image_9133.jpg",51,"man",4,2,1
"v8qxvqnwm25d","images/women/image_9994.jpg",52,"woman",3,2,1
"v8qxvqnwm25d","images/men/image_922.jpg",53,"man",4,1,0
"v8qxvqnwm25d","images/women/image_5177.jpg",54,"woman",4,4,1
"v8qxvqnwm25d","images/women/image_7855.jpg",55,"woman",4,1,0
"v8qxvqnwm25d","images/men/image_8994.jpg",56,"man",3,3,1
"v8qxvqnwm25d","images/men/image_4844.jpg",57,"man",5,2,1
"v8qxvqnwm25d","images/men/image_3404.jpg",58,"man",3,1,0
"v8qxvqnwm25d","images/men/image_214.jpg",59,"man",5,3,1
"v8qxvqnwm25d","images/women/image_5947.jpg",60,"woman",3,1,0
"v8qxvqnwm25d","images/women/image_6149.jpg",61,"woman",4,1,0
"v8qxvqnwm25d","images/women/image_7749.jpg",62,"woman",5,3,1
"v8qxvqnwm25d","images/men/image_538.jpg",63,"man",4,2,1
"v8qxvqnwm25d","images/women/image_4492.jpg",64,"woman",5,1,0
"v8qxvqnwm25d","images/women/image_8717.jpg",65,"woman",4,2,1
"v8qxvqnwm25d","images/women/image_237.jpg",66,"woman",5,3,1
"v8qxvqnwm25d","images/men/image_263.jpg",67,"man",5,4,1
"v8qxvqnwm25d","images/women/image_3743.jpg",68,"woman",5,1,0
"v8qxvqnwm25d","images/men/image_3137.jpg",69,"man",4,2,1
"v8qxvqnwm25d","images/men/image_5839.jpg",70,"man",5,2,1
"v8qxvqnwm25d","images/men/image_795.jpg",71,"man",3,3,1
"v8qxvqnwm25d","images/men/image_5268.jpg",72,"man",5,5,1
"v8qxvqnwm25d","images/women/image_4773.jpg",73,"woman",3,3,1
"v8qxvqnwm25d","images/women/image_7762.jpg",74,"woman",3,2,1
"v8qxvqnwm25d","images/men/image_4181.jpg",75,"man",5,2,1
"v8qxvqnwm25d","images/women/image_8739.jpg",76,"woman",4,2,1
"v8qxvqnwm25d","images/women/image_3619.jpg",77,"woman",5,3,1
"v8qxvqnwm25d","images/women/image_740.jpg",78,"woman",3,2,1
"v8qxvqnwm25d","images/men/image_656.jpg",79,"man",3,3,1
"v8qxvqnwm25d","images/women/image_3791.jpg",80,"woman",5,5,1
"v8qxvqnwm25d","images/men/image_973.jpg",81,"man",4,2,1
"v8qxvqnwm25d","images/women/image_9274.jpg",82,"woman",4,2,1
"v8qxvqnwm25d","images/men/image_3625.jpg",83,"man",4,1,0
"v8qxvqnwm25d","images/women/image_3075.jpg",84,"woman",5,4,1
"v8qxvqnwm25d","images/men/image_3792.jpg",85,"man",4,4,1
"v8qxvqnwm25d","images/men/image_2203.jpg",86,"man",4,1,0
"v8qxvqnwm25d","images/women/image_798.jpg",87,"woman",5,1,0
"v8qxvqnwm25d","images/women/image_9879.jpg",88,"woman",5,4,1
"v8qxvqnwm25d","images/women/image_9088.jpg",89,"woman",5,1,0
"v8qxvqnwm25d","images/women/image_1892.jpg",90,"woman",3,3,1
"v8qxvqnwm25d","images/men/image_1407.jpg",91,"man",5,5,1
"v8qxvqnwm25d","images/men/image_2693.jpg",92,"man",3,1,0
"v8qxvqnwm25d","images/women/image_9734.jpg",93,"woman",5,1,0
"v8qxvqnwm25d","images/women/image_9345.jpg",94,"woman",3,1,0
"v8qxvqnwm25d","images/women/image_8472.jpg",95,"woman",3,2,1
"v8qxvqnwm25d","images/women/image_7955.jpg",96,"woman",5,1,0
"v8qxvqnwm25d","images/men/image_668.jpg",97,"man",3,3,1
"v8qxvqnwm25d","images/men/image_1785.jpg",98,"man",4,2,1
"v8qxvqnwm25d","images/men/image_527.jpg",99,"man",5,1,0
"v8qxvqnwm25d","images/women/image_3582.jpg",100,"woman",4,2,1
"v8qxvqnwm25d","images/men/image_9618.jpg",101,"man",3,3,1
"v8qxvqnwm25d","images/men/image_1573.jpg",102,"man",5,1,0
"v8qxvqnwm25d","images/women/image_4117.jpg",103,"woman",4,4,1
"v8qxvqnwm25d","images/women/image_494.jpg",104,"woman",3,3,1
"v8qxvqnwm25d","images/men/image_2058.jpg",105,"man",5,5,1
"v8qxvqnwm25d","images/women/image_8731.jpg",106,"woman",4,4,1
"v8qxvqnwm25d","images/men/image_1889.jpg",107,"man",3,1,0
"v8qxvqnwm25d","images/men/image_4644.jpg",108,"man",4,2,1
"v8qxvqnwm25d","images/men/image_4429.jpg",109,"man",4,3,1
"v8qxvqnwm25d","images/women/image_8398.jpg",110,"woman",3,1,0
"v8qxvqnwm25d","images/men/image_3687.jpg",111,"man",4,4,1
"v8qxvqnwm25d","images/men/image_8397.jpg",112,"man",5,2,1
"v8qxvqnwm25d","images/men/image_4537.jpg",113,"man",3,2,1
"v8qxvqnwm25d","images/men/image_4380.jpg",114,"man",3,1,0
"v8qxvqnwm25d","images/women/image_6351.jpg",115,"woman",4,1,0
"v8qxvqnwm25d","images/women/image_4988.jpg",116,"woman",3,1,0
"v8qxvqnwm25d","images/women/image_9191.jpg",117,"woman",4,1,0
"v8qxvqnwm25d","images/women/image_3611.jpg",118,"woman",3,3,1
"v8qxvqnwm25d","images/men/image_5305.jpg",119,"man",3,1,0
"v8qxvqnwm25d","images/women/image_5566.jpg",120,"woman",5,4,1
"v8qxvqnwm25d","images/men/image_9647.jpg",121,"man",5,5,1
"v8qxvqnwm25d","images/women/image_8992.jpg",122,"woman",5,5,1
"v8qxvqnwm25d","images/men/image_612.jpg",123,"man",4,3,1
"v8qxvqnwm25d","images/men/image_708.jpg",124,"man",5,3,1
"v8qxvqnwm25d","images/women/image_355.jpg",125,"woman",4,2,1
"v8qxvqnwm25d","images/women/image_1684.jpg",126,"woman",4,4,1
"v8qxvqnwm25d","images/women/image_4509.jpg",127,"woman",5,4,1
"v8qxvqnwm25d","images/men/image_4979.jpg",128,"man",3,2,1
"v8qxvqnwm25d","images/women/image_137.jpg",129,"woman",5,2,1
"v8qxvqnwm25d","images/women/image_2631.jpg",130,"woman",3,1,0
"v8qxvqnwm25d","images/men/image_9676.jpg",131,"man",3,3,1
"v8qxvqnwm25d","images/women/image_3495.jpg",132,"woman",3,2,1
"v8qxvqnwm25d","images/women/image_1973.jpg",133,"woman",4,1,0
"v8qxvqnwm25d","images/women/image_1593.jpg",134,"woman",3,1,0
"v8qxvqnwm25d","images/women/image_2801.jpg",135,"woman",3,1,0
"v8qxvqnwm25d","images/women/image_9708.jpg",136,"woman",4,2,1
"v8qxvqnwm25d","images/men/image_4939.jpg",137,"man",4,2,1
"v8qxvqnwm25d","images/men/image_9758.jpg",138,"man",3,3,1
"v8qxvqnwm25d","images/men/image_9229.jpg",139,"man",4,4,1
"v8qxvqnwm25d","images/men/image_5238.jpg",140,"man",5,3,1
"v8qxvqnwm25d","images/women/image_5968.jpg",141,"woman",4,4,1
"v8qxvqnwm25d","images/men/image_8547.jpg",142,"man",4,1,0
"v8qxvqnwm25d","images/men/image_1854.jpg",143,"man",3,3,1
"v8qxvqnwm25d","images/women/image_6.jpg",144,"woman",4,2,1
"v8qxvqnwm25d","images/women/image_9973.jpg",145,"woman",5,5,1
"v8qxvqnwm25d","images/women/image_9570.jpg",146,"woman",4,4,1
"v8qxvqnwm25d","images/women/image_1567.jpg",147,"woman",3,1,0
"v8qxvqnwm25d","images/men/image_9270.jpg",148,"man",3,3,1
"v8qxvqnwm25d","images/men/image_201.jpg",149,"man",5,3,1
"v8qxvqnwm25d","images/women/image_6243.jpg",150,"woman",4,4,1
"v8qxvqnwm25d","images/women/image_3325.jpg",151,"woman",5,2,1
"v8qxvqnwm25d","images/men/image_2897.jpg",152,"man",5,5,1
"v8qxvqnwm25d","images/women/image_1929.jpg",153,"woman",5,3,1
"v8qxvqnwm25d","images/men/image_2420.jpg",154,"man",3,1,0
"v8qxvqnwm25d","images/men/image_9919.jpg",155,"man",5,5,1
"v8qxvqnwm25d","images/men/image_3894.jpg",156,"man",5,3,1
"v8qxvqnwm25d","images/women/image_560.jpg",157,"woman",5,4,1
"v8qxvqnwm25d","images/men/image_10.jpg",158,"man",4,1,0
"v8qxvqnwm25d","images/women/image_2797.jpg",159,"woman",3,2,1
"v8qxvqnwm25d","images/women/image_788.jpg",160,"woman",3,1,0
"v8qxvqnwm25d","images/men/image_5528.jpg",161,"man",3,3,1
"v8qxvqnwm25d","images/women/image_4827.jpg",162,"woman",4,4,1
"v8qxvqnwm25d","images/men/image_9947.jpg",163,"man",4,2,1
"v8qxvqnwm25d","images/men/image_1572.jpg",164,"man",4,2,1
"v8qxvqnwm25d","images/women/image_2002.jpg",165,"woman",5,5,1
"v8qxvqnwm25d","images/men/image_1598.jpg",166,"man",4,3,1
"v8qxvqnwm25d","images/men/image_2524.jpg",167,"man",5,2,1
"v8qxvqnwm25d","images/men/image_169.jpg",168,"man",5,1,0
"z3dl2dcvejh1","images/women/image_3741.jpg",1,"woman",3,1,0
"z3dl2dcvejh1","images/men/image_4708.jpg",2,"man",3,1,0
"z3dl2dcvejh1","images/women/image_1684.jpg",3,"woman",3,3,1
"z3dl2dcvejh1","images/women/image_740.jpg",4,"woman",4,1,0
"z3dl2dcvejh1","images/men/image_9676.jpg",5,"man",3,2,1
"z3dl2dcvejh1","images/men/image_9741.jpg",6,"man",3,1,0
"z3dl2dcvejh1","images/men/image_4185.jpg",7,"man",4,1,0
"z3dl2dcvejh1","images/women/image_3495.jpg",8,"woman",5,1,0
"z3dl2dcvejh1","images/men/image_4566.jpg",9,"man",5,2,1
"z3dl2dcvejh1","images/women/image_877.jpg",10,"woman",4,1,0
"z3dl2dcvejh1","images/men/image_1331.jpg",11,"man",4,1,0
"z3dl2dcvejh1","images/women/image_4558.jpg",12,"woman",4,3,1
"z3dl2dcvejh1","images/men/image_4799.jpg",13,"man",5,3,1
"z3dl2dcvejh1","images/women/image_9700.jpg",14,"woman",3,2,1
"z3dl2dcvejh1","images/men/image_3835.jpg",15,"man",3,1,0
"z3dl2dcvejh1","images/women/image_945.jpg",16,"woman",4,2,1
"z3dl2dcvejh1","images/women/image_5525.jpg",17,"woman",3,1,0
"z3dl2dcvejh1","images/men/image_2530.jpg",18,"man",4,4,1
"z3dl2dcvejh1","images/men/image_1747.jpg",19,"man",4,2,1
"z3dl2dcvejh1","images/women/image_3985.jpg",20,"woman",5,4,1
"z3dl2dcvejh1","images/women/image_7911.jpg",21,"woman",5,1,0
"z3dl2dcvejh1","images/women/image_1793.jpg",22,"woman",3,1,0
"z3dl2dcvejh1","images/women/image_9665.jpg",23,"woman",3,3,1
"z3dl2dcvejh1","images/men/image_1558.jpg",24,"man",5,1,0
"z3dl2dcvejh1","images/men/image_614.jpg",25,"man",4,3,1
"z3dl2dcvejh1","images/men/image_263.jpg",26,"man",3,3,1
"z3dl2dcvejh1","images/women/image_9482.jpg",27,"woman",5,4,1
"z3dl2dcvejh1","images/men/image_4674.jpg",28,"man",5,1,0
"z3dl2dcvejh1","images/men/image_2962.jpg",29,"man",5,3,1
"z3dl2dcvejh1","images/women/image_2094.jpg",30,"woman",5,3,1
"z3dl2dcvejh1","images/men/image_1768.jpg",31,"man",5,4,1
"z3dl2dcvejh1","images/women/image_1243.jpg",32,"woman",4,3,1
"z3dl2dcvejh1","images/women/image_1240.jpg",33,"woman",5,1,0
"z3dl2dcvejh1","images/women/image_3996.jpg",34,"woman",4,1,0
"z3dl2dcvejh1","images/men/image_833.jpg",35,"man",5,5,1
"z3dl2dcvejh1","images/women/image_2571.jpg",36,"woman",4,4,1
"z3dl2dcvejh1","images/women/image_4351.jpg",37,"woman",3,2,1
"z3dl2dcvejh1","images/men/image_5794.jpg",38,"man",3,2,1
"z3dl2dcvejh1","images/men/image_2420.jpg",39,"man",4,3,1
"z3dl2dcvejh1","images/women/image_287.jpg",40,"woman",5,1,0
"z3dl2dcvejh1","images/men/image_902.jpg",41,"man",4,3,1
"z3dl2dcvejh1","images/men/image_5125.jpg",42,"man",3,2,1
"z3dl2dcvejh1","images/women/image_503.jpg",43,"woman",3,2,1
"z3dl2dcvejh1","images/women/image_9539.jpg",44,"woman",4,3,1
"z3dl2dcvejh1","images/men/image_3344.jpg",45,"man",5,1,0
"z3dl2dcvejh1","images/men/image_5272.jpg",46,"man",5,2,1
"z3dl2dcvejh1","images/men/image_3473.jpg",47,"man",3,2,1
"z3dl2dcvejh1","images/men/image_538.jpg",48,"man",4,1,0
"z3dl2dcvejh1","images/women/image_2232.jpg",49,"woman",5,1,0
"z3dl2dcvejh1","images/men/image_341.jpg",50,"man",3,2,1
"z3dl2dcvejh1","images/men/image_3894.jpg",51,"man",4,1,0
"z3dl2dcvejh1","images/men/image_789.jpg",52,"man",3,1,0
"z3dl2dcvejh1","images/men/image_8575.jpg",53,"man",3,1,0
"z3dl2dcvejh1","images/women/image_9529.jpg",54,"woman",3,1,0
"z3dl2dcvejh1","images/men/image_6059.jpg",55,"man",4,3,1
"z3dl2dcvejh1","images/women/image_8299.jpg",56,"woman",3,3,1
"z3dl2dcvejh1","images/women/image_3851.jpg",57,"woman",4,1,0
"z3dl2dcvejh1","images/men/image_3792.jpg",58,"man",5,2,1
"z3dl2dcvejh1","images/women/image_2815.jpg",59,"woman",5,5,1
"z3dl2dcvejh1","images/women/image_3691.jpg",60,"woman",4,3,1
"z3dl2dcvejh1","images/men/image_1629.jpg",61,"man",5,1,0
"z3dl2dcvejh1","images/women/image_1897.jpg",62,"woman",5,1,0
"z3dl2dcvejh1","images/women/image_6177.jpg",63,"woman",5,2,1
"z3dl2dcvejh1","images/men/image_734.jpg",64,"man",3,2,1
"z3dl2dcvejh1","images/women/image_9952.jpg",65,"woman",3,3,1
"z3dl2dcvejh1","images/women/image_8642.jpg",66,"woman",5,2,1
"z3dl2dcvejh1","images/women/image_4827.jpg",67,"woman",5,5,1
"z3dl2dcvejh1","images/women/image_5177.jpg",68,"woman",3,2,1
"z3dl2dcvejh1","images/women/image_398.jpg",69,"woman",4,2,1
"z3dl2dcvejh1","images/men/image_817.jpg",70,"man",5,1,0
"z3dl2dcvejh1","images/women/image_9592.jpg",71,"woman",3,3,1
"z3dl2dcvejh1","images/men/image_730.jpg",72,"man",3,3,1
"z3dl2dcvejh1","images/men/image_8397.jpg",73,"man",4,1,0
"z3dl2dcvejh1","images/men/image_4658.jpg",74,"man",5,5,1
"z3dl2dcvejh1","images/men/image_629.jpg",75,"man",4,1,0
"z3dl2dcvejh1","images/men/image_210.jpg",76,"man",5,2,1
"z3dl2dcvejh1","images/women/image_8400.jpg",77,"woman",4,1,0
"z3dl2dcvejh1","images/women/image_3774.jpg",78,"woman",4,3,1
"z3dl2dcvejh1","images/women/image_1590.jpg",79,"woman",4,1,0
"z3dl2dcvejh1","images/men/image_1962.jpg",80,"man",4,2,1
"z3dl2dcvejh1","images/women/image_3867.jpg",81,"woman",5,1,0
"z3dl2dcvejh1","images/men/image_5445.jpg",82,"man",4,2,1
"z3dl2dcvejh1","images/women/image_2560.jpg",83,"woman",3,3,1
"z3dl2dcvejh1","images/men/image_1854.jpg",84,"man",3,2,1
"z3dl2dcvejh1","images/women/image_2148.jpg",85,"woman",5,2,1
"z3dl2dcvejh1","images/men/image_4013.jpg",86,"man",4,3,1
"z3dl2dcvejh1","images/women/image_9627.jpg",87,"woman",3,1,0
"z3dl2dcvejh1","images/men/image_930.jpg",88,"man",3,2,1
"z3dl2dcvejh1","images/men/image_4644.jpg",89,"man",4,3,1
"z3dl2dcvejh1","images/women/image_793.jpg",90,"woman",4,2,1
"z3dl2dcvejh1","images/men/image_5145.jpg",91,"man",3,1,0
"z3dl2dcvejh1","images/women/image_4770.jpg",92,"woman",3,3,1
"z3dl2dcvejh1","images/men/image_3209.jpg",93,"man",5,3,1
"z3dl2dcvejh1","images/women/image_84.jpg",94,"woman",4,3,1
"z3dl2dcvejh1","images/men/image_2570.jpg",95,"man",3,2,1
"z3dl2dcvejh1","images/men/image_5213.jpg",96,"man",4,2,1
"z3dl2dcvejh1","images/women/image_1513.jpg",97,"woman",5,4,1
"z3dl2dcvejh1","images/men/image_8443.jpg",98,"man",5,1,0
"z3dl2dcvejh1","images/women/image_4240.jpg",99,"woman",5,4,1
"z3dl2dcvejh1","images/men/image_45.jpg",100,"man",3,1,0
"z3dl2dcvejh1","images/men/image_5210.jpg",101,"man",4,4,1
"z3dl2dcvejh1","images/women/image_549.jpg",102,"woman",3,1,0
"z3dl2dcvejh1","images/men/image_8582.jpg",103,"man",5,1,0
"z3dl2dcvejh1","images/women/image_6010.jpg",104,"woman",4,1,0
"z3dl2dcvejh1","images/women/image_60.jpg",105,"woman",4,1,0
"z3dl2dcvejh1","images/men/image_8493.jpg",106,"man",4,2,1
"z3dl2dcvejh1","images/women/image_9174.jpg",107,"woman",3,3,1
"z3dl2dcvejh1","images/women/image_1567.jpg",108,"woman",3,3,1
"z3dl2dcvejh1","images/women/image_1145.jpg",109,"woman",5,5,1
"z3dl2dcvejh1","images/men/image_497.jpg",110,"man",5,1,0
"z3dl2dcvejh1","images/men/image_9892.jpg",111,"man",5,5,1
"z3dl2dcvejh1","images/women/image_8739.jpg",112,"woman",3,3,1
"z3dl2dcvejh1","images/women/image_4236.jpg",113,"woman",5,2,1
"z3dl2dcvejh1","images/men/image_4441.jpg",114,"man",5,2,1
"z3dl2dcvejh1","images/men/image_668.jpg",115,"man",3,1,0
"z3dl2dcvejh1","images/women/image_8311.jpg",116,"woman",3,3,1
"z3dl2dcvejh1","images/women/image_7819.jpg",117,"woman",5,3,1
"z3dl2dcvejh1","images/men/image_3184.jpg",118,"man",4,2,1
"z3dl2dcvejh1","images/women/image_1867.jpg",119,"woman",4,4,1
"z3dl2dcvejh1","images/men/image_356.jpg",120,"man",3,3,1
"z3dl2dcvejh1","images/men/image_2914.jpg",121,"man",4,3,1
"z3dl2dcvejh1","images/women/image_5357.jpg",122,"woman",4,3,1
"z3dl2dcvejh1","images/women/image_7792.jpg",123,"woman",4,2,1
"z3dl2dcvejh1","images/women/image_7755.jpg",124,"woman",5,3,1
"z3dl2dcvejh1","images/men/image_9930.jpg",125,"man",5,4,1
"z3dl2dcvejh1","images/men/image_5436.jpg",126,"man",3,1,0
"z3dl2dcvejh1","images/women/image_1367.jpg",127,"woman",4,1,0
"z3dl2dcvejh1","images/women/image_4261.jpg",128,"woman",4,1,0
"z3dl2dcvejh1","images/men/image_8648.jpg",129,"man",4,3,1
"z3dl2dcvejh1","images/women/image_4257.jpg",130,"woman",3,1,0
"z3dl2dcvejh1","images/women/image_4996.jpg",131,"woman",3,1,0
"z3dl2dcvejh1","images/women/image_3450.jpg",132,"woman",4,4,1
"z3dl2dcvejh1","images/men/image_2902.jpg",133,"man",5,2,1
"z3dl2dcvejh1","images/men/image_1129.jpg",134,"man",3,1,0
"z3dl2dcvejh1","images/men/image_16.jpg",135,"man",5,3,1
"z3dl2dcvejh1","images/women/image_7855.jpg",136,"woman",5,2,1
"z3dl2dcvejh1","images/men/image_2436.jpg",137,"man",5,3,1
"z3dl2dcvejh1","images/men/image_3240.jpg",138,"man",3,1,0
"z3dl2dcvejh1","images/men/image_5577.jpg",139,"man",5,1,0
"z3dl2dcvejh1","images/women/image_1351.jpg",140,"woman",5,5,1
"z3dl2dcvejh1","images/men/image_2335.jpg",141,"man",5,1,0
"z3dl2dcvejh1","images/women/image_6153.jpg",142,"woman",5,2,1
"z3dl2dcvejh1","images/women/image_1328.jpg",143,"woman",4,2,1
"z3dl2dcvejh1","images/men/image_3942.jpg",144,"man",3,3,1
"z3dl2dcvejh1","images/men/image_5709.jpg",145,"man",5,4,1
"z3dl2dcvejh1","images/men/image_9223.jpg",146,"man",3,1,0
"z3dl2dcvejh1","images/women/image_3481.jpg",147,"woman",3,1,0
"z3dl2dcvejh1","images/men/image_9600.jpg",148,"man",3,3,1
"z3dl2dcvejh1","images/men/image_9775.jpg",149,"man",4,4,1
"z3dl2dcvejh1","images/women/image_2429.jpg",150,"woman",5,3,1
"z3dl2dcvejh1","images/men/image_4320.jpg",151,"man",4,1,0
"z3dl2dcvejh1","images/men/image_35.jpg",152,"man",4,4,1
"z3dl2dcvejh1","images/women/image_4394.jpg",153,"woman",4,1,0
"z3dl2dcvejh1","images/men/image_3276.jpg",154,"man",5,2,1
"z3dl2dcvejh1","images/women/image_4577.jpg",155,"woman",3,1,0
"z3dl2dcvejh1","images/men/image_3110.jpg",156,"man",4,2,1
"z3dl2dcvejh1","images/women/image_9708.jpg",157,"woman",5,3,1
"z3dl2dcvejh1","images/women/image_8975.jpg",158,"woman",5,2,1
"z3dl2dcvejh1","images/men/image_1585.jpg",159,"man",3,2,1
"z3dl2dcvejh1","images/men/image_148.jpg",160,"man",4,1,0
"z3dl2dcvejh1","images/women/image_3742.jpg",161,"woman",3,3,1
"z3dl2dcvejh1","images/men/image_383.jpg",162,"man",3,3,1
"z3dl2dcvejh1","images/women/image_5758.jpg",163,"woman",3,2,1
"z3dl2dcvejh1","images/women/image_237.jpg",164,"woman",4,1,0
"z3dl2dcvejh1","images/women/image_4899.jpg",165,"woman",4,4,1
"z3dl2dcvejh1","images/women/image_295.jpg",166,"woman",5,4,1
"z3dl2dcvejh1","images/men/image_901.jpg",167,"man",4,2,1
"z3dl2dcvejh1","images/women/image_1626.jpg",168,"woman",3,2,1
"myrhgou686lj","images/men/image_45.jpg",1,"man",4,1,0
"myrhgou686lj","images/women/image_6149.jpg",2,"woman",3,1,0
"myrhgou686lj","images/men/image_527.jpg",3,"man",3,3,1
"myrhgou686lj","images/women/image_7914.jpg",4,"woman",4,2,1
"myrhgou686lj","images/men/image_3894.jpg",5,"man",5,1,0
"myrhgou686lj","images/women/image_510.jpg",6,"woman",4,1,0
"myrhgou686lj","images/men/image_2695.jpg",7,"man",4,1,0
"myrhgou686lj","images/women/image_4444.jpg",8,"woman",4,2,1
"myrhgou686lj","images/women/image_4558.jpg",9,"woman",4,3,1
"myrhgou686lj","images/women/image_8992.jpg",10,"woman",3,1,0
"myrhgou686lj","images/women/image_4146.jpg",11,"woman",5,1,0
"myrhgou686lj","images/women/image_3619.jpg",12,"woman",5,1,0
"myrhgou686lj","images/women/image_2148.jpg",13,"woman",5,3,1
"myrhgou686lj","images/women/image_8507.jpg",14,"woman",3,3,1
"myrhgou686lj","images/men/image_6078.jpg",15,"man",5,5,1
"myrhgou686lj","images/women/image_3010.jpg",16,"woman",4,1,0
"myrhgou686lj","images/men/image_1747.jpg",17,"man",5,2,1
"myrhgou686lj","images/women/image_1452.jpg",18,"woman",4,2,1
"myrhgou686lj","images/women/image_7911.jpg",19,"woman",3,1,0
"myrhgou686lj","images/men/image_907.jpg",20,"man",3,1,0
"myrhgou686lj","images/men/image_2152.jpg",21,"man",4,1,0
"myrhgou686lj","images/women/image_8642.jpg",22,"woman",5,4,1
"myrhgou686lj","images/women/image_4582.jpg",23,"woman",5,5,1
"myrhgou686lj","images/men/image_5296.jpg",24,"man",5,1,0
"myrhgou686lj","images/women/image_8311.jpg",25,"woman",4,1,0
"myrhgou686lj","images/women/image_8590.jpg",26,"woman",3,3,1
"myrhgou686lj","images/men/image_4946.jpg",27,"man",5,1,0
"myrhgou686lj","images/men/image_9301.jpg",28,"man",4,1,0
"myrhgou686lj","images/men/image_3331.jpg",29,"man",4,1,0
"myrhgou686lj","images/women/image_3791.jpg",30,"woman",3,3,1
"myrhgou686lj","images/men/image_691.jpg",31,"man",3,1,0
"myrhgou686lj","images/men/image_3473.jpg",32,"man",3,3,1
"myrhgou686lj","images/women/image_3722.jpg",33,"woman",5,2,1
"myrhgou686lj","images/women/image_9720.jpg",34,"woman",5,1,0
"myrhgou686lj","images/women/image_1413.jpg",35,"woman",3,2,1
"myrhgou686lj","images/men/image_3124.jpg",36,"man",4,1,0
"myrhgou686lj","images/men/image_1041.jpg",37,"man",5,2,1
"myrhgou686lj","images/men/image_3820.jpg",38,"man",4,1,0
"myrhgou686lj","images/men/image_2180.jpg",39,"man",3,1,0
"myrhgou686lj","images/men/image_1068.jpg",40,"man",3,1,0
"myrhgou686lj","images/men/image_2381.jpg",41,"man",5,5,1
"myrhgou686lj","images/men/image_1091.jpg",42,"man",3,2,1
"myrhgou686lj","images/men/image_774.jpg",43,"man",4,2,1
"myrhgou686lj","images/men/image_3072.jpg",44,"man",5,1,0
"myrhgou686lj","images/men/image_4013.jpg",45,"man",5,3,1
"myrhgou686lj","images/men/image_4603.jpg",46,"man",5,2,1
"myrhgou686lj","images/women/image_8535.jpg",47,"woman",5,1,0
"myrhgou686lj","images/women/image_4304.jpg",48,"woman",5,4,1
"myrhgou686lj","images/women/image_8574.jpg",49,"woman",4,3,1
"myrhgou686lj","images/women/image_333.jpg",50,"woman",3,3,1
"myrhgou686lj","images/women/image_4652.jpg",51,"woman",4,1,0
"myrhgou686lj","images/women/image_1089.jpg",52,"woman",3,2,1
"myrhgou686lj","images/men/image_4875.jpg",53,"man",4,1,0
"myrhgou686lj","images/women/image_3325.jpg",54,"woman",5,1,0
"myrhgou686lj","images/women/image_1935.jpg",55,"woman",3,1,0
"myrhgou686lj","images/women/image_5218.jpg",56,"woman",4,3,1
"myrhgou686lj","images/men/image_4303.jpg",57,"man",4,3,1
"myrhgou686lj","images/women/image_3584.jpg",58,"woman",4,3,1
"myrhgou686lj","images/men/image_122.jpg",59,"man",4,4,1
"myrhgou686lj","images/men/image_5330.jpg",60,"man",4,3,1
"myrhgou686lj","images/women/image_5124.jpg",61,"woman",4,1,0
"myrhgou686lj","images/women/image_513.jpg",62,"woman",5,5,1
"myrhgou686lj","images/women/image_1367.jpg",63,"woman",3,1,0
"myrhgou686lj","images/men/image_4803.jpg",64,"man",3,2,1
"myrhgou686lj","images/men/image_2479.jpg",65,"man",5,3,1
"myrhgou686lj","images/men/image_1618.jpg",66,"man",3,1,0
"myrhgou686lj","images/women/image_5550.jpg",67,"woman",4,1,0
"myrhgou686lj","images/men/image_5794.jpg",68,"man",3,1,0
"myrhgou686lj","images/men/image_9930.jpg",69,"man",5,1,0
"myrhgou686lj","images/women/image_2806.jpg",70,"woman",3,1,0
"myrhgou686lj","images/men/image_5305.jpg",71,"man",3,1,0
"myrhgou686lj","images/men/image_4674.jpg",72,"man",4,3,1
"myrhgou686lj","images/men/image_2386.jpg",73,"man",3,2,1
"myrhgou686lj","images/men/image_2410.jpg",74,"man",4,1,0
"myrhgou686lj","images/men/image_6190.jpg",75,"man",3,1,0
"myrhgou686lj","images/women/image_2486.jpg",76,"woman",5,4,1
"myrhgou686lj","images/women/image_1626.jpg",77,"woman",3,1,0
"myrhgou686lj","images/women/image_6220.jpg",78,"woman",5,1,0
"myrhgou686lj","images/men/image_3914.jpg",79,"man",3,3,1
"myrhgou686lj","images/men/image_254.jpg",80,"man",5,4,1
"myrhgou686lj","images/men/image_5421.jpg",81,"man",5,1,0
"myrhgou686lj","images/women/image_5648.jpg",82,"woman",5,5,1
"myrhgou686lj","images/women/image_3495.jpg",83,"woman",3,2,1
"myrhgou686lj","images/women/image_8483.jpg",84,"woman",4,3,1
"myrhgou686lj","images/women/image_5068.jpg",85,"woman",3,1,0
"myrhgou686lj","images/women/image_2993.jpg",86,"woman",3,1,0
"myrhgou686lj","images/men/image_4927.jpg",87,"man",5,1,0
"myrhgou686lj","images/women/image_9267.jpg",88,"woman",3,2,1
"myrhgou686lj","images/women/image_8299.jpg",89,"woman",3,1,0
"myrhgou686lj","images/women/image_4826.jpg",90,"woman",4,4,1
"myrhgou686lj","images/women/image_1709.jpg",91,"woman",5,5,1
"myrhgou686lj","images/men/image_3998.jpg",92,"man",5,5,1
"myrhgou686lj","images/women/image_110.jpg",93,"woman",5,1,0
"myrhgou686lj","images/men/image_1150.jpg",94,"man",5,1,0
"myrhgou686lj","images/women/image_4243.jpg",95,"woman",4,3,1
"myrhgou686lj","images/women/image_2041.jpg",96,"woman",5,1,0
"myrhgou686lj","images/women/image_1994.jpg",97,"woman",3,2,1
"myrhgou686lj","images/women/image_444.jpg",98,"woman",5,3,1
"myrhgou686lj","images/men/image_265.jpg",99,"man",4,4,1
"myrhgou686lj","images/men/image_2436.jpg",100,"man",5,5,1
"myrhgou686lj","images/women/image_1430.jpg",101,"woman",3,3,1
"myrhgou686lj","images/women/image_9457.jpg",102,"woman",4,4,1
"myrhgou686lj","images/men/image_2825.jpg",103,"man",5,2,1
"myrhgou686lj","images/women/image_5592.jpg",104,"woman",4,3,1
"myrhgou686lj","images/men/image_614.jpg",105,"man",3,1,0
"myrhgou686lj","images/women/image_252.jpg",106,"woman",5,1,0
"myrhgou686lj","images/men/image_5528.jpg",107,"man",3,2,1
"myrhgou686lj","images/women/image_4338.jpg",108,"woman",4,3,1
"myrhgou686lj","images/women/image_9609.jpg",109,"woman",3,3,1
"myrhgou686lj","images/women/image_2264.jpg",110,"woman",4,1,0
"myrhgou686lj","images/men/image_5382.jpg",111,"man",3,3,1
"myrhgou686lj","images/men/image_1395.jpg",112,"man",4,3,1
"myrhgou686lj","images/men/image_3491.jpg",113,"man",4,3,1
"myrhgou686lj","images/women/image_1665.jpg",114,"woman",4,2,1
"myrhgou686lj","images/men/image_1431.jpg",115,"man",5,4,1
"myrhgou686lj","images/women/image_2418.jpg",116,"woman",5,3,1
"myrhgou686lj","images/men/image_337.jpg",117,"man",3,3,1
"myrhgou686lj","images/men/image_9625.jpg",118,"man",4,3,1
"myrhgou686lj","images/men/image_3605.jpg",119,"man",4,4,1
"myrhgou686lj","images/women/image_3630.jpg",120,"woman",5,5,1
"myrhgou686lj","images/men/image_8575.jpg",121,"man",4,1,0
"myrhgou686lj","images/men/image_2773.jpg",122,"man",4,4,1
"myrhgou686lj","images/men/image_9675.jpg",123,"man",3,2,1
"myrhgou686lj","images/men/image_656.jpg",124,"man",3,2,1
"myrhgou686lj","images/men/image_3112.jpg",125,"man",3,3,1
"myrhgou686lj","images/men/image_2897.jpg",126,"man",5,1,0
"myrhgou686lj","images/women/image_3154.jpg",127,"woman",5,1,0
"myrhgou686lj","images/men/image_8531.jpg",128,"man",5,2,1
"myrhgou686lj","images/men/image_4530.jpg",129,"man",4,2,1
"myrhgou686lj","images/women/image_8510.jpg",130,"woman",3,2,1
"myrhgou686lj","images/men/image_1971.jpg",131,"man",5,4,1
"myrhgou686lj","images/men/image_2902.jpg",132,"man",5,1,0
"myrhgou686lj","images/women/image_838.jpg",133,"woman",4,3,1
"myrhgou686lj","images/men/image_4939.jpg",134,"man",3,1,0
"myrhgou686lj","images/women/image_1929.jpg",135,"woman",4,3,1
"myrhgou686lj","images/men/image_4621.jpg",136,"man",3,1,0
"myrhgou686lj","images/women/image_9112.jpg",137,"woman",3,2,1
"myrhgou686lj","images/women/image_3075.jpg",138,"woman",4,1,0
"myrhgou686lj","images/men/image_5436.jpg",139,"man",4,4,1
"myrhgou686lj","images/men/image_3184.jpg",140,"man",4,2,1
"myrhgou686lj","images/women/image_1903.jpg",141,"woman",4,1,0
"myrhgou686lj","images/men/image_3209.jpg",142,"man",4,2,1
"myrhgou686lj","images/men/image_3558.jpg",143,"man",5,1,0
"myrhgou686lj","images/women/image_5502.jpg",144,"woman",4,1,0
"myrhgou686lj","images/women/image_290.jpg",145,"woman",5,4,1
"myrhgou686lj","images/women/image_9448.jpg",146,"woman",5,1,0
"myrhgou686lj","images/men/image_5470.jpg",147,"man",3,1,0
"myrhgou686lj","images/women/image_494.jpg",148,"woman",4,3,1
"myrhgou686lj","images/women/image_2760.jpg",149,"woman",5,5,1
"myrhgou686lj","images/women/image_1533.jpg",150,"woman",5,1,0
"myrhgou686lj","images/women/image_4492.jpg",151,"woman",3,2,1
"myrhgou686lj","images/men/image_5210.jpg",152,"man",3,1,0
"myrhgou686lj","images/men/image_5445.jpg",153,"man",5,3,1
"myrhgou686lj","images/women/image_2029.jpg",154,"woman",5,4,1
"myrhgou686lj","images/men/image_4979.jpg",155,"man",5,1,0
"myrhgou686lj","images/men/image_668.jpg",156,"man",4,4,1
"myrhgou686lj","images/men/image_9109.jpg",157,"man",3,1,0
"myrhgou686lj","images/men/image_9606.jpg",158,"man",5,1,0
"myrhgou686lj","images/women/image_2801.jpg",159,"woman",3,1,0
"myrhgou686lj","images/men/image_5152.jpg",160,"man",3,2,1
"myrhgou686lj","images/women/image_4943.jpg",161,"woman",4,1,0
"myrhgou686lj","images/men/image_4844.jpg",162,"man",3,2,1
"myrhgou686lj","images/women/image_3996.jpg",163,"woman",3,2,1
"myrhgou686lj","images/women/image_3179.jpg",164,"woman",3,2,1
"myrhgou686lj","images/men/image_8553.jpg",165,"man",4,1,0
"myrhgou686lj","images/women/image_4331.jpg",166,"woman",5,4,1
"myrhgou686lj","images/women/image_306.jpg",167,"woman",3,2,1
"myrhgou686lj","images/men/image_8423.jpg",168,"man",4,1,0
"eg6mjxmfyqra","images/men/image_795.jpg",1,"man",5,4,1
"eg6mjxmfyqra","images/men/image_4402.jpg",2,"man",3,1,0
"eg6mjxmfyqra","images/men/image_2693.jpg",3,"man",5,3,1
"eg6mjxmfyqra","images/women/image_2500.jpg",4,"woman",4,1,0
"eg6mjxmfyqra","images/men/image_9676.jpg",5,"man",3,1,0
"eg6mjxmfyqra","images/women/image_8398.jpg",6,"woman",3,1,0
"eg6mjxmfyqra","images/women/image_2930.jpg",7,"woman",5,1,0
"eg6mjxmfyqra","images/men/image_4265.jpg",8,"man",4,1,0
"eg6mjxmfyqra","images/men/image_8843.jpg",9,"man",4,3,1
"eg6mjxmfyqra","images/men/image_9917.jpg",10,"man",3,2,1
"eg6mjxmfyqra","images/men/image_2335.jpg",11,"man",3,2,1
"eg6mjxmfyqra","images/women/image_331.jpg",12,"woman",4,1,0
"eg6mjxmfyqra","images/women/image_2418.jpg",13,"woman",4,1,0
"eg6mjxmfyqra","images/women/image_8606.jpg",14,"woman",3,1,0
"eg6mjxmfyqra","images/men/image_908.jpg",15,"man",3,2,1
"eg6mjxmfyqra","images/men/image_901.jpg",16,"man",4,1,0
"eg6mjxmfyqra","images/men/image_3124.jpg",17,"man",5,2,1
"eg6mjxmfyqra","images/women/image_9112.jpg",18,"woman",3,1,0
"eg6mjxmfyqra","images/men/image_5470.jpg",19,"man",3,1,0
"eg6mjxmfyqra","images/men/image_3297.jpg",20,"man",4,2,1
"eg6mjxmfyqra","images/men/image_9270.jpg",21,"man",5,4,1
"eg6mjxmfyqra","images/men/image_3240.jpg",22,"man",4,3,1
"eg6mjxmfyqra","images/men/image_612.jpg",23,"man",4,3,1
"eg6mjxmfyqra","images/women/image_335.jpg",24,"woman",5,1,0
"eg6mjxmfyqra","images/men/image_4971.jpg",25,"man",5,1,0
"eg6mjxmfyqra","images/men/image_3227.jpg",26,"man",4,1,0
"eg6mjxmfyqra","images/women/image_7895.jpg",27,"woman",4,1,0
"eg6mjxmfyqra","images/women/image_3883.jpg",28,"woman",5,1,0
"eg6mjxmfyqra","images/women/image_9599.jpg",29,"woman",4,3,1
"eg6mjxmfyqra","images/men/image_8547.jpg",30,"man",3,2,1
"eg6mjxmfyqra","images/women/image_9268.jpg",31,"woman",3,1,0
"eg6mjxmfyqra","images/women/image_9088.jpg",32,"woman",5,1,0
"eg6mjxmfyqra","images/women/image_1283.jpg",33,"woman",5,1,0
"eg6mjxmfyqra","images/women/image_595.jpg",34,"woman",4,3,1
"eg6mjxmfyqra","images/women/image_5090.jpg",35,"woman",3,2,1
"eg6mjxmfyqra","images/women/image_4899.jpg",36,"woman",3,3,1
"eg6mjxmfyqra","images/women/image_1152.jpg",37,"woman",3,1,0
"eg6mjxmfyqra","images/men/image_5472.jpg",38,"man",5,1,0
"eg6mjxmfyqra","images/men/image_9711.jpg",39,"man",5,1,0
"eg6mjxmfyqra","images/women/image_8297.jpg",40,"woman",4,1,0
"eg6mjxmfyqra","images/women/image_1468.jpg",41,"woman",5,3,1
"eg6mjxmfyqra","images/women/image_4311.jpg",42,"woman",5,1,0
"eg6mjxmfyqra","images/men/image_156.jpg",43,"man",4,1,0
"eg6mjxmfyqra","images/men/image_1235.jpg",44,"man",3,1,0
"eg6mjxmfyqra","images/men/image_4524.jpg",45,"man",5,1,0
"eg6mjxmfyqra","images/women/image_565.jpg",46,"woman",4,2,1
"eg6mjxmfyqra","images/women/image_8590.jpg",47,"woman",3,3,1
"eg6mjxmfyqra","images/women/image_695.jpg",48,"woman",4,1,0
"eg6mjxmfyqra","images/women/image_672.jpg",49,"woman",3,3,1
"eg6mjxmfyqra","images/men/image_3209.jpg",50,"man",4,2,1
"eg6mjxmfyqra","images/women/image_8877.jpg",51,"woman",4,1,0
"eg6mjxmfyqra","images/men/image_16.jpg",52,"man",3,1,0
"eg6mjxmfyqra","images/men/image_9223.jpg",53,"man",4,1,0
"eg6mjxmfyqra","images/women/image_4787.jpg",54,"woman",4,1,0
"eg6mjxmfyqra","images/men/image_9919.jpg",55,"man",4,3,1
"eg6mjxmfyqra","images/men/image_1558.jpg",56,"man",3,2,1
"eg6mjxmfyqra","images/women/image_3434.jpg",57,"woman",3,2,1
"eg6mjxmfyqra","images/women/image_719.jpg",58,"woman",4,1,0
"eg6mjxmfyqra","images/women/image_1351.jpg",59,"woman",5,2,1
"eg6mjxmfyqra","images/men/image_4942.jpg",60,"man",3,1,0
"eg6mjxmfyqra","images/women/image_8574.jpg",61,"woman",3,2,1
"eg6mjxmfyqra","images/women/image_110.jpg",62,"woman",3,3,1
"eg6mjxmfyqra","images/women/image_3599.jpg",63,"woman",3,1,0
"eg6mjxmfyqra","images/men/image_2586.jpg",64,"man",5,4,1
"eg6mjxmfyqra","images/women/image_2622.jpg",65,"woman",5,1,0
"eg6mjxmfyqra","images/men/image_4979.jpg",66,"man",5,4,1
"eg6mjxmfyqra","images/women/image_8975.jpg",67,"woman",5,2,1
"eg6mjxmfyqra","images/women/image_4827.jpg",68,"woman",5,4,1
"eg6mjxmfyqra","images/men/image_734.jpg",69,"man",4,1,0
"eg6mjxmfyqra","images/women/image_9312.jpg",70,"woman",5,2,1
"eg6mjxmfyqra","images/men/image_1115.jpg",71,"man",4,2,1
"eg6mjxmfyqra","images/men/image_9674.jpg",72,"man",3,2,1
"eg6mjxmfyqra","images/men/image_9756.jpg",73,"man",5,4,1
"eg6mjxmfyqra","images/men/image_3666.jpg",74,"man",5,1,0
"eg6mjxmfyqra","images/men/image_2588.jpg",75,"man",5,1,0
"eg6mjxmfyqra","images/women/image_4202.jpg",76,"woman",5,5,1
"eg6mjxmfyqra","images/men/image_8922.jpg",77,"man",3,3,1
"eg6mjxmfyqra","images/women/image_496.jpg",78,"woman",3,2,1
"eg6mjxmfyqra","images/women/image_694.jpg",79,"woman",5,2,1
"eg6mjxmfyqra","images/men/image_9883.jpg",80,"man",5,1,0
"eg6mjxmfyqra","images/women/image_838.jpg",81,"woman",4,2,1
"eg6mjxmfyqra","images/men/image_2386.jpg",82,"man",4,1,0
"eg6mjxmfyqra","images/women/image_2412.jpg",83,"woman",4,1,0
"eg6mjxmfyqra","images/men/image_1572.jpg",84,"man",3,1,0
"eg6mjxmfyqra","images/women/image_8642.jpg",85,"woman",5,5,1
"eg6mjxmfyqra","images/women/image_3389.jpg",86,"woman",5,4,1
"eg6mjxmfyqra","images/women/image_6344.jpg",87,"woman",3,1,0
"eg6mjxmfyqra","images/women/image_5807.jpg",88,"woman",5,5,1
"eg6mjxmfyqra","images/women/image_1623.jpg",89,"woman",3,3,1
"eg6mjxmfyqra","images/men/image_2784.jpg",90,"man",5,1,0
"eg6mjxmfyqra","images/men/image_2825.jpg",91,"man",3,1,0
"eg6mjxmfyqra","images/women/image_9069.jpg",92,"woman",4,1,0
"eg6mjxmfyqra","images/men/image_8446.jpg",93,"man",3,1,0
"eg6mjxmfyqra","images/men/image_789.jpg",94,"man",4,3,1
"eg6mjxmfyqra","images/men/image_2180.jpg",95,"man",4,3,1
"eg6mjxmfyqra","images/women/image_1669.jpg",96,"woman",4,3,1
"eg6mjxmfyqra","images/women/image_5228.jpg",97,"woman",5,3,1
"eg6mjxmfyqra","images/women/image_1520.jpg",98,"woman",3,1,0
"eg6mjxmfyqra","images/women/image_1328.jpg",99,"woman",5,2,1
"eg6mjxmfyqra","images/men/image_4157.jpg",100,"man",4,3,1
"eg6mjxmfyqra","images/women/image_5198.jpg",101,"woman",3,1,0
"eg6mjxmfyqra","images/men/image_8531.jpg",102,"man",5,1,0
"eg6mjxmfyqra","images/women/image_1884.jpg",103,"woman",3,1,0
"eg6mjxmfyqra","images/women/image_5407.jpg",104,"woman",3,2,1
"eg6mjxmfyqra","images/men/image_183.jpg",105,"man",3,1,0
"eg6mjxmfyqra","images/women/image_5772.jpg",106,"woman",5,1,0
"eg6mjxmfyqra","images/men/image_3625.jpg",107,"man",3,3,1
"eg6mjxmfyqra","images/men/image_1875.jpg",108,"man",5,2,1
"eg6mjxmfyqra","images/women/image_9448.jpg",109,"woman",5,1,0
"eg6mjxmfyqra","images/men/image_4303.jpg",110,"man",3,3,1
"eg6mjxmfyqra","images/men/image_4951.jpg",111,"man",4,1,0
"eg6mjxmfyqra","images/men/image_614.jpg",112,"man",3,1,0
"eg6mjxmfyqra","images/men/image_283.jpg",113,"man",4,1,0
"eg6mjxmfyqra","images/men/image_1272.jpg",114,"man",4,1,0
"eg6mjxmfyqra","images/women/image_7696.jpg",115,"woman",4,1,0
"eg6mjxmfyqra","images/men/image_230.jpg",116,"man",5,5,1
"eg6mjxmfyqra","images/men/image_386.jpg",117,"man",4,1,0
"eg6mjxmfyqra","images/men/image_2781.jpg",118,"man",5,1,0
"eg6mjxmfyqra","images/women/image_1903.jpg",119,"woman",3,3,1
"eg6mjxmfyqra","images/men/image_3864.jpg",120,"man",5,1,0
"eg6mjxmfyqra","images/women/image_212.jpg",121,"woman",4,1,0
"eg6mjxmfyqra","images/men/image_5086.jpg",122,"man",3,1,0
"eg6mjxmfyqra","images/women/image_9383.jpg",123,"woman",4,1,0
"eg6mjxmfyqra","images/women/image_3619.jpg",124,"woman",4,2,1
"eg6mjxmfyqra","images/women/image_6177.jpg",125,"woman",4,1,0
"eg6mjxmfyqra","images/men/image_3648.jpg",126,"man",5,1,0
"eg6mjxmfyqra","images/women/image_7819.jpg",127,"woman",5,5,1
"eg6mjxmfyqra","images/men/image_9641.jpg",128,"man",3,1,0
"eg6mjxmfyqra","images/men/image_3568.jpg",129,"man",4,2,1
"eg6mjxmfyqra","images/men/image_3137.jpg",130,"man",3,2,1
"eg6mjxmfyqra","images/women/image_4000.jpg",131,"woman",3,3,1
"eg6mjxmfyqra","images/women/image_311.jpg",132,"woman",5,1,0
"eg6mjxmfyqra","images/women/image_5240.jpg",133,"woman",3,1,0
"eg6mjxmfyqra","images/men/image_1041.jpg",134,"man",5,1,0
"eg6mjxmfyqra","images/women/image_4583.jpg",135,"woman",4,3,1
"eg6mjxmfyqra","images/men/image_626.jpg",136,"man",3,2,1
"eg6mjxmfyqra","images/men/image_4222.jpg",137,"man",5,5,1
"eg6mjxmfyqra","images/women/image_237.jpg",138,"woman",4,3,1
"eg6mjxmfyqra","images/women/image_6041.jpg",139,"woman",4,2,1
"eg6mjxmfyqra","images/women/image_3158.jpg",140,"woman",4,1,0
"eg6mjxmfyqra","images/men/image_584.jpg",141,"man",4,3,1
"eg6mjxmfyqra","images/women/image_3611.jpg",142,"woman",3,1,0
"eg6mjxmfyqra","images/women/image_8496.jpg",143,"woman",3,1,0
"eg6mjxmfyqra","images/women/image_5592.jpg",144,"woman",4,2,1
"eg6mjxmfyqra","images/men/image_178.jpg",145,"man",3,2,1
"eg6mjxmfyqra","images/women/image_8346.jpg",146,"woman",3,3,1
"eg6mjxmfyqra","images/men/image_185.jpg",147,"man",3,2,1
"eg6mjxmfyqra","images/men/image_3792.jpg",148,"man",4,3,1
"eg6mjxmfyqra","images/women/image_8449.jpg",149,"woman",4,2,1
"eg6mjxmfyqra","images/women/image_3557.jpg",150,"woman",3,1,0
"eg6mjxmfyqra","images/women/image_8380.jpg",151,"woman",4,1,0
"eg6mjxmfyqra","images/men/image_1785.jpg",152,"man",4,1,0
"eg6mjxmfyqra","images/men/image_1787.jpg",153,"man",4,4,1
"eg6mjxmfyqra","images/women/image_1264.jpg",154,"woman",3,1,0
"eg6mjxmfyqra","images/men/image_9155.jpg",155,"man",4,2,1
"eg6mjxmfyqra","images/women/image_4338.jpg",156,"woman",5,1,0
"eg6mjxmfyqra","images/men/image_4875.jpg",157,"man",3,1,0
"eg6mjxmfyqra","images/men/image_2173.jpg",158,"man",5,5,1
"eg6mjxmfyqra","images/women/image_8727.jpg",159,"woman",5,4,1
"eg6mjxmfyqra","images/men/image_730.jpg",160,"man",5,1,0
"eg6mjxmfyqra","images/men/image_4135.jpg",161,"man",5,5,1
"eg6mjxmfyqra","images/women/image_3450.jpg",162,"woman",5,1,0
"eg6mjxmfyqra","images/men/image_4844.jpg",163,"man",3,1,0
"eg6mjxmfyqra","images/men/image_3612.jpg",164,"man",5,5,1
"eg6mjxmfyqra","images/men/image_5794.jpg",165,"man",5,1,0
"eg6mjxmfyqra","images/women/image_2806.jpg",166,"woman",5,1,0
"eg6mjxmfyqra","images/women/image_1973.jpg",167,"woman",5,3,1
"eg6mjxmfyqra","images/men/image_2131.jpg",168,"man",4,2,1
"70ptcmeaxuse","images/men/image_2233.jpg",1,"man",5,4,1
"70ptcmeaxuse","images/men/image_1272.jpg",2,"man",5,1,0
"70ptcmeaxuse","images/women/image_3367.jpg",3,"woman",3,1,0
"70ptcmeaxuse","images/women/image_4965.jpg",4,"woman",4,1,0
"70ptcmeaxuse","images/women/image_2016.jpg",5,"woman",4,1,0
"70ptcmeaxuse","images/men/image_902.jpg",6,"man",3,1,0
"70ptcmeaxuse","images/men/image_801.jpg",7,"man",3,2,1
"70ptcmeaxuse","images/women/image_2136.jpg",8,"woman",4,2,1
"70ptcmeaxuse","images/men/image_3558.jpg",9,"man",5,2,1
"70ptcmeaxuse","images/men/image_183.jpg",10,"man",4,4,1
"70ptcmeaxuse","images/men/image_9758.jpg",11,"man",3,1,0
"70ptcmeaxuse","images/men/image_9775.jpg",12,"man",5,1,0
"70ptcmeaxuse","images/women/image_4261.jpg",13,"woman",5,4,1
"70ptcmeaxuse","images/women/image_5289.jpg",14,"woman",4,1,0
"70ptcmeaxuse","images/men/image_9223.jpg",15,"man",4,2,1
"70ptcmeaxuse","images/men/image_3612.jpg",16,"man",3,1,0
"70ptcmeaxuse","images/women/image_2801.jpg",17,"woman",3,2,1
"70ptcmeaxuse","images/men/image_1803.jpg",18,"man",4,1,0
"70ptcmeaxuse","images/men/image_415.jpg",19,"man",3,2,1
"70ptcmeaxuse","images/men/image_9400.jpg",20,"man",4,1,0
"70ptcmeaxuse","images/women/image_9377.jpg",21,"woman",5,1,0
"70ptcmeaxuse","images/women/image_1403.jpg",22,"woman",5,5,1
"70ptcmeaxuse","images/women/image_4787.jpg",23,"woman",3,1,0
"70ptcmeaxuse","images/women/image_2008.jpg",24,"woman",3,1,0
"70ptcmeaxuse","images/men/image_629.jpg",25,"man",4,4,1
"70ptcmeaxuse","images/men/image_383.jpg",26,"man",3,2,1
"70ptcmeaxuse","images/men/image_1928.jpg",27,"man",3,1,0
"70ptcmeaxuse","images/women/image_8717.jpg",28,"woman",5,4,1
"70ptcmeaxuse","images/women/image_3450.jpg",29,"woman",3,3,1
"70ptcmeaxuse","images/men/image_5132.jpg",30,"man",5,1,0
"70ptcmeaxuse","images/women/image_4859.jpg",31,"woman",5,2,1
"70ptcmeaxuse","images/women/image_3807.jpg",32,"woman",5,3,1
"70ptcmeaxuse","images/men/image_3357.jpg",33,"man",5,3,1
"70ptcmeaxuse","images/women/image_1665.jpg",34,"woman",5,1,0
"70ptcmeaxuse","images/men/image_8956.jpg",35,"man",5,1,0
"70ptcmeaxuse","images/women/image_6041.jpg",36,"woman",4,4,1
"70ptcmeaxuse","images/men/image_6148.jpg",37,"man",4,1,0
"70ptcmeaxuse","images/women/image_960.jpg",38,"woman",4,1,0
"70ptcmeaxuse","images/women/image_2041.jpg",39,"woman",4,2,1
"70ptcmeaxuse","images/women/image_1064.jpg",40,"woman",3,1,0
"70ptcmeaxuse","images/women/image_3883.jpg",41,"woman",3,1,0
"70ptcmeaxuse","images/men/image_8443.jpg",42,"man",4,1,0
"70ptcmeaxuse","images/men/image_4858.jpg",43,"man",3,3,1
"70ptcmeaxuse","images/women/image_9268.jpg",44,"woman",4,1,0
"70ptcmeaxuse","images/men/image_8563.jpg",45,"man",3,1,0
"70ptcmeaxuse","images/men/image_1747.jpg",46,"man",5,2,1
"70ptcmeaxuse","images/women/image_9191.jpg",47,"woman",3,3,1
"70ptcmeaxuse","images/women/image_2689.jpg",48,"woman",4,3,1
"70ptcmeaxuse","images/women/image_764.jpg",49,"woman",5,4,1
"70ptcmeaxuse","images/men/image_708.jpg",50,"man",3,1,0
"70ptcmeaxuse","images/men/image_2416.jpg",51,"man",5,3,1
"70ptcmeaxuse","images/women/image_6344.jpg",52,"woman",4,1,0
"70ptcmeaxuse","images/men/image_1875.jpg",53,"man",3,1,0
"70ptcmeaxuse","images/men/image_3843.jpg",54,"man",4,1,0
"70ptcmeaxuse","images/men/image_4441.jpg",55,"man",4,3,1
"70ptcmeaxuse","images/men/image_4183.jpg",56,"man",5,4,1
"70ptcmeaxuse","images/women/image_1152.jpg",57,"woman",3,1,0
"70ptcmeaxuse","images/women/image_4394.jpg",58,"woman",3,1,0
"70ptcmeaxuse","images/women/image_3389.jpg",59,"woman",3,1,0
"70ptcmeaxuse","images/women/image_1669.jpg",60,"woman",4,1,0
"70ptcmeaxuse","images/women/image_5772.jpg",61,"woman",4,1,0
"70ptcmeaxuse","images/women/image_6243.jpg",62,"woman",5,1,0
"70ptcmeaxuse","images/men/image_1265.jpg",63,"man",5,1,0
"70ptcmeaxuse","images/men/image_4875.jpg",64,"man",4,1,0
"70ptcmeaxuse","images/women/image_4163.jpg",65,"woman",3,1,0
"70ptcmeaxuse","images/men/image_9155.jpg",66,"man",5,4,1
"70ptcmeaxuse","images/women/image_5218.jpg",67,"woman",3,1,0
"70ptcmeaxuse","images/men/image_4222.jpg",68,"man",3,2,1
"70ptcmeaxuse","images/men/image_5445.jpg",69,"man",3,3,1
"70ptcmeaxuse","images/women/image_7895.jpg",70,"woman",5,1,0
"70ptcmeaxuse","images/women/image_47.jpg",71,"woman",3,1,0
"70ptcmeaxuse","images/men/image_3072.jpg",72,"man",4,1,0
"70ptcmeaxuse","images/men/image_2851.jpg",73,"man",4,3,1
"70ptcmeaxuse","images/women/image_5396.jpg",74,"woman",4,4,1
"70ptcmeaxuse","images/women/image_8449.jpg",75,"woman",5,1,0
"70ptcmeaxuse","images/men/image_6190.jpg",76,"man",3,3,1
"70ptcmeaxuse","images/women/image_3742.jpg",77,"woman",5,1,0
"70ptcmeaxuse","images/men/image_2470.jpg",78,"man",4,3,1
"70ptcmeaxuse","images/men/image_789.jpg",79,"man",5,1,0
"70ptcmeaxuse","images/men/image_9431.jpg",80,"man",5,1,0
"70ptcmeaxuse","images/men/image_3785.jpg",81,"man",4,3,1
"70ptcmeaxuse","images/women/image_3722.jpg",82,"woman",5,1,0
"70ptcmeaxuse","images/women/image_9627.jpg",83,"woman",5,3,1
"70ptcmeaxuse","images/women/image_8323.jpg",84,"woman",4,4,1
"70ptcmeaxuse","images/women/image_1264.jpg",85,"woman",5,4,1
"70ptcmeaxuse","images/men/image_356.jpg",86,"man",3,1,0
"70ptcmeaxuse","images/women/image_8975.jpg",87,"woman",4,3,1
"70ptcmeaxuse","images/women/image_3611.jpg",88,"woman",4,4,1
"70ptcmeaxuse","images/women/image_295.jpg",89,"woman",3,1,0
"70ptcmeaxuse","images/men/image_1310.jpg",90,"man",5,1,0
"70ptcmeaxuse","images/men/image_3792.jpg",91,"man",3,3,1
"70ptcmeaxuse","images/women/image_554.jpg",92,"woman",4,2,1
"70ptcmeaxuse","images/men/image_2044.jpg",93,"man",5,5,1
"70ptcmeaxuse","images/men/image_9855.jpg",94,"man",5,5,1
"70ptcmeaxuse","images/men/image_8994.jpg",95,"man",5,5,1
"70ptcmeaxuse","images/men/image_656.jpg",96,"man",5,5,1
"70ptcmeaxuse","images/women/image_5766.jpg",97,"woman",5,2,1
"70ptcmeaxuse","images/men/image_9270.jpg",98,"man",4,1,0
"70ptcmeaxuse","images/men/image_443.jpg",99,"man",3,3,1
"70ptcmeaxuse","images/women/image_9448.jpg",100,"woman",5,1,0
"70ptcmeaxuse","images/women/image_1590.jpg",101,"woman",3,1,0
"70ptcmeaxuse","images/men/image_4.jpg",102,"man",4,1,0
"70ptcmeaxuse","images/men/image_5409.jpg",103,"man",5,3,1
"70ptcmeaxuse","images/women/image_244.jpg",104,"woman",5,1,0
"70ptcmeaxuse","images/women/image_4258.jpg",105,"woman",4,1,0
"70ptcmeaxuse","images/men/image_1521.jpg",106,"man",4,4,1
"70ptcmeaxuse","images/men/image_2572.jpg",107,"man",3,1,0
"70ptcmeaxuse","images/men/image_8969.jpg",108,"man",5,5,1
"70ptcmeaxuse","images/men/image_9142.jpg",109,"man",4,1,0
"70ptcmeaxuse","images/men/image_2605.jpg",110,"man",4,2,1
"70ptcmeaxuse","images/men/image_4402.jpg",111,"man",3,3,1
"70ptcmeaxuse","images/men/image_9600.jpg",112,"man",4,3,1
"70ptcmeaxuse","images/men/image_386.jpg",113,"man",4,1,0
"70ptcmeaxuse","images/men/image_2173.jpg",114,"man",3,1,0
"70ptcmeaxuse","images/women/image_1243.jpg",115,"woman",3,1,0
"70ptcmeaxuse","images/men/image_833.jpg",116,"man",3,1,0
"70ptcmeaxuse","images/women/image_2412.jpg",117,"woman",3,3,1
"70ptcmeaxuse","images/women/image_798.jpg",118,"woman",5,1,0
"70ptcmeaxuse","images/women/image_290.jpg",119,"woman",3,3,1
"70ptcmeaxuse","images/women/image_595.jpg",120,"woman",4,1,0
"70ptcmeaxuse","images/women/image_1367.jpg",121,"woman",3,1,0
"70ptcmeaxuse","images/women/image_9769.jpg",122,"woman",3,1,0
"70ptcmeaxuse","images/women/image_8775.jpg",123,"woman",4,1,0
"70ptcmeaxuse","images/women/image_7955.jpg",124,"woman",5,1,0
"70ptcmeaxuse","images/women/image_5090.jpg",125,"woman",5,3,1
"70ptcmeaxuse","images/women/image_3956.jpg",126,"woman",4,3,1
"70ptcmeaxuse","images/men/image_156.jpg",127,"man",3,2,1
"70ptcmeaxuse","images/men/image_950.jpg",128,"man",4,3,1
"70ptcmeaxuse","images/men/image_9354.jpg",129,"man",3,1,0
"70ptcmeaxuse","images/women/image_1593.jpg",130,"woman",3,2,1
"70ptcmeaxuse","images/men/image_8304.jpg",131,"man",3,2,1
"70ptcmeaxuse","images/men/image_5382.jpg",132,"man",5,1,0
"70ptcmeaxuse","images/men/image_6078.jpg",133,"man",3,2,1
"70ptcmeaxuse","images/women/image_8992.jpg",134,"woman",3,1,0
"70ptcmeaxuse","images/women/image_323.jpg",135,"woman",5,5,1
"70ptcmeaxuse","images/women/image_8510.jpg",136,"woman",3,2,1
"70ptcmeaxuse","images/men/image_9647.jpg",137,"man",3,1,0
"70ptcmeaxuse","images/men/image_2465.jpg",138,"man",3,3,1
"70ptcmeaxuse","images/women/image_5177.jpg",139,"woman",4,3,1
"70ptcmeaxuse","images/men/image_9301.jpg",140,"man",4,1,0
"70ptcmeaxuse","images/men/image_9776.jpg",141,"man",4,4,1
"70ptcmeaxuse","images/men/image_2812.jpg",142,"man",5,5,1
"70ptcmeaxuse","images/women/image_7755.jpg",143,"woman",4,1,0
"70ptcmeaxuse","images/women/image_33.jpg",144,"woman",3,2,1
"70ptcmeaxuse","images/women/image_704.jpg",145,"woman",4,2,1
"70ptcmeaxuse","images/men/image_9933.jpg",146,"man",4,3,1
"70ptcmeaxuse","images/women/image_3691.jpg",147,"woman",4,3,1
"70ptcmeaxuse","images/men/image_178.jpg",148,"man",5,3,1
"70ptcmeaxuse","images/women/image_455.jpg",149,"woman",4,1,0
"70ptcmeaxuse","images/men/image_9625.jpg",150,"man",3,1,0
"70ptcmeaxuse","images/women/image_6351.jpg",151,"woman",3,1,0
"70ptcmeaxuse","images/women/image_6010.jpg",152,"woman",5,3,1
"70ptcmeaxuse","images/women/image_4586.jpg",153,"woman",3,1,0
"70ptcmeaxuse","images/men/image_988.jpg",154,"man",4,4,1
"70ptcmeaxuse","images/men/image_9704.jpg",155,"man",4,3,1
"70ptcmeaxuse","images/women/image_9457.jpg",156,"woman",5,4,1
"70ptcmeaxuse","images/men/image_930.jpg",157,"man",5,3,1
"70ptcmeaxuse","images/men/image_4530.jpg",158,"man",5,4,1
"70ptcmeaxuse","images/men/image_5125.jpg",159,"man",4,4,1
"70ptcmeaxuse","images/men/image_8907.jpg",160,"man",5,1,0
"70ptcmeaxuse","images/men/image_3124.jpg",161,"man",5,1,0
"70ptcmeaxuse","images/women/image_5566.jpg",162,"woman",5,1,0
"70ptcmeaxuse","images/women/image_8554.jpg",163,"woman",5,2,1
"70ptcmeaxuse","images/women/image_9370.jpg",164,"woman",5,1,0
"70ptcmeaxuse","images/women/image_9049.jpg",165,"woman",5,1,0
"70ptcmeaxuse","images/women/image_5502.jpg",166,"woman",3,1,0
"70ptcmeaxuse","images/women/image_4240.jpg",167,"woman",4,4,1
"70ptcmeaxuse","images/women/image_4508.jpg",168,"woman",4,1,0
"y2lmt6t0ww7t","images/men/image_8304.jpg",1,"man",5,5,1
"y2lmt6t0ww7t","images/women/image_8483.jpg",2,"woman",3,1,0
"y2lmt6t0ww7t","images/men/image_993.jpg",3,"man",3,2,1
"y2lmt6t0ww7t","images/women/image_8739.jpg",4,"woman",4,1,0
"y2lmt6t0ww7t","images/men/image_4947.jpg",5,"man",5,1,0
"y2lmt6t0ww7t","images/women/image_7819.jpg",6,"woman",4,1,0
"y2lmt6t0ww7t","images/men/image_2153.jpg",7,"man",4,1,0
"y2lmt6t0ww7t","images/women/image_8574.jpg",8,"woman",3,3,1
"y2lmt6t0ww7t","images/men/image_8403.jpg",9,"man",5,1,0
"y2lmt6t0ww7t","images/women/image_729.jpg",10,"woman",4,1,0
"y2lmt6t0ww7t","images/men/image_2180.jpg",11,"man",4,1,0
"y2lmt6t0ww7t","images/men/image_2819.jpg",12,"man",3,2,1
"y2lmt6t0ww7t","images/men/image_776.jpg",13,"man",4,1,0
"y2lmt6t0ww7t","images/women/image_137.jpg",14,"woman",4,1,0
"y2lmt6t0ww7t","images/women/image_4089.jpg",15,"woman",5,1,0
"y2lmt6t0ww7t","images/men/image_6019.jpg",16,"man",3,2,1
"y2lmt6t0ww7t","images/women/image_4607.jpg",17,"woman",4,1,0
"y2lmt6t0ww7t","images/men/image_817.jpg",18,"man",5,2,1
"y2lmt6t0ww7t","images/men/image_8493.jpg",19,"man",5,1,0
"y2lmt6t0ww7t","images/men/image_5152.jpg",20,"man",4,2,1
"y2lmt6t0ww7t","images/women/image_6351.jpg",21,"woman",5,3,1
"y2lmt6t0ww7t","images/women/image_2041.jpg",22,"woman",3,1,0
"y2lmt6t0ww7t","images/women/image_3807.jpg",23,"woman",5,2,1
"y2lmt6t0ww7t","images/men/image_8517.jpg",24,"man",4,3,1
"y2lmt6t0ww7t","images/men/image_527.jpg",25,"man",3,1,0
"y2lmt6t0ww7t","images/women/image_7855.jpg",26,"woman",3,1,0
"y2lmt6t0ww7t","images/women/image_8606.jpg",27,"woman",3,2,1
"y2lmt6t0ww7t","images/men/image_4724.jpg",28,"man",3,2,1
"y2lmt6t0ww7t","images/women/image_9973.jpg",29,"woman",5,1,0
"y2lmt6t0ww7t","images/men/image_2812.jpg",30,"man",4,1,0
"y2lmt6t0ww7t","images/women/image_5284.jpg",31,"woman",3,1,0
"y2lmt6t0ww7t","images/women/image_4532.jpg",32,"woman",3,2,1
"y2lmt6t0ww7t","images/women/image_84.jpg",33,"woman",5,1,0
"y2lmt6t0ww7t","images/men/image_1431.jpg",34,"man",4,1,0
"y2lmt6t0ww7t","images/women/image_333.jpg",35,"woman",4,1,0
"y2lmt6t0ww7t","images/women/image_5068.jpg",36,"woman",5,1,0
"y2lmt6t0ww7t","images/women/image_5566.jpg",37,"woman",4,1,0
"y2lmt6t0ww7t","images/women/image_3985.jpg",38,"woman",5,1,0
"y2lmt6t0ww7t","images/men/image_801.jpg",39,"man",5,3,1
"y2lmt6t0ww7t","images/men/image_8553.jpg",40,"man",3,3,1
"y2lmt6t0ww7t","images/men/image_3209.jpg",41,"man",3,1,0
"y2lmt6t0ww7t","images/men/image_5640.jpg",42,"man",5,3,1
"y2lmt6t0ww7t","images/women/image_4000.jpg",43,"woman",5,1,0
"y2lmt6t0ww7t","images/women/image_3956.jpg",44,"woman",5,1,0
"y2lmt6t0ww7t","images/men/image_4316.jpg",45,"man",5,1,0
"y2lmt6t0ww7t","images/men/image_3757.jpg",46,"man",5,3,1
"y2lmt6t0ww7t","images/women/image_9047.jpg",47,"woman",5,5,1
"y2lmt6t0ww7t","images/men/image_4658.jpg",48,"man",3,1,0
"y2lmt6t0ww7t","images/men/image_2044.jpg",49,"man",3,3,1
"y2lmt6t0ww7t","images/women/image_562.jpg",50,"woman",4,3,1
"y2lmt6t0ww7t","images/men/image_210.jpg",51,"man",4,3,1
"y2lmt6t0ww7t","images/women/image_9383.jpg",52,"woman",4,4,1
"y2lmt6t0ww7t","images/women/image_6344.jpg",53,"woman",3,2,1
"y2lmt6t0ww7t","images/women/image_1905.jpg",54,"woman",3,1,0
"y2lmt6t0ww7t","images/men/image_4466.jpg",55,"man",4,4,1
"y2lmt6t0ww7t","images/men/image_4320.jpg",56,"man",5,1,0
"y2lmt6t0ww7t","images/men/image_922.jpg",57,"man",3,2,1
"y2lmt6t0ww7t","images/women/image_1243.jpg",58,"woman",4,1,0
"y2lmt6t0ww7t","images/women/image_2136.jpg",59,"woman",5,1,0
"y2lmt6t0ww7t","images/women/image_8554.jpg",60,"woman",3,3,1
"y2lmt6t0ww7t","images/men/image_683.jpg",61,"man",4,2,1
"y2lmt6t0ww7t","images/men/image_6345.jpg",62,"man",4,3,1
"y2lmt6t0ww7t","images/men/image_4939.jpg",63,"man",5,5,1
"y2lmt6t0ww7t","images/women/image_2873.jpg",64,"woman",4,1,0
"y2lmt6t0ww7t","images/men/image_193.jpg",65,"man",4,1,0
"y2lmt6t0ww7t","images/men/image_386.jpg",66,"man",4,1,0
"y2lmt6t0ww7t","images/women/image_757.jpg",67,"woman",5,1,0
"y2lmt6t0ww7t","images/men/image_2378.jpg",68,"man",5,1,0
"y2lmt6t0ww7t","images/women/image_5295.jpg",69,"woman",4,1,0
"y2lmt6t0ww7t","images/women/image_2148.jpg",70,"woman",3,1,0
"y2lmt6t0ww7t","images/men/image_4.jpg",71,"man",3,3,1
"y2lmt6t0ww7t","images/women/image_4351.jpg",72,"woman",4,2,1
"y2lmt6t0ww7t","images/women/image_9669.jpg",73,"woman",3,1,0
"y2lmt6t0ww7t","images/men/image_489.jpg",74,"man",3,1,0
"y2lmt6t0ww7t","images/women/image_1430.jpg",75,"woman",5,4,1
"y2lmt6t0ww7t","images/women/image_4770.jpg",76,"woman",5,1,0
"y2lmt6t0ww7t","images/men/image_1573.jpg",77,"man",5,1,0
"y2lmt6t0ww7t","images/men/image_9058.jpg",78,"man",3,1,0
"y2lmt6t0ww7t","images/women/image_2806.jpg",79,"woman",3,1,0
"y2lmt6t0ww7t","images/women/image_9429.jpg",80,"woman",3,1,0
"y2lmt6t0ww7t","images/men/image_122.jpg",81,"man",3,1,0
"y2lmt6t0ww7t","images/men/image_3344.jpg",82,"man",4,3,1
"y2lmt6t0ww7t","images/women/image_2429.jpg",83,"woman",4,1,0
"y2lmt6t0ww7t","images/men/image_8952.jpg",84,"man",5,5,1
"y2lmt6t0ww7t","images/women/image_8877.jpg",85,"woman",4,1,0
"y2lmt6t0ww7t","images/men/image_9155.jpg",86,"man",4,1,0
"y2lmt6t0ww7t","images/women/image_1468.jpg",87,"woman",3,3,1
"y2lmt6t0ww7t","images/women/image_9590.jpg",88,"woman",5,1,0
"y2lmt6t0ww7t","images/women/image_9609.jpg",89,"woman",3,2,1
"y2lmt6t0ww7t","images/men/image_9756.jpg",90,"man",4,3,1
"y2lmt6t0ww7t","images/women/image_33.jpg",91,"woman",3,1,0
"y2lmt6t0ww7t","images/men/image_3568.jpg",92,"man",5,3,1
"y2lmt6t0ww7t","images/women/image_4697.jpg",93,"woman",4,1,0
"y2lmt6t0ww7t","images/men/image_2436.jpg",94,"man",4,4,1
"y2lmt6t0ww7t","images/men/image_987.jpg",95,"man",5,4,1
"y2lmt6t0ww7t","images/men/image_3491.jpg",96,"man",5,1,0
"y2lmt6t0ww7t","images/women/image_3925.jpg",97,"woman",5,1,0
"y2lmt6t0ww7t","images/men/image_2714.jpg",98,"man",4,1,0
"y2lmt6t0ww7t","images/men/image_1115.jpg",99,"man",5,3,1
"y2lmt6t0ww7t","images/women/image_1994.jpg",100,"woman",5,4,1
"y2lmt6t0ww7t","images/women/image_4240.jpg",101,"woman",4,1,0
"y2lmt6t0ww7t","images/women/image_8622.jpg",102,"woman",5,2,1
"y2lmt6t0ww7t","images/men/image_1235.jpg",103,"man",3,1,0
"y2lmt6t0ww7t","images/women/image_4304.jpg",104,"woman",3,1,0
"y2lmt6t0ww7t","images/men/image_2825.jpg",105,"man",3,1,0
"y2lmt6t0ww7t","images/men/image_183.jpg",106,"man",3,3,1
"y2lmt6t0ww7t","images/women/image_335.jpg",107,"woman",5,5,1
"y2lmt6t0ww7t","images/men/image_4832.jpg",108,"man",5,4,1
"y2lmt6t0ww7t","images/men/image_1129.jpg",109,"man",3,1,0
"y2lmt6t0ww7t","images/men/image_8397.jpg",110,"man",4,1,0
"y2lmt6t0ww7t","images/women/image_3619.jpg",111,"woman",3,1,0
"y2lmt6t0ww7t","images/women/image_3389.jpg",112,"woman",5,3,1
"y2lmt6t0ww7t","images/women/image_1664.jpg",113,"woman",4,4,1
"y2lmt6t0ww7t","images/women/image_510.jpg",114,"woman",3,1,0
"y2lmt6t0ww7t","images/women/image_3582.jpg",115,"woman",3,1,0
"y2lmt6t0ww7t","images/men/image_4844.jpg",116,"man",3,1,0
"y2lmt6t0ww7t","images/men/image_9919.jpg",117,"man",4,1,0
"y2lmt6t0ww7t","images/men/image_1592.jpg",118,"man",5,1,0
"y2lmt6t0ww7t","images/men/image_3138.jpg",119,"man",5,1,0
"y2lmt6t0ww7t","images/men/image_679.jpg",120,"man",3,1,0
"y2lmt6t0ww7t","images/women/image_4622.jpg",121,"woman",5,1,0
"y2lmt6t0ww7t","images/women/image_1892.jpg",122,"woman",4,1,0
"y2lmt6t0ww7t","images/men/image_185.jpg",123,"man",4,4,1
"y2lmt6t0ww7t","images/women/image_1504.jpg",124,"woman",4,3,1
"y2lmt6t0ww7t","images/men/image_3864.jpg",125,"man",3,3,1
"y2lmt6t0ww7t","images/women/image_9112.jpg",126,"woman",4,2,1
"y2lmt6t0ww7t","images/women/image_5289.jpg",127,"woman",5,1,0
"y2lmt6t0ww7t","images/men/image_299.jpg",128,"man",3,1,0
"y2lmt6t0ww7t","images/women/image_666.jpg",129,"woman",4,1,0
"y2lmt6t0ww7t","images/women/image_3049.jpg",130,"woman",5,4,1
"y2lmt6t0ww7t","images/women/image_740.jpg",131,"woman",4,3,1
"y2lmt6t0ww7t","images/men/image_4287.jpg",132,"man",4,4,1
"y2lmt6t0ww7t","images/men/image_9600.jpg",133,"man",4,2,1
"y2lmt6t0ww7t","images/women/image_549.jpg",134,"woman",3,1,0
"y2lmt6t0ww7t","images/women/image_9268.jpg",135,"woman",3,1,0
"y2lmt6t0ww7t","images/women/image_798.jpg",136,"woman",3,1,0
"y2lmt6t0ww7t","images/women/image_5772.jpg",137,"woman",3,3,1
"y2lmt6t0ww7t","images/men/image_2465.jpg",138,"man",3,2,1
"y2lmt6t0ww7t","images/women/image_6.jpg",139,"woman",4,3,1
"y2lmt6t0ww7t","images/women/image_9769.jpg",140,"woman",4,2,1
"y2lmt6t0ww7t","images/women/image_4827.jpg",141,"woman",4,1,0
"y2lmt6t0ww7t","images/men/image_789.jpg",142,"man",5,2,1
"y2lmt6t0ww7t","images/men/image_2572.jpg",143,"man",5,1,0
"y2lmt6t0ww7t","images/men/image_4208.jpg",144,"man",5,4,1
"y2lmt6t0ww7t","images/men/image_2203.jpg",145,"man",3,1,0
"y2lmt6t0ww7t","images/women/image_9623.jpg",146,"woman",4,3,1
"y2lmt6t0ww7t","images/men/image_1041.jpg",147,"man",3,1,0
"y2lmt6t0ww7t","images/men/image_4044.jpg",148,"man",3,2,1
"y2lmt6t0ww7t","images/men/image_718.jpg",149,"man",4,4,1
"y2lmt6t0ww7t","images/men/image_3297.jpg",150,"man",3,1,0
"y2lmt6t0ww7t","images/men/image_1768.jpg",151,"man",4,1,0
"y2lmt6t0ww7t","images/men/image_1865.jpg",152,"man",3,2,1
"y2lmt6t0ww7t","images/men/image_341.jpg",153,"man",4,3,1
"y2lmt6t0ww7t","images/men/image_961.jpg",154,"man",5,3,1
"y2lmt6t0ww7t","images/men/image_2479.jpg",155,"man",5,2,1
"y2lmt6t0ww7t","images/men/image_4380.jpg",156,"man",4,4,1
"y2lmt6t0ww7t","images/women/image_3325.jpg",157,"woman",3,2,1
"y2lmt6t0ww7t","images/women/image_1240.jpg",158,"woman",5,4,1
"y2lmt6t0ww7t","images/women/image_9539.jpg",159,"woman",3,2,1
"y2lmt6t0ww7t","images/women/image_3584.jpg",160,"woman",4,1,0
"y2lmt6t0ww7t","images/women/image_4331.jpg",161,"woman",5,3,1
"y2lmt6t0ww7t","images/men/image_9986.jpg",162,"man",4,1,0
"y2lmt6t0ww7t","images/women/image_1929.jpg",163,"woman",5,1,0
"y2lmt6t0ww7t","images/women/image_8323.jpg",164,"woman",5,1,0
"y2lmt6t0ww7t","images/men/image_156.jpg",165,"man",5,3,1
"y2lmt6t0ww7t","images/women/image_4859.jpg",166,"woman",5,1,0
"y2lmt6t0ww7t","images/men/image_2420.jpg",167,"man",5,1,0
"y2lmt6t0ww7t","images/women/image_9718.jpg",168,"woman",3,3,1
"t5eds16xwysb","images/men/image_600.jpg",1,"man",5,2,1
"t5eds16xwysb","images/men/image_795.jpg",2,"man",4,1,0
"t5eds16xwysb","images/men/image_9775.jpg",3,"man",4,1,0
"t5eds16xwysb","images/women/image_5648.jpg",4,"woman",4,1,0
"t5eds16xwysb","images/women/image_9232.jpg",5,"woman",5,1,0
"t5eds16xwysb","images/men/image_4457.jpg",6,"man",5,1,0
"t5eds16xwysb","images/women/image_3557.jpg",7,"woman",4,1,0
"t5eds16xwysb","images/women/image_8731.jpg",8,"woman",4,1,0
"t5eds16xwysb","images/men/image_2524.jpg",9,"man",3,1,0
"t5eds16xwysb","images/men/image_691.jpg",10,"man",4,1,0
"t5eds16xwysb","images/men/image_2192.jpg",11,"man",4,1,0
"t5eds16xwysb","images/men/image_1265.jpg",12,"man",3,1,0
"t5eds16xwysb","images/men/image_3820.jpg",13,"man",5,1,0
"t5eds16xwysb","images/women/image_6177.jpg",14,"woman",3,1,0
"t5eds16xwysb","images/men/image_5210.jpg",15,"man",3,1,0
"t5eds16xwysb","images/women/image_1905.jpg",16,"woman",5,1,0
"t5eds16xwysb","images/women/image_9994.jpg",17,"woman",3,1,0
"t5eds16xwysb","images/women/image_1089.jpg",18,"woman",3,1,0
"t5eds16xwysb","images/men/image_1115.jpg",19,"man",5,1,0
"t5eds16xwysb","images/women/image_1314.jpg",20,"woman",5,1,0
"t5eds16xwysb","images/men/image_792.jpg",21,"man",3,1,0
"t5eds16xwysb","images/women/image_8388.jpg",22,"woman",3,2,1
"t5eds16xwysb","images/women/image_3883.jpg",23,"woman",5,3,1
"t5eds16xwysb","images/men/image_6345.jpg",24,"man",3,1,0
"t5eds16xwysb","images/women/image_3925.jpg",25,"woman",4,3,1
"t5eds16xwysb","images/women/image_729.jpg",26,"woman",4,2,1
"t5eds16xwysb","images/men/image_3467.jpg",27,"man",5,2,1
"t5eds16xwysb","images/women/image_4483.jpg",28,"woman",3,1,0
"t5eds16xwysb","images/men/image_8998.jpg",29,"man",5,5,1
"t5eds16xwysb","images/women/image_3021.jpg",30,"woman",5,1,0
"t5eds16xwysb","images/women/image_8383.jpg",31,"woman",5,1,0
"t5eds16xwysb","images/women/image_110.jpg",32,"woman",3,1,0
"t5eds16xwysb","images/men/image_3344.jpg",33,"man",3,3,1
"t5eds16xwysb","images/women/image_479.jpg",34,"woman",4,1,0
"t5eds16xwysb","images/men/image_386.jpg",35,"man",5,1,0
"t5eds16xwysb","images/women/image_2136.jpg",36,"woman",5,2,1
"t5eds16xwysb","images/women/image_3154.jpg",37,"woman",4,1,0
"t5eds16xwysb","images/women/image_8510.jpg",38,"woman",3,1,0
"t5eds16xwysb","images/men/image_263.jpg",39,"man",3,1,0
"t5eds16xwysb","images/men/image_626.jpg",40,"man",4,2,1
"t5eds16xwysb","images/men/image_8677.jpg",41,"man",4,1,0
"t5eds16xwysb","images/men/image_8553.jpg",42,"man",4,1,0
"t5eds16xwysb","images/men/image_4317.jpg",43,"man",4,1,0
"t5eds16xwysb","images/women/image_719.jpg",44,"woman",3,3,1
"t5eds16xwysb","images/men/image_3951.jpg",45,"man",3,3,1
"t5eds16xwysb","images/men/image_9948.jpg",46,"man",3,1,0
"t5eds16xwysb","images/men/image_903.jpg",47,"man",3,1,0
"t5eds16xwysb","images/men/image_5152.jpg",48,"man",5,4,1
"t5eds16xwysb","images/men/image_8423.jpg",49,"man",4,4,1
"t5eds16xwysb","images/women/image_8799.jpg",50,"woman",4,1,0
"t5eds16xwysb","images/men/image_179.jpg",51,"man",4,4,1
"t5eds16xwysb","images/women/image_8684.jpg",52,"woman",3,1,0
"t5eds16xwysb","images/women/image_3619.jpg",53,"woman",5,2,1
"t5eds16xwysb","images/men/image_5409.jpg",54,"man",3,2,1
"t5eds16xwysb","images/men/image_3754.jpg",55,"man",5,1,0
"t5eds16xwysb","images/women/image_8880.jpg",56,"woman",3,3,1
"t5eds16xwysb","images/men/image_4963.jpg",57,"man",4,3,1
"t5eds16xwysb","images/men/image_299.jpg",58,"man",5,1,0
"t5eds16xwysb","images/women/image_3448.jpg",59,"woman",3,2,1
"t5eds16xwysb","images/men/image_2233.jpg",60,"man",5,2,1
"t5eds16xwysb","images/men/image_1068.jpg",61,"man",5,1,0
"t5eds16xwysb","images/women/image_4827.jpg",62,"woman",5,5,1
"t5eds16xwysb","images/women/image_4884.jpg",63,"woman",4,1,0
"t5eds16xwysb","images/men/image_2131.jpg",64,"man",5,3,1
"t5eds16xwysb","images/women/image_4577.jpg",65,"woman",4,4,1
"t5eds16xwysb","images/men/image_9917.jpg",66,"man",3,1,0
"t5eds16xwysb","images/men/image_930.jpg",67,"man",4,1,0
"t5eds16xwysb","images/women/image_3743.jpg",68,"woman",3,1,0
"t5eds16xwysb","images/women/image_8554.jpg",69,"woman",5,2,1
"t5eds16xwysb","images/women/image_562.jpg",70,"woman",4,1,0
"t5eds16xwysb","images/women/image_6344.jpg",71,"woman",4,1,0
"t5eds16xwysb","images/women/image_8642.jpg",72,"woman",5,3,1
"t5eds16xwysb","images/women/image_355.jpg",73,"woman",3,1,0
"t5eds16xwysb","images/women/image_1364.jpg",74,"woman",4,1,0
"t5eds16xwysb","images/women/image_1903.jpg",75,"woman",3,1,0
"t5eds16xwysb","images/women/image_4338.jpg",76,"woman",5,1,0
"t5eds16xwysb","images/women/image_2418.jpg",77,"woman",5,1,0
"t5eds16xwysb","images/men/image_4603.jpg",78,"man",3,1,0
"t5eds16xwysb","images/men/image_1803.jpg",79,"man",5,1,0
"t5eds16xwysb","images/men/image_254.jpg",80,"man",4,2,1
"t5eds16xwysb","images/men/image_681.jpg",81,"man",3,1,0
"t5eds16xwysb","images/men/image_9625.jpg",82,"man",4,2,1
"t5eds16xwysb","images/women/image_4622.jpg",83,"woman",5,3,1
"t5eds16xwysb","images/women/image_86.jpg",84,"woman",4,1,0
"t5eds16xwysb","images/women/image_5396.jpg",85,"woman",4,2,1
"t5eds16xwysb","images/men/image_383.jpg",86,"man",4,4,1
"t5eds16xwysb","images/women/image_2815.jpg",87,"woman",3,1,0
"t5eds16xwysb","images/men/image_1751.jpg",88,"man",5,2,1
"t5eds16xwysb","images/women/image_5218.jpg",89,"woman",5,2,1
"t5eds16xwysb","images/women/image_1452.jpg",90,"woman",4,3,1
"t5eds16xwysb","images/men/image_4157.jpg",91,"man",4,3,1
"t5eds16xwysb","images/women/image_947.jpg",92,"woman",4,2,1
"t5eds16xwysb","images/men/image_178.jpg",93,"man",5,1,0
"t5eds16xwysb","images/men/image_2588.jpg",94,"man",3,1,0
"t5eds16xwysb","images/women/image_3722.jpg",95,"woman",5,1,0
"t5eds16xwysb","images/men/image_90.jpg",96,"man",3,1,0
"t5eds16xwysb","images/women/image_3691.jpg",97,"woman",5,4,1
"t5eds16xwysb","images/men/image_156.jpg",98,"man",4,3,1
"t5eds16xwysb","images/men/image_8531.jpg",99,"man",5,3,1
"t5eds16xwysb","images/men/image_4401.jpg",100,"man",4,1,0
"t5eds16xwysb","images/women/image_9312.jpg",101,"woman",3,1,0
"t5eds16xwysb","images/women/image_2797.jpg",102,"woman",3,1,0
"t5eds16xwysb","images/women/image_3330.jpg",103,"woman",5,1,0
"t5eds16xwysb","images/women/image_4532.jpg",104,"woman",3,1,0
"t5eds16xwysb","images/men/image_217.jpg",105,"man",5,2,1
"t5eds16xwysb","images/women/image_290.jpg",106,"woman",4,2,1
"t5eds16xwysb","images/men/image_762.jpg",107,"man",4,1,0
"t5eds16xwysb","images/women/image_1243.jpg",108,"woman",4,2,1
"t5eds16xwysb","images/men/image_4708.jpg",109,"man",4,1,0
"t5eds16xwysb","images/men/image_3029.jpg",110,"man",3,3,1
"t5eds16xwysb","images/women/image_4965.jpg",111,"woman",4,2,1
"t5eds16xwysb","images/men/image_4816.jpg",112,"man",3,3,1
"t5eds16xwysb","images/women/image_9313.jpg",113,"woman",5,1,0
"t5eds16xwysb","images/women/image_1623.jpg",114,"woman",3,1,0
"t5eds16xwysb","images/women/image_7755.jpg",115,"woman",4,2,1
"t5eds16xwysb","images/women/image_1665.jpg",116,"woman",3,1,0
"t5eds16xwysb","images/men/image_9776.jpg",117,"man",3,2,1
"t5eds16xwysb","images/women/image_8380.jpg",118,"woman",3,1,0
"t5eds16xwysb","images/women/image_8775.jpg",119,"woman",5,2,1
"t5eds16xwysb","images/men/image_9758.jpg",120,"man",3,1,0
"t5eds16xwysb","images/men/image_480.jpg",121,"man",5,1,0
"t5eds16xwysb","images/women/image_5042.jpg",122,"woman",5,2,1
"t5eds16xwysb","images/men/image_9223.jpg",123,"man",5,3,1
"t5eds16xwysb","images/men/image_5145.jpg",124,"man",3,3,1
"t5eds16xwysb","images/men/image_4524.jpg",125,"man",5,1,0
"t5eds16xwysb","images/men/image_3265.jpg",126,"man",4,1,0
"t5eds16xwysb","images/men/image_973.jpg",127,"man",3,2,1
"t5eds16xwysb","images/women/image_6153.jpg",128,"woman",3,1,0
"t5eds16xwysb","images/men/image_8547.jpg",129,"man",3,1,0
"t5eds16xwysb","images/women/image_84.jpg",130,"woman",3,2,1
"t5eds16xwysb","images/women/image_8535.jpg",131,"woman",5,2,1
"t5eds16xwysb","images/men/image_2781.jpg",132,"man",4,1,0
"t5eds16xwysb","images/men/image_1060.jpg",133,"man",4,1,0
"t5eds16xwysb","images/men/image_1875.jpg",134,"man",3,2,1
"t5eds16xwysb","images/men/image_1331.jpg",135,"man",5,4,1
"t5eds16xwysb","images/men/image_775.jpg",136,"man",4,2,1
"t5eds16xwysb","images/women/image_3774.jpg",137,"woman",3,2,1
"t5eds16xwysb","images/women/image_2689.jpg",138,"woman",3,3,1
"t5eds16xwysb","images/women/image_9599.jpg",139,"woman",5,1,0
"t5eds16xwysb","images/women/image_3194.jpg",140,"woman",5,1,0
"t5eds16xwysb","images/women/image_1145.jpg",141,"woman",5,5,1
"t5eds16xwysb","images/men/image_3998.jpg",142,"man",3,2,1
"t5eds16xwysb","images/women/image_3742.jpg",143,"woman",5,1,0
"t5eds16xwysb","images/men/image_667.jpg",144,"man",3,2,1
"t5eds16xwysb","images/men/image_4316.jpg",145,"man",5,1,0
"t5eds16xwysb","images/women/image_1351.jpg",146,"woman",4,1,0
"t5eds16xwysb","images/men/image_3843.jpg",147,"man",4,2,1
"t5eds16xwysb","images/women/image_2412.jpg",148,"woman",4,4,1
"t5eds16xwysb","images/men/image_4951.jpg",149,"man",3,2,1
"t5eds16xwysb","images/men/image_9427.jpg",150,"man",5,1,0
"t5eds16xwysb","images/women/image_4236.jpg",151,"woman",5,5,1
"t5eds16xwysb","images/women/image_9673.jpg",152,"woman",3,1,0
"t5eds16xwysb","images/men/image_1261.jpg",153,"man",5,2,1
"t5eds16xwysb","images/women/image_4564.jpg",154,"woman",5,3,1
"t5eds16xwysb","images/men/image_1928.jpg",155,"man",4,1,0
"t5eds16xwysb","images/men/image_8969.jpg",156,"man",5,1,0
"t5eds16xwysb","images/women/image_7876.jpg",157,"woman",4,2,1
"t5eds16xwysb","images/women/image_5124.jpg",158,"woman",4,1,0
"t5eds16xwysb","images/men/image_584.jpg",159,"man",5,2,1
"t5eds16xwysb","images/women/image_666.jpg",160,"woman",3,1,0
"t5eds16xwysb","images/men/image_1598.jpg",161,"man",3,2,1
"t5eds16xwysb","images/women/image_1793.jpg",162,"woman",3,1,0
"t5eds16xwysb","images/women/image_3674.jpg",163,"woman",4,3,1
"t5eds16xwysb","images/men/image_9930.jpg",164,"man",4,1,0
"t5eds16xwysb","images/women/image_8297.jpg",165,"woman",4,4,1
"t5eds16xwysb","images/men/image_3004.jpg",166,"man",4,1,0
"t5eds16xwysb","images/men/image_5238.jpg",167,"man",5,2,1
"t5eds16xwysb","images/women/image_2215.jpg",168,"woman",4,3,1
"saudqsnpaqmm","images/men/image_8952.jpg",1,"man",5,4,1
"saudqsnpaqmm","images/men/image_2106.jpg",2,"man",5,5,1
"saudqsnpaqmm","images/men/image_4401.jpg",3,"man",4,1,0
"saudqsnpaqmm","images/men/image_1585.jpg",4,"man",4,4,1
"saudqsnpaqmm","images/men/image_2651.jpg",5,"man",4,4,1
"saudqsnpaqmm","images/women/image_595.jpg",6,"woman",5,3,1
"saudqsnpaqmm","images/women/image_1892.jpg",7,"woman",5,2,1
"saudqsnpaqmm","images/women/image_8400.jpg",8,"woman",4,2,1
"saudqsnpaqmm","images/women/image_9457.jpg",9,"woman",5,5,1
"saudqsnpaqmm","images/men/image_2812.jpg",10,"man",3,1,0
"saudqsnpaqmm","images/women/image_4996.jpg",11,"woman",5,4,1
"saudqsnpaqmm","images/women/image_4324.jpg",12,"woman",3,1,0
"saudqsnpaqmm","images/women/image_8877.jpg",13,"woman",3,2,1
"saudqsnpaqmm","images/women/image_4740.jpg",14,"woman",4,1,0
"saudqsnpaqmm","images/women/image_2622.jpg",15,"woman",3,3,1
"saudqsnpaqmm","images/men/image_3612.jpg",16,"man",4,2,1
"saudqsnpaqmm","images/men/image_4950.jpg",17,"man",3,1,0
"saudqsnpaqmm","images/men/image_3797.jpg",18,"man",5,1,0
"saudqsnpaqmm","images/women/image_3985.jpg",19,"woman",4,2,1
"saudqsnpaqmm","images/women/image_1089.jpg",20,"woman",5,2,1
"saudqsnpaqmm","images/men/image_2819.jpg",21,"man",4,4,1
"saudqsnpaqmm","images/women/image_788.jpg",22,"woman",4,1,0
"saudqsnpaqmm","images/women/image_9592.jpg",23,"woman",3,1,0
"saudqsnpaqmm","images/men/image_1139.jpg",24,"man",5,4,1
"saudqsnpaqmm","images/men/image_1865.jpg",25,"man",4,2,1
"saudqsnpaqmm","images/women/image_3955.jpg",26,"woman",3,1,0
"saudqsnpaqmm","images/men/image_3045.jpg",27,"man",3,1,0
"saudqsnpaqmm","images/men/image_4927.jpg",28,"man",3,1,0
"saudqsnpaqmm","images/men/image_4816.jpg",29,"man",5,3,1
"saudqsnpaqmm","images/men/image_8707.jpg",30,"man",4,1,0
"saudqsnpaqmm","images/women/image_8693.jpg",31,"woman",3,1,0
"saudqsnpaqmm","images/women/image_5068.jpg",32,"woman",5,5,1
"saudqsnpaqmm","images/men/image_4998.jpg",33,"man",5,5,1
"saudqsnpaqmm","images/men/image_9948.jpg",34,"man",3,2,1
"saudqsnpaqmm","images/men/image_2784.jpg",35,"man",3,3,1
"saudqsnpaqmm","images/men/image_3358.jpg",36,"man",3,1,0
"saudqsnpaqmm","images/men/image_13.jpg",37,"man",5,4,1
"saudqsnpaqmm","images/women/image_4988.jpg",38,"woman",4,3,1
"saudqsnpaqmm","images/women/image_9723.jpg",39,"woman",4,3,1
"saudqsnpaqmm","images/women/image_9448.jpg",40,"woman",4,4,1
"saudqsnpaqmm","images/women/image_494.jpg",41,"woman",3,3,1
"saudqsnpaqmm","images/women/image_47.jpg",42,"woman",5,3,1
"saudqsnpaqmm","images/women/image_9994.jpg",43,"woman",3,1,0
"saudqsnpaqmm","images/women/image_4770.jpg",44,"woman",5,2,1
"saudqsnpaqmm","images/men/image_774.jpg",45,"man",3,1,0
"saudqsnpaqmm","images/women/image_5550.jpg",46,"woman",4,1,0
"saudqsnpaqmm","images/women/image_735.jpg",47,"woman",4,1,0
"saudqsnpaqmm","images/women/image_3611.jpg",48,"woman",5,5,1
"saudqsnpaqmm","images/women/image_3279.jpg",49,"woman",5,3,1
"saudqsnpaqmm","images/women/image_3925.jpg",50,"woman",5,5,1
"saudqsnpaqmm","images/men/image_4971.jpg",51,"man",4,1,0
"saudqsnpaqmm","images/women/image_695.jpg",52,"woman",4,2,1
"saudqsnpaqmm","images/women/image_1513.jpg",53,"woman",4,3,1
"saudqsnpaqmm","images/women/image_8727.jpg",54,"woman",3,2,1
"saudqsnpaqmm","images/women/image_1867.jpg",55,"woman",5,2,1
"saudqsnpaqmm","images/men/image_6059.jpg",56,"man",5,1,0
"saudqsnpaqmm","images/women/image_694.jpg",57,"woman",3,3,1
"saudqsnpaqmm","images/men/image_2378.jpg",58,"man",3,3,1
"saudqsnpaqmm","images/women/image_3742.jpg",59,"woman",3,2,1
"saudqsnpaqmm","images/men/image_795.jpg",60,"man",4,4,1
"saudqsnpaqmm","images/men/image_3072.jpg",61,"man",4,2,1
"saudqsnpaqmm","images/men/image_1060.jpg",62,"man",3,2,1
"saudqsnpaqmm","images/women/image_896.jpg",63,"woman",5,1,0
"saudqsnpaqmm","images/men/image_9704.jpg",64,"man",5,3,1
"saudqsnpaqmm","images/women/image_1155.jpg",65,"woman",3,1,0
"saudqsnpaqmm","images/men/image_4320.jpg",66,"man",4,1,0
"saudqsnpaqmm","images/women/image_9289.jpg",67,"woman",5,2,1
"saudqsnpaqmm","images/men/image_4466.jpg",68,"man",5,5,1
"saudqsnpaqmm","images/women/image_9623.jpg",69,"woman",4,3,1
"saudqsnpaqmm","images/men/image_356.jpg",70,"man",5,2,1
"saudqsnpaqmm","images/men/image_685.jpg",71,"man",3,2,1
"saudqsnpaqmm","images/men/image_8547.jpg",72,"man",4,2,1
"saudqsnpaqmm","images/men/image_614.jpg",73,"man",3,3,1
"saudqsnpaqmm","images/men/image_1787.jpg",74,"man",4,4,1
"saudqsnpaqmm","images/men/image_179.jpg",75,"man",3,1,0
"saudqsnpaqmm","images/men/image_3004.jpg",76,"man",4,2,1
"saudqsnpaqmm","images/men/image_907.jpg",77,"man",5,3,1
"saudqsnpaqmm","images/women/image_887.jpg",78,"woman",3,2,1
"saudqsnpaqmm","images/women/image_3434.jpg",79,"woman",4,1,0
"saudqsnpaqmm","images/men/image_8648.jpg",80,"man",5,5,1
"saudqsnpaqmm","images/men/image_5794.jpg",81,"man",5,4,1
"saudqsnpaqmm","images/women/image_1295.jpg",82,"woman",4,1,0
"saudqsnpaqmm","images/women/image_3158.jpg",83,"woman",3,2,1
"saudqsnpaqmm","images/men/image_6078.jpg",84,"man",3,2,1
"saudqsnpaqmm","images/men/image_5743.jpg",85,"man",3,1,0
"saudqsnpaqmm","images/men/image_8998.jpg",86,"man",5,2,1
"saudqsnpaqmm","images/men/image_4303.jpg",87,"man",5,1,0
"saudqsnpaqmm","images/women/image_3179.jpg",88,"woman",3,2,1
"saudqsnpaqmm","images/women/image_5525.jpg",89,"woman",4,1,0
"saudqsnpaqmm","images/women/image_7895.jpg",90,"woman",4,2,1
"saudqsnpaqmm","images/men/image_762.jpg",91,"man",3,2,1
"saudqsnpaqmm","images/women/image_9232.jpg",92,"woman",5,3,1
"saudqsnpaqmm","images/women/image_682.jpg",93,"woman",4,2,1
"saudqsnpaqmm","images/women/image_798.jpg",94,"woman",3,1,0
"saudqsnpaqmm","images/women/image_252.jpg",95,"woman",5,2,1
"saudqsnpaqmm","images/women/image_4582.jpg",96,"woman",4,1,0
"saudqsnpaqmm","images/women/image_4652.jpg",97,"woman",3,2,1
"saudqsnpaqmm","images/women/image_4508.jpg",98,"woman",5,1,0
"saudqsnpaqmm","images/men/image_1573.jpg",99,"man",4,2,1
"saudqsnpaqmm","images/men/image_4181.jpg",100,"man",4,1,0
"saudqsnpaqmm","images/men/image_91.jpg",101,"man",4,2,1
"saudqsnpaqmm","images/men/image_1943.jpg",102,"man",3,3,1
"saudqsnpaqmm","images/men/image_122.jpg",103,"man",3,3,1
"saudqsnpaqmm","images/women/image_2815.jpg",104,"woman",5,4,1
"saudqsnpaqmm","images/women/image_7755.jpg",105,"woman",5,4,1
"saudqsnpaqmm","images/men/image_4657.jpg",106,"man",4,4,1
"saudqsnpaqmm","images/women/image_3206.jpg",107,"woman",3,1,0
"saudqsnpaqmm","images/men/image_8446.jpg",108,"man",5,2,1
"saudqsnpaqmm","images/men/image_9653.jpg",109,"man",4,1,0
"saudqsnpaqmm","images/women/image_3450.jpg",110,"woman",3,2,1
"saudqsnpaqmm","images/men/image_9751.jpg",111,"man",3,2,1
"saudqsnpaqmm","images/men/image_903.jpg",112,"man",3,2,1
"saudqsnpaqmm","images/men/image_8956.jpg",113,"man",4,4,1
"saudqsnpaqmm","images/women/image_1631.jpg",114,"woman",3,2,1
"saudqsnpaqmm","images/women/image_287.jpg",115,"woman",3,2,1
"saudqsnpaqmm","images/men/image_1522.jpg",116,"man",5,4,1
"saudqsnpaqmm","images/men/image_9681.jpg",117,"man",4,2,1
"saudqsnpaqmm","images/women/image_3807.jpg",118,"woman",4,3,1
"saudqsnpaqmm","images/men/image_4832.jpg",119,"man",5,1,0
"saudqsnpaqmm","images/men/image_9058.jpg",120,"man",3,3,1
"saudqsnpaqmm","images/men/image_2825.jpg",121,"man",5,2,1
"saudqsnpaqmm","images/women/image_9069.jpg",122,"woman",4,2,1
"saudqsnpaqmm","images/women/image_1127.jpg",123,"woman",5,4,1
"saudqsnpaqmm","images/men/image_489.jpg",124,"man",5,4,1
"saudqsnpaqmm","images/women/image_9112.jpg",125,"woman",5,3,1
"saudqsnpaqmm","images/women/image_9429.jpg",126,"woman",4,1,0
"saudqsnpaqmm","images/men/image_9133.jpg",127,"man",5,1,0
"saudqsnpaqmm","images/men/image_9329.jpg",128,"man",3,3,1
"saudqsnpaqmm","images/women/image_2002.jpg",129,"woman",4,3,1
"saudqsnpaqmm","images/men/image_1558.jpg",130,"man",4,1,0
"saudqsnpaqmm","images/men/image_4735.jpg",131,"man",3,3,1
"saudqsnpaqmm","images/women/image_4583.jpg",132,"woman",4,4,1
"saudqsnpaqmm","images/women/image_398.jpg",133,"woman",3,2,1
"saudqsnpaqmm","images/women/image_3367.jpg",134,"woman",3,2,1
"saudqsnpaqmm","images/men/image_4942.jpg",135,"man",3,1,0
"saudqsnpaqmm","images/women/image_9718.jpg",136,"woman",4,1,0
"saudqsnpaqmm","images/women/image_1793.jpg",137,"woman",4,2,1
"saudqsnpaqmm","images/women/image_503.jpg",138,"woman",3,2,1
"saudqsnpaqmm","images/men/image_3137.jpg",139,"man",5,5,1
"saudqsnpaqmm","images/women/image_4943.jpg",140,"woman",4,4,1
"saudqsnpaqmm","images/men/image_2420.jpg",141,"man",5,4,1
"saudqsnpaqmm","images/men/image_861.jpg",142,"man",5,4,1
"saudqsnpaqmm","images/women/image_8323.jpg",143,"woman",3,3,1
"saudqsnpaqmm","images/women/image_9482.jpg",144,"woman",5,1,0
"saudqsnpaqmm","images/men/image_443.jpg",145,"man",4,3,1
"saudqsnpaqmm","images/women/image_877.jpg",146,"woman",3,2,1
"saudqsnpaqmm","images/men/image_9142.jpg",147,"man",4,2,1
"saudqsnpaqmm","images/men/image_4858.jpg",148,"man",3,3,1
"saudqsnpaqmm","images/men/image_2714.jpg",149,"man",5,5,1
"saudqsnpaqmm","images/women/image_1533.jpg",150,"woman",5,4,1
"saudqsnpaqmm","images/women/image_137.jpg",151,"woman",4,1,0
"saudqsnpaqmm","images/men/image_6019.jpg",152,"man",4,1,0
"saudqsnpaqmm","images/women/image_9313.jpg",153,"woman",4,4,1
"saudqsnpaqmm","images/men/image_156.jpg",154,"man",4,1,0
"saudqsnpaqmm","images/women/image_1935.jpg",155,"woman",3,2,1
"saudqsnpaqmm","images/women/image_8775.jpg",156,"woman",3,2,1
"saudqsnpaqmm","images/men/image_4800.jpg",157,"man",5,4,1
"saudqsnpaqmm","images/women/image_4773.jpg",158,"woman",5,3,1
"saudqsnpaqmm","images/women/image_784.jpg",159,"woman",5,3,1
"saudqsnpaqmm","images/men/image_1224.jpg",160,"man",4,1,0
"saudqsnpaqmm","images/women/image_436.jpg",161,"woman",5,1,0
"saudqsnpaqmm","images/men/image_2530.jpg",162,"man",4,1,0
"saudqsnpaqmm","images/men/image_9223.jpg",163,"man",5,2,1
"saudqsnpaqmm","images/men/image_746.jpg",164,"man",3,3,1
"saudqsnpaqmm","images/women/image_1868.jpg",165,"woman",5,4,1
"saudqsnpaqmm","images/men/image_2851.jpg",166,"man",3,1,0
"saudqsnpaqmm","images/men/image_9917.jpg",167,"man",3,1,0
"saudqsnpaqmm","images/women/image_355.jpg",168,"woman",5,5,1
"mpjm4lk69mrk","images/men/image_4208.jpg",1,"man",5,2,1
"mpjm4lk69mrk","images/men/image_2812.jpg",2,"man",3,2,1
"mpjm4lk69mrk","images/women/image_4899.jpg",3,"woman",3,1,0
"mpjm4lk69mrk","images/men/image_902.jpg",4,"man",3,1,0
"mpjm4lk69mrk","images/women/image_2319.jpg",5,"woman",5,1,0
"mpjm4lk69mrk","images/men/image_9329.jpg",6,"man",4,1,0
"mpjm4lk69mrk","images/men/image_3124.jpg",7,"man",5,1,0
"mpjm4lk69mrk","images/men/image_4972.jpg",8,"man",5,1,0
"mpjm4lk69mrk","images/women/image_5090.jpg",9,"woman",4,2,1
"mpjm4lk69mrk","images/men/image_993.jpg",10,"man",5,2,1
"mpjm4lk69mrk","images/men/image_2714.jpg",11,"man",3,2,1
"mpjm4lk69mrk","images/women/image_4558.jpg",12,"woman",3,2,1
"mpjm4lk69mrk","images/men/image_1271.jpg",13,"man",3,3,1
"mpjm4lk69mrk","images/men/image_2386.jpg",14,"man",5,2,1
"mpjm4lk69mrk","images/women/image_1994.jpg",15,"woman",3,1,0
"mpjm4lk69mrk","images/women/image_877.jpg",16,"woman",4,1,0
"mpjm4lk69mrk","images/women/image_4770.jpg",17,"woman",5,3,1
"mpjm4lk69mrk","images/men/image_1854.jpg",18,"man",5,3,1
"mpjm4lk69mrk","images/men/image_922.jpg",19,"man",3,1,0
"mpjm4lk69mrk","images/women/image_3007.jpg",20,"woman",5,1,0
"mpjm4lk69mrk","images/men/image_1585.jpg",21,"man",4,3,1
"mpjm4lk69mrk","images/men/image_13.jpg",22,"man",4,1,0
"mpjm4lk69mrk","images/women/image_3736.jpg",23,"woman",4,1,0
"mpjm4lk69mrk","images/women/image_2560.jpg",24,"woman",5,3,1
"mpjm4lk69mrk","images/women/image_2697.jpg",25,"woman",3,2,1
"mpjm4lk69mrk","images/women/image_7819.jpg",26,"woman",4,4,1
"mpjm4lk69mrk","images/men/image_5549.jpg",27,"man",4,1,0
"mpjm4lk69mrk","images/men/image_5709.jpg",28,"man",3,1,0
"mpjm4lk69mrk","images/women/image_4508.jpg",29,"woman",4,2,1
"mpjm4lk69mrk","images/women/image_1295.jpg",30,"woman",3,1,0
"mpjm4lk69mrk","images/men/image_9676.jpg",31,"man",4,1,0
"mpjm4lk69mrk","images/women/image_2994.jpg",32,"woman",5,4,1
"mpjm4lk69mrk","images/women/image_4586.jpg",33,"woman",4,1,0
"mpjm4lk69mrk","images/women/image_496.jpg",34,"woman",3,1,0
"mpjm4lk69mrk","images/men/image_179.jpg",35,"man",4,1,0
"mpjm4lk69mrk","images/women/image_7696.jpg",36,"woman",3,1,0
"mpjm4lk69mrk","images/women/image_4000.jpg",37,"woman",4,1,0
"mpjm4lk69mrk","images/men/image_4466.jpg",38,"man",5,2,1
"mpjm4lk69mrk","images/women/image_2806.jpg",39,"woman",5,3,1
"mpjm4lk69mrk","images/women/image_8877.jpg",40,"woman",5,1,0
"mpjm4lk69mrk","images/men/image_679.jpg",41,"man",4,1,0
"mpjm4lk69mrk","images/men/image_8689.jpg",42,"man",3,2,1
"mpjm4lk69mrk","images/men/image_9948.jpg",43,"man",4,1,0
"mpjm4lk69mrk","images/men/image_691.jpg",44,"man",4,1,0
"mpjm4lk69mrk","images/women/image_6344.jpg",45,"woman",4,2,1
"mpjm4lk69mrk","images/women/image_9720.jpg",46,"woman",5,5,1
"mpjm4lk69mrk","images/women/image_510.jpg",47,"woman",5,5,1
"mpjm4lk69mrk","images/women/image_9482.jpg",48,"woman",4,3,1
"mpjm4lk69mrk","images/women/image_565.jpg",49,"woman",4,1,0
"mpjm4lk69mrk","images/women/image_9232.jpg",50,"woman",3,1,0
"mpjm4lk69mrk","images/women/image_237.jpg",51,"woman",4,1,0
"mpjm4lk69mrk","images/men/image_4401.jpg",52,"man",3,1,0
"mpjm4lk69mrk","images/men/image_9758.jpg",53,"man",4,3,1
"mpjm4lk69mrk","images/men/image_9270.jpg",54,"man",5,1,0
"mpjm4lk69mrk","images/women/image_244.jpg",55,"woman",4,1,0
"mpjm4lk69mrk","images/men/image_4594.jpg",56,"man",3,2,1
"mpjm4lk69mrk","images/men/image_8956.jpg",57,"man",5,2,1
"mpjm4lk69mrk","images/men/image_1645.jpg",58,"man",3,1,0
"mpjm4lk69mrk","images/men/image_734.jpg",59,"man",4,2,1
"mpjm4lk69mrk","images/women/image_1145.jpg",60,"woman",3,1,0
"mpjm4lk69mrk","images/men/image_4882.jpg",61,"man",5,3,1
"mpjm4lk69mrk","images/women/image_1665.jpg",62,"woman",5,3,1
"mpjm4lk69mrk","images/men/image_336.jpg",63,"man",3,1,0
"mpjm4lk69mrk","images/men/image_987.jpg",64,"man",4,4,1
"mpjm4lk69mrk","images/women/image_9345.jpg",65,"woman",3,1,0
"mpjm4lk69mrk","images/men/image_214.jpg",66,"man",5,1,0
"mpjm4lk69mrk","images/women/image_8383.jpg",67,"woman",4,3,1
"mpjm4lk69mrk","images/women/image_3996.jpg",68,"woman",3,1,0
"mpjm4lk69mrk","images/men/image_1962.jpg",69,"man",5,2,1
"mpjm4lk69mrk","images/men/image_4735.jpg",70,"man",4,3,1
"mpjm4lk69mrk","images/men/image_4588.jpg",71,"man",5,5,1
"mpjm4lk69mrk","images/women/image_4351.jpg",72,"woman",5,1,0
"mpjm4lk69mrk","images/men/image_3843.jpg",73,"man",4,2,1
"mpjm4lk69mrk","images/women/image_2571.jpg",74,"woman",5,1,0
"mpjm4lk69mrk","images/women/image_9529.jpg",75,"woman",4,1,0
"mpjm4lk69mrk","images/women/image_424.jpg",76,"woman",3,1,0
"mpjm4lk69mrk","images/women/image_9755.jpg",77,"woman",5,2,1
"mpjm4lk69mrk","images/women/image_5295.jpg",78,"woman",3,3,1
"mpjm4lk69mrk","images/women/image_8801.jpg",79,"woman",3,3,1
"mpjm4lk69mrk","images/women/image_3194.jpg",80,"woman",5,1,0
"mpjm4lk69mrk","images/men/image_3666.jpg",81,"man",3,2,1
"mpjm4lk69mrk","images/men/image_3951.jpg",82,"man",5,1,0
"mpjm4lk69mrk","images/men/image_9577.jpg",83,"man",3,1,0
"mpjm4lk69mrk","images/men/image_9653.jpg",84,"man",3,2,1
"mpjm4lk69mrk","images/men/image_8907.jpg",85,"man",4,2,1
"mpjm4lk69mrk","images/men/image_5150.jpg",86,"man",3,1,0
"mpjm4lk69mrk","images/women/image_1212.jpg",87,"woman",4,1,0
"mpjm4lk69mrk","images/women/image_4444.jpg",88,"woman",5,2,1
"mpjm4lk69mrk","images/women/image_3960.jpg",89,"woman",4,1,0
"mpjm4lk69mrk","images/men/image_676.jpg",90,"man",5,3,1
"mpjm4lk69mrk","images/women/image_9623.jpg",91,"woman",3,1,0
"mpjm4lk69mrk","images/women/image_8642.jpg",92,"woman",4,4,1
"mpjm4lk69mrk","images/men/image_8304.jpg",93,"man",5,5,1
"mpjm4lk69mrk","images/women/image_3807.jpg",94,"woman",3,1,0
"mpjm4lk69mrk","images/women/image_8449.jpg",95,"woman",3,3,1
"mpjm4lk69mrk","images/men/image_4644.jpg",96,"man",3,2,1
"mpjm4lk69mrk","images/women/image_4668.jpg",97,"woman",5,1,0
"mpjm4lk69mrk","images/men/image_3072.jpg",98,"man",4,4,1
"mpjm4lk69mrk","images/men/image_4998.jpg",99,"man",5,3,1
"mpjm4lk69mrk","images/men/image_4265.jpg",100,"man",3,2,1
"mpjm4lk69mrk","images/men/image_2416.jpg",101,"man",3,2,1
"mpjm4lk69mrk","images/women/image_9570.jpg",102,"woman",3,1,0
"mpjm4lk69mrk","images/women/image_252.jpg",103,"woman",5,1,0
"mpjm4lk69mrk","images/women/image_494.jpg",104,"woman",5,5,1
"mpjm4lk69mrk","images/women/image_3691.jpg",105,"woman",4,1,0
"mpjm4lk69mrk","images/men/image_3358.jpg",106,"man",5,5,1
"mpjm4lk69mrk","images/women/image_4324.jpg",107,"woman",3,1,0
"mpjm4lk69mrk","images/women/image_798.jpg",108,"woman",5,1,0
"mpjm4lk69mrk","images/women/image_3526.jpg",109,"woman",5,1,0
"mpjm4lk69mrk","images/women/image_8775.jpg",110,"woman",5,1,0
"mpjm4lk69mrk","images/men/image_4971.jpg",111,"man",4,1,0
"mpjm4lk69mrk","images/women/image_33.jpg",112,"woman",3,2,1
"mpjm4lk69mrk","images/men/image_45.jpg",113,"man",5,1,0
"mpjm4lk69mrk","images/men/image_5409.jpg",114,"man",3,3,1
"mpjm4lk69mrk","images/men/image_9058.jpg",115,"man",4,4,1
"mpjm4lk69mrk","images/men/image_5204.jpg",116,"man",4,1,0
"mpjm4lk69mrk","images/women/image_4740.jpg",117,"woman",4,4,1
"mpjm4lk69mrk","images/men/image_8648.jpg",118,"man",5,5,1
"mpjm4lk69mrk","images/women/image_9049.jpg",119,"woman",4,1,0
"mpjm4lk69mrk","images/men/image_5640.jpg",120,"man",4,4,1
"mpjm4lk69mrk","images/women/image_9769.jpg",121,"woman",4,1,0
"mpjm4lk69mrk","images/men/image_9674.jpg",122,"man",4,2,1
"mpjm4lk69mrk","images/men/image_1331.jpg",123,"man",3,1,0
"mpjm4lk69mrk","images/men/image_3473.jpg",124,"man",5,5,1
"mpjm4lk69mrk","images/men/image_341.jpg",125,"man",3,1,0
"mpjm4lk69mrk","images/women/image_9278.jpg",126,"woman",3,1,0
"mpjm4lk69mrk","images/men/image_4566.jpg",127,"man",5,1,0
"mpjm4lk69mrk","images/men/image_5528.jpg",128,"man",4,3,1
"mpjm4lk69mrk","images/women/image_7792.jpg",129,"woman",3,2,1
"mpjm4lk69mrk","images/men/image_1573.jpg",130,"man",3,2,1
"mpjm4lk69mrk","images/men/image_5305.jpg",131,"man",5,2,1
"mpjm4lk69mrk","images/men/image_584.jpg",132,"man",5,1,0
"mpjm4lk69mrk","images/women/image_295.jpg",133,"woman",5,1,0
"mpjm4lk69mrk","images/men/image_4479.jpg",134,"man",5,1,0
"mpjm4lk69mrk","images/women/image_1403.jpg",135,"woman",3,1,0
"mpjm4lk69mrk","images/men/image_9919.jpg",136,"man",3,3,1
"mpjm4lk69mrk","images/women/image_4394.jpg",137,"woman",5,2,1
"mpjm4lk69mrk","images/men/image_4724.jpg",138,"man",4,2,1
"mpjm4lk69mrk","images/men/image_6190.jpg",139,"man",3,1,0
"mpjm4lk69mrk","images/men/image_2884.jpg",140,"man",4,3,1
"mpjm4lk69mrk","images/men/image_1115.jpg",141,"man",4,1,0
"mpjm4lk69mrk","images/women/image_1141.jpg",142,"woman",3,1,0
"mpjm4lk69mrk","images/women/image_2264.jpg",143,"woman",4,2,1
"mpjm4lk69mrk","images/men/image_3605.jpg",144,"man",3,3,1
"mpjm4lk69mrk","images/women/image_7895.jpg",145,"woman",3,2,1
"mpjm4lk69mrk","images/women/image_4435.jpg",146,"woman",4,1,0
"mpjm4lk69mrk","images/women/image_5407.jpg",147,"woman",3,3,1
"mpjm4lk69mrk","images/men/image_4462.jpg",148,"man",5,1,0
"mpjm4lk69mrk","images/men/image_901.jpg",149,"man",4,1,0
"mpjm4lk69mrk","images/women/image_1590.jpg",150,"woman",5,2,1
"mpjm4lk69mrk","images/men/image_9618.jpg",151,"man",3,1,0
"mpjm4lk69mrk","images/men/image_3785.jpg",152,"man",4,3,1
"mpjm4lk69mrk","images/men/image_5210.jpg",153,"man",4,4,1
"mpjm4lk69mrk","images/women/image_9313.jpg",154,"woman",5,5,1
"mpjm4lk69mrk","images/women/image_84.jpg",155,"woman",5,1,0
"mpjm4lk69mrk","images/women/image_3010.jpg",156,"woman",5,4,1
"mpjm4lk69mrk","images/women/image_4202.jpg",157,"woman",3,1,0
"mpjm4lk69mrk","images/women/image_1533.jpg",158,"woman",4,4,1
"mpjm4lk69mrk","images/women/image_7749.jpg",159,"woman",4,4,1
"mpjm4lk69mrk","images/women/image_9599.jpg",160,"woman",3,3,1
"mpjm4lk69mrk","images/women/image_1468.jpg",161,"woman",4,2,1
"mpjm4lk69mrk","images/men/image_8446.jpg",162,"man",3,1,0
"mpjm4lk69mrk","images/women/image_4680.jpg",163,"woman",4,3,1
"mpjm4lk69mrk","images/women/image_2484.jpg",164,"woman",4,1,0
"mpjm4lk69mrk","images/men/image_600.jpg",165,"man",5,3,1
"mpjm4lk69mrk","images/women/image_8323.jpg",166,"woman",5,4,1
"mpjm4lk69mrk","images/men/image_614.jpg",167,"man",5,5,1
"mpjm4lk69mrk","images/men/image_2651.jpg",168,"man",3,2,1
"rybkd7dnf68h","images/men/image_5794.jpg",1,"man",3,1,0
"rybkd7dnf68h","images/women/image_494.jpg",2,"woman",3,1,0
"rybkd7dnf68h","images/women/image_1709.jpg",3,"woman",3,1,0
"rybkd7dnf68h","images/women/image_4261.jpg",4,"woman",3,1,0
"rybkd7dnf68h","images/women/image_9570.jpg",5,"woman",5,5,1
"rybkd7dnf68h","images/men/image_8837.jpg",6,"man",4,3,1
"rybkd7dnf68h","images/men/image_9727.jpg",7,"man",5,1,0
"rybkd7dnf68h","images/men/image_2781.jpg",8,"man",3,1,0
"rybkd7dnf68h","images/men/image_776.jpg",9,"man",5,2,1
"rybkd7dnf68h","images/women/image_1520.jpg",10,"woman",5,1,0
"rybkd7dnf68h","images/men/image_2586.jpg",11,"man",4,4,1
"rybkd7dnf68h","images/women/image_9539.jpg",12,"woman",5,2,1
"rybkd7dnf68h","images/women/image_9069.jpg",13,"woman",3,3,1
"rybkd7dnf68h","images/men/image_766.jpg",14,"man",4,2,1
"rybkd7dnf68h","images/men/image_4981.jpg",15,"man",5,3,1
"rybkd7dnf68h","images/men/image_122.jpg",16,"man",3,2,1
"rybkd7dnf68h","images/women/image_3960.jpg",17,"woman",4,1,0
"rybkd7dnf68h","images/men/image_178.jpg",18,"man",5,1,0
"rybkd7dnf68h","images/women/image_398.jpg",19,"woman",5,1,0
"rybkd7dnf68h","images/women/image_2760.jpg",20,"woman",5,5,1
"rybkd7dnf68h","images/men/image_5125.jpg",21,"man",4,2,1
"rybkd7dnf68h","images/men/image_3110.jpg",22,"man",5,1,0
"rybkd7dnf68h","images/men/image_9223.jpg",23,"man",3,3,1
"rybkd7dnf68h","images/men/image_214.jpg",24,"man",5,2,1
"rybkd7dnf68h","images/women/image_5566.jpg",25,"woman",4,2,1
"rybkd7dnf68h","images/women/image_2484.jpg",26,"woman",3,1,0
"rybkd7dnf68h","images/women/image_8739.jpg",27,"woman",5,1,0
"rybkd7dnf68h","images/women/image_287.jpg",28,"woman",3,2,1
"rybkd7dnf68h","images/women/image_9904.jpg",29,"woman",4,3,1
"rybkd7dnf68h","images/women/image_3791.jpg",30,"woman",4,2,1
"rybkd7dnf68h","images/men/image_1720.jpg",31,"man",3,1,0
"rybkd7dnf68h","images/women/image_3283.jpg",32,"woman",3,1,0
"rybkd7dnf68h","images/men/image_4858.jpg",33,"man",3,1,0
"rybkd7dnf68h","images/men/image_2417.jpg",34,"man",4,1,0
"rybkd7dnf68h","images/men/image_5910.jpg",35,"man",4,4,1
"rybkd7dnf68h","images/women/image_4577.jpg",36,"woman",4,2,1
"rybkd7dnf68h","images/women/image_9627.jpg",37,"woman",4,4,1
"rybkd7dnf68h","images/women/image_686.jpg",38,"woman",4,1,0
"rybkd7dnf68h","images/men/image_1803.jpg",39,"man",4,4,1
"rybkd7dnf68h","images/men/image_8563.jpg",40,"man",5,2,1
"rybkd7dnf68h","images/men/image_676.jpg",41,"man",3,2,1
"rybkd7dnf68h","images/women/image_4583.jpg",42,"woman",5,3,1
"rybkd7dnf68h","images/men/image_861.jpg",43,"man",3,3,1
"rybkd7dnf68h","images/men/image_5305.jpg",44,"man",4,4,1
"rybkd7dnf68h","images/women/image_3267.jpg",45,"woman",4,1,0
"rybkd7dnf68h","images/men/image_6078.jpg",46,"man",3,1,0
"rybkd7dnf68h","images/women/image_3851.jpg",47,"woman",5,3,1
"rybkd7dnf68h","images/men/image_1272.jpg",48,"man",3,1,0
"rybkd7dnf68h","images/men/image_1016.jpg",49,"man",3,2,1
"rybkd7dnf68h","images/men/image_1889.jpg",50,"man",5,3,1
"rybkd7dnf68h","images/women/image_1403.jpg",51,"woman",4,3,1
"rybkd7dnf68h","images/men/image_1629.jpg",52,"man",3,1,0
"rybkd7dnf68h","images/men/image_265.jpg",53,"man",4,1,0
"rybkd7dnf68h","images/women/image_565.jpg",54,"woman",4,2,1
"rybkd7dnf68h","images/men/image_217.jpg",55,"man",4,1,0
"rybkd7dnf68h","images/women/image_3674.jpg",56,"woman",5,4,1
"rybkd7dnf68h","images/women/image_2016.jpg",57,"woman",4,1,0
"rybkd7dnf68h","images/men/image_201.jpg",58,"man",3,2,1
"rybkd7dnf68h","images/women/image_2571.jpg",59,"woman",5,4,1
"rybkd7dnf68h","images/women/image_302.jpg",60,"woman",3,1,0
"rybkd7dnf68h","images/men/image_9784.jpg",61,"man",5,3,1
"rybkd7dnf68h","images/women/image_212.jpg",62,"woman",3,1,0
"rybkd7dnf68h","images/women/image_4532.jpg",63,"woman",3,2,1
"rybkd7dnf68h","images/men/image_5422.jpg",64,"man",3,1,0
"rybkd7dnf68h","images/women/image_1240.jpg",65,"woman",3,1,0
"rybkd7dnf68h","images/men/image_15.jpg",66,"man",5,4,1
"rybkd7dnf68h","images/men/image_2081.jpg",67,"man",5,3,1
"rybkd7dnf68h","images/women/image_9112.jpg",68,"woman",3,1,0
"rybkd7dnf68h","images/men/image_8843.jpg",69,"man",4,3,1
"rybkd7dnf68h","images/men/image_179.jpg",70,"man",4,3,1
"rybkd7dnf68h","images/men/image_6019.jpg",71,"man",4,3,1
"rybkd7dnf68h","images/women/image_1569.jpg",72,"woman",5,1,0
"rybkd7dnf68h","images/women/image_9529.jpg",73,"woman",5,3,1
"rybkd7dnf68h","images/men/image_9855.jpg",74,"man",5,1,0
"rybkd7dnf68h","images/women/image_2418.jpg",75,"woman",5,1,0
"rybkd7dnf68h","images/women/image_2319.jpg",76,"woman",4,1,0
"rybkd7dnf68h","images/men/image_1041.jpg",77,"man",4,3,1
"rybkd7dnf68h","images/men/image_4950.jpg",78,"man",5,1,0
"rybkd7dnf68h","images/women/image_5326.jpg",79,"woman",3,1,0
"rybkd7dnf68h","images/women/image_8700.jpg",80,"woman",3,1,0
"rybkd7dnf68h","images/women/image_666.jpg",81,"woman",5,5,1
"rybkd7dnf68h","images/women/image_9952.jpg",82,"woman",4,1,0
"rybkd7dnf68h","images/women/image_4304.jpg",83,"woman",4,4,1
"rybkd7dnf68h","images/men/image_9403.jpg",84,"man",5,2,1
"rybkd7dnf68h","images/men/image_1865.jpg",85,"man",5,1,0
"rybkd7dnf68h","images/women/image_9599.jpg",86,"woman",5,2,1
"rybkd7dnf68h","images/women/image_9448.jpg",87,"woman",4,1,0
"rybkd7dnf68h","images/women/image_4509.jpg",88,"woman",3,3,1
"rybkd7dnf68h","images/men/image_1261.jpg",89,"man",4,1,0
"rybkd7dnf68h","images/men/image_2773.jpg",90,"man",5,3,1
"rybkd7dnf68h","images/women/image_33.jpg",91,"woman",4,1,0
"rybkd7dnf68h","images/men/image_3029.jpg",92,"man",3,3,1
"rybkd7dnf68h","images/men/image_336.jpg",93,"man",4,3,1
"rybkd7dnf68h","images/women/image_4740.jpg",94,"woman",3,2,1
"rybkd7dnf68h","images/women/image_1868.jpg",95,"woman",3,1,0
"rybkd7dnf68h","images/women/image_9267.jpg",96,"woman",5,1,0
"rybkd7dnf68h","images/men/image_2479.jpg",97,"man",4,2,1
"rybkd7dnf68h","images/women/image_3619.jpg",98,"woman",3,1,0
"rybkd7dnf68h","images/men/image_3797.jpg",99,"man",5,1,0
"rybkd7dnf68h","images/men/image_1645.jpg",100,"man",5,1,0
"rybkd7dnf68h","images/men/image_2436.jpg",101,"man",5,4,1
"rybkd7dnf68h","images/men/image_2470.jpg",102,"man",3,3,1
"rybkd7dnf68h","images/men/image_1558.jpg",103,"man",4,4,1
"rybkd7dnf68h","images/women/image_7895.jpg",104,"woman",5,1,0
"rybkd7dnf68h","images/women/image_9879.jpg",105,"woman",3,1,0
"rybkd7dnf68h","images/men/image_9625.jpg",106,"man",3,3,1
"rybkd7dnf68h","images/men/image_4157.jpg",107,"man",4,2,1
"rybkd7dnf68h","images/men/image_8969.jpg",108,"man",4,1,0
"rybkd7dnf68h","images/men/image_9741.jpg",109,"man",5,1,0
"rybkd7dnf68h","images/women/image_1892.jpg",110,"woman",5,4,1
"rybkd7dnf68h","images/women/image_1905.jpg",111,"woman",4,1,0
"rybkd7dnf68h","images/women/image_8574.jpg",112,"woman",4,4,1
"rybkd7dnf68h","images/women/image_479.jpg",113,"woman",4,1,0
"rybkd7dnf68h","images/women/image_4508.jpg",114,"woman",4,1,0
"rybkd7dnf68h","images/men/image_2632.jpg",115,"man",5,2,1
"rybkd7dnf68h","images/women/image_3158.jpg",116,"woman",5,4,1
"rybkd7dnf68h","images/women/image_4826.jpg",117,"woman",5,4,1
"rybkd7dnf68h","images/men/image_1943.jpg",118,"man",3,1,0
"rybkd7dnf68h","images/men/image_8397.jpg",119,"man",3,1,0
"rybkd7dnf68h","images/men/image_9947.jpg",120,"man",3,1,0
"rybkd7dnf68h","images/women/image_4558.jpg",121,"woman",4,3,1
"rybkd7dnf68h","images/men/image_4603.jpg",122,"man",3,2,1
"rybkd7dnf68h","images/women/image_141.jpg",123,"woman",3,1,0
"rybkd7dnf68h","images/men/image_3467.jpg",124,"man",4,2,1
"rybkd7dnf68h","images/women/image_3206.jpg",125,"woman",3,2,1
"rybkd7dnf68h","images/women/image_1513.jpg",126,"woman",5,5,1
"rybkd7dnf68h","images/men/image_8952.jpg",127,"man",3,3,1
"rybkd7dnf68h","images/men/image_9917.jpg",128,"man",3,1,0
"rybkd7dnf68h","images/women/image_290.jpg",129,"woman",3,3,1
"rybkd7dnf68h","images/men/image_614.jpg",130,"man",5,5,1
"rybkd7dnf68h","images/women/image_8642.jpg",131,"woman",5,4,1
"rybkd7dnf68h","images/women/image_9088.jpg",132,"woman",3,2,1
"rybkd7dnf68h","images/men/image_9155.jpg",133,"man",5,2,1
"rybkd7dnf68h","images/men/image_8403.jpg",134,"man",3,2,1
"rybkd7dnf68h","images/women/image_5407.jpg",135,"woman",4,4,1
"rybkd7dnf68h","images/men/image_4265.jpg",136,"man",3,2,1
"rybkd7dnf68h","images/women/image_8727.jpg",137,"woman",4,4,1
"rybkd7dnf68h","images/men/image_4566.jpg",138,"man",3,1,0
"rybkd7dnf68h","images/women/image_295.jpg",139,"woman",5,2,1
"rybkd7dnf68h","images/men/image_4013.jpg",140,"man",4,3,1
"rybkd7dnf68h","images/women/image_5068.jpg",141,"woman",3,2,1
"rybkd7dnf68h","images/women/image_3774.jpg",142,"woman",4,1,0
"rybkd7dnf68h","images/women/image_8712.jpg",143,"woman",4,3,1
"rybkd7dnf68h","images/men/image_2812.jpg",144,"man",5,3,1
"rybkd7dnf68h","images/women/image_9268.jpg",145,"woman",3,3,1
"rybkd7dnf68h","images/men/image_230.jpg",146,"man",4,1,0
"rybkd7dnf68h","images/women/image_6149.jpg",147,"woman",4,2,1
"rybkd7dnf68h","images/women/image_3450.jpg",148,"woman",4,1,0
"rybkd7dnf68h","images/men/image_9919.jpg",149,"man",3,1,0
"rybkd7dnf68h","images/men/image_1129.jpg",150,"man",3,2,1
"rybkd7dnf68h","images/men/image_2572.jpg",151,"man",5,1,0
"rybkd7dnf68h","images/women/image_5807.jpg",152,"woman",5,3,1
"rybkd7dnf68h","images/women/image_9482.jpg",153,"woman",5,5,1
"rybkd7dnf68h","images/women/image_4393.jpg",154,"woman",4,4,1
"rybkd7dnf68h","images/women/image_3955.jpg",155,"woman",5,1,0
"rybkd7dnf68h","images/men/image_762.jpg",156,"man",5,2,1
"rybkd7dnf68h","images/men/image_730.jpg",157,"man",4,4,1
"rybkd7dnf68h","images/men/image_4946.jpg",158,"man",4,4,1
"rybkd7dnf68h","images/women/image_9457.jpg",159,"woman",5,3,1
"rybkd7dnf68h","images/men/image_5150.jpg",160,"man",4,3,1
"rybkd7dnf68h","images/women/image_8775.jpg",161,"woman",5,1,0
"rybkd7dnf68h","images/men/image_9427.jpg",162,"man",4,1,0
"rybkd7dnf68h","images/men/image_4947.jpg",163,"man",5,4,1
"rybkd7dnf68h","images/women/image_6010.jpg",164,"woman",3,3,1
"rybkd7dnf68h","images/women/image_4338.jpg",165,"woman",3,1,0
"rybkd7dnf68h","images/men/image_4951.jpg",166,"man",5,3,1
"rybkd7dnf68h","images/men/image_299.jpg",167,"man",4,3,1
"rybkd7dnf68h","images/women/image_688.jpg",168,"woman",3,1,0
"blyrur0b47kt","images/women/image_8693.jpg",1,"woman",5,1,0
"blyrur0b47kt","images/women/image_5525.jpg",2,"woman",5,1,0
"blyrur0b47kt","images/women/image_8717.jpg",3,"woman",5,1,0
"blyrur0b47kt","images/women/image_6149.jpg",4,"woman",4,3,1
"blyrur0b47kt","images/men/image_2695.jpg",5,"man",3,2,1
"blyrur0b47kt","images/women/image_1212.jpg",6,"woman",4,4,1
"blyrur0b47kt","images/men/image_4588.jpg",7,"man",3,3,1
"blyrur0b47kt","images/men/image_3358.jpg",8,"man",5,1,0
"blyrur0b47kt","images/men/image_1573.jpg",9,"man",5,2,1
"blyrur0b47kt","images/women/image_719.jpg",10,"woman",3,1,0
"blyrur0b47kt","images/women/image_4236.jpg",11,"woman",3,1,0
"blyrur0b47kt","images/women/image_8380.jpg",12,"woman",3,1,0
"blyrur0b47kt","images/women/image_6153.jpg",13,"woman",3,1,0
"blyrur0b47kt","images/men/image_4865.jpg",14,"man",4,2,1
"blyrur0b47kt","images/men/image_801.jpg",15,"man",5,1,0
"blyrur0b47kt","images/women/image_1903.jpg",16,"woman",3,1,0
"blyrur0b47kt","images/men/image_1572.jpg",17,"man",3,1,0
"blyrur0b47kt","images/men/image_1751.jpg",18,"man",3,2,1
"blyrur0b47kt","images/men/image_4429.jpg",19,"man",5,3,1
"blyrur0b47kt","images/men/image_2812.jpg",20,"man",4,1,0
"blyrur0b47kt","images/men/image_4815.jpg",21,"man",4,3,1
"blyrur0b47kt","images/men/image_789.jpg",22,"man",3,3,1
"blyrur0b47kt","images/men/image_3806.jpg",23,"man",4,2,1
"blyrur0b47kt","images/women/image_9232.jpg",24,"woman",4,1,0
"blyrur0b47kt","images/men/image_3754.jpg",25,"man",5,1,0
"blyrur0b47kt","images/men/image_9892.jpg",26,"man",3,3,1
"blyrur0b47kt","images/women/image_1351.jpg",27,"woman",5,4,1
"blyrur0b47kt","images/men/image_9606.jpg",28,"man",4,4,1
"blyrur0b47kt","images/men/image_265.jpg",29,"man",4,1,0
"blyrur0b47kt","images/women/image_306.jpg",30,"woman",3,1,0
"blyrur0b47kt","images/women/image_3743.jpg",31,"woman",5,2,1
"blyrur0b47kt","images/men/image_685.jpg",32,"man",4,1,0
"blyrur0b47kt","images/women/image_5284.jpg",33,"woman",4,1,0
"blyrur0b47kt","images/men/image_1395.jpg",34,"man",3,3,1
"blyrur0b47kt","images/women/image_8700.jpg",35,"woman",5,5,1
"blyrur0b47kt","images/women/image_4798.jpg",36,"woman",3,1,0
"blyrur0b47kt","images/women/image_3279.jpg",37,"woman",4,2,1
"blyrur0b47kt","images/women/image_5758.jpg",38,"woman",4,1,0
"blyrur0b47kt","images/women/image_1665.jpg",39,"woman",4,1,0
"blyrur0b47kt","images/women/image_4509.jpg",40,"woman",5,5,1
"blyrur0b47kt","images/men/image_4946.jpg",41,"man",5,4,1
"blyrur0b47kt","images/men/image_1522.jpg",42,"man",5,1,0
"blyrur0b47kt","images/women/image_688.jpg",43,"woman",4,1,0
"blyrur0b47kt","images/women/image_5772.jpg",44,"woman",3,1,0
"blyrur0b47kt","images/women/image_2930.jpg",45,"woman",4,2,1
"blyrur0b47kt","images/men/image_1645.jpg",46,"man",3,3,1
"blyrur0b47kt","images/men/image_9647.jpg",47,"man",5,1,0
"blyrur0b47kt","images/women/image_1868.jpg",48,"woman",5,2,1
"blyrur0b47kt","images/men/image_1129.jpg",49,"man",4,2,1
"blyrur0b47kt","images/men/image_4643.jpg",50,"man",4,1,0
"blyrur0b47kt","images/women/image_8606.jpg",51,"woman",5,2,1
"blyrur0b47kt","images/men/image_2378.jpg",52,"man",3,2,1
"blyrur0b47kt","images/men/image_691.jpg",53,"man",5,1,0
"blyrur0b47kt","images/women/image_1152.jpg",54,"woman",3,3,1
"blyrur0b47kt","images/women/image_8739.jpg",55,"woman",4,4,1
"blyrur0b47kt","images/women/image_5592.jpg",56,"woman",5,2,1
"blyrur0b47kt","images/women/image_9539.jpg",57,"woman",4,1,0
"blyrur0b47kt","images/women/image_2631.jpg",58,"woman",3,1,0
"blyrur0b47kt","images/men/image_489.jpg",59,"man",4,1,0
"blyrur0b47kt","images/men/image_4265.jpg",60,"man",5,1,0
"blyrur0b47kt","images/women/image_8590.jpg",61,"woman",3,1,0
"blyrur0b47kt","images/men/image_1060.jpg",62,"man",3,1,0
"blyrur0b47kt","images/women/image_3838.jpg",63,"woman",4,3,1
"blyrur0b47kt","images/men/image_217.jpg",64,"man",4,1,0
"blyrur0b47kt","images/women/image_4965.jpg",65,"woman",5,1,0
"blyrur0b47kt","images/women/image_1884.jpg",66,"woman",3,1,0
"blyrur0b47kt","images/men/image_386.jpg",67,"man",3,1,0
"blyrur0b47kt","images/women/image_565.jpg",68,"woman",4,1,0
"blyrur0b47kt","images/men/image_3468.jpg",69,"man",5,3,1
"blyrur0b47kt","images/men/image_2588.jpg",70,"man",5,1,0
"blyrur0b47kt","images/women/image_2815.jpg",71,"woman",3,1,0
"blyrur0b47kt","images/women/image_9278.jpg",72,"woman",3,1,0
"blyrur0b47kt","images/women/image_424.jpg",73,"woman",5,2,1
"blyrur0b47kt","images/women/image_2500.jpg",74,"woman",4,1,0
"blyrur0b47kt","images/men/image_4603.jpg",75,"man",5,1,0
"blyrur0b47kt","images/men/image_2523.jpg",76,"man",4,1,0
"blyrur0b47kt","images/men/image_9155.jpg",77,"man",4,2,1
"blyrur0b47kt","images/men/image_8403.jpg",78,"man",3,1,0
"blyrur0b47kt","images/women/image_496.jpg",79,"woman",5,1,0
"blyrur0b47kt","images/women/image_3450.jpg",80,"woman",5,5,1
"blyrur0b47kt","images/men/image_5794.jpg",81,"man",5,1,0
"blyrur0b47kt","images/men/image_1342.jpg",82,"man",3,1,0
"blyrur0b47kt","images/men/image_6190.jpg",83,"man",3,1,0
"blyrur0b47kt","images/men/image_9058.jpg",84,"man",4,2,1
"blyrur0b47kt","images/men/image_9711.jpg",85,"man",5,1,0
"blyrur0b47kt","images/men/image_3467.jpg",86,"man",3,1,0
"blyrur0b47kt","images/women/image_9879.jpg",87,"woman",5,1,0
"blyrur0b47kt","images/women/image_1897.jpg",88,"woman",3,1,0
"blyrur0b47kt","images/men/image_2410.jpg",89,"man",4,3,1
"blyrur0b47kt","images/men/image_263.jpg",90,"man",5,3,1
"blyrur0b47kt","images/men/image_4181.jpg",91,"man",4,1,0
"blyrur0b47kt","images/men/image_2465.jpg",92,"man",4,4,1
"blyrur0b47kt","images/men/image_9676.jpg",93,"man",5,2,1
"blyrur0b47kt","images/women/image_9570.jpg",94,"woman",5,1,0
"blyrur0b47kt","images/men/image_9641.jpg",95,"man",3,2,1
"blyrur0b47kt","images/men/image_2693.jpg",96,"man",3,1,0
"blyrur0b47kt","images/men/image_5296.jpg",97,"man",3,1,0
"blyrur0b47kt","images/women/image_2801.jpg",98,"woman",4,1,0
"blyrur0b47kt","images/men/image_495.jpg",99,"man",4,1,0
"blyrur0b47kt","images/women/image_4117.jpg",100,"woman",4,1,0
"blyrur0b47kt","images/women/image_9274.jpg",101,"woman",3,1,0
"blyrur0b47kt","images/women/image_4146.jpg",102,"woman",5,2,1
"blyrur0b47kt","images/women/image_1504.jpg",103,"woman",3,3,1
"blyrur0b47kt","images/men/image_2173.jpg",104,"man",5,3,1
"blyrur0b47kt","images/women/image_704.jpg",105,"woman",3,1,0
"blyrur0b47kt","images/men/image_752.jpg",106,"man",3,3,1
"blyrur0b47kt","images/women/image_4586.jpg",107,"woman",4,2,1
"blyrur0b47kt","images/women/image_5042.jpg",108,"woman",5,2,1
"blyrur0b47kt","images/women/image_8449.jpg",109,"woman",4,3,1
"blyrur0b47kt","images/men/image_8952.jpg",110,"man",4,3,1
"blyrur0b47kt","images/women/image_9289.jpg",111,"woman",5,1,0
"blyrur0b47kt","images/women/image_9952.jpg",112,"woman",5,2,1
"blyrur0b47kt","images/women/image_2560.jpg",113,"woman",5,1,0
"blyrur0b47kt","images/men/image_1261.jpg",114,"man",5,1,0
"blyrur0b47kt","images/women/image_3774.jpg",115,"woman",4,3,1
"blyrur0b47kt","images/women/image_1867.jpg",116,"woman",3,1,0
"blyrur0b47kt","images/men/image_676.jpg",117,"man",5,2,1
"blyrur0b47kt","images/women/image_9599.jpg",118,"woman",4,4,1
"blyrur0b47kt","images/women/image_5407.jpg",119,"woman",3,3,1
"blyrur0b47kt","images/men/image_9427.jpg",120,"man",3,1,0
"blyrur0b47kt","images/men/image_3785.jpg",121,"man",4,2,1
"blyrur0b47kt","images/men/image_5150.jpg",122,"man",5,2,1
"blyrur0b47kt","images/women/image_2689.jpg",123,"woman",3,1,0
"blyrur0b47kt","images/men/image_9142.jpg",124,"man",3,3,1
"blyrur0b47kt","images/women/image_9529.jpg",125,"woman",4,1,0
"blyrur0b47kt","images/men/image_4963.jpg",126,"man",4,1,0
"blyrur0b47kt","images/men/image_1265.jpg",127,"man",5,3,1
"blyrur0b47kt","images/men/image_2180.jpg",128,"man",3,1,0
"blyrur0b47kt","images/women/image_9370.jpg",129,"woman",3,3,1
"blyrur0b47kt","images/men/image_3792.jpg",130,"man",5,1,0
"blyrur0b47kt","images/women/image_1155.jpg",131,"woman",3,1,0
"blyrur0b47kt","images/women/image_3557.jpg",132,"woman",5,1,0
"blyrur0b47kt","images/men/image_45.jpg",133,"man",3,1,0
"blyrur0b47kt","images/men/image_10.jpg",134,"man",3,1,0
"blyrur0b47kt","images/men/image_4972.jpg",135,"man",5,2,1
"blyrur0b47kt","images/women/image_7951.jpg",136,"woman",3,2,1
"blyrur0b47kt","images/women/image_4532.jpg",137,"woman",5,1,0
"blyrur0b47kt","images/women/image_9313.jpg",138,"woman",4,1,0
"blyrur0b47kt","images/women/image_5192.jpg",139,"woman",4,1,0
"blyrur0b47kt","images/women/image_9429.jpg",140,"woman",4,3,1
"blyrur0b47kt","images/men/image_3077.jpg",141,"man",5,2,1
"blyrur0b47kt","images/women/image_3536.jpg",142,"woman",5,2,1
"blyrur0b47kt","images/men/image_4724.jpg",143,"man",4,1,0
"blyrur0b47kt","images/men/image_9758.jpg",144,"man",5,3,1
"blyrur0b47kt","images/men/image_2570.jpg",145,"man",5,3,1
"blyrur0b47kt","images/men/image_4993.jpg",146,"man",3,1,0
"blyrur0b47kt","images/men/image_988.jpg",147,"man",4,2,1
"blyrur0b47kt","images/women/image_4582.jpg",148,"woman",4,1,0
"blyrur0b47kt","images/women/image_5550.jpg",149,"woman",4,1,0
"blyrur0b47kt","images/women/image_1364.jpg",150,"woman",5,1,0
"blyrur0b47kt","images/men/image_5743.jpg",151,"man",4,2,1
"blyrur0b47kt","images/women/image_4957.jpg",152,"woman",5,1,0
"blyrur0b47kt","images/women/image_976.jpg",153,"woman",3,1,0
"blyrur0b47kt","images/women/image_9800.jpg",154,"woman",3,1,0
"blyrur0b47kt","images/women/image_451.jpg",155,"woman",3,3,1
"blyrur0b47kt","images/women/image_4492.jpg",156,"woman",4,1,0
"blyrur0b47kt","images/men/image_16.jpg",157,"man",3,1,0
"blyrur0b47kt","images/women/image_9609.jpg",158,"woman",5,1,0
"blyrur0b47kt","images/women/image_9174.jpg",159,"woman",4,1,0
"blyrur0b47kt","images/men/image_2152.jpg",160,"man",5,2,1
"blyrur0b47kt","images/men/image_907.jpg",161,"man",3,1,0
"blyrur0b47kt","images/men/image_2058.jpg",162,"man",4,3,1
"blyrur0b47kt","images/men/image_1928.jpg",163,"man",3,1,0
"blyrur0b47kt","images/men/image_9855.jpg",164,"man",4,3,1
"blyrur0b47kt","images/men/image_614.jpg",165,"man",4,2,1
"blyrur0b47kt","images/women/image_311.jpg",166,"woman",5,1,0
"blyrur0b47kt","images/women/image_1430.jpg",167,"woman",3,3,1
"blyrur0b47kt","images/men/image_3124.jpg",168,"man",4,1,0
"1mvctvddzaal","images/women/image_9952.jpg",1,"woman",4,1,0
"1mvctvddzaal","images/women/image_9994.jpg",2,"woman",4,4,1
"1mvctvddzaal","images/women/image_5228.jpg",3,"woman",3,1,0
"1mvctvddzaal","images/men/image_1247.jpg",4,"man",4,1,0
"1mvctvddzaal","images/men/image_4044.jpg",5,"man",5,1,0
"1mvctvddzaal","images/men/image_718.jpg",6,"man",5,1,0
"1mvctvddzaal","images/men/image_762.jpg",7,"man",3,1,0
"1mvctvddzaal","images/men/image_629.jpg",8,"man",4,3,1
"1mvctvddzaal","images/men/image_8423.jpg",9,"man",3,1,0
"1mvctvddzaal","images/men/image_2026.jpg",10,"man",4,1,0
"1mvctvddzaal","images/women/image_1669.jpg",11,"woman",3,1,0
"1mvctvddzaal","images/women/image_3838.jpg",12,"woman",5,1,0
"1mvctvddzaal","images/women/image_672.jpg",13,"woman",3,1,0
"1mvctvddzaal","images/women/image_8507.jpg",14,"woman",5,2,1
"1mvctvddzaal","images/men/image_5238.jpg",15,"man",5,2,1
"1mvctvddzaal","images/men/image_2588.jpg",16,"man",4,3,1
"1mvctvddzaal","images/men/image_3843.jpg",17,"man",4,2,1
"1mvctvddzaal","images/women/image_8684.jpg",18,"woman",3,1,0
"1mvctvddzaal","images/women/image_9191.jpg",19,"woman",4,1,0
"1mvctvddzaal","images/men/image_2884.jpg",20,"man",4,2,1
"1mvctvddzaal","images/men/image_4603.jpg",21,"man",3,1,0
"1mvctvddzaal","images/men/image_3184.jpg",22,"man",5,4,1
"1mvctvddzaal","images/women/image_244.jpg",23,"woman",4,2,1
"1mvctvddzaal","images/men/image_3656.jpg",24,"man",4,3,1
"1mvctvddzaal","images/women/image_9267.jpg",25,"woman",5,1,0
"1mvctvddzaal","images/men/image_3666.jpg",26,"man",5,1,0
"1mvctvddzaal","images/men/image_2436.jpg",27,"man",3,1,0
"1mvctvddzaal","images/women/image_5240.jpg",28,"woman",4,1,0
"1mvctvddzaal","images/men/image_4998.jpg",29,"man",3,1,0
"1mvctvddzaal","images/women/image_1631.jpg",30,"woman",3,1,0
"1mvctvddzaal","images/men/image_6148.jpg",31,"man",5,1,0
"1mvctvddzaal","images/women/image_2112.jpg",32,"woman",4,1,0
"1mvctvddzaal","images/women/image_6220.jpg",33,"woman",5,1,0
"1mvctvddzaal","images/men/image_4462.jpg",34,"man",3,1,0
"1mvctvddzaal","images/men/image_4875.jpg",35,"man",5,1,0
"1mvctvddzaal","images/women/image_3736.jpg",36,"woman",5,3,1
"1mvctvddzaal","images/women/image_3791.jpg",37,"woman",5,1,0
"1mvctvddzaal","images/women/image_3599.jpg",38,"woman",5,4,1
"1mvctvddzaal","images/women/image_8422.jpg",39,"woman",3,1,0
"1mvctvddzaal","images/men/image_9301.jpg",40,"man",3,1,0
"1mvctvddzaal","images/women/image_6.jpg",41,"woman",3,1,0
"1mvctvddzaal","images/women/image_3584.jpg",42,"woman",4,1,0
"1mvctvddzaal","images/men/image_789.jpg",43,"man",4,1,0
"1mvctvddzaal","images/women/image_8775.jpg",44,"woman",5,1,0
"1mvctvddzaal","images/men/image_5305.jpg",45,"man",3,2,1
"1mvctvddzaal","images/women/image_562.jpg",46,"woman",4,2,1
"1mvctvddzaal","images/women/image_2930.jpg",47,"woman",4,2,1
"1mvctvddzaal","images/women/image_2016.jpg",48,"woman",5,2,1
"1mvctvddzaal","images/men/image_538.jpg",49,"man",5,1,0
"1mvctvddzaal","images/men/image_8907.jpg",50,"man",5,4,1
"1mvctvddzaal","images/women/image_757.jpg",51,"woman",5,1,0
"1mvctvddzaal","images/men/image_1573.jpg",52,"man",5,3,1
"1mvctvddzaal","images/women/image_2689.jpg",53,"woman",5,2,1
"1mvctvddzaal","images/men/image_2044.jpg",54,"man",4,1,0
"1mvctvddzaal","images/men/image_1645.jpg",55,"man",4,1,0
"1mvctvddzaal","images/women/image_8727.jpg",56,"woman",4,4,1
"1mvctvddzaal","images/women/image_60.jpg",57,"woman",3,1,0
"1mvctvddzaal","images/men/image_4858.jpg",58,"man",3,1,0
"1mvctvddzaal","images/men/image_1395.jpg",59,"man",4,1,0
"1mvctvddzaal","images/men/image_6059.jpg",60,"man",5,1,0
"1mvctvddzaal","images/men/image_2632.jpg",61,"man",3,1,0
"1mvctvddzaal","images/men/image_5204.jpg",62,"man",5,1,0
"1mvctvddzaal","images/women/image_4996.jpg",63,"woman",5,2,1
"1mvctvddzaal","images/men/image_9625.jpg",64,"man",4,3,1
"1mvctvddzaal","images/women/image_9669.jpg",65,"woman",3,1,0
"1mvctvddzaal","images/women/image_947.jpg",66,"woman",3,1,0
"1mvctvddzaal","images/women/image_8992.jpg",67,"woman",4,4,1
"1mvctvddzaal","images/women/image_3883.jpg",68,"woman",5,1,0
"1mvctvddzaal","images/women/image_7819.jpg",69,"woman",3,1,0
"1mvctvddzaal","images/women/image_4638.jpg",70,"woman",3,1,0
"1mvctvddzaal","images/women/image_8393.jpg",71,"woman",5,1,0
"1mvctvddzaal","images/women/image_4202.jpg",72,"woman",4,1,0
"1mvctvddzaal","images/men/image_9919.jpg",73,"man",3,1,0
"1mvctvddzaal","images/men/image_901.jpg",74,"man",3,1,0
"1mvctvddzaal","images/men/image_9058.jpg",75,"man",5,1,0
"1mvctvddzaal","images/women/image_3010.jpg",76,"woman",4,1,0
"1mvctvddzaal","images/men/image_4530.jpg",77,"man",3,1,0
"1mvctvddzaal","images/men/image_3804.jpg",78,"man",4,1,0
"1mvctvddzaal","images/men/image_8531.jpg",79,"man",5,1,0
"1mvctvddzaal","images/men/image_2416.jpg",80,"man",4,1,0
"1mvctvddzaal","images/women/image_4899.jpg",81,"woman",3,1,0
"1mvctvddzaal","images/men/image_9948.jpg",82,"man",3,2,1
"1mvctvddzaal","images/women/image_1430.jpg",83,"woman",4,1,0
"1mvctvddzaal","images/women/image_4351.jpg",84,"woman",3,1,0
"1mvctvddzaal","images/men/image_993.jpg",85,"man",3,1,0
"1mvctvddzaal","images/men/image_2695.jpg",86,"man",3,1,0
"1mvctvddzaal","images/men/image_3794.jpg",87,"man",4,1,0
"1mvctvddzaal","images/women/image_5090.jpg",88,"woman",4,2,1
"1mvctvddzaal","images/men/image_2386.jpg",89,"man",5,2,1
"1mvctvddzaal","images/men/image_1271.jpg",90,"man",4,1,0
"1mvctvddzaal","images/men/image_178.jpg",91,"man",3,2,1
"1mvctvddzaal","images/men/image_2470.jpg",92,"man",3,3,1
"1mvctvddzaal","images/women/image_4607.jpg",93,"woman",4,1,0
"1mvctvddzaal","images/women/image_8496.jpg",94,"woman",3,1,0
"1mvctvddzaal","images/men/image_792.jpg",95,"man",3,3,1
"1mvctvddzaal","images/men/image_5470.jpg",96,"man",4,4,1
"1mvctvddzaal","images/men/image_5472.jpg",97,"man",5,5,1
"1mvctvddzaal","images/women/image_8975.jpg",98,"woman",4,3,1
"1mvctvddzaal","images/women/image_496.jpg",99,"woman",3,1,0
"1mvctvddzaal","images/women/image_5758.jpg",100,"woman",4,2,1
"1mvctvddzaal","images/women/image_9377.jpg",101,"woman",5,1,0
"1mvctvddzaal","images/women/image_5218.jpg",102,"woman",4,1,0
"1mvctvddzaal","images/women/image_6243.jpg",103,"woman",3,1,0
"1mvctvddzaal","images/women/image_3751.jpg",104,"woman",3,2,1
"1mvctvddzaal","images/men/image_9223.jpg",105,"man",4,1,0
"1mvctvddzaal","images/men/image_90.jpg",106,"man",5,3,1
"1mvctvddzaal","images/men/image_1431.jpg",107,"man",5,1,0
"1mvctvddzaal","images/women/image_4417.jpg",108,"woman",5,1,0
"1mvctvddzaal","images/women/image_5947.jpg",109,"woman",4,1,0
"1mvctvddzaal","images/men/image_861.jpg",110,"man",3,1,0
"1mvctvddzaal","images/men/image_9373.jpg",111,"man",4,2,1
"1mvctvddzaal","images/men/image_614.jpg",112,"man",5,2,1
"1mvctvddzaal","images/women/image_686.jpg",113,"woman",5,3,1
"1mvctvddzaal","images/men/image_1962.jpg",114,"man",4,1,0
"1mvctvddzaal","images/men/image_667.jpg",115,"man",5,5,1
"1mvctvddzaal","images/women/image_3743.jpg",116,"woman",3,1,0
"1mvctvddzaal","images/women/image_1295.jpg",117,"woman",4,2,1
"1mvctvddzaal","images/women/image_311.jpg",118,"woman",5,1,0
"1mvctvddzaal","images/women/image_3807.jpg",119,"woman",5,3,1
"1mvctvddzaal","images/men/image_4457.jpg",120,"man",3,2,1
"1mvctvddzaal","images/women/image_1155.jpg",121,"woman",3,1,0
"1mvctvddzaal","images/women/image_6344.jpg",122,"woman",3,2,1
"1mvctvddzaal","images/women/image_8346.jpg",123,"woman",5,1,0
"1mvctvddzaal","images/men/image_229.jpg",124,"man",4,1,0
"1mvctvddzaal","images/men/image_2914.jpg",125,"man",5,1,0
"1mvctvddzaal","images/women/image_4668.jpg",126,"woman",5,1,0
"1mvctvddzaal","images/men/image_1835.jpg",127,"man",4,3,1
"1mvctvddzaal","images/women/image_976.jpg",128,"woman",4,1,0
"1mvctvddzaal","images/women/image_4773.jpg",129,"woman",5,4,1
"1mvctvddzaal","images/women/image_9973.jpg",130,"woman",3,1,0
"1mvctvddzaal","images/men/image_1091.jpg",131,"man",3,2,1
"1mvctvddzaal","images/men/image_4370.jpg",132,"man",4,2,1
"1mvctvddzaal","images/men/image_3227.jpg",133,"man",3,2,1
"1mvctvddzaal","images/women/image_290.jpg",134,"woman",4,2,1
"1mvctvddzaal","images/women/image_7696.jpg",135,"woman",5,1,0
"1mvctvddzaal","images/women/image_4583.jpg",136,"woman",5,2,1
"1mvctvddzaal","images/men/image_9676.jpg",137,"man",5,2,1
"1mvctvddzaal","images/women/image_9457.jpg",138,"woman",4,4,1
"1mvctvddzaal","images/women/image_1793.jpg",139,"woman",4,4,1
"1mvctvddzaal","images/women/image_3851.jpg",140,"woman",3,1,0
"1mvctvddzaal","images/men/image_4183.jpg",141,"man",4,1,0
"1mvctvddzaal","images/men/image_1865.jpg",142,"man",5,2,1
"1mvctvddzaal","images/men/image_8994.jpg",143,"man",5,3,1
"1mvctvddzaal","images/women/image_8938.jpg",144,"woman",3,3,1
"1mvctvddzaal","images/men/image_6345.jpg",145,"man",4,2,1
"1mvctvddzaal","images/women/image_5525.jpg",146,"woman",4,1,0
"1mvctvddzaal","images/men/image_2693.jpg",147,"man",3,1,0
"1mvctvddzaal","images/women/image_3526.jpg",148,"woman",4,2,1
"1mvctvddzaal","images/men/image_5031.jpg",149,"man",5,4,1
"1mvctvddzaal","images/women/image_2486.jpg",150,"woman",3,3,1
"1mvctvddzaal","images/men/image_9852.jpg",151,"man",3,1,0
"1mvctvddzaal","images/women/image_5068.jpg",152,"woman",5,1,0
"1mvctvddzaal","images/men/image_741.jpg",153,"man",3,1,0
"1mvctvddzaal","images/women/image_3293.jpg",154,"woman",5,1,0
"1mvctvddzaal","images/men/image_3045.jpg",155,"man",3,1,0
"1mvctvddzaal","images/women/image_9755.jpg",156,"woman",4,3,1
"1mvctvddzaal","images/women/image_3722.jpg",157,"woman",3,1,0
"1mvctvddzaal","images/men/image_299.jpg",158,"man",4,1,0
"1mvctvddzaal","images/men/image_15.jpg",159,"man",5,1,0
"1mvctvddzaal","images/men/image_9142.jpg",160,"man",4,2,1
"1mvctvddzaal","images/men/image_1720.jpg",161,"man",5,1,0
"1mvctvddzaal","images/women/image_1141.jpg",162,"woman",5,4,1
"1mvctvddzaal","images/women/image_4787.jpg",163,"woman",3,1,0
"1mvctvddzaal","images/men/image_775.jpg",164,"man",3,1,0
"1mvctvddzaal","images/men/image_1139.jpg",165,"man",4,3,1
"1mvctvddzaal","images/women/image_4444.jpg",166,"woman",3,2,1
"1mvctvddzaal","images/men/image_1265.jpg",167,"man",5,1,0
"1mvctvddzaal","images/women/image_4163.jpg",168,"woman",5,4,1
"76cbgzned2x8","images/men/image_4657.jpg",1,"man",5,3,1
"76cbgzned2x8","images/women/image_4492.jpg",2,"woman",3,1,0
"76cbgzned2x8","images/women/image_9232.jpg",3,"woman",3,1,0
"76cbgzned2x8","images/women/image_2002.jpg",4,"woman",5,1,0
"76cbgzned2x8","images/men/image_1016.jpg",5,"man",5,1,0
"76cbgzned2x8","images/women/image_1905.jpg",6,"woman",3,1,0
"76cbgzned2x8","images/men/image_4183.jpg",7,"man",3,1,0
"76cbgzned2x8","images/women/image_9718.jpg",8,"woman",5,1,0
"76cbgzned2x8","images/women/image_3611.jpg",9,"woman",4,1,0
"76cbgzned2x8","images/men/image_4591.jpg",10,"man",3,1,0
"76cbgzned2x8","images/women/image_3007.jpg",11,"woman",5,1,0
"76cbgzned2x8","images/women/image_5056.jpg",12,"woman",5,1,0
"76cbgzned2x8","images/men/image_5305.jpg",13,"man",4,1,0
"76cbgzned2x8","images/men/image_9647.jpg",14,"man",4,1,0
"76cbgzned2x8","images/men/image_90.jpg",15,"man",3,1,0
"76cbgzned2x8","images/men/image_3358.jpg",16,"man",5,3,1
"76cbgzned2x8","images/women/image_9973.jpg",17,"woman",3,1,0
"76cbgzned2x8","images/men/image_3973.jpg",18,"man",5,1,0
"76cbgzned2x8","images/women/image_510.jpg",19,"woman",5,5,1
"76cbgzned2x8","images/men/image_1261.jpg",20,"man",4,1,0
"76cbgzned2x8","images/men/image_3864.jpg",21,"man",3,1,0
"76cbgzned2x8","images/men/image_776.jpg",22,"man",4,1,0
"76cbgzned2x8","images/women/image_2873.jpg",23,"woman",4,1,0
"76cbgzned2x8","images/women/image_1314.jpg",24,"woman",4,1,0
"76cbgzned2x8","images/men/image_4998.jpg",25,"man",4,3,1
"76cbgzned2x8","images/women/image_5090.jpg",26,"woman",5,2,1
"76cbgzned2x8","images/women/image_8642.jpg",27,"woman",4,1,0
"76cbgzned2x8","images/women/image_3450.jpg",28,"woman",4,2,1
"76cbgzned2x8","images/men/image_2570.jpg",29,"man",4,2,1
"76cbgzned2x8","images/women/image_7888.jpg",30,"woman",5,1,0
"76cbgzned2x8","images/men/image_4841.jpg",31,"man",5,5,1
"76cbgzned2x8","images/women/image_2622.jpg",32,"woman",3,3,1
"76cbgzned2x8","images/women/image_1897.jpg",33,"woman",4,2,1
"76cbgzned2x8","images/men/image_1585.jpg",34,"man",5,1,0
"76cbgzned2x8","images/men/image_979.jpg",35,"man",4,1,0
"76cbgzned2x8","images/men/image_4951.jpg",36,"man",3,2,1
"76cbgzned2x8","images/women/image_3584.jpg",37,"woman",3,2,1
"76cbgzned2x8","images/women/image_4261.jpg",38,"woman",4,1,0
"76cbgzned2x8","images/men/image_8650.jpg",39,"man",5,4,1
"76cbgzned2x8","images/men/image_5577.jpg",40,"man",3,1,0
"76cbgzned2x8","images/men/image_3240.jpg",41,"man",3,1,0
"76cbgzned2x8","images/women/image_1669.jpg",42,"woman",3,1,0
"76cbgzned2x8","images/men/image_9704.jpg",43,"man",4,1,0
"76cbgzned2x8","images/men/image_3568.jpg",44,"man",3,1,0
"76cbgzned2x8","images/men/image_697.jpg",45,"man",4,2,1
"76cbgzned2x8","images/women/image_78.jpg",46,"woman",3,1,0
"76cbgzned2x8","images/women/image_4163.jpg",47,"woman",3,2,1
"76cbgzned2x8","images/men/image_1247.jpg",48,"man",3,1,0
"76cbgzned2x8","images/men/image_4537.jpg",49,"man",5,1,0
"76cbgzned2x8","images/women/image_9274.jpg",50,"woman",4,2,1
"76cbgzned2x8","images/men/image_2632.jpg",51,"man",3,1,0
"76cbgzned2x8","images/men/image_3072.jpg",52,"man",5,4,1
"76cbgzned2x8","images/men/image_15.jpg",53,"man",3,3,1
"76cbgzned2x8","images/women/image_4787.jpg",54,"woman",3,1,0
"76cbgzned2x8","images/women/image_4899.jpg",55,"woman",5,1,0
"76cbgzned2x8","images/men/image_4799.jpg",56,"man",4,2,1
"76cbgzned2x8","images/women/image_6010.jpg",57,"woman",5,1,0
"76cbgzned2x8","images/men/image_9852.jpg",58,"man",5,2,1
"76cbgzned2x8","images/women/image_3021.jpg",59,"woman",5,1,0
"76cbgzned2x8","images/men/image_691.jpg",60,"man",3,1,0
"76cbgzned2x8","images/women/image_1867.jpg",61,"woman",4,1,0
"76cbgzned2x8","images/men/image_263.jpg",62,"man",4,1,0
"76cbgzned2x8","images/men/image_1139.jpg",63,"man",4,4,1
"76cbgzned2x8","images/women/image_7762.jpg",64,"woman",4,4,1
"76cbgzned2x8","images/women/image_3985.jpg",65,"woman",4,1,0
"76cbgzned2x8","images/women/image_9994.jpg",66,"woman",5,1,0
"76cbgzned2x8","images/women/image_8727.jpg",67,"woman",3,3,1
"76cbgzned2x8","images/women/image_4304.jpg",68,"woman",4,1,0
"76cbgzned2x8","images/women/image_287.jpg",69,"woman",4,1,0
"76cbgzned2x8","images/women/image_9673.jpg",70,"woman",3,1,0
"76cbgzned2x8","images/men/image_2651.jpg",71,"man",5,4,1
"76cbgzned2x8","images/men/image_656.jpg",72,"man",5,1,0
"76cbgzned2x8","images/men/image_443.jpg",73,"man",4,1,0
"76cbgzned2x8","images/men/image_1928.jpg",74,"man",4,1,0
"76cbgzned2x8","images/men/image_8654.jpg",75,"man",5,4,1
"76cbgzned2x8","images/men/image_961.jpg",76,"man",3,2,1
"76cbgzned2x8","images/women/image_9069.jpg",77,"woman",4,1,0
"76cbgzned2x8","images/men/image_4963.jpg",78,"man",5,3,1
"76cbgzned2x8","images/women/image_3206.jpg",79,"woman",3,1,0
"76cbgzned2x8","images/men/image_1115.jpg",80,"man",3,1,0
"76cbgzned2x8","images/women/image_8472.jpg",81,"woman",3,2,1
"76cbgzned2x8","images/women/image_2051.jpg",82,"woman",5,2,1
"76cbgzned2x8","images/women/image_8398.jpg",83,"woman",5,2,1
"76cbgzned2x8","images/women/image_295.jpg",84,"woman",5,5,1
"76cbgzned2x8","images/men/image_1060.jpg",85,"man",4,4,1
"76cbgzned2x8","images/men/image_4979.jpg",86,"man",3,1,0
"76cbgzned2x8","images/men/image_1720.jpg",87,"man",4,1,0
"76cbgzned2x8","images/men/image_1889.jpg",88,"man",4,1,0
"76cbgzned2x8","images/men/image_4816.jpg",89,"man",5,2,1
"76cbgzned2x8","images/men/image_3404.jpg",90,"man",3,1,0
"76cbgzned2x8","images/women/image_2112.jpg",91,"woman",5,2,1
"76cbgzned2x8","images/women/image_2815.jpg",92,"woman",3,1,0
"76cbgzned2x8","images/women/image_9289.jpg",93,"woman",4,4,1
"76cbgzned2x8","images/men/image_8467.jpg",94,"man",3,1,0
"76cbgzned2x8","images/women/image_9112.jpg",95,"woman",3,2,1
"76cbgzned2x8","images/men/image_6148.jpg",96,"man",5,1,0
"76cbgzned2x8","images/women/image_2806.jpg",97,"woman",4,1,0
"76cbgzned2x8","images/men/image_3077.jpg",98,"man",3,1,0
"76cbgzned2x8","images/men/image_4457.jpg",99,"man",5,1,0
"76cbgzned2x8","images/men/image_8894.jpg",100,"man",4,4,1
"76cbgzned2x8","images/women/image_8880.jpg",101,"woman",5,1,0
"76cbgzned2x8","images/women/image_7911.jpg",102,"woman",3,2,1
"76cbgzned2x8","images/women/image_3524.jpg",103,"woman",5,4,1
"76cbgzned2x8","images/women/image_2631.jpg",104,"woman",3,1,0
"76cbgzned2x8","images/women/image_8422.jpg",105,"woman",3,1,0
"76cbgzned2x8","images/men/image_746.jpg",106,"man",4,4,1
"76cbgzned2x8","images/women/image_290.jpg",107,"woman",4,1,0
"76cbgzned2x8","images/women/image_1152.jpg",108,"woman",3,1,0
"76cbgzned2x8","images/men/image_752.jpg",109,"man",3,3,1
"76cbgzned2x8","images/women/image_8311.jpg",110,"woman",3,1,0
"76cbgzned2x8","images/women/image_1631.jpg",111,"woman",5,4,1
"76cbgzned2x8","images/women/image_3010.jpg",112,"woman",5,1,0
"76cbgzned2x8","images/women/image_9191.jpg",113,"woman",5,1,0
"76cbgzned2x8","images/men/image_8464.jpg",114,"man",5,4,1
"76cbgzned2x8","images/men/image_9948.jpg",115,"man",3,1,0
"76cbgzned2x8","images/men/image_5268.jpg",116,"man",5,1,0
"76cbgzned2x8","images/men/image_1885.jpg",117,"man",4,3,1
"76cbgzned2x8","images/women/image_5218.jpg",118,"woman",4,3,1
"76cbgzned2x8","images/men/image_9155.jpg",119,"man",4,2,1
"76cbgzned2x8","images/women/image_8483.jpg",120,"woman",5,1,0
"76cbgzned2x8","images/men/image_4947.jpg",121,"man",5,2,1
"76cbgzned2x8","images/men/image_480.jpg",122,"man",3,1,0
"76cbgzned2x8","images/women/image_8537.jpg",123,"woman",4,4,1
"76cbgzned2x8","images/men/image_3468.jpg",124,"man",5,4,1
"76cbgzned2x8","images/women/image_9088.jpg",125,"woman",4,3,1
"76cbgzned2x8","images/women/image_86.jpg",126,"woman",4,1,0
"76cbgzned2x8","images/men/image_8998.jpg",127,"man",3,1,0
"76cbgzned2x8","images/men/image_2586.jpg",128,"man",3,1,0
"76cbgzned2x8","images/women/image_4957.jpg",129,"woman",3,2,1
"76cbgzned2x8","images/women/image_3807.jpg",130,"woman",4,2,1
"76cbgzned2x8","images/men/image_9919.jpg",131,"man",5,1,0
"76cbgzned2x8","images/men/image_148.jpg",132,"man",3,1,0
"76cbgzned2x8","images/women/image_84.jpg",133,"woman",5,2,1
"76cbgzned2x8","images/men/image_4441.jpg",134,"man",5,1,0
"76cbgzned2x8","images/men/image_156.jpg",135,"man",3,2,1
"76cbgzned2x8","images/men/image_833.jpg",136,"man",3,3,1
"76cbgzned2x8","images/men/image_741.jpg",137,"man",4,4,1
"76cbgzned2x8","images/women/image_3774.jpg",138,"woman",4,1,0
"76cbgzned2x8","images/women/image_8299.jpg",139,"woman",3,3,1
"76cbgzned2x8","images/men/image_3804.jpg",140,"man",5,1,0
"76cbgzned2x8","images/women/image_3481.jpg",141,"woman",3,1,0
"76cbgzned2x8","images/men/image_4643.jpg",142,"man",4,1,0
"76cbgzned2x8","images/women/image_5198.jpg",143,"woman",4,3,1
"76cbgzned2x8","images/men/image_1522.jpg",144,"man",3,1,0
"76cbgzned2x8","images/women/image_9669.jpg",145,"woman",4,4,1
"76cbgzned2x8","images/women/image_5229.jpg",146,"woman",3,3,1
"76cbgzned2x8","images/women/image_4827.jpg",147,"woman",4,1,0
"76cbgzned2x8","images/women/image_1892.jpg",148,"woman",3,3,1
"76cbgzned2x8","images/women/image_3283.jpg",149,"woman",4,2,1
"76cbgzned2x8","images/women/image_4586.jpg",150,"woman",5,1,0
"76cbgzned2x8","images/women/image_1283.jpg",151,"woman",4,1,0
"76cbgzned2x8","images/women/image_3955.jpg",152,"woman",3,1,0
"76cbgzned2x8","images/men/image_1114.jpg",153,"man",4,2,1
"76cbgzned2x8","images/men/image_4466.jpg",154,"man",5,1,0
"76cbgzned2x8","images/women/image_5177.jpg",155,"woman",5,1,0
"76cbgzned2x8","images/men/image_973.jpg",156,"man",5,1,0
"76cbgzned2x8","images/men/image_8837.jpg",157,"man",5,1,0
"76cbgzned2x8","images/men/image_3112.jpg",158,"man",5,2,1
"76cbgzned2x8","images/men/image_8517.jpg",159,"man",4,1,0
"76cbgzned2x8","images/men/image_922.jpg",160,"man",4,1,0
"76cbgzned2x8","images/men/image_9986.jpg",161,"man",4,1,0
"76cbgzned2x8","images/women/image_9429.jpg",162,"woman",5,3,1
"76cbgzned2x8","images/women/image_3154.jpg",163,"woman",3,1,0
"76cbgzned2x8","images/men/image_2026.jpg",164,"man",4,1,0
"76cbgzned2x8","images/women/image_9312.jpg",165,"woman",5,1,0
"76cbgzned2x8","images/women/image_4558.jpg",166,"woman",5,3,1
"76cbgzned2x8","images/men/image_4964.jpg",167,"man",3,1,0
"76cbgzned2x8","images/women/image_4988.jpg",168,"woman",5,2,1
"pyodfrk98kl8","images/women/image_4577.jpg",1,"woman",3,3,1
"pyodfrk98kl8","images/men/image_9133.jpg",2,"man",3,1,0
"pyodfrk98kl8","images/women/image_2560.jpg",3,"woman",4,4,1
"pyodfrk98kl8","images/men/image_776.jpg",4,"man",4,4,1
"pyodfrk98kl8","images/women/image_666.jpg",5,"woman",4,2,1
"pyodfrk98kl8","images/men/image_9155.jpg",6,"man",4,1,0
"pyodfrk98kl8","images/women/image_719.jpg",7,"woman",4,1,0
"pyodfrk98kl8","images/men/image_4683.jpg",8,"man",5,1,0
"pyodfrk98kl8","images/men/image_4708.jpg",9,"man",3,1,0
"pyodfrk98kl8","images/women/image_1709.jpg",10,"woman",3,3,1
"pyodfrk98kl8","images/women/image_3481.jpg",11,"woman",5,3,1
"pyodfrk98kl8","images/men/image_3632.jpg",12,"man",4,1,0
"pyodfrk98kl8","images/women/image_7914.jpg",13,"woman",3,1,0
"pyodfrk98kl8","images/men/image_4981.jpg",14,"man",4,1,0
"pyodfrk98kl8","images/women/image_1960.jpg",15,"woman",3,1,0
"pyodfrk98kl8","images/women/image_5240.jpg",16,"woman",5,1,0
"pyodfrk98kl8","images/men/image_217.jpg",17,"man",3,2,1
"pyodfrk98kl8","images/men/image_3625.jpg",18,"man",5,1,0
"pyodfrk98kl8","images/women/image_3582.jpg",19,"woman",3,1,0
"pyodfrk98kl8","images/men/image_5213.jpg",20,"man",5,3,1
"pyodfrk98kl8","images/women/image_1576.jpg",21,"woman",4,4,1
"pyodfrk98kl8","images/men/image_9226.jpg",22,"man",3,2,1
"pyodfrk98kl8","images/men/image_1265.jpg",23,"man",3,1,0
"pyodfrk98kl8","images/men/image_4658.jpg",24,"man",4,1,0
"pyodfrk98kl8","images/men/image_1542.jpg",25,"man",4,1,0
"pyodfrk98kl8","images/women/image_1064.jpg",26,"woman",5,2,1
"pyodfrk98kl8","images/women/image_3674.jpg",27,"woman",5,2,1
"pyodfrk98kl8","images/men/image_5238.jpg",28,"man",5,5,1
"pyodfrk98kl8","images/women/image_4117.jpg",29,"woman",4,2,1
"pyodfrk98kl8","images/men/image_766.jpg",30,"man",5,4,1
"pyodfrk98kl8","images/men/image_4882.jpg",31,"man",5,1,0
"pyodfrk98kl8","images/women/image_110.jpg",32,"woman",3,2,1
"pyodfrk98kl8","images/women/image_1295.jpg",33,"woman",5,3,1
"pyodfrk98kl8","images/women/image_3736.jpg",34,"woman",5,5,1
"pyodfrk98kl8","images/men/image_4803.jpg",35,"man",5,1,0
"pyodfrk98kl8","images/women/image_1212.jpg",36,"woman",4,1,0
"pyodfrk98kl8","images/women/image_3956.jpg",37,"woman",5,5,1
"pyodfrk98kl8","images/men/image_861.jpg",38,"man",3,3,1
"pyodfrk98kl8","images/men/image_5839.jpg",39,"man",3,1,0
"pyodfrk98kl8","images/men/image_2416.jpg",40,"man",4,2,1
"pyodfrk98kl8","images/women/image_8400.jpg",41,"woman",4,2,1
"pyodfrk98kl8","images/women/image_84.jpg",42,"woman",3,1,0
"pyodfrk98kl8","images/women/image_6243.jpg",43,"woman",5,5,1
"pyodfrk98kl8","images/men/image_3785.jpg",44,"man",4,2,1
"pyodfrk98kl8","images/men/image_2406.jpg",45,"man",5,1,0
"pyodfrk98kl8","images/men/image_559.jpg",46,"man",5,3,1
"pyodfrk98kl8","images/women/image_9370.jpg",47,"woman",3,2,1
"pyodfrk98kl8","images/women/image_9278.jpg",48,"woman",5,1,0
"pyodfrk98kl8","images/men/image_1875.jpg",49,"man",4,1,0
"pyodfrk98kl8","images/men/image_2714.jpg",50,"man",4,4,1
"pyodfrk98kl8","images/men/image_4183.jpg",51,"man",3,2,1
"pyodfrk98kl8","images/men/image_1720.jpg",52,"man",3,1,0
"pyodfrk98kl8","images/women/image_8297.jpg",53,"woman",3,1,0
"pyodfrk98kl8","images/men/image_5204.jpg",54,"man",5,3,1
"pyodfrk98kl8","images/women/image_2292.jpg",55,"woman",5,2,1
"pyodfrk98kl8","images/women/image_8731.jpg",56,"woman",5,1,0
"pyodfrk98kl8","images/men/image_9612.jpg",57,"man",3,2,1
"pyodfrk98kl8","images/women/image_5177.jpg",58,"woman",4,1,0
"pyodfrk98kl8","images/men/image_2572.jpg",59,"man",3,3,1
"pyodfrk98kl8","images/women/image_3791.jpg",60,"woman",3,2,1
"pyodfrk98kl8","images/men/image_2605.jpg",61,"man",5,2,1
"pyodfrk98kl8","images/women/image_3283.jpg",62,"woman",3,1,0
"pyodfrk98kl8","images/men/image_1928.jpg",63,"man",5,3,1
"pyodfrk98kl8","images/men/image_3835.jpg",64,"man",3,2,1
"pyodfrk98kl8","images/women/image_4564.jpg",65,"woman",4,2,1
"pyodfrk98kl8","images/men/image_4370.jpg",66,"man",4,3,1
"pyodfrk98kl8","images/men/image_13.jpg",67,"man",4,1,0
"pyodfrk98kl8","images/men/image_2417.jpg",68,"man",5,4,1
"pyodfrk98kl8","images/women/image_7888.jpg",69,"woman",4,2,1
"pyodfrk98kl8","images/women/image_436.jpg",70,"woman",5,1,0
"pyodfrk98kl8","images/women/image_3367.jpg",71,"woman",4,3,1
"pyodfrk98kl8","images/men/image_9727.jpg",72,"man",3,3,1
"pyodfrk98kl8","images/women/image_3867.jpg",73,"woman",3,3,1
"pyodfrk98kl8","images/women/image_1664.jpg",74,"woman",4,4,1
"pyodfrk98kl8","images/women/image_1533.jpg",75,"woman",3,1,0
"pyodfrk98kl8","images/women/image_78.jpg",76,"woman",3,2,1
"pyodfrk98kl8","images/men/image_5305.jpg",77,"man",3,1,0
"pyodfrk98kl8","images/women/image_137.jpg",78,"woman",5,2,1
"pyodfrk98kl8","images/men/image_6078.jpg",79,"man",4,1,0
"pyodfrk98kl8","images/men/image_2420.jpg",80,"man",4,4,1
"pyodfrk98kl8","images/women/image_8938.jpg",81,"woman",4,4,1
"pyodfrk98kl8","images/women/image_1935.jpg",82,"woman",5,4,1
"pyodfrk98kl8","images/women/image_3611.jpg",83,"woman",4,1,0
"pyodfrk98kl8","images/men/image_9625.jpg",84,"man",5,1,0
"pyodfrk98kl8","images/women/image_513.jpg",85,"woman",5,5,1
"pyodfrk98kl8","images/men/image_9984.jpg",86,"man",3,1,0
"pyodfrk98kl8","images/men/image_697.jpg",87,"man",4,1,0
"pyodfrk98kl8","images/men/image_3754.jpg",88,"man",4,1,0
"pyodfrk98kl8","images/women/image_7696.jpg",89,"woman",5,4,1
"pyodfrk98kl8","images/women/image_306.jpg",90,"woman",4,2,1
"pyodfrk98kl8","images/men/image_9431.jpg",91,"man",3,1,0
"pyodfrk98kl8","images/women/image_9599.jpg",92,"woman",5,2,1
"pyodfrk98kl8","images/men/image_1272.jpg",93,"man",5,5,1
"pyodfrk98kl8","images/women/image_4257.jpg",94,"woman",4,1,0
"pyodfrk98kl8","images/men/image_2026.jpg",95,"man",5,4,1
"pyodfrk98kl8","images/men/image_9223.jpg",96,"man",5,2,1
"pyodfrk98kl8","images/men/image_4457.jpg",97,"man",5,2,1
"pyodfrk98kl8","images/women/image_896.jpg",98,"woman",4,2,1
"pyodfrk98kl8","images/men/image_4938.jpg",99,"man",3,1,0
"pyodfrk98kl8","images/women/image_5807.jpg",100,"woman",3,1,0
"pyodfrk98kl8","images/women/image_8510.jpg",101,"woman",4,1,0
"pyodfrk98kl8","images/men/image_2962.jpg",102,"man",5,2,1
"pyodfrk98kl8","images/men/image_9151.jpg",103,"man",3,1,0
"pyodfrk98kl8","images/women/image_4394.jpg",104,"woman",3,1,0
"pyodfrk98kl8","images/men/image_4530.jpg",105,"man",3,2,1
"pyodfrk98kl8","images/women/image_8383.jpg",106,"woman",3,3,1
"pyodfrk98kl8","images/men/image_5743.jpg",107,"man",3,1,0
"pyodfrk98kl8","images/men/image_4621.jpg",108,"man",5,2,1
"pyodfrk98kl8","images/women/image_5135.jpg",109,"woman",3,1,0
"pyodfrk98kl8","images/women/image_3607.jpg",110,"woman",5,5,1
"pyodfrk98kl8","images/women/image_3267.jpg",111,"woman",5,2,1
"pyodfrk98kl8","images/women/image_1569.jpg",112,"woman",3,1,0
"pyodfrk98kl8","images/women/image_7819.jpg",113,"woman",4,4,1
"pyodfrk98kl8","images/men/image_2106.jpg",114,"man",4,2,1
"pyodfrk98kl8","images/men/image_2693.jpg",115,"man",4,1,0
"pyodfrk98kl8","images/women/image_887.jpg",116,"woman",3,2,1
"pyodfrk98kl8","images/women/image_9669.jpg",117,"woman",5,5,1
"pyodfrk98kl8","images/men/image_4462.jpg",118,"man",5,4,1
"pyodfrk98kl8","images/men/image_730.jpg",119,"man",4,4,1
"pyodfrk98kl8","images/women/image_757.jpg",120,"woman",4,1,0
"pyodfrk98kl8","images/women/image_4582.jpg",121,"woman",4,1,0
"pyodfrk98kl8","images/men/image_3004.jpg",122,"man",3,3,1
"pyodfrk98kl8","images/men/image_1787.jpg",123,"man",4,3,1
"pyodfrk98kl8","images/men/image_3138.jpg",124,"man",4,2,1
"pyodfrk98kl8","images/women/image_335.jpg",125,"woman",3,1,0
"pyodfrk98kl8","images/women/image_2077.jpg",126,"woman",5,1,0
"pyodfrk98kl8","images/women/image_2815.jpg",127,"woman",4,1,0
"pyodfrk98kl8","images/women/image_9377.jpg",128,"woman",4,2,1
"pyodfrk98kl8","images/men/image_8531.jpg",129,"man",3,1,0
"pyodfrk98kl8","images/women/image_838.jpg",130,"woman",5,5,1
"pyodfrk98kl8","images/men/image_628.jpg",131,"man",5,1,0
"pyodfrk98kl8","images/men/image_3045.jpg",132,"man",4,1,0
"pyodfrk98kl8","images/men/image_1768.jpg",133,"man",4,3,1
"pyodfrk98kl8","images/men/image_5910.jpg",134,"man",4,2,1
"pyodfrk98kl8","images/men/image_4865.jpg",135,"man",3,2,1
"pyodfrk98kl8","images/men/image_443.jpg",136,"man",5,5,1
"pyodfrk98kl8","images/women/image_3960.jpg",137,"woman",3,3,1
"pyodfrk98kl8","images/men/image_2825.jpg",138,"man",4,2,1
"pyodfrk98kl8","images/women/image_4607.jpg",139,"woman",5,5,1
"pyodfrk98kl8","images/women/image_3691.jpg",140,"woman",3,1,0
"pyodfrk98kl8","images/women/image_2232.jpg",141,"woman",5,1,0
"pyodfrk98kl8","images/men/image_5409.jpg",142,"man",5,1,0
"pyodfrk98kl8","images/men/image_356.jpg",143,"man",5,1,0
"pyodfrk98kl8","images/men/image_337.jpg",144,"man",3,2,1
"pyodfrk98kl8","images/women/image_323.jpg",145,"woman",3,1,0
"pyodfrk98kl8","images/women/image_3194.jpg",146,"woman",5,1,0
"pyodfrk98kl8","images/men/image_3973.jpg",147,"man",3,1,0
"pyodfrk98kl8","images/women/image_3935.jpg",148,"woman",3,2,1
"pyodfrk98kl8","images/men/image_795.jpg",149,"man",4,3,1
"pyodfrk98kl8","images/men/image_265.jpg",150,"man",3,2,1
"pyodfrk98kl8","images/women/image_2801.jpg",151,"woman",5,2,1
"pyodfrk98kl8","images/women/image_455.jpg",152,"woman",4,2,1
"pyodfrk98kl8","images/women/image_2319.jpg",153,"woman",4,1,0
"pyodfrk98kl8","images/women/image_212.jpg",154,"woman",3,1,0
"pyodfrk98kl8","images/men/image_4061.jpg",155,"man",3,2,1
"pyodfrk98kl8","images/women/image_7792.jpg",156,"woman",5,4,1
"pyodfrk98kl8","images/women/image_3722.jpg",157,"woman",3,1,0
"pyodfrk98kl8","images/men/image_1865.jpg",158,"man",3,2,1
"pyodfrk98kl8","images/women/image_311.jpg",159,"woman",4,2,1
"pyodfrk98kl8","images/men/image_5031.jpg",160,"man",5,5,1
"pyodfrk98kl8","images/women/image_1430.jpg",161,"woman",4,4,1
"pyodfrk98kl8","images/men/image_4265.jpg",162,"man",4,2,1
"pyodfrk98kl8","images/men/image_1885.jpg",163,"man",4,1,0
"pyodfrk98kl8","images/women/image_3075.jpg",164,"woman",4,1,0
"pyodfrk98kl8","images/women/image_5068.jpg",165,"woman",5,1,0
"pyodfrk98kl8","images/men/image_979.jpg",166,"man",5,1,0
"pyodfrk98kl8","images/men/image_527.jpg",167,"man",5,4,1
"pyodfrk98kl8","images/women/image_4089.jpg",168,"woman",3,1,0
"by2h799yeo6j","images/men/image_3110.jpg",1,"man",5,1,0
"by2h799yeo6j","images/men/image_4462.jpg",2,"man",5,1,0
"by2h799yeo6j","images/men/image_3632.jpg",3,"man",5,3,1
"by2h799yeo6j","images/women/image_4798.jpg",4,"woman",4,3,1
"by2h799yeo6j","images/men/image_4466.jpg",5,"man",3,3,1
"by2h799yeo6j","images/women/image_8682.jpg",6,"woman",3,1,0
"by2h799yeo6j","images/men/image_338.jpg",7,"man",3,1,0
"by2h799yeo6j","images/men/image_3914.jpg",8,"man",4,2,1
"by2h799yeo6j","images/women/image_784.jpg",9,"woman",3,2,1
"by2h799yeo6j","images/women/image_5648.jpg",10,"woman",4,1,0
"by2h799yeo6j","images/women/image_8507.jpg",11,"woman",5,4,1
"by2h799yeo6j","images/women/image_9278.jpg",12,"woman",3,1,0
"by2h799yeo6j","images/men/image_5422.jpg",13,"man",4,1,0
"by2h799yeo6j","images/men/image_3666.jpg",14,"man",5,2,1
"by2h799yeo6j","images/men/image_283.jpg",15,"man",3,3,1
"by2h799yeo6j","images/women/image_858.jpg",16,"woman",4,2,1
"by2h799yeo6j","images/women/image_887.jpg",17,"woman",4,4,1
"by2h799yeo6j","images/men/image_8423.jpg",18,"man",3,3,1
"by2h799yeo6j","images/women/image_2553.jpg",19,"woman",4,2,1
"by2h799yeo6j","images/women/image_565.jpg",20,"woman",5,1,0
"by2h799yeo6j","images/women/image_5525.jpg",21,"woman",3,1,0
"by2h799yeo6j","images/women/image_4826.jpg",22,"woman",4,1,0
"by2h799yeo6j","images/men/image_3227.jpg",23,"man",4,2,1
"by2h799yeo6j","images/women/image_8684.jpg",24,"woman",5,1,0
"by2h799yeo6j","images/women/image_3985.jpg",25,"woman",3,3,1
"by2h799yeo6j","images/men/image_4316.jpg",26,"man",4,2,1
"by2h799yeo6j","images/men/image_614.jpg",27,"man",3,2,1
"by2h799yeo6j","images/men/image_9155.jpg",28,"man",5,2,1
"by2h799yeo6j","images/women/image_3007.jpg",29,"woman",5,4,1
"by2h799yeo6j","images/men/image_3029.jpg",30,"man",5,5,1
"by2h799yeo6j","images/men/image_3830.jpg",31,"man",4,2,1
"by2h799yeo6j","images/women/image_333.jpg",32,"woman",3,1,0
"by2h799yeo6j","images/men/image_9142.jpg",33,"man",3,3,1
"by2h799yeo6j","images/men/image_4537.jpg",34,"man",4,1,0
"by2h799yeo6j","images/women/image_3330.jpg",35,"woman",5,2,1
"by2h799yeo6j","images/women/image_7914.jpg",36,"woman",4,1,0
"by2h799yeo6j","images/men/image_9791.jpg",37,"man",3,1,0
"by2h799yeo6j","images/women/image_4483.jpg",38,"woman",5,3,1
"by2h799yeo6j","images/men/image_214.jpg",39,"man",5,3,1
"by2h799yeo6j","images/men/image_9577.jpg",40,"man",4,3,1
"by2h799yeo6j","images/women/image_5807.jpg",41,"woman",5,3,1
"by2h799yeo6j","images/women/image_9879.jpg",42,"woman",3,1,0
"by2h799yeo6j","images/men/image_4938.jpg",43,"man",5,4,1
"by2h799yeo6j","images/women/image_4583.jpg",44,"woman",5,1,0
"by2h799yeo6j","images/men/image_8650.jpg",45,"man",5,5,1
"by2h799yeo6j","images/women/image_5566.jpg",46,"woman",5,5,1
"by2h799yeo6j","images/men/image_9756.jpg",47,"man",5,4,1
"by2h799yeo6j","images/women/image_945.jpg",48,"woman",3,2,1
"by2h799yeo6j","images/women/image_5240.jpg",49,"woman",4,1,0
"by2h799yeo6j","images/men/image_9606.jpg",50,"man",5,4,1
"by2h799yeo6j","images/women/image_896.jpg",51,"woman",3,3,1
"by2h799yeo6j","images/women/image_8535.jpg",52,"woman",4,1,0
"by2h799yeo6j","images/men/image_1272.jpg",53,"man",3,1,0
"by2h799yeo6j","images/women/image_764.jpg",54,"woman",4,4,1
"by2h799yeo6j","images/women/image_2801.jpg",55,"woman",5,3,1
"by2h799yeo6j","images/men/image_626.jpg",56,"man",4,3,1
"by2h799yeo6j","images/women/image_9800.jpg",57,"woman",4,1,0
"by2h799yeo6j","images/women/image_1973.jpg",58,"woman",4,4,1
"by2h799yeo6j","images/men/image_2586.jpg",59,"man",4,3,1
"by2h799yeo6j","images/women/image_2016.jpg",60,"woman",5,4,1
"by2h799yeo6j","images/women/image_8775.jpg",61,"woman",3,2,1
"by2h799yeo6j","images/men/image_3077.jpg",62,"man",5,1,0
"by2h799yeo6j","images/men/image_718.jpg",63,"man",5,2,1
"by2h799yeo6j","images/men/image_8648.jpg",64,"man",4,4,1
"by2h799yeo6j","images/men/image_795.jpg",65,"man",3,2,1
"by2h799yeo6j","images/men/image_4832.jpg",66,"man",5,5,1
"by2h799yeo6j","images/women/image_9609.jpg",67,"woman",4,1,0
"by2h799yeo6j","images/men/image_9674.jpg",68,"man",3,3,1
"by2h799yeo6j","images/men/image_9933.jpg",69,"man",4,3,1
"by2h799yeo6j","images/men/image_9625.jpg",70,"man",3,1,0
"by2h799yeo6j","images/men/image_4044.jpg",71,"man",3,2,1
"by2h799yeo6j","images/women/image_2002.jpg",72,"woman",3,2,1
"by2h799yeo6j","images/women/image_9088.jpg",73,"woman",5,3,1
"by2h799yeo6j","images/women/image_1793.jpg",74,"woman",3,1,0
"by2h799yeo6j","images/men/image_2651.jpg",75,"man",3,3,1
"by2h799yeo6j","images/men/image_5132.jpg",76,"man",4,1,0
"by2h799yeo6j","images/men/image_9919.jpg",77,"man",4,3,1
"by2h799yeo6j","images/men/image_9751.jpg",78,"man",3,2,1
"by2h799yeo6j","images/women/image_4586.jpg",79,"woman",5,1,0
"by2h799yeo6j","images/women/image_6177.jpg",80,"woman",4,2,1
"by2h799yeo6j","images/women/image_2136.jpg",81,"woman",3,1,0
"by2h799yeo6j","images/women/image_4257.jpg",82,"woman",3,1,0
"by2h799yeo6j","images/men/image_3792.jpg",83,"man",4,4,1
"by2h799yeo6j","images/women/image_2215.jpg",84,"woman",5,1,0
"by2h799yeo6j","images/men/image_4946.jpg",85,"man",5,1,0
"by2h799yeo6j","images/women/image_2571.jpg",86,"woman",4,2,1
"by2h799yeo6j","images/women/image_7855.jpg",87,"woman",4,3,1
"by2h799yeo6j","images/men/image_5759.jpg",88,"man",3,2,1
"by2h799yeo6j","images/men/image_5839.jpg",89,"man",3,1,0
"by2h799yeo6j","images/men/image_1962.jpg",90,"man",3,3,1
"by2h799yeo6j","images/women/image_479.jpg",91,"woman",5,2,1
"by2h799yeo6j","images/men/image_9681.jpg",92,"man",4,3,1
"by2h799yeo6j","images/men/image_3835.jpg",93,"man",4,2,1
"by2h799yeo6j","images/men/image_3138.jpg",94,"man",3,2,1
"by2h799yeo6j","images/women/image_4787.jpg",95,"woman",5,1,0
"by2h799yeo6j","images/men/image_1615.jpg",96,"man",5,2,1
"by2h799yeo6j","images/women/image_9267.jpg",97,"woman",3,3,1
"by2h799yeo6j","images/men/image_8547.jpg",98,"man",3,1,0
"by2h799yeo6j","images/women/image_9723.jpg",99,"woman",5,3,1
"by2h799yeo6j","images/women/image_444.jpg",100,"woman",4,3,1
"by2h799yeo6j","images/men/image_2693.jpg",101,"man",3,1,0
"by2h799yeo6j","images/men/image_1572.jpg",102,"man",5,3,1
"by2h799yeo6j","images/men/image_9058.jpg",103,"man",4,2,1
"by2h799yeo6j","images/women/image_4957.jpg",104,"woman",4,2,1
"by2h799yeo6j","images/women/image_2500.jpg",105,"woman",3,3,1
"by2h799yeo6j","images/women/image_3448.jpg",106,"woman",3,2,1
"by2h799yeo6j","images/women/image_5502.jpg",107,"woman",5,1,0
"by2h799yeo6j","images/men/image_3568.jpg",108,"man",5,2,1
"by2h799yeo6j","images/men/image_4708.jpg",109,"man",4,4,1
"by2h799yeo6j","images/men/image_1395.jpg",110,"man",5,3,1
"by2h799yeo6j","images/men/image_1889.jpg",111,"man",5,4,1
"by2h799yeo6j","images/men/image_183.jpg",112,"man",4,4,1
"by2h799yeo6j","images/women/image_7888.jpg",113,"woman",3,2,1
"by2h799yeo6j","images/men/image_9618.jpg",114,"man",4,3,1
"by2h799yeo6j","images/men/image_8464.jpg",115,"man",3,1,0
"by2h799yeo6j","images/women/image_1567.jpg",116,"woman",5,1,0
"by2h799yeo6j","images/men/image_8907.jpg",117,"man",4,3,1
"by2h799yeo6j","images/women/image_2065.jpg",118,"woman",3,2,1
"by2h799yeo6j","images/women/image_3458.jpg",119,"woman",5,4,1
"by2h799yeo6j","images/women/image_4622.jpg",120,"woman",3,1,0
"by2h799yeo6j","images/women/image_1413.jpg",121,"woman",3,1,0
"by2h799yeo6j","images/women/image_3867.jpg",122,"woman",4,3,1
"by2h799yeo6j","images/women/image_2418.jpg",123,"woman",4,3,1
"by2h799yeo6j","images/women/image_8496.jpg",124,"woman",5,5,1
"by2h799yeo6j","images/men/image_201.jpg",125,"man",5,5,1
"by2h799yeo6j","images/women/image_4311.jpg",126,"woman",4,2,1
"by2h799yeo6j","images/women/image_5090.jpg",127,"woman",5,3,1
"by2h799yeo6j","images/men/image_3124.jpg",128,"man",5,3,1
"by2h799yeo6j","images/men/image_2607.jpg",129,"man",3,1,0
"by2h799yeo6j","images/men/image_196.jpg",130,"man",4,4,1
"by2h799yeo6j","images/men/image_9400.jpg",131,"man",4,3,1
"by2h799yeo6j","images/men/image_1342.jpg",132,"man",4,3,1
"by2h799yeo6j","images/women/image_9377.jpg",133,"woman",4,2,1
"by2h799yeo6j","images/men/image_3864.jpg",134,"man",5,2,1
"by2h799yeo6j","images/men/image_950.jpg",135,"man",3,1,0
"by2h799yeo6j","images/men/image_35.jpg",136,"man",4,4,1
"by2h799yeo6j","images/women/image_3774.jpg",137,"woman",4,1,0
"by2h799yeo6j","images/women/image_3674.jpg",138,"woman",3,3,1
"by2h799yeo6j","images/women/image_3736.jpg",139,"woman",4,2,1
"by2h799yeo6j","images/women/image_4770.jpg",140,"woman",4,4,1
"by2h799yeo6j","images/men/image_1235.jpg",141,"man",3,3,1
"by2h799yeo6j","images/men/image_4317.jpg",142,"man",5,1,0
"by2h799yeo6j","images/men/image_217.jpg",143,"man",4,3,1
"by2h799yeo6j","images/women/image_3956.jpg",144,"woman",4,4,1
"by2h799yeo6j","images/men/image_3951.jpg",145,"man",3,3,1
"by2h799yeo6j","images/men/image_3045.jpg",146,"man",3,1,0
"by2h799yeo6j","images/women/image_1155.jpg",147,"woman",3,1,0
"by2h799yeo6j","images/women/image_9539.jpg",148,"woman",3,2,1
"by2h799yeo6j","images/women/image_4697.jpg",149,"woman",5,1,0
"by2h799yeo6j","images/women/image_9665.jpg",150,"woman",5,1,0
"by2h799yeo6j","images/women/image_1403.jpg",151,"woman",4,4,1
"by2h799yeo6j","images/women/image_8712.jpg",152,"woman",5,3,1
"by2h799yeo6j","images/men/image_4799.jpg",153,"man",5,1,0
"by2h799yeo6j","images/men/image_538.jpg",154,"man",5,4,1
"by2h799yeo6j","images/men/image_5445.jpg",155,"man",5,1,0
"by2h799yeo6j","images/women/image_4393.jpg",156,"woman",3,2,1
"by2h799yeo6j","images/women/image_3367.jpg",157,"woman",3,2,1
"by2h799yeo6j","images/men/image_9647.jpg",158,"man",3,1,0
"by2h799yeo6j","images/women/image_1064.jpg",159,"woman",4,1,0
"by2h799yeo6j","images/men/image_922.jpg",160,"man",3,2,1
"by2h799yeo6j","images/women/image_4564.jpg",161,"woman",5,3,1
"by2h799yeo6j","images/women/image_2697.jpg",162,"woman",3,1,0
"by2h799yeo6j","images/women/image_8727.jpg",163,"woman",3,3,1
"by2h799yeo6j","images/women/image_4338.jpg",164,"woman",5,2,1
"by2h799yeo6j","images/men/image_3754.jpg",165,"man",4,2,1
"by2h799yeo6j","images/women/image_9590.jpg",166,"woman",5,4,1
"by2h799yeo6j","images/men/image_2714.jpg",167,"man",4,4,1
"by2h799yeo6j","images/men/image_1787.jpg",168,"man",5,4,1
"3r7qoc0l8eqy","images/women/image_2016.jpg",1,"woman",3,1,0
"3r7qoc0l8eqy","images/women/image_331.jpg",2,"woman",4,1,0
"3r7qoc0l8eqy","images/women/image_2041.jpg",3,"woman",4,4,1
"3r7qoc0l8eqy","images/women/image_288.jpg",4,"woman",3,1,0
"3r7qoc0l8eqy","images/men/image_9427.jpg",5,"man",5,4,1
"3r7qoc0l8eqy","images/women/image_9293.jpg",6,"woman",4,2,1
"3r7qoc0l8eqy","images/women/image_2815.jpg",7,"woman",3,3,1
"3r7qoc0l8eqy","images/men/image_961.jpg",8,"man",3,1,0
"3r7qoc0l8eqy","images/men/image_4013.jpg",9,"man",4,3,1
"3r7qoc0l8eqy","images/men/image_8563.jpg",10,"man",5,2,1
"3r7qoc0l8eqy","images/women/image_8642.jpg",11,"woman",5,5,1
"3r7qoc0l8eqy","images/men/image_3843.jpg",12,"man",4,2,1
"3r7qoc0l8eqy","images/men/image_1572.jpg",13,"man",5,1,0
"3r7qoc0l8eqy","images/women/image_4988.jpg",14,"woman",3,3,1
"3r7qoc0l8eqy","images/women/image_1533.jpg",15,"woman",4,2,1
"3r7qoc0l8eqy","images/women/image_3325.jpg",16,"woman",4,1,0
"3r7qoc0l8eqy","images/men/image_683.jpg",17,"man",5,1,0
"3r7qoc0l8eqy","images/men/image_415.jpg",18,"man",4,1,0
"3r7qoc0l8eqy","images/women/image_306.jpg",19,"woman",5,1,0
"3r7qoc0l8eqy","images/men/image_321.jpg",20,"man",3,1,0
"3r7qoc0l8eqy","images/women/image_3722.jpg",21,"woman",5,2,1
"3r7qoc0l8eqy","images/men/image_3666.jpg",22,"man",3,2,1
"3r7qoc0l8eqy","images/women/image_78.jpg",23,"woman",5,4,1
"3r7qoc0l8eqy","images/women/image_5550.jpg",24,"woman",5,4,1
"3r7qoc0l8eqy","images/men/image_741.jpg",25,"man",5,3,1
"3r7qoc0l8eqy","images/men/image_9674.jpg",26,"man",3,3,1
"3r7qoc0l8eqy","images/women/image_6010.jpg",27,"woman",5,2,1
"3r7qoc0l8eqy","images/women/image_3458.jpg",28,"woman",3,1,0
"3r7qoc0l8eqy","images/men/image_5382.jpg",29,"man",4,4,1
"3r7qoc0l8eqy","images/men/image_979.jpg",30,"man",3,1,0
"3r7qoc0l8eqy","images/men/image_8531.jpg",31,"man",4,4,1
"3r7qoc0l8eqy","images/women/image_1403.jpg",32,"woman",5,1,0
"3r7qoc0l8eqy","images/men/image_4841.jpg",33,"man",3,1,0
"3r7qoc0l8eqy","images/women/image_4311.jpg",34,"woman",3,1,0
"3r7qoc0l8eqy","images/men/image_3558.jpg",35,"man",5,2,1
"3r7qoc0l8eqy","images/men/image_4950.jpg",36,"man",4,4,1
"3r7qoc0l8eqy","images/men/image_3648.jpg",37,"man",5,1,0
"3r7qoc0l8eqy","images/men/image_9711.jpg",38,"man",4,2,1
"3r7qoc0l8eqy","images/women/image_9047.jpg",39,"woman",4,1,0
"3r7qoc0l8eqy","images/women/image_9345.jpg",40,"woman",3,1,0
"3r7qoc0l8eqy","images/men/image_3276.jpg",41,"man",3,3,1
"3r7qoc0l8eqy","images/women/image_3584.jpg",42,"woman",4,1,0
"3r7qoc0l8eqy","images/women/image_3774.jpg",43,"woman",5,1,0
"3r7qoc0l8eqy","images/women/image_494.jpg",44,"woman",3,1,0
"3r7qoc0l8eqy","images/men/image_679.jpg",45,"man",4,1,0
"3r7qoc0l8eqy","images/men/image_5268.jpg",46,"man",3,2,1
"3r7qoc0l8eqy","images/women/image_8472.jpg",47,"woman",5,1,0
"3r7qoc0l8eqy","images/women/image_5218.jpg",48,"woman",4,1,0
"3r7qoc0l8eqy","images/women/image_5909.jpg",49,"woman",3,2,1
"3r7qoc0l8eqy","images/women/image_9267.jpg",50,"woman",4,4,1
"3r7qoc0l8eqy","images/women/image_8388.jpg",51,"woman",3,1,0
"3r7qoc0l8eqy","images/women/image_8682.jpg",52,"woman",4,1,0
"3r7qoc0l8eqy","images/men/image_5472.jpg",53,"man",5,3,1
"3r7qoc0l8eqy","images/men/image_3004.jpg",54,"man",4,2,1
"3r7qoc0l8eqy","images/women/image_2622.jpg",55,"woman",4,1,0
"3r7qoc0l8eqy","images/men/image_1139.jpg",56,"man",3,1,0
"3r7qoc0l8eqy","images/women/image_8449.jpg",57,"woman",3,3,1
"3r7qoc0l8eqy","images/men/image_4524.jpg",58,"man",3,1,0
"3r7qoc0l8eqy","images/men/image_1747.jpg",59,"man",3,3,1
"3r7qoc0l8eqy","images/men/image_5422.jpg",60,"man",4,2,1
"3r7qoc0l8eqy","images/women/image_7951.jpg",61,"woman",3,1,0
"3r7qoc0l8eqy","images/women/image_2806.jpg",62,"woman",5,1,0
"3r7qoc0l8eqy","images/men/image_973.jpg",63,"man",4,1,0
"3r7qoc0l8eqy","images/women/image_3956.jpg",64,"woman",5,3,1
"3r7qoc0l8eqy","images/men/image_3209.jpg",65,"man",4,2,1
"3r7qoc0l8eqy","images/women/image_4564.jpg",66,"woman",5,1,0
"3r7qoc0l8eqy","images/men/image_1271.jpg",67,"man",3,2,1
"3r7qoc0l8eqy","images/women/image_9718.jpg",68,"woman",4,3,1
"3r7qoc0l8eqy","images/men/image_1060.jpg",69,"man",3,2,1
"3r7qoc0l8eqy","images/women/image_729.jpg",70,"woman",5,5,1
"3r7qoc0l8eqy","images/men/image_9933.jpg",71,"man",5,4,1
"3r7qoc0l8eqy","images/men/image_3045.jpg",72,"man",5,1,0
"3r7qoc0l8eqy","images/women/image_704.jpg",73,"woman",3,1,0
"3r7qoc0l8eqy","images/women/image_3526.jpg",74,"woman",5,4,1
"3r7qoc0l8eqy","images/women/image_2484.jpg",75,"woman",4,1,0
"3r7qoc0l8eqy","images/men/image_949.jpg",76,"man",5,1,0
"3r7qoc0l8eqy","images/men/image_2479.jpg",77,"man",3,3,1
"3r7qoc0l8eqy","images/men/image_5640.jpg",78,"man",5,1,0
"3r7qoc0l8eqy","images/men/image_2651.jpg",79,"man",4,1,0
"3r7qoc0l8eqy","images/women/image_8537.jpg",80,"woman",4,1,0
"3r7qoc0l8eqy","images/men/image_5794.jpg",81,"man",5,2,1
"3r7qoc0l8eqy","images/men/image_4658.jpg",82,"man",5,1,0
"3r7qoc0l8eqy","images/men/image_9329.jpg",83,"man",4,3,1
"3r7qoc0l8eqy","images/women/image_1452.jpg",84,"woman",3,2,1
"3r7qoc0l8eqy","images/women/image_4697.jpg",85,"woman",4,1,0
"3r7qoc0l8eqy","images/men/image_3757.jpg",86,"man",3,1,0
"3r7qoc0l8eqy","images/men/image_185.jpg",87,"man",5,1,0
"3r7qoc0l8eqy","images/men/image_4429.jpg",88,"man",5,1,0
"3r7qoc0l8eqy","images/men/image_1542.jpg",89,"man",3,3,1
"3r7qoc0l8eqy","images/men/image_3331.jpg",90,"man",3,2,1
"3r7qoc0l8eqy","images/men/image_3137.jpg",91,"man",3,1,0
"3r7qoc0l8eqy","images/women/image_1155.jpg",92,"woman",3,1,0
"3r7qoc0l8eqy","images/men/image_1835.jpg",93,"man",4,2,1
"3r7qoc0l8eqy","images/men/image_495.jpg",94,"man",3,1,0
"3r7qoc0l8eqy","images/women/image_3010.jpg",95,"woman",4,1,0
"3r7qoc0l8eqy","images/women/image_1243.jpg",96,"woman",3,1,0
"3r7qoc0l8eqy","images/men/image_4479.jpg",97,"man",3,1,0
"3r7qoc0l8eqy","images/men/image_3656.jpg",98,"man",5,3,1
"3r7qoc0l8eqy","images/women/image_86.jpg",99,"woman",3,2,1
"3r7qoc0l8eqy","images/women/image_3741.jpg",100,"woman",5,1,0
"3r7qoc0l8eqy","images/women/image_838.jpg",101,"woman",4,1,0
"3r7qoc0l8eqy","images/men/image_3138.jpg",102,"man",4,2,1
"3r7qoc0l8eqy","images/men/image_9142.jpg",103,"man",5,1,0
"3r7qoc0l8eqy","images/women/image_9599.jpg",104,"woman",5,5,1
"3r7qoc0l8eqy","images/women/image_695.jpg",105,"woman",3,1,0
"3r7qoc0l8eqy","images/men/image_6019.jpg",106,"man",5,4,1
"3r7qoc0l8eqy","images/women/image_2002.jpg",107,"woman",3,1,0
"3r7qoc0l8eqy","images/men/image_4654.jpg",108,"man",4,2,1
"3r7qoc0l8eqy","images/men/image_2819.jpg",109,"man",4,3,1
"3r7qoc0l8eqy","images/women/image_333.jpg",110,"woman",5,1,0
"3r7qoc0l8eqy","images/women/image_7762.jpg",111,"woman",5,1,0
"3r7qoc0l8eqy","images/women/image_788.jpg",112,"woman",4,1,0
"3r7qoc0l8eqy","images/women/image_4798.jpg",113,"woman",3,2,1
"3r7qoc0l8eqy","images/women/image_7876.jpg",114,"woman",3,1,0
"3r7qoc0l8eqy","images/men/image_969.jpg",115,"man",3,1,0
"3r7qoc0l8eqy","images/men/image_721.jpg",116,"man",4,1,0
"3r7qoc0l8eqy","images/women/image_4483.jpg",117,"woman",5,2,1
"3r7qoc0l8eqy","images/women/image_9383.jpg",118,"woman",4,4,1
"3r7qoc0l8eqy","images/women/image_5525.jpg",119,"woman",4,1,0
"3r7qoc0l8eqy","images/men/image_2192.jpg",120,"man",5,5,1
"3r7qoc0l8eqy","images/men/image_2335.jpg",121,"man",4,2,1
"3r7qoc0l8eqy","images/men/image_833.jpg",122,"man",5,2,1
"3r7qoc0l8eqy","images/women/image_2008.jpg",123,"woman",5,2,1
"3r7qoc0l8eqy","images/women/image_4393.jpg",124,"woman",5,4,1
"3r7qoc0l8eqy","images/women/image_1567.jpg",125,"woman",4,1,0
"3r7qoc0l8eqy","images/men/image_4643.jpg",126,"man",4,1,0
"3r7qoc0l8eqy","images/women/image_8606.jpg",127,"woman",3,3,1
"3r7qoc0l8eqy","images/women/image_1897.jpg",128,"woman",5,2,1
"3r7qoc0l8eqy","images/women/image_2094.jpg",129,"woman",5,5,1
"3r7qoc0l8eqy","images/women/image_3279.jpg",130,"woman",3,2,1
"3r7qoc0l8eqy","images/women/image_1929.jpg",131,"woman",5,2,1
"3r7qoc0l8eqy","images/women/image_4202.jpg",132,"woman",4,3,1
"3r7qoc0l8eqy","images/men/image_5528.jpg",133,"man",5,3,1
"3r7qoc0l8eqy","images/men/image_4844.jpg",134,"man",5,1,0
"3r7qoc0l8eqy","images/men/image_4594.jpg",135,"man",4,1,0
"3r7qoc0l8eqy","images/men/image_2106.jpg",136,"man",4,3,1
"3r7qoc0l8eqy","images/women/image_3495.jpg",137,"woman",3,1,0
"3r7qoc0l8eqy","images/women/image_8507.jpg",138,"woman",3,2,1
"3r7qoc0l8eqy","images/men/image_4441.jpg",139,"man",3,3,1
"3r7qoc0l8eqy","images/men/image_2530.jpg",140,"man",5,1,0
"3r7qoc0l8eqy","images/men/image_4964.jpg",141,"man",5,1,0
"3r7qoc0l8eqy","images/men/image_1601.jpg",142,"man",4,1,0
"3r7qoc0l8eqy","images/men/image_2203.jpg",143,"man",3,2,1
"3r7qoc0l8eqy","images/women/image_686.jpg",144,"woman",4,2,1
"3r7qoc0l8eqy","images/men/image_1041.jpg",145,"man",4,1,0
"3r7qoc0l8eqy","images/men/image_9917.jpg",146,"man",3,1,0
"3r7qoc0l8eqy","images/men/image_2436.jpg",147,"man",4,3,1
"3r7qoc0l8eqy","images/women/image_9592.jpg",148,"woman",4,1,0
"3r7qoc0l8eqy","images/men/image_795.jpg",149,"man",5,1,0
"3r7qoc0l8eqy","images/men/image_2605.jpg",150,"man",3,1,0
"3r7qoc0l8eqy","images/men/image_3605.jpg",151,"man",4,1,0
"3r7qoc0l8eqy","images/men/image_2846.jpg",152,"man",3,1,0
"3r7qoc0l8eqy","images/women/image_5240.jpg",153,"woman",4,1,0
"3r7qoc0l8eqy","images/women/image_9669.jpg",154,"woman",5,1,0
"3r7qoc0l8eqy","images/women/image_9720.jpg",155,"woman",3,3,1
"3r7qoc0l8eqy","images/men/image_1615.jpg",156,"man",5,4,1
"3r7qoc0l8eqy","images/women/image_2760.jpg",157,"woman",3,1,0
"3r7qoc0l8eqy","images/women/image_302.jpg",158,"woman",4,1,0
"3r7qoc0l8eqy","images/women/image_4240.jpg",159,"woman",3,1,0
"3r7qoc0l8eqy","images/women/image_5056.jpg",160,"woman",5,1,0
"3r7qoc0l8eqy","images/women/image_4261.jpg",161,"woman",4,3,1
"3r7qoc0l8eqy","images/women/image_3851.jpg",162,"woman",4,2,1
"3r7qoc0l8eqy","images/women/image_5648.jpg",163,"woman",5,5,1
"3r7qoc0l8eqy","images/men/image_4963.jpg",164,"man",3,1,0
"3r7qoc0l8eqy","images/men/image_697.jpg",165,"man",4,1,0
"3r7qoc0l8eqy","images/men/image_4457.jpg",166,"man",3,2,1
"3r7qoc0l8eqy","images/women/image_1295.jpg",167,"woman",5,4,1
"3r7qoc0l8eqy","images/men/image_8446.jpg",168,"man",5,1,0
"8l2108qaglf9","images/women/image_4582.jpg",1,"woman",4,2,1
"8l2108qaglf9","images/women/image_5192.jpg",2,"woman",3,2,1
"8l2108qaglf9","images/men/image_4208.jpg",3,"man",4,2,1
"8l2108qaglf9","images/men/image_383.jpg",4,"man",4,1,0
"8l2108qaglf9","images/women/image_8510.jpg",5,"woman",4,2,1
"8l2108qaglf9","images/men/image_626.jpg",6,"man",3,1,0
"8l2108qaglf9","images/women/image_60.jpg",7,"woman",3,3,1
"8l2108qaglf9","images/women/image_5042.jpg",8,"woman",4,3,1
"8l2108qaglf9","images/men/image_683.jpg",9,"man",5,1,0
"8l2108qaglf9","images/men/image_9606.jpg",10,"man",5,5,1
"8l2108qaglf9","images/men/image_1889.jpg",11,"man",4,1,0
"8l2108qaglf9","images/women/image_5407.jpg",12,"woman",3,3,1
"8l2108qaglf9","images/women/image_9174.jpg",13,"woman",3,1,0
"8l2108qaglf9","images/women/image_3956.jpg",14,"woman",5,2,1
"8l2108qaglf9","images/men/image_3209.jpg",15,"man",3,2,1
"8l2108qaglf9","images/men/image_5620.jpg",16,"man",4,1,0
"8l2108qaglf9","images/men/image_8689.jpg",17,"man",5,1,0
"8l2108qaglf9","images/women/image_9383.jpg",18,"woman",3,3,1
"8l2108qaglf9","images/women/image_9973.jpg",19,"woman",5,1,0
"8l2108qaglf9","images/women/image_4492.jpg",20,"woman",4,2,1
"8l2108qaglf9","images/women/image_1351.jpg",21,"woman",4,1,0
"8l2108qaglf9","images/men/image_3467.jpg",22,"man",3,1,0
"8l2108qaglf9","images/women/image_244.jpg",23,"woman",3,2,1
"8l2108qaglf9","images/men/image_1261.jpg",24,"man",5,2,1
"8l2108qaglf9","images/women/image_9345.jpg",25,"woman",5,2,1
"8l2108qaglf9","images/women/image_2553.jpg",26,"woman",5,2,1
"8l2108qaglf9","images/women/image_2319.jpg",27,"woman",4,2,1
"8l2108qaglf9","images/women/image_9482.jpg",28,"woman",4,2,1
"8l2108qaglf9","images/men/image_179.jpg",29,"man",3,2,1
"8l2108qaglf9","images/women/image_3293.jpg",30,"woman",5,3,1
"8l2108qaglf9","images/men/image_679.jpg",31,"man",5,4,1
"8l2108qaglf9","images/men/image_3138.jpg",32,"man",3,1,0
"8l2108qaglf9","images/men/image_8493.jpg",33,"man",4,2,1
"8l2108qaglf9","images/women/image_295.jpg",34,"woman",5,5,1
"8l2108qaglf9","images/men/image_600.jpg",35,"man",3,1,0
"8l2108qaglf9","images/men/image_4466.jpg",36,"man",5,1,0
"8l2108qaglf9","images/women/image_3722.jpg",37,"woman",5,3,1
"8l2108qaglf9","images/men/image_2131.jpg",38,"man",3,1,0
"8l2108qaglf9","images/men/image_185.jpg",39,"man",4,2,1
"8l2108qaglf9","images/men/image_8650.jpg",40,"man",5,1,0
"8l2108qaglf9","images/women/image_5968.jpg",41,"woman",3,1,0
"8l2108qaglf9","images/men/image_156.jpg",42,"man",4,2,1
"8l2108qaglf9","images/women/image_3194.jpg",43,"woman",4,2,1
"8l2108qaglf9","images/women/image_331.jpg",44,"woman",5,3,1
"8l2108qaglf9","images/men/image_950.jpg",45,"man",3,1,0
"8l2108qaglf9","images/men/image_8531.jpg",46,"man",5,3,1
"8l2108qaglf9","images/men/image_3344.jpg",47,"man",4,2,1
"8l2108qaglf9","images/women/image_2631.jpg",48,"woman",5,1,0
"8l2108qaglf9","images/men/image_741.jpg",49,"man",4,1,0
"8l2108qaglf9","images/men/image_5421.jpg",50,"man",5,3,1
"8l2108qaglf9","images/women/image_6149.jpg",51,"woman",3,1,0
"8l2108qaglf9","images/men/image_3625.jpg",52,"man",5,1,0
"8l2108qaglf9","images/women/image_9370.jpg",53,"woman",3,3,1
"8l2108qaglf9","images/women/image_887.jpg",54,"woman",5,5,1
"8l2108qaglf9","images/men/image_8563.jpg",55,"man",3,3,1
"8l2108qaglf9","images/men/image_3656.jpg",56,"man",5,1,0
"8l2108qaglf9","images/women/image_5498.jpg",57,"woman",4,3,1
"8l2108qaglf9","images/women/image_6153.jpg",58,"woman",5,3,1
"8l2108qaglf9","images/men/image_4320.jpg",59,"man",4,1,0
"8l2108qaglf9","images/men/image_3835.jpg",60,"man",4,4,1
"8l2108qaglf9","images/women/image_4680.jpg",61,"woman",3,2,1
"8l2108qaglf9","images/men/image_9528.jpg",62,"man",3,1,0
"8l2108qaglf9","images/men/image_3648.jpg",63,"man",5,2,1
"8l2108qaglf9","images/women/image_3206.jpg",64,"woman",5,5,1
"8l2108qaglf9","images/women/image_3742.jpg",65,"woman",3,3,1
"8l2108qaglf9","images/men/image_15.jpg",66,"man",4,3,1
"8l2108qaglf9","images/men/image_5382.jpg",67,"man",3,2,1
"8l2108qaglf9","images/women/image_2571.jpg",68,"woman",4,3,1
"8l2108qaglf9","images/women/image_1513.jpg",69,"woman",4,1,0
"8l2108qaglf9","images/men/image_1943.jpg",70,"man",3,1,0
"8l2108qaglf9","images/women/image_9609.jpg",71,"woman",3,1,0
"8l2108qaglf9","images/men/image_746.jpg",72,"man",4,3,1
"8l2108qaglf9","images/men/image_4951.jpg",73,"man",3,2,1
"8l2108qaglf9","images/women/image_4324.jpg",74,"woman",3,1,0
"8l2108qaglf9","images/women/image_2930.jpg",75,"woman",5,4,1
"8l2108qaglf9","images/men/image_265.jpg",76,"man",5,1,0
"8l2108qaglf9","images/women/image_496.jpg",77,"woman",3,2,1
"8l2108qaglf9","images/men/image_9151.jpg",78,"man",3,2,1
"8l2108qaglf9","images/women/image_3010.jpg",79,"woman",4,4,1
"8l2108qaglf9","images/women/image_1314.jpg",80,"woman",4,2,1
"8l2108qaglf9","images/men/image_979.jpg",81,"man",4,4,1
"8l2108qaglf9","images/men/image_1139.jpg",82,"man",5,2,1
"8l2108qaglf9","images/women/image_1868.jpg",83,"woman",4,4,1
"8l2108qaglf9","images/women/image_5665.jpg",84,"woman",5,1,0
"8l2108qaglf9","images/men/image_2479.jpg",85,"man",4,1,0
"8l2108qaglf9","images/women/image_1903.jpg",86,"woman",3,1,0
"8l2108qaglf9","images/women/image_4597.jpg",87,"woman",5,3,1
"8l2108qaglf9","images/men/image_9226.jpg",88,"man",3,2,1
"8l2108qaglf9","images/women/image_3691.jpg",89,"woman",4,4,1
"8l2108qaglf9","images/men/image_5.jpg",90,"man",3,1,0
"8l2108qaglf9","images/women/image_9599.jpg",91,"woman",4,1,0
"8l2108qaglf9","images/men/image_4971.jpg",92,"man",3,1,0
"8l2108qaglf9","images/men/image_8467.jpg",93,"man",5,4,1
"8l2108qaglf9","images/women/image_788.jpg",94,"woman",5,4,1
"8l2108qaglf9","images/women/image_6010.jpg",95,"woman",3,2,1
"8l2108qaglf9","images/women/image_3674.jpg",96,"woman",4,2,1
"8l2108qaglf9","images/women/image_8507.jpg",97,"woman",3,1,0
"8l2108qaglf9","images/women/image_1127.jpg",98,"woman",5,4,1
"8l2108qaglf9","images/men/image_656.jpg",99,"man",4,2,1
"8l2108qaglf9","images/men/image_8423.jpg",100,"man",5,5,1
"8l2108qaglf9","images/women/image_9313.jpg",101,"woman",3,1,0
"8l2108qaglf9","images/women/image_4483.jpg",102,"woman",5,3,1
"8l2108qaglf9","images/men/image_495.jpg",103,"man",4,1,0
"8l2108qaglf9","images/women/image_455.jpg",104,"woman",5,1,0
"8l2108qaglf9","images/women/image_2041.jpg",105,"woman",4,1,0
"8l2108qaglf9","images/men/image_497.jpg",106,"man",5,2,1
"8l2108qaglf9","images/women/image_288.jpg",107,"woman",5,1,0
"8l2108qaglf9","images/women/image_237.jpg",108,"woman",3,1,0
"8l2108qaglf9","images/men/image_9676.jpg",109,"man",3,1,0
"8l2108qaglf9","images/men/image_527.jpg",110,"man",4,1,0
"8l2108qaglf9","images/men/image_9986.jpg",111,"man",4,2,1
"8l2108qaglf9","images/men/image_3804.jpg",112,"man",5,1,0
"8l2108qaglf9","images/women/image_4564.jpg",113,"woman",4,1,0
"8l2108qaglf9","images/women/image_1403.jpg",114,"woman",4,4,1
"8l2108qaglf9","images/women/image_4509.jpg",115,"woman",3,2,1
"8l2108qaglf9","images/men/image_1971.jpg",116,"man",5,2,1
"8l2108qaglf9","images/men/image_4.jpg",117,"man",3,1,0
"8l2108qaglf9","images/women/image_9267.jpg",118,"woman",3,2,1
"8l2108qaglf9","images/men/image_217.jpg",119,"man",3,3,1
"8l2108qaglf9","images/men/image_9270.jpg",120,"man",4,3,1
"8l2108qaglf9","images/men/image_9741.jpg",121,"man",4,1,0
"8l2108qaglf9","images/men/image_4183.jpg",122,"man",3,1,0
"8l2108qaglf9","images/men/image_3045.jpg",123,"man",5,4,1
"8l2108qaglf9","images/men/image_1542.jpg",124,"man",5,2,1
"8l2108qaglf9","images/women/image_1430.jpg",125,"woman",4,1,0
"8l2108qaglf9","images/women/image_1295.jpg",126,"woman",5,1,0
"8l2108qaglf9","images/women/image_2994.jpg",127,"woman",5,4,1
"8l2108qaglf9","images/men/image_3794.jpg",128,"man",4,2,1
"8l2108qaglf9","images/women/image_9700.jpg",129,"woman",4,1,0
"8l2108qaglf9","images/women/image_252.jpg",130,"woman",4,2,1
"8l2108qaglf9","images/women/image_1567.jpg",131,"woman",5,4,1
"8l2108qaglf9","images/men/image_3473.jpg",132,"man",5,1,0
"8l2108qaglf9","images/men/image_8790.jpg",133,"man",4,4,1
"8l2108qaglf9","images/women/image_2077.jpg",134,"woman",4,2,1
"8l2108qaglf9","images/women/image_1504.jpg",135,"woman",5,4,1
"8l2108qaglf9","images/women/image_560.jpg",136,"woman",4,1,0
"8l2108qaglf9","images/men/image_1272.jpg",137,"man",3,1,0
"8l2108qaglf9","images/women/image_1240.jpg",138,"woman",5,1,0
"8l2108qaglf9","images/women/image_3791.jpg",139,"woman",5,5,1
"8l2108qaglf9","images/women/image_4508.jpg",140,"woman",5,3,1
"8l2108qaglf9","images/women/image_7888.jpg",141,"woman",4,3,1
"8l2108qaglf9","images/women/image_8574.jpg",142,"woman",3,1,0
"8l2108qaglf9","images/men/image_8582.jpg",143,"man",4,1,0
"8l2108qaglf9","images/men/image_480.jpg",144,"man",5,1,0
"8l2108qaglf9","images/men/image_1572.jpg",145,"man",4,1,0
"8l2108qaglf9","images/men/image_2233.jpg",146,"man",5,1,0
"8l2108qaglf9","images/women/image_1593.jpg",147,"woman",3,1,0
"8l2108qaglf9","images/men/image_4429.jpg",148,"man",3,3,1
"8l2108qaglf9","images/women/image_1905.jpg",149,"woman",3,1,0
"8l2108qaglf9","images/men/image_3797.jpg",150,"man",5,4,1
"8l2108qaglf9","images/men/image_9791.jpg",151,"man",3,1,0
"8l2108qaglf9","images/men/image_230.jpg",152,"man",4,2,1
"8l2108qaglf9","images/women/image_3510.jpg",153,"woman",3,1,0
"8l2108qaglf9","images/women/image_311.jpg",154,"woman",5,1,0
"8l2108qaglf9","images/women/image_2112.jpg",155,"woman",4,2,1
"8l2108qaglf9","images/men/image_9681.jpg",156,"man",3,1,0
"8l2108qaglf9","images/men/image_1592.jpg",157,"man",3,3,1
"8l2108qaglf9","images/women/image_4417.jpg",158,"woman",3,1,0
"8l2108qaglf9","images/women/image_3536.jpg",159,"woman",3,2,1
"8l2108qaglf9","images/men/image_9647.jpg",160,"man",5,2,1
"8l2108qaglf9","images/women/image_306.jpg",161,"woman",4,2,1
"8l2108qaglf9","images/men/image_584.jpg",162,"man",3,3,1
"8l2108qaglf9","images/men/image_1875.jpg",163,"man",4,4,1
"8l2108qaglf9","images/men/image_1620.jpg",164,"man",5,3,1
"8l2108qaglf9","images/women/image_3049.jpg",165,"woman",3,3,1
"8l2108qaglf9","images/men/image_2436.jpg",166,"man",5,3,1
"8l2108qaglf9","images/men/image_2378.jpg",167,"man",4,4,1
"8l2108qaglf9","images/men/image_9109.jpg",168,"man",3,1,0
"eg0rhqyfa0tc","images/women/image_5766.jpg",1,"woman",3,1,0
"eg0rhqyfa0tc","images/women/image_9377.jpg",2,"woman",5,1,0
"eg0rhqyfa0tc","images/women/image_2993.jpg",3,"woman",4,2,1
"eg0rhqyfa0tc","images/women/image_695.jpg",4,"woman",3,1,0
"eg0rhqyfa0tc","images/men/image_2173.jpg",5,"man",5,1,0
"eg0rhqyfa0tc","images/women/image_8739.jpg",6,"woman",3,2,1
"eg0rhqyfa0tc","images/men/image_8648.jpg",7,"man",5,3,1
"eg0rhqyfa0tc","images/men/image_3558.jpg",8,"man",3,1,0
"eg0rhqyfa0tc","images/men/image_9408.jpg",9,"man",3,1,0
"eg0rhqyfa0tc","images/men/image_987.jpg",10,"man",5,3,1
"eg0rhqyfa0tc","images/women/image_6243.jpg",11,"woman",3,1,0
"eg0rhqyfa0tc","images/men/image_5421.jpg",12,"man",4,1,0
"eg0rhqyfa0tc","images/men/image_8956.jpg",13,"man",4,1,0
"eg0rhqyfa0tc","images/women/image_9570.jpg",14,"woman",3,3,1
"eg0rhqyfa0tc","images/men/image_9917.jpg",15,"man",5,2,1
"eg0rhqyfa0tc","images/women/image_7819.jpg",16,"woman",3,3,1
"eg0rhqyfa0tc","images/men/image_4674.jpg",17,"man",3,1,0
"eg0rhqyfa0tc","images/men/image_623.jpg",18,"man",3,1,0
"eg0rhqyfa0tc","images/men/image_5132.jpg",19,"man",3,1,0
"eg0rhqyfa0tc","images/women/image_8346.jpg",20,"woman",5,1,0
"eg0rhqyfa0tc","images/women/image_798.jpg",21,"woman",5,2,1
"eg0rhqyfa0tc","images/men/image_4816.jpg",22,"man",4,3,1
"eg0rhqyfa0tc","images/men/image_8467.jpg",23,"man",3,1,0
"eg0rhqyfa0tc","images/men/image_9577.jpg",24,"man",5,2,1
"eg0rhqyfa0tc","images/women/image_1168.jpg",25,"woman",4,1,0
"eg0rhqyfa0tc","images/women/image_494.jpg",26,"woman",4,4,1
"eg0rhqyfa0tc","images/women/image_1152.jpg",27,"woman",4,4,1
"eg0rhqyfa0tc","images/women/image_4558.jpg",28,"woman",3,1,0
"eg0rhqyfa0tc","images/women/image_4444.jpg",29,"woman",5,3,1
"eg0rhqyfa0tc","images/men/image_901.jpg",30,"man",4,4,1
"eg0rhqyfa0tc","images/women/image_451.jpg",31,"woman",4,2,1
"eg0rhqyfa0tc","images/women/image_4740.jpg",32,"woman",5,5,1
"eg0rhqyfa0tc","images/women/image_549.jpg",33,"woman",5,4,1
"eg0rhqyfa0tc","images/women/image_3722.jpg",34,"woman",4,2,1
"eg0rhqyfa0tc","images/men/image_1407.jpg",35,"man",5,4,1
"eg0rhqyfa0tc","images/men/image_5759.jpg",36,"man",4,1,0
"eg0rhqyfa0tc","images/men/image_9612.jpg",37,"man",5,5,1
"eg0rhqyfa0tc","images/men/image_3666.jpg",38,"man",4,3,1
"eg0rhqyfa0tc","images/women/image_3450.jpg",39,"woman",5,1,0
"eg0rhqyfa0tc","images/men/image_185.jpg",40,"man",4,2,1
"eg0rhqyfa0tc","images/men/image_9741.jpg",41,"man",3,1,0
"eg0rhqyfa0tc","images/women/image_4532.jpg",42,"woman",4,1,0
"eg0rhqyfa0tc","images/women/image_3851.jpg",43,"woman",3,1,0
"eg0rhqyfa0tc","images/men/image_2884.jpg",44,"man",5,1,0
"eg0rhqyfa0tc","images/men/image_4865.jpg",45,"man",4,4,1
"eg0rhqyfa0tc","images/men/image_2570.jpg",46,"man",3,2,1
"eg0rhqyfa0tc","images/men/image_9784.jpg",47,"man",3,3,1
"eg0rhqyfa0tc","images/women/image_5498.jpg",48,"woman",4,3,1
"eg0rhqyfa0tc","images/men/image_1615.jpg",49,"man",4,3,1
"eg0rhqyfa0tc","images/men/image_8922.jpg",50,"man",5,1,0
"eg0rhqyfa0tc","images/men/image_8707.jpg",51,"man",3,1,0
"eg0rhqyfa0tc","images/men/image_283.jpg",52,"man",4,1,0
"eg0rhqyfa0tc","images/men/image_4963.jpg",53,"man",3,2,1
"eg0rhqyfa0tc","images/men/image_1803.jpg",54,"man",3,1,0
"eg0rhqyfa0tc","images/men/image_1202.jpg",55,"man",4,1,0
"eg0rhqyfa0tc","images/women/image_141.jpg",56,"woman",4,1,0
"eg0rhqyfa0tc","images/men/image_4222.jpg",57,"man",5,5,1
"eg0rhqyfa0tc","images/women/image_3674.jpg",58,"woman",4,3,1
"eg0rhqyfa0tc","images/men/image_383.jpg",59,"man",5,2,1
"eg0rhqyfa0tc","images/women/image_5192.jpg",60,"woman",5,4,1
"eg0rhqyfa0tc","images/women/image_4668.jpg",61,"woman",3,1,0
"eg0rhqyfa0tc","images/men/image_2207.jpg",62,"man",5,2,1
"eg0rhqyfa0tc","images/women/image_5326.jpg",63,"woman",5,1,0
"eg0rhqyfa0tc","images/men/image_1114.jpg",64,"man",5,3,1
"eg0rhqyfa0tc","images/women/image_3279.jpg",65,"woman",5,2,1
"eg0rhqyfa0tc","images/men/image_766.jpg",66,"man",4,3,1
"eg0rhqyfa0tc","images/men/image_4683.jpg",67,"man",4,3,1
"eg0rhqyfa0tc","images/women/image_4331.jpg",68,"woman",4,4,1
"eg0rhqyfa0tc","images/women/image_6344.jpg",69,"woman",4,1,0
"eg0rhqyfa0tc","images/women/image_3206.jpg",70,"woman",3,1,0
"eg0rhqyfa0tc","images/women/image_510.jpg",71,"woman",5,1,0
"eg0rhqyfa0tc","images/women/image_331.jpg",72,"woman",5,4,1
"eg0rhqyfa0tc","images/women/image_3154.jpg",73,"woman",3,1,0
"eg0rhqyfa0tc","images/women/image_306.jpg",74,"woman",3,2,1
"eg0rhqyfa0tc","images/women/image_4243.jpg",75,"woman",5,1,0
"eg0rhqyfa0tc","images/women/image_302.jpg",76,"woman",5,2,1
"eg0rhqyfa0tc","images/women/image_1212.jpg",77,"woman",3,2,1
"eg0rhqyfa0tc","images/women/image_9268.jpg",78,"woman",4,1,0
"eg0rhqyfa0tc","images/men/image_2203.jpg",79,"man",5,4,1
"eg0rhqyfa0tc","images/women/image_1590.jpg",80,"woman",4,1,0
"eg0rhqyfa0tc","images/men/image_2962.jpg",81,"man",3,3,1
"eg0rhqyfa0tc","images/men/image_9151.jpg",82,"man",4,3,1
"eg0rhqyfa0tc","images/women/image_1141.jpg",83,"woman",3,1,0
"eg0rhqyfa0tc","images/men/image_1971.jpg",84,"man",3,1,0
"eg0rhqyfa0tc","images/men/image_949.jpg",85,"man",4,3,1
"eg0rhqyfa0tc","images/women/image_9274.jpg",86,"woman",5,2,1
"eg0rhqyfa0tc","images/men/image_4882.jpg",87,"man",3,3,1
"eg0rhqyfa0tc","images/men/image_9776.jpg",88,"man",3,2,1
"eg0rhqyfa0tc","images/women/image_1132.jpg",89,"woman",5,3,1
"eg0rhqyfa0tc","images/men/image_3830.jpg",90,"man",5,3,1
"eg0rhqyfa0tc","images/women/image_5909.jpg",91,"woman",3,1,0
"eg0rhqyfa0tc","images/men/image_2851.jpg",92,"man",3,2,1
"eg0rhqyfa0tc","images/women/image_729.jpg",93,"woman",4,2,1
"eg0rhqyfa0tc","images/men/image_9528.jpg",94,"man",4,4,1
"eg0rhqyfa0tc","images/men/image_9756.jpg",95,"man",3,2,1
"eg0rhqyfa0tc","images/men/image_9751.jpg",96,"man",4,1,0
"eg0rhqyfa0tc","images/men/image_3468.jpg",97,"man",5,1,0
"eg0rhqyfa0tc","images/women/image_1264.jpg",98,"woman",3,3,1
"eg0rhqyfa0tc","images/men/image_9600.jpg",99,"man",5,4,1
"eg0rhqyfa0tc","images/men/image_5031.jpg",100,"man",5,2,1
"eg0rhqyfa0tc","images/men/image_656.jpg",101,"man",5,1,0
"eg0rhqyfa0tc","images/men/image_9606.jpg",102,"man",5,4,1
"eg0rhqyfa0tc","images/women/image_1089.jpg",103,"woman",4,1,0
"eg0rhqyfa0tc","images/women/image_8496.jpg",104,"woman",3,1,0
"eg0rhqyfa0tc","images/men/image_2410.jpg",105,"man",5,1,0
"eg0rhqyfa0tc","images/women/image_3158.jpg",106,"woman",3,1,0
"eg0rhqyfa0tc","images/women/image_3584.jpg",107,"woman",5,1,0
"eg0rhqyfa0tc","images/women/image_137.jpg",108,"woman",5,1,0
"eg0rhqyfa0tc","images/women/image_1533.jpg",109,"woman",4,1,0
"eg0rhqyfa0tc","images/men/image_5640.jpg",110,"man",4,1,0
"eg0rhqyfa0tc","images/women/image_4770.jpg",111,"woman",5,1,0
"eg0rhqyfa0tc","images/women/image_877.jpg",112,"woman",3,2,1
"eg0rhqyfa0tc","images/women/image_3495.jpg",113,"woman",5,4,1
"eg0rhqyfa0tc","images/men/image_9270.jpg",114,"man",3,1,0
"eg0rhqyfa0tc","images/women/image_595.jpg",115,"woman",4,2,1
"eg0rhqyfa0tc","images/men/image_2470.jpg",116,"man",4,2,1
"eg0rhqyfa0tc","images/men/image_746.jpg",117,"man",4,2,1
"eg0rhqyfa0tc","images/women/image_1868.jpg",118,"woman",3,2,1
"eg0rhqyfa0tc","images/men/image_626.jpg",119,"man",4,2,1
"eg0rhqyfa0tc","images/women/image_4394.jpg",120,"woman",4,3,1
"eg0rhqyfa0tc","images/men/image_4530.jpg",121,"man",3,1,0
"eg0rhqyfa0tc","images/women/image_1145.jpg",122,"woman",4,4,1
"eg0rhqyfa0tc","images/women/image_2873.jpg",123,"woman",5,1,0
"eg0rhqyfa0tc","images/women/image_8731.jpg",124,"woman",3,2,1
"eg0rhqyfa0tc","images/men/image_1431.jpg",125,"man",3,2,1
"eg0rhqyfa0tc","images/women/image_4787.jpg",126,"woman",4,1,0
"eg0rhqyfa0tc","images/men/image_969.jpg",127,"man",5,1,0
"eg0rhqyfa0tc","images/men/image_5794.jpg",128,"man",5,2,1
"eg0rhqyfa0tc","images/women/image_5525.jpg",129,"woman",5,1,0
"eg0rhqyfa0tc","images/women/image_33.jpg",130,"woman",5,2,1
"eg0rhqyfa0tc","images/men/image_201.jpg",131,"man",4,1,0
"eg0rhqyfa0tc","images/men/image_4402.jpg",132,"man",4,2,1
"eg0rhqyfa0tc","images/women/image_4564.jpg",133,"woman",4,1,0
"eg0rhqyfa0tc","images/men/image_9142.jpg",134,"man",4,3,1
"eg0rhqyfa0tc","images/men/image_169.jpg",135,"man",5,1,0
"eg0rhqyfa0tc","images/women/image_2264.jpg",136,"woman",5,2,1
"eg0rhqyfa0tc","images/women/image_5229.jpg",137,"woman",3,3,1
"eg0rhqyfa0tc","images/women/image_2797.jpg",138,"woman",3,2,1
"eg0rhqyfa0tc","images/men/image_2605.jpg",139,"man",5,4,1
"eg0rhqyfa0tc","images/men/image_4061.jpg",140,"man",3,1,0
"eg0rhqyfa0tc","images/women/image_288.jpg",141,"woman",3,1,0
"eg0rhqyfa0tc","images/men/image_3344.jpg",142,"man",5,1,0
"eg0rhqyfa0tc","images/women/image_960.jpg",143,"woman",5,1,0
"eg0rhqyfa0tc","images/men/image_1068.jpg",144,"man",4,2,1
"eg0rhqyfa0tc","images/women/image_9599.jpg",145,"woman",5,5,1
"eg0rhqyfa0tc","images/men/image_1598.jpg",146,"man",4,3,1
"eg0rhqyfa0tc","images/men/image_183.jpg",147,"man",3,3,1
"eg0rhqyfa0tc","images/women/image_311.jpg",148,"woman",4,2,1
"eg0rhqyfa0tc","images/women/image_1569.jpg",149,"woman",4,1,0
"eg0rhqyfa0tc","images/women/image_9734.jpg",150,"woman",3,1,0
"eg0rhqyfa0tc","images/women/image_4509.jpg",151,"woman",3,3,1
"eg0rhqyfa0tc","images/women/image_3179.jpg",152,"woman",4,2,1
"eg0rhqyfa0tc","images/women/image_1328.jpg",153,"woman",3,1,0
"eg0rhqyfa0tc","images/men/image_3998.jpg",154,"man",3,1,0
"eg0rhqyfa0tc","images/men/image_2586.jpg",155,"man",3,2,1
"eg0rhqyfa0tc","images/women/image_686.jpg",156,"woman",3,1,0
"eg0rhqyfa0tc","images/men/image_2621.jpg",157,"man",4,2,1
"eg0rhqyfa0tc","images/women/image_4492.jpg",158,"woman",5,2,1
"eg0rhqyfa0tc","images/men/image_2773.jpg",159,"man",3,1,0
"eg0rhqyfa0tc","images/women/image_1669.jpg",160,"woman",5,1,0
"eg0rhqyfa0tc","images/men/image_1091.jpg",161,"man",5,1,0
"eg0rhqyfa0tc","images/men/image_9058.jpg",162,"man",3,2,1
"eg0rhqyfa0tc","images/men/image_4370.jpg",163,"man",5,1,0
"eg0rhqyfa0tc","images/men/image_230.jpg",164,"man",3,2,1
"eg0rhqyfa0tc","images/women/image_3194.jpg",165,"woman",4,2,1
"eg0rhqyfa0tc","images/women/image_562.jpg",166,"woman",4,1,0
"eg0rhqyfa0tc","images/men/image_6078.jpg",167,"man",4,1,0
"eg0rhqyfa0tc","images/women/image_7911.jpg",168,"woman",4,2,1
"l855s3vqlrt0","images/women/image_960.jpg",1,"woman",3,3,1
"l855s3vqlrt0","images/men/image_4844.jpg",2,"man",4,1,0
"l855s3vqlrt0","images/women/image_3791.jpg",3,"woman",4,1,0
"l855s3vqlrt0","images/women/image_5665.jpg",4,"woman",3,1,0
"l855s3vqlrt0","images/women/image_4607.jpg",5,"woman",4,1,0
"l855s3vqlrt0","images/men/image_691.jpg",6,"man",5,5,1
"l855s3vqlrt0","images/women/image_2077.jpg",7,"woman",3,2,1
"l855s3vqlrt0","images/men/image_907.jpg",8,"man",4,4,1
"l855s3vqlrt0","images/women/image_5502.jpg",9,"woman",3,2,1
"l855s3vqlrt0","images/men/image_2621.jpg",10,"man",3,2,1
"l855s3vqlrt0","images/men/image_1785.jpg",11,"man",5,1,0
"l855s3vqlrt0","images/men/image_8907.jpg",12,"man",5,1,0
"l855s3vqlrt0","images/men/image_2417.jpg",13,"man",3,1,0
"l855s3vqlrt0","images/men/image_8998.jpg",14,"man",3,3,1
"l855s3vqlrt0","images/men/image_283.jpg",15,"man",5,2,1
"l855s3vqlrt0","images/women/image_565.jpg",16,"woman",4,1,0
"l855s3vqlrt0","images/men/image_9400.jpg",17,"man",4,2,1
"l855s3vqlrt0","images/women/image_1684.jpg",18,"woman",4,4,1
"l855s3vqlrt0","images/men/image_3830.jpg",19,"man",4,2,1
"l855s3vqlrt0","images/women/image_4859.jpg",20,"woman",4,1,0
"l855s3vqlrt0","images/women/image_398.jpg",21,"woman",3,1,0
"l855s3vqlrt0","images/women/image_4243.jpg",22,"woman",4,1,0
"l855s3vqlrt0","images/men/image_9528.jpg",23,"man",5,5,1
"l855s3vqlrt0","images/men/image_5296.jpg",24,"man",5,4,1
"l855s3vqlrt0","images/women/image_5525.jpg",25,"woman",3,3,1
"l855s3vqlrt0","images/women/image_5407.jpg",26,"woman",5,1,0
"l855s3vqlrt0","images/women/image_3883.jpg",27,"woman",3,2,1
"l855s3vqlrt0","images/women/image_1626.jpg",28,"woman",5,2,1
"l855s3vqlrt0","images/women/image_7755.jpg",29,"woman",5,1,0
"l855s3vqlrt0","images/women/image_1631.jpg",30,"woman",5,5,1
"l855s3vqlrt0","images/men/image_5120.jpg",31,"man",4,3,1
"l855s3vqlrt0","images/men/image_9947.jpg",32,"man",3,2,1
"l855s3vqlrt0","images/men/image_9301.jpg",33,"man",3,3,1
"l855s3vqlrt0","images/men/image_4181.jpg",34,"man",4,2,1
"l855s3vqlrt0","images/men/image_2695.jpg",35,"man",3,1,0
"l855s3vqlrt0","images/men/image_988.jpg",36,"man",5,1,0
"l855s3vqlrt0","images/men/image_4479.jpg",37,"man",4,2,1
"l855s3vqlrt0","images/women/image_9312.jpg",38,"woman",5,4,1
"l855s3vqlrt0","images/women/image_4000.jpg",39,"woman",5,1,0
"l855s3vqlrt0","images/men/image_4658.jpg",40,"man",3,3,1
"l855s3vqlrt0","images/women/image_1960.jpg",41,"woman",5,1,0
"l855s3vqlrt0","images/women/image_9345.jpg",42,"woman",4,1,0
"l855s3vqlrt0","images/women/image_3007.jpg",43,"woman",3,3,1
"l855s3vqlrt0","images/women/image_3450.jpg",44,"woman",5,4,1
"l855s3vqlrt0","images/women/image_1413.jpg",45,"woman",4,1,0
"l855s3vqlrt0","images/men/image_5238.jpg",46,"man",5,5,1
"l855s3vqlrt0","images/women/image_3741.jpg",47,"woman",4,1,0
"l855s3vqlrt0","images/women/image_5090.jpg",48,"woman",5,2,1
"l855s3vqlrt0","images/men/image_8707.jpg",49,"man",5,1,0
"l855s3vqlrt0","images/women/image_3179.jpg",50,"woman",4,3,1
"l855s3vqlrt0","images/men/image_5620.jpg",51,"man",3,2,1
"l855s3vqlrt0","images/women/image_1929.jpg",52,"woman",5,3,1
"l855s3vqlrt0","images/women/image_503.jpg",53,"woman",5,1,0
"l855s3vqlrt0","images/women/image_672.jpg",54,"woman",3,3,1
"l855s3vqlrt0","images/women/image_2760.jpg",55,"woman",3,1,0
"l855s3vqlrt0","images/women/image_719.jpg",56,"woman",4,1,0
"l855s3vqlrt0","images/women/image_3925.jpg",57,"woman",4,3,1
"l855s3vqlrt0","images/men/image_949.jpg",58,"man",3,1,0
"l855s3vqlrt0","images/women/image_8642.jpg",59,"woman",5,4,1
"l855s3vqlrt0","images/men/image_299.jpg",60,"man",4,2,1
"l855s3vqlrt0","images/women/image_3495.jpg",61,"woman",3,1,0
"l855s3vqlrt0","images/men/image_8677.jpg",62,"man",4,4,1
"l855s3vqlrt0","images/men/image_3973.jpg",63,"man",3,3,1
"l855s3vqlrt0","images/women/image_4740.jpg",64,"woman",3,1,0
"l855s3vqlrt0","images/men/image_16.jpg",65,"man",5,1,0
"l855s3vqlrt0","images/women/image_4483.jpg",66,"woman",4,1,0
"l855s3vqlrt0","images/men/image_2962.jpg",67,"man",5,3,1
"l855s3vqlrt0","images/men/image_356.jpg",68,"man",4,2,1
"l855s3vqlrt0","images/men/image_2381.jpg",69,"man",3,3,1
"l855s3vqlrt0","images/men/image_1265.jpg",70,"man",5,1,0
"l855s3vqlrt0","images/men/image_2153.jpg",71,"man",3,3,1
"l855s3vqlrt0","images/men/image_3124.jpg",72,"man",3,2,1
"l855s3vqlrt0","images/men/image_3491.jpg",73,"man",3,2,1
"l855s3vqlrt0","images/men/image_4946.jpg",74,"man",4,2,1
"l855s3vqlrt0","images/men/image_5910.jpg",75,"man",4,4,1
"l855s3vqlrt0","images/men/image_8547.jpg",76,"man",4,4,1
"l855s3vqlrt0","images/men/image_697.jpg",77,"man",5,2,1
"l855s3vqlrt0","images/women/image_877.jpg",78,"woman",3,3,1
"l855s3vqlrt0","images/men/image_3792.jpg",79,"man",4,3,1
"l855s3vqlrt0","images/women/image_4236.jpg",80,"woman",4,2,1
"l855s3vqlrt0","images/women/image_4393.jpg",81,"woman",5,2,1
"l855s3vqlrt0","images/women/image_695.jpg",82,"woman",5,2,1
"l855s3vqlrt0","images/men/image_4566.jpg",83,"man",5,3,1
"l855s3vqlrt0","images/women/image_2232.jpg",84,"woman",3,1,0
"l855s3vqlrt0","images/men/image_4942.jpg",85,"man",3,1,0
"l855s3vqlrt0","images/women/image_2051.jpg",86,"woman",4,4,1
"l855s3vqlrt0","images/women/image_3325.jpg",87,"woman",3,1,0
"l855s3vqlrt0","images/women/image_9669.jpg",88,"woman",5,4,1
"l855s3vqlrt0","images/men/image_3951.jpg",89,"man",3,3,1
"l855s3vqlrt0","images/women/image_9313.jpg",90,"woman",4,4,1
"l855s3vqlrt0","images/men/image_3029.jpg",91,"man",5,1,0
"l855s3vqlrt0","images/women/image_9720.jpg",92,"woman",4,4,1
"l855s3vqlrt0","images/women/image_9769.jpg",93,"woman",5,3,1
"l855s3vqlrt0","images/women/image_8472.jpg",94,"woman",5,2,1
"l855s3vqlrt0","images/men/image_2914.jpg",95,"man",5,1,0
"l855s3vqlrt0","images/women/image_5566.jpg",96,"woman",3,2,1
"l855s3vqlrt0","images/men/image_3138.jpg",97,"man",5,5,1
"l855s3vqlrt0","images/men/image_1016.jpg",98,"man",4,4,1
"l855s3vqlrt0","images/men/image_6059.jpg",99,"man",4,2,1
"l855s3vqlrt0","images/women/image_510.jpg",100,"woman",5,5,1
"l855s3vqlrt0","images/men/image_1889.jpg",101,"man",4,1,0
"l855s3vqlrt0","images/women/image_9723.jpg",102,"woman",4,3,1
"l855s3vqlrt0","images/women/image_4798.jpg",103,"woman",3,3,1
"l855s3vqlrt0","images/men/image_9986.jpg",104,"man",3,2,1
"l855s3vqlrt0","images/men/image_183.jpg",105,"man",3,2,1
"l855s3vqlrt0","images/men/image_4803.jpg",106,"man",4,1,0
"l855s3vqlrt0","images/men/image_4654.jpg",107,"man",3,3,1
"l855s3vqlrt0","images/men/image_3110.jpg",108,"man",5,4,1
"l855s3vqlrt0","images/women/image_2008.jpg",109,"woman",3,1,0
"l855s3vqlrt0","images/women/image_2815.jpg",110,"woman",4,1,0
"l855s3vqlrt0","images/women/image_8507.jpg",111,"woman",4,1,0
"l855s3vqlrt0","images/women/image_3389.jpg",112,"woman",5,1,0
"l855s3vqlrt0","images/men/image_265.jpg",113,"man",4,4,1
"l855s3vqlrt0","images/men/image_3568.jpg",114,"man",5,5,1
"l855s3vqlrt0","images/women/image_4996.jpg",115,"woman",5,1,0
"l855s3vqlrt0","images/women/image_2500.jpg",116,"woman",5,2,1
"l855s3vqlrt0","images/men/image_1542.jpg",117,"man",5,4,1
"l855s3vqlrt0","images/men/image_4875.jpg",118,"man",3,2,1
"l855s3vqlrt0","images/men/image_5709.jpg",119,"man",3,3,1
"l855s3vqlrt0","images/women/image_945.jpg",120,"woman",4,2,1
"l855s3vqlrt0","images/women/image_8739.jpg",121,"woman",3,1,0
"l855s3vqlrt0","images/women/image_8422.jpg",122,"woman",3,1,0
"l855s3vqlrt0","images/women/image_5289.jpg",123,"woman",3,1,0
"l855s3vqlrt0","images/men/image_1629.jpg",124,"man",4,3,1
"l855s3vqlrt0","images/men/image_1522.jpg",125,"man",4,2,1
"l855s3vqlrt0","images/men/image_9431.jpg",126,"man",5,5,1
"l855s3vqlrt0","images/men/image_489.jpg",127,"man",4,1,0
"l855s3vqlrt0","images/men/image_2632.jpg",128,"man",3,2,1
"l855s3vqlrt0","images/men/image_169.jpg",129,"man",4,1,0
"l855s3vqlrt0","images/women/image_4586.jpg",130,"woman",5,4,1
"l855s3vqlrt0","images/men/image_336.jpg",131,"man",4,1,0
"l855s3vqlrt0","images/men/image_4938.jpg",132,"man",5,4,1
"l855s3vqlrt0","images/men/image_9058.jpg",133,"man",3,3,1
"l855s3vqlrt0","images/women/image_8510.jpg",134,"woman",4,2,1
"l855s3vqlrt0","images/women/image_4331.jpg",135,"woman",3,3,1
"l855s3vqlrt0","images/women/image_9734.jpg",136,"woman",5,3,1
"l855s3vqlrt0","images/women/image_9529.jpg",137,"woman",4,3,1
"l855s3vqlrt0","images/women/image_3010.jpg",138,"woman",3,1,0
"l855s3vqlrt0","images/women/image_5229.jpg",139,"woman",5,2,1
"l855s3vqlrt0","images/men/image_592.jpg",140,"man",3,3,1
"l855s3vqlrt0","images/men/image_5445.jpg",141,"man",5,5,1
"l855s3vqlrt0","images/women/image_7855.jpg",142,"woman",4,1,0
"l855s3vqlrt0","images/men/image_4466.jpg",143,"man",5,4,1
"l855s3vqlrt0","images/women/image_4257.jpg",144,"woman",3,3,1
"l855s3vqlrt0","images/women/image_3960.jpg",145,"woman",3,1,0
"l855s3vqlrt0","images/women/image_2689.jpg",146,"woman",4,1,0
"l855s3vqlrt0","images/women/image_5177.jpg",147,"woman",4,4,1
"l855s3vqlrt0","images/women/image_8590.jpg",148,"woman",3,2,1
"l855s3vqlrt0","images/women/image_9232.jpg",149,"woman",3,1,0
"l855s3vqlrt0","images/men/image_9625.jpg",150,"man",4,1,0
"l855s3vqlrt0","images/men/image_922.jpg",151,"man",4,1,0
"l855s3vqlrt0","images/men/image_4462.jpg",152,"man",5,4,1
"l855s3vqlrt0","images/women/image_47.jpg",153,"woman",5,2,1
"l855s3vqlrt0","images/women/image_6010.jpg",154,"woman",5,1,0
"l855s3vqlrt0","images/men/image_752.jpg",155,"man",3,2,1
"l855s3vqlrt0","images/men/image_2523.jpg",156,"man",4,3,1
"l855s3vqlrt0","images/men/image_2081.jpg",157,"man",5,2,1
"l855s3vqlrt0","images/women/image_5198.jpg",158,"woman",5,3,1
"l855s3vqlrt0","images/men/image_4964.jpg",159,"man",3,3,1
"l855s3vqlrt0","images/women/image_1367.jpg",160,"woman",4,1,0
"l855s3vqlrt0","images/women/image_3279.jpg",161,"woman",5,5,1
"l855s3vqlrt0","images/men/image_217.jpg",162,"man",5,3,1
"l855s3vqlrt0","images/men/image_4708.jpg",163,"man",3,1,0
"l855s3vqlrt0","images/men/image_5436.jpg",164,"man",3,2,1
"l855s3vqlrt0","images/women/image_2412.jpg",165,"woman",4,4,1
"l855s3vqlrt0","images/men/image_4287.jpg",166,"man",5,1,0
"l855s3vqlrt0","images/women/image_5284.jpg",167,"woman",3,3,1
"l855s3vqlrt0","images/men/image_4832.jpg",168,"man",4,2,1
"v5qmur4neaoh","images/men/image_3785.jpg",1,"man",3,2,1
"v5qmur4neaoh","images/men/image_5125.jpg",2,"man",3,1,0
"v5qmur4neaoh","images/women/image_141.jpg",3,"woman",4,1,0
"v5qmur4neaoh","images/women/image_2560.jpg",4,"woman",5,1,0
"v5qmur4neaoh","images/women/image_496.jpg",5,"woman",5,5,1
"v5qmur4neaoh","images/women/image_9973.jpg",6,"woman",3,1,0
"v5qmur4neaoh","images/men/image_6019.jpg",7,"man",3,1,0
"v5qmur4neaoh","images/women/image_1328.jpg",8,"woman",4,1,0
"v5qmur4neaoh","images/women/image_3674.jpg",9,"woman",5,1,0
"v5qmur4neaoh","images/men/image_341.jpg",10,"man",3,1,0
"v5qmur4neaoh","images/women/image_355.jpg",11,"woman",4,1,0
"v5qmur4neaoh","images/women/image_9800.jpg",12,"woman",4,1,0
"v5qmur4neaoh","images/men/image_902.jpg",13,"man",3,1,0
"v5qmur4neaoh","images/men/image_679.jpg",14,"man",4,1,0
"v5qmur4neaoh","images/women/image_3075.jpg",15,"woman",3,3,1
"v5qmur4neaoh","images/women/image_4331.jpg",16,"woman",3,3,1
"v5qmur4neaoh","images/women/image_2112.jpg",17,"woman",4,1,0
"v5qmur4neaoh","images/men/image_415.jpg",18,"man",5,4,1
"v5qmur4neaoh","images/women/image_719.jpg",19,"woman",3,2,1
"v5qmur4neaoh","images/men/image_5577.jpg",20,"man",4,1,0
"v5qmur4neaoh","images/women/image_8311.jpg",21,"woman",5,4,1
"v5qmur4neaoh","images/men/image_5305.jpg",22,"man",4,1,0
"v5qmur4neaoh","images/men/image_4724.jpg",23,"man",5,1,0
"v5qmur4neaoh","images/women/image_757.jpg",24,"woman",5,1,0
"v5qmur4neaoh","images/men/image_4816.jpg",25,"man",5,4,1
"v5qmur4neaoh","images/men/image_9948.jpg",26,"man",4,1,0
"v5qmur4neaoh","images/men/image_4537.jpg",27,"man",3,1,0
"v5qmur4neaoh","images/women/image_1623.jpg",28,"woman",5,5,1
"v5qmur4neaoh","images/women/image_1892.jpg",29,"woman",5,1,0
"v5qmur4neaoh","images/men/image_179.jpg",30,"man",5,1,0
"v5qmur4neaoh","images/women/image_8398.jpg",31,"woman",4,1,0
"v5qmur4neaoh","images/men/image_5150.jpg",32,"man",4,1,0
"v5qmur4neaoh","images/women/image_335.jpg",33,"woman",3,2,1
"v5qmur4neaoh","images/women/image_9669.jpg",34,"woman",3,1,0
"v5qmur4neaoh","images/men/image_2605.jpg",35,"man",4,3,1
"v5qmur4neaoh","images/men/image_9618.jpg",36,"man",4,3,1
"v5qmur4neaoh","images/men/image_4222.jpg",37,"man",3,1,0
"v5qmur4neaoh","images/men/image_988.jpg",38,"man",5,1,0
"v5qmur4neaoh","images/men/image_3792.jpg",39,"man",5,1,0
"v5qmur4neaoh","images/men/image_2173.jpg",40,"man",5,1,0
"v5qmur4neaoh","images/women/image_2016.jpg",41,"woman",4,2,1
"v5qmur4neaoh","images/women/image_2264.jpg",42,"woman",3,3,1
"v5qmur4neaoh","images/women/image_5177.jpg",43,"woman",5,3,1
"v5qmur4neaoh","images/women/image_3367.jpg",44,"woman",4,1,0
"v5qmur4neaoh","images/men/image_8531.jpg",45,"man",5,3,1
"v5qmur4neaoh","images/women/image_2136.jpg",46,"woman",4,2,1
"v5qmur4neaoh","images/women/image_8731.jpg",47,"woman",3,2,1
"v5qmur4neaoh","images/men/image_930.jpg",48,"man",5,3,1
"v5qmur4neaoh","images/men/image_495.jpg",49,"man",4,1,0
"v5qmur4neaoh","images/women/image_4261.jpg",50,"woman",3,2,1
"v5qmur4neaoh","images/men/image_4942.jpg",51,"man",3,1,0
"v5qmur4neaoh","images/women/image_3495.jpg",52,"woman",3,1,0
"v5qmur4neaoh","images/men/image_9229.jpg",53,"man",4,3,1
"v5qmur4neaoh","images/men/image_9625.jpg",54,"man",5,4,1
"v5qmur4neaoh","images/men/image_4603.jpg",55,"man",5,1,0
"v5qmur4neaoh","images/women/image_5228.jpg",56,"woman",3,2,1
"v5qmur4neaoh","images/men/image_90.jpg",57,"man",4,3,1
"v5qmur4neaoh","images/women/image_8338.jpg",58,"woman",4,2,1
"v5qmur4neaoh","images/men/image_3632.jpg",59,"man",3,1,0
"v5qmur4neaoh","images/men/image_2018.jpg",60,"man",4,1,0
"v5qmur4neaoh","images/women/image_5665.jpg",61,"woman",5,2,1
"v5qmur4neaoh","images/women/image_2553.jpg",62,"woman",3,1,0
"v5qmur4neaoh","images/men/image_8648.jpg",63,"man",4,3,1
"v5qmur4neaoh","images/men/image_2192.jpg",64,"man",3,1,0
"v5qmur4neaoh","images/women/image_4564.jpg",65,"woman",3,1,0
"v5qmur4neaoh","images/women/image_8684.jpg",66,"woman",4,2,1
"v5qmur4neaoh","images/men/image_383.jpg",67,"man",3,2,1
"v5qmur4neaoh","images/women/image_740.jpg",68,"woman",5,1,0
"v5qmur4neaoh","images/women/image_3935.jpg",69,"woman",5,2,1
"v5qmur4neaoh","images/women/image_4163.jpg",70,"woman",5,3,1
"v5qmur4neaoh","images/men/image_681.jpg",71,"man",3,1,0
"v5qmur4neaoh","images/men/image_4972.jpg",72,"man",3,2,1
"v5qmur4neaoh","images/women/image_3007.jpg",73,"woman",4,4,1
"v5qmur4neaoh","images/men/image_9984.jpg",74,"man",5,4,1
"v5qmur4neaoh","images/men/image_5.jpg",75,"man",4,3,1
"v5qmur4neaoh","images/women/image_479.jpg",76,"woman",4,2,1
"v5qmur4neaoh","images/men/image_1768.jpg",77,"man",5,1,0
"v5qmur4neaoh","images/women/image_3283.jpg",78,"woman",3,1,0
"v5qmur4neaoh","images/men/image_337.jpg",79,"man",4,1,0
"v5qmur4neaoh","images/men/image_656.jpg",80,"man",3,1,0
"v5qmur4neaoh","images/women/image_5758.jpg",81,"woman",4,2,1
"v5qmur4neaoh","images/men/image_620.jpg",82,"man",5,5,1
"v5qmur4neaoh","images/women/image_8554.jpg",83,"woman",5,1,0
"v5qmur4neaoh","images/women/image_3722.jpg",84,"woman",5,1,0
"v5qmur4neaoh","images/women/image_1295.jpg",85,"woman",4,3,1
"v5qmur4neaoh","images/women/image_2994.jpg",86,"woman",3,3,1
"v5qmur4neaoh","images/men/image_1598.jpg",87,"man",4,3,1
"v5qmur4neaoh","images/women/image_562.jpg",88,"woman",5,4,1
"v5qmur4neaoh","images/men/image_1129.jpg",89,"man",5,3,1
"v5qmur4neaoh","images/men/image_2479.jpg",90,"man",3,3,1
"v5qmur4neaoh","images/women/image_1132.jpg",91,"woman",3,2,1
"v5qmur4neaoh","images/men/image_1601.jpg",92,"man",4,1,0
"v5qmur4neaoh","images/women/image_510.jpg",93,"woman",4,1,0
"v5qmur4neaoh","images/men/image_9930.jpg",94,"man",5,1,0
"v5qmur4neaoh","images/men/image_3894.jpg",95,"man",3,1,0
"v5qmur4neaoh","images/women/image_7888.jpg",96,"woman",5,2,1
"v5qmur4neaoh","images/men/image_8443.jpg",97,"man",4,2,1
"v5qmur4neaoh","images/women/image_3867.jpg",98,"woman",3,1,0
"v5qmur4neaoh","images/women/image_764.jpg",99,"woman",3,1,0
"v5qmur4neaoh","images/men/image_2436.jpg",100,"man",5,1,0
"v5qmur4neaoh","images/men/image_2524.jpg",101,"man",5,5,1
"v5qmur4neaoh","images/women/image_4509.jpg",102,"woman",5,2,1
"v5qmur4neaoh","images/women/image_7855.jpg",103,"woman",4,2,1
"v5qmur4neaoh","images/men/image_4135.jpg",104,"man",3,1,0
"v5qmur4neaoh","images/men/image_2651.jpg",105,"man",5,1,0
"v5qmur4neaoh","images/men/image_1068.jpg",106,"man",4,1,0
"v5qmur4neaoh","images/women/image_1403.jpg",107,"woman",5,1,0
"v5qmur4neaoh","images/women/image_86.jpg",108,"woman",3,1,0
"v5qmur4neaoh","images/women/image_1314.jpg",109,"woman",5,4,1
"v5qmur4neaoh","images/men/image_1310.jpg",110,"man",4,1,0
"v5qmur4neaoh","images/men/image_2781.jpg",111,"man",5,2,1
"v5qmur4neaoh","images/men/image_386.jpg",112,"man",3,1,0
"v5qmur4neaoh","images/men/image_1331.jpg",113,"man",4,4,1
"v5qmur4neaoh","images/men/image_592.jpg",114,"man",4,3,1
"v5qmur4neaoh","images/men/image_3687.jpg",115,"man",3,3,1
"v5qmur4neaoh","images/women/image_1994.jpg",116,"woman",5,5,1
"v5qmur4neaoh","images/women/image_9383.jpg",117,"woman",4,4,1
"v5qmur4neaoh","images/men/image_8446.jpg",118,"man",3,1,0
"v5qmur4neaoh","images/men/image_9883.jpg",119,"man",3,1,0
"v5qmur4neaoh","images/women/image_3611.jpg",120,"woman",4,1,0
"v5qmur4neaoh","images/women/image_947.jpg",121,"woman",4,1,0
"v5qmur4neaoh","images/men/image_3110.jpg",122,"man",5,4,1
"v5qmur4neaoh","images/women/image_6220.jpg",123,"woman",4,1,0
"v5qmur4neaoh","images/women/image_4652.jpg",124,"woman",3,3,1
"v5qmur4neaoh","images/women/image_1364.jpg",125,"woman",3,3,1
"v5qmur4neaoh","images/women/image_5357.jpg",126,"woman",5,1,0
"v5qmur4neaoh","images/men/image_230.jpg",127,"man",3,1,0
"v5qmur4neaoh","images/women/image_9755.jpg",128,"woman",3,1,0
"v5qmur4neaoh","images/men/image_8467.jpg",129,"man",5,2,1
"v5qmur4neaoh","images/men/image_9704.jpg",130,"man",5,1,0
"v5qmur4neaoh","images/men/image_3331.jpg",131,"man",3,2,1
"v5qmur4neaoh","images/men/image_901.jpg",132,"man",4,1,0
"v5qmur4neaoh","images/women/image_2500.jpg",133,"woman",4,1,0
"v5qmur4neaoh","images/men/image_4429.jpg",134,"man",4,3,1
"v5qmur4neaoh","images/men/image_792.jpg",135,"man",4,1,0
"v5qmur4neaoh","images/women/image_1684.jpg",136,"woman",3,1,0
"v5qmur4neaoh","images/women/image_3557.jpg",137,"woman",4,4,1
"v5qmur4neaoh","images/women/image_1145.jpg",138,"woman",4,1,0
"v5qmur4neaoh","images/men/image_2914.jpg",139,"man",3,3,1
"v5qmur4neaoh","images/men/image_922.jpg",140,"man",5,4,1
"v5qmur4neaoh","images/men/image_676.jpg",141,"man",4,3,1
"v5qmur4neaoh","images/men/image_3473.jpg",142,"man",5,5,1
"v5qmur4neaoh","images/men/image_626.jpg",143,"man",4,1,0
"v5qmur4neaoh","images/men/image_3404.jpg",144,"man",5,5,1
"v5qmur4neaoh","images/women/image_5326.jpg",145,"woman",5,1,0
"v5qmur4neaoh","images/women/image_7696.jpg",146,"woman",5,5,1
"v5qmur4neaoh","images/women/image_8717.jpg",147,"woman",5,1,0
"v5qmur4neaoh","images/men/image_321.jpg",148,"man",4,2,1
"v5qmur4neaoh","images/men/image_1395.jpg",149,"man",3,3,1
"v5qmur4neaoh","images/men/image_5445.jpg",150,"man",3,2,1
"v5qmur4neaoh","images/women/image_4607.jpg",151,"woman",3,3,1
"v5qmur4neaoh","images/women/image_1351.jpg",152,"woman",5,2,1
"v5qmur4neaoh","images/men/image_3265.jpg",153,"man",5,1,0
"v5qmur4neaoh","images/women/image_4988.jpg",154,"woman",4,1,0
"v5qmur4neaoh","images/women/image_331.jpg",155,"woman",3,2,1
"v5qmur4neaoh","images/women/image_3751.jpg",156,"woman",5,1,0
"v5qmur4neaoh","images/men/image_1615.jpg",157,"man",5,2,1
"v5qmur4neaoh","images/women/image_5592.jpg",158,"woman",4,1,0
"v5qmur4neaoh","images/women/image_1495.jpg",159,"woman",5,4,1
"v5qmur4neaoh","images/men/image_3358.jpg",160,"man",4,1,0
"v5qmur4neaoh","images/women/image_1576.jpg",161,"woman",4,4,1
"v5qmur4neaoh","images/women/image_3960.jpg",162,"woman",3,1,0
"v5qmur4neaoh","images/men/image_3794.jpg",163,"man",3,1,0
"v5qmur4neaoh","images/women/image_4965.jpg",164,"woman",4,2,1
"v5qmur4neaoh","images/women/image_9879.jpg",165,"woman",5,1,0
"v5qmur4neaoh","images/women/image_9278.jpg",166,"woman",3,2,1
"v5qmur4neaoh","images/women/image_5198.jpg",167,"woman",3,1,0
"v5qmur4neaoh","images/men/image_1051.jpg",168,"man",3,2,1
"qbv91rrkgj0h","images/men/image_8443.jpg",1,"man",4,2,1
"qbv91rrkgj0h","images/men/image_4591.jpg",2,"man",5,2,1
"qbv91rrkgj0h","images/women/image_1168.jpg",3,"woman",4,1,0
"qbv91rrkgj0h","images/women/image_9268.jpg",4,"woman",3,2,1
"qbv91rrkgj0h","images/men/image_2884.jpg",5,"man",4,1,0
"qbv91rrkgj0h","images/men/image_9758.jpg",6,"man",4,2,1
"qbv91rrkgj0h","images/women/image_3619.jpg",7,"woman",4,1,0
"qbv91rrkgj0h","images/women/image_3582.jpg",8,"woman",5,4,1
"qbv91rrkgj0h","images/women/image_8992.jpg",9,"woman",3,1,0
"qbv91rrkgj0h","images/women/image_1631.jpg",10,"woman",3,3,1
"qbv91rrkgj0h","images/men/image_8517.jpg",11,"man",3,2,1
"qbv91rrkgj0h","images/men/image_789.jpg",12,"man",5,2,1
"qbv91rrkgj0h","images/men/image_8843.jpg",13,"man",3,3,1
"qbv91rrkgj0h","images/men/image_979.jpg",14,"man",5,2,1
"qbv91rrkgj0h","images/women/image_2292.jpg",15,"woman",5,1,0
"qbv91rrkgj0h","images/men/image_4724.jpg",16,"man",3,1,0
"qbv91rrkgj0h","images/men/image_3792.jpg",17,"man",5,3,1
"qbv91rrkgj0h","images/men/image_1522.jpg",18,"man",4,1,0
"qbv91rrkgj0h","images/women/image_424.jpg",19,"woman",5,1,0
"qbv91rrkgj0h","images/men/image_5152.jpg",20,"man",3,1,0
"qbv91rrkgj0h","images/women/image_5766.jpg",21,"woman",3,1,0
"qbv91rrkgj0h","images/women/image_110.jpg",22,"woman",5,1,0
"qbv91rrkgj0h","images/men/image_5145.jpg",23,"man",5,3,1
"qbv91rrkgj0h","images/women/image_682.jpg",24,"woman",5,1,0
"qbv91rrkgj0h","images/men/image_443.jpg",25,"man",4,2,1
"qbv91rrkgj0h","images/women/image_5192.jpg",26,"woman",4,3,1
"qbv91rrkgj0h","images/women/image_30.jpg",27,"woman",3,1,0
"qbv91rrkgj0h","images/women/image_1328.jpg",28,"woman",4,3,1
"qbv91rrkgj0h","images/women/image_333.jpg",29,"woman",4,1,0
"qbv91rrkgj0h","images/men/image_3473.jpg",30,"man",5,2,1
"qbv91rrkgj0h","images/men/image_3573.jpg",31,"man",3,1,0
"qbv91rrkgj0h","images/men/image_3358.jpg",32,"man",5,4,1
"qbv91rrkgj0h","images/men/image_4135.jpg",33,"man",3,2,1
"qbv91rrkgj0h","images/men/image_4735.jpg",34,"man",4,1,0
"qbv91rrkgj0h","images/women/image_7888.jpg",35,"woman",4,1,0
"qbv91rrkgj0h","images/men/image_4157.jpg",36,"man",4,1,0
"qbv91rrkgj0h","images/women/image_2560.jpg",37,"woman",5,1,0
"qbv91rrkgj0h","images/women/image_1593.jpg",38,"woman",3,2,1
"qbv91rrkgj0h","images/women/image_7876.jpg",39,"woman",3,1,0
"qbv91rrkgj0h","images/men/image_4320.jpg",40,"man",3,3,1
"qbv91rrkgj0h","images/women/image_2232.jpg",41,"woman",4,1,0
"qbv91rrkgj0h","images/women/image_8311.jpg",42,"woman",5,5,1
"qbv91rrkgj0h","images/men/image_3914.jpg",43,"man",5,1,0
"qbv91rrkgj0h","images/men/image_265.jpg",44,"man",3,1,0
"qbv91rrkgj0h","images/women/image_4338.jpg",45,"woman",3,1,0
"qbv91rrkgj0h","images/men/image_1129.jpg",46,"man",4,1,0
"qbv91rrkgj0h","images/men/image_8467.jpg",47,"man",4,1,0
"qbv91rrkgj0h","images/men/image_1247.jpg",48,"man",3,2,1
"qbv91rrkgj0h","images/men/image_1601.jpg",49,"man",5,3,1
"qbv91rrkgj0h","images/men/image_3612.jpg",50,"man",4,1,0
"qbv91rrkgj0h","images/women/image_8880.jpg",51,"woman",3,1,0
"qbv91rrkgj0h","images/women/image_4638.jpg",52,"woman",4,3,1
"qbv91rrkgj0h","images/men/image_656.jpg",53,"man",5,3,1
"qbv91rrkgj0h","images/women/image_4827.jpg",54,"woman",3,2,1
"qbv91rrkgj0h","images/men/image_4858.jpg",55,"man",5,4,1
"qbv91rrkgj0h","images/women/image_494.jpg",56,"woman",5,5,1
"qbv91rrkgj0h","images/men/image_922.jpg",57,"man",4,2,1
"qbv91rrkgj0h","images/women/image_1314.jpg",58,"woman",3,3,1
"qbv91rrkgj0h","images/women/image_8700.jpg",59,"woman",4,3,1
"qbv91rrkgj0h","images/women/image_7696.jpg",60,"woman",3,3,1
"qbv91rrkgj0h","images/men/image_4938.jpg",61,"man",4,1,0
"qbv91rrkgj0h","images/women/image_4583.jpg",62,"woman",5,4,1
"qbv91rrkgj0h","images/men/image_2530.jpg",63,"man",3,2,1
"qbv91rrkgj0h","images/men/image_6078.jpg",64,"man",5,3,1
"qbv91rrkgj0h","images/women/image_2631.jpg",65,"woman",5,1,0
"qbv91rrkgj0h","images/women/image_5550.jpg",66,"woman",5,3,1
"qbv91rrkgj0h","images/women/image_3293.jpg",67,"woman",5,2,1
"qbv91rrkgj0h","images/men/image_4462.jpg",68,"man",5,1,0
"qbv91rrkgj0h","images/women/image_2697.jpg",69,"woman",4,2,1
"qbv91rrkgj0h","images/women/image_5396.jpg",70,"woman",4,2,1
"qbv91rrkgj0h","images/women/image_9769.jpg",71,"woman",5,4,1
"qbv91rrkgj0h","images/men/image_4657.jpg",72,"man",3,1,0
"qbv91rrkgj0h","images/men/image_795.jpg",73,"man",4,3,1
"qbv91rrkgj0h","images/women/image_9313.jpg",74,"woman",3,3,1
"qbv91rrkgj0h","images/women/image_2930.jpg",75,"woman",5,4,1
"qbv91rrkgj0h","images/women/image_4988.jpg",76,"woman",3,2,1
"qbv91rrkgj0h","images/women/image_549.jpg",77,"woman",4,1,0
"qbv91rrkgj0h","images/men/image_9892.jpg",78,"man",3,3,1
"qbv91rrkgj0h","images/women/image_4622.jpg",79,"woman",4,3,1
"qbv91rrkgj0h","images/women/image_4417.jpg",80,"woman",4,4,1
"qbv91rrkgj0h","images/men/image_16.jpg",81,"man",5,1,0
"qbv91rrkgj0h","images/men/image_9400.jpg",82,"man",4,1,0
"qbv91rrkgj0h","images/men/image_1747.jpg",83,"man",3,1,0
"qbv91rrkgj0h","images/men/image_614.jpg",84,"man",3,2,1
"qbv91rrkgj0h","images/women/image_141.jpg",85,"woman",4,1,0
"qbv91rrkgj0h","images/men/image_3110.jpg",86,"man",4,1,0
"qbv91rrkgj0h","images/women/image_3371.jpg",87,"woman",5,3,1
"qbv91rrkgj0h","images/men/image_2948.jpg",88,"man",5,5,1
"qbv91rrkgj0h","images/men/image_5743.jpg",89,"man",3,1,0
"qbv91rrkgj0h","images/women/image_5068.jpg",90,"woman",4,2,1
"qbv91rrkgj0h","images/men/image_338.jpg",91,"man",5,1,0
"qbv91rrkgj0h","images/men/image_4303.jpg",92,"man",5,1,0
"qbv91rrkgj0h","images/women/image_2689.jpg",93,"woman",5,3,1
"qbv91rrkgj0h","images/women/image_9383.jpg",94,"woman",3,3,1
"qbv91rrkgj0h","images/women/image_5056.jpg",95,"woman",4,4,1
"qbv91rrkgj0h","images/women/image_6220.jpg",96,"woman",5,3,1
"qbv91rrkgj0h","images/men/image_2335.jpg",97,"man",4,1,0
"qbv91rrkgj0h","images/men/image_230.jpg",98,"man",3,1,0
"qbv91rrkgj0h","images/men/image_3754.jpg",99,"man",3,1,0
"qbv91rrkgj0h","images/men/image_3184.jpg",100,"man",3,2,1
"qbv91rrkgj0h","images/men/image_4981.jpg",101,"man",5,1,0
"qbv91rrkgj0h","images/women/image_704.jpg",102,"woman",4,1,0
"qbv91rrkgj0h","images/men/image_2018.jpg",103,"man",3,1,0
"qbv91rrkgj0h","images/men/image_1310.jpg",104,"man",5,2,1
"qbv91rrkgj0h","images/men/image_1431.jpg",105,"man",4,1,0
"qbv91rrkgj0h","images/women/image_8483.jpg",106,"woman",3,1,0
"qbv91rrkgj0h","images/men/image_3794.jpg",107,"man",4,1,0
"qbv91rrkgj0h","images/women/image_4996.jpg",108,"woman",3,1,0
"qbv91rrkgj0h","images/men/image_337.jpg",109,"man",4,3,1
"qbv91rrkgj0h","images/women/image_3010.jpg",110,"woman",5,1,0
"qbv91rrkgj0h","images/men/image_356.jpg",111,"man",3,1,0
"qbv91rrkgj0h","images/women/image_4899.jpg",112,"woman",3,1,0
"qbv91rrkgj0h","images/women/image_4258.jpg",113,"woman",5,3,1
"qbv91rrkgj0h","images/men/image_9229.jpg",114,"man",3,3,1
"qbv91rrkgj0h","images/women/image_4236.jpg",115,"woman",3,3,1
"qbv91rrkgj0h","images/men/image_1261.jpg",116,"man",5,1,0
"qbv91rrkgj0h","images/men/image_4979.jpg",117,"man",5,2,1
"qbv91rrkgj0h","images/women/image_5289.jpg",118,"woman",3,2,1
"qbv91rrkgj0h","images/women/image_8877.jpg",119,"woman",5,4,1
"qbv91rrkgj0h","images/men/image_2897.jpg",120,"man",4,2,1
"qbv91rrkgj0h","images/women/image_3434.jpg",121,"woman",4,3,1
"qbv91rrkgj0h","images/women/image_4394.jpg",122,"woman",5,1,0
"qbv91rrkgj0h","images/women/image_3996.jpg",123,"woman",4,2,1
"qbv91rrkgj0h","images/men/image_1803.jpg",124,"man",4,3,1
"qbv91rrkgj0h","images/women/image_3448.jpg",125,"woman",3,1,0
"qbv91rrkgj0h","images/women/image_8383.jpg",126,"woman",4,1,0
"qbv91rrkgj0h","images/women/image_5407.jpg",127,"woman",4,3,1
"qbv91rrkgj0h","images/men/image_628.jpg",128,"man",5,3,1
"qbv91rrkgj0h","images/men/image_1139.jpg",129,"man",4,1,0
"qbv91rrkgj0h","images/women/image_9718.jpg",130,"woman",5,1,0
"qbv91rrkgj0h","images/women/image_86.jpg",131,"woman",5,2,1
"qbv91rrkgj0h","images/men/image_1585.jpg",132,"man",5,2,1
"qbv91rrkgj0h","images/women/image_2029.jpg",133,"woman",5,2,1
"qbv91rrkgj0h","images/men/image_1835.jpg",134,"man",4,3,1
"qbv91rrkgj0h","images/women/image_2873.jpg",135,"woman",5,4,1
"qbv91rrkgj0h","images/men/image_8575.jpg",136,"man",3,3,1
"qbv91rrkgj0h","images/women/image_8727.jpg",137,"woman",3,3,1
"qbv91rrkgj0h","images/women/image_4163.jpg",138,"woman",4,1,0
"qbv91rrkgj0h","images/women/image_4680.jpg",139,"woman",4,2,1
"qbv91rrkgj0h","images/women/image_3956.jpg",140,"woman",3,2,1
"qbv91rrkgj0h","images/women/image_3867.jpg",141,"woman",3,1,0
"qbv91rrkgj0h","images/women/image_4331.jpg",142,"woman",4,2,1
"qbv91rrkgj0h","images/women/image_8682.jpg",143,"woman",3,1,0
"qbv91rrkgj0h","images/women/image_9570.jpg",144,"woman",3,3,1
"qbv91rrkgj0h","images/men/image_4972.jpg",145,"man",3,1,0
"qbv91rrkgj0h","images/women/image_6177.jpg",146,"woman",5,2,1
"qbv91rrkgj0h","images/men/image_2572.jpg",147,"man",4,1,0
"qbv91rrkgj0h","images/women/image_4564.jpg",148,"woman",3,2,1
"qbv91rrkgj0h","images/men/image_4208.jpg",149,"man",4,1,0
"qbv91rrkgj0h","images/men/image_8403.jpg",150,"man",3,2,1
"qbv91rrkgj0h","images/men/image_2524.jpg",151,"man",3,1,0
"qbv91rrkgj0h","images/men/image_1875.jpg",152,"man",5,5,1
"qbv91rrkgj0h","images/men/image_299.jpg",153,"man",5,1,0
"qbv91rrkgj0h","images/women/image_757.jpg",154,"woman",4,4,1
"qbv91rrkgj0h","images/women/image_1567.jpg",155,"woman",3,3,1
"qbv91rrkgj0h","images/men/image_2632.jpg",156,"man",5,3,1
"qbv91rrkgj0h","images/men/image_13.jpg",157,"man",3,2,1
"qbv91rrkgj0h","images/women/image_4240.jpg",158,"woman",4,4,1
"qbv91rrkgj0h","images/women/image_4435.jpg",159,"woman",4,2,1
"qbv91rrkgj0h","images/men/image_8493.jpg",160,"man",3,3,1
"qbv91rrkgj0h","images/women/image_2806.jpg",161,"woman",5,5,1
"qbv91rrkgj0h","images/men/image_5296.jpg",162,"man",5,1,0
"qbv91rrkgj0h","images/men/image_321.jpg",163,"man",3,1,0
"qbv91rrkgj0h","images/men/image_4971.jpg",164,"man",5,1,0
"qbv91rrkgj0h","images/women/image_8510.jpg",165,"woman",5,3,1
"qbv91rrkgj0h","images/men/image_3331.jpg",166,"man",4,1,0
"qbv91rrkgj0h","images/men/image_3894.jpg",167,"man",4,3,1
"qbv91rrkgj0h","images/men/image_3137.jpg",168,"man",4,4,1
"uw3qwz0e6x89","images/women/image_1960.jpg",1,"woman",4,1,0
"uw3qwz0e6x89","images/men/image_8648.jpg",2,"man",5,2,1
"uw3qwz0e6x89","images/women/image_1935.jpg",3,"woman",5,1,0
"uw3qwz0e6x89","images/women/image_4163.jpg",4,"woman",5,2,1
"uw3qwz0e6x89","images/men/image_497.jpg",5,"man",5,4,1
"uw3qwz0e6x89","images/women/image_3956.jpg",6,"woman",4,1,0
"uw3qwz0e6x89","images/men/image_9681.jpg",7,"man",5,4,1
"uw3qwz0e6x89","images/women/image_1132.jpg",8,"woman",4,3,1
"uw3qwz0e6x89","images/men/image_8894.jpg",9,"man",5,5,1
"uw3qwz0e6x89","images/women/image_6.jpg",10,"woman",4,1,0
"uw3qwz0e6x89","images/men/image_5577.jpg",11,"man",5,1,0
"uw3qwz0e6x89","images/men/image_3632.jpg",12,"man",3,3,1
"uw3qwz0e6x89","images/men/image_3757.jpg",13,"man",4,1,0
"uw3qwz0e6x89","images/men/image_9675.jpg",14,"man",4,4,1
"uw3qwz0e6x89","images/men/image_4566.jpg",15,"man",4,1,0
"uw3qwz0e6x89","images/women/image_9191.jpg",16,"woman",3,2,1
"uw3qwz0e6x89","images/men/image_2948.jpg",17,"man",4,1,0
"uw3qwz0e6x89","images/men/image_265.jpg",18,"man",3,2,1
"uw3qwz0e6x89","images/women/image_8398.jpg",19,"woman",5,1,0
"uw3qwz0e6x89","images/men/image_538.jpg",20,"man",3,3,1
"uw3qwz0e6x89","images/women/image_2418.jpg",21,"woman",3,2,1
"uw3qwz0e6x89","images/women/image_5592.jpg",22,"woman",3,1,0
"uw3qwz0e6x89","images/men/image_3468.jpg",23,"man",4,1,0
"uw3qwz0e6x89","images/men/image_3072.jpg",24,"man",3,1,0
"uw3qwz0e6x89","images/men/image_3467.jpg",25,"man",3,1,0
"uw3qwz0e6x89","images/women/image_3283.jpg",26,"woman",3,1,0
"uw3qwz0e6x89","images/women/image_2112.jpg",27,"woman",4,1,0
"uw3qwz0e6x89","images/women/image_3960.jpg",28,"woman",3,2,1
"uw3qwz0e6x89","images/women/image_1513.jpg",29,"woman",3,2,1
"uw3qwz0e6x89","images/women/image_1905.jpg",30,"woman",5,1,0
"uw3qwz0e6x89","images/women/image_6010.jpg",31,"woman",5,1,0
"uw3qwz0e6x89","images/men/image_4674.jpg",32,"man",3,2,1
"uw3qwz0e6x89","images/women/image_4417.jpg",33,"woman",4,4,1
"uw3qwz0e6x89","images/men/image_341.jpg",34,"man",5,1,0
"uw3qwz0e6x89","images/men/image_4724.jpg",35,"man",5,2,1
"uw3qwz0e6x89","images/men/image_3625.jpg",36,"man",4,2,1
"uw3qwz0e6x89","images/men/image_9403.jpg",37,"man",3,1,0
"uw3qwz0e6x89","images/women/image_2008.jpg",38,"woman",5,2,1
"uw3qwz0e6x89","images/women/image_3883.jpg",39,"woman",5,3,1
"uw3qwz0e6x89","images/men/image_1751.jpg",40,"man",4,2,1
"uw3qwz0e6x89","images/women/image_9370.jpg",41,"woman",3,1,0
"uw3qwz0e6x89","images/women/image_1328.jpg",42,"woman",4,2,1
"uw3qwz0e6x89","images/men/image_2524.jpg",43,"man",5,4,1
"uw3qwz0e6x89","images/men/image_2436.jpg",44,"man",3,3,1
"uw3qwz0e6x89","images/men/image_774.jpg",45,"man",5,1,0
"uw3qwz0e6x89","images/men/image_902.jpg",46,"man",4,4,1
"uw3qwz0e6x89","images/men/image_4800.jpg",47,"man",3,3,1
"uw3qwz0e6x89","images/men/image_3797.jpg",48,"man",3,2,1
"uw3qwz0e6x89","images/men/image_795.jpg",49,"man",4,4,1
"uw3qwz0e6x89","images/men/image_5472.jpg",50,"man",4,1,0
"uw3qwz0e6x89","images/men/image_930.jpg",51,"man",5,1,0
"uw3qwz0e6x89","images/men/image_9427.jpg",52,"man",4,2,1
"uw3qwz0e6x89","images/women/image_3510.jpg",53,"woman",4,1,0
"uw3qwz0e6x89","images/women/image_9268.jpg",54,"woman",4,4,1
"uw3qwz0e6x89","images/women/image_2689.jpg",55,"woman",5,3,1
"uw3qwz0e6x89","images/men/image_969.jpg",56,"man",3,1,0
"uw3qwz0e6x89","images/women/image_7696.jpg",57,"woman",3,1,0
"uw3qwz0e6x89","images/women/image_2041.jpg",58,"woman",4,1,0
"uw3qwz0e6x89","images/women/image_1567.jpg",59,"woman",5,5,1
"uw3qwz0e6x89","images/men/image_629.jpg",60,"man",5,2,1
"uw3qwz0e6x89","images/women/image_5177.jpg",61,"woman",5,3,1
"uw3qwz0e6x89","images/men/image_741.jpg",62,"man",4,4,1
"uw3qwz0e6x89","images/men/image_2962.jpg",63,"man",3,2,1
"uw3qwz0e6x89","images/men/image_3785.jpg",64,"man",5,1,0
"uw3qwz0e6x89","images/men/image_2180.jpg",65,"man",5,1,0
"uw3qwz0e6x89","images/men/image_4964.jpg",66,"man",4,1,0
"uw3qwz0e6x89","images/women/image_4997.jpg",67,"woman",3,2,1
"uw3qwz0e6x89","images/women/image_3838.jpg",68,"woman",3,1,0
"uw3qwz0e6x89","images/women/image_8938.jpg",69,"woman",5,4,1
"uw3qwz0e6x89","images/women/image_4680.jpg",70,"woman",4,3,1
"uw3qwz0e6x89","images/men/image_628.jpg",71,"man",5,1,0
"uw3qwz0e6x89","images/women/image_1994.jpg",72,"woman",4,1,0
"uw3qwz0e6x89","images/women/image_9720.jpg",73,"woman",5,2,1
"uw3qwz0e6x89","images/women/image_4607.jpg",74,"woman",3,1,0
"uw3qwz0e6x89","images/men/image_13.jpg",75,"man",4,2,1
"uw3qwz0e6x89","images/men/image_9775.jpg",76,"man",3,2,1
"uw3qwz0e6x89","images/women/image_137.jpg",77,"woman",5,1,0
"uw3qwz0e6x89","images/women/image_3371.jpg",78,"woman",4,1,0
"uw3qwz0e6x89","images/women/image_5772.jpg",79,"woman",3,1,0
"uw3qwz0e6x89","images/men/image_1051.jpg",80,"man",3,2,1
"uw3qwz0e6x89","images/women/image_3743.jpg",81,"woman",5,1,0
"uw3qwz0e6x89","images/women/image_6153.jpg",82,"woman",4,1,0
"uw3qwz0e6x89","images/women/image_4943.jpg",83,"woman",3,2,1
"uw3qwz0e6x89","images/women/image_5807.jpg",84,"woman",3,1,0
"uw3qwz0e6x89","images/men/image_2470.jpg",85,"man",3,3,1
"uw3qwz0e6x89","images/men/image_833.jpg",86,"man",3,2,1
"uw3qwz0e6x89","images/women/image_7855.jpg",87,"woman",5,1,0
"uw3qwz0e6x89","images/men/image_3687.jpg",88,"man",5,5,1
"uw3qwz0e6x89","images/men/image_8443.jpg",89,"man",5,5,1
"uw3qwz0e6x89","images/men/image_2058.jpg",90,"man",3,3,1
"uw3qwz0e6x89","images/men/image_5421.jpg",91,"man",4,1,0
"uw3qwz0e6x89","images/women/image_6344.jpg",92,"woman",3,1,0
"uw3qwz0e6x89","images/men/image_697.jpg",93,"man",3,1,0
"uw3qwz0e6x89","images/women/image_287.jpg",94,"woman",5,3,1
"uw3qwz0e6x89","images/men/image_5620.jpg",95,"man",3,1,0
"uw3qwz0e6x89","images/men/image_5528.jpg",96,"man",4,2,1
"uw3qwz0e6x89","images/men/image_15.jpg",97,"man",5,4,1
"uw3qwz0e6x89","images/women/image_9708.jpg",98,"woman",4,1,0
"uw3qwz0e6x89","images/women/image_2264.jpg",99,"woman",5,1,0
"uw3qwz0e6x89","images/women/image_3075.jpg",100,"woman",3,1,0
"uw3qwz0e6x89","images/women/image_1884.jpg",101,"woman",4,1,0
"uw3qwz0e6x89","images/women/image_4243.jpg",102,"woman",3,1,0
"uw3qwz0e6x89","images/men/image_792.jpg",103,"man",5,4,1
"uw3qwz0e6x89","images/men/image_1342.jpg",104,"man",3,2,1
"uw3qwz0e6x89","images/men/image_668.jpg",105,"man",4,4,1
"uw3qwz0e6x89","images/women/image_7911.jpg",106,"woman",3,2,1
"uw3qwz0e6x89","images/men/image_4265.jpg",107,"man",4,1,0
"uw3qwz0e6x89","images/women/image_323.jpg",108,"woman",5,3,1
"uw3qwz0e6x89","images/women/image_4492.jpg",109,"woman",4,4,1
"uw3qwz0e6x89","images/men/image_3240.jpg",110,"man",4,2,1
"uw3qwz0e6x89","images/women/image_9718.jpg",111,"woman",5,5,1
"uw3qwz0e6x89","images/women/image_4827.jpg",112,"woman",3,1,0
"uw3qwz0e6x89","images/women/image_688.jpg",113,"woman",5,2,1
"uw3qwz0e6x89","images/men/image_2884.jpg",114,"man",4,4,1
"uw3qwz0e6x89","images/men/image_3612.jpg",115,"man",3,1,0
"uw3qwz0e6x89","images/men/image_9226.jpg",116,"man",5,2,1
"uw3qwz0e6x89","images/men/image_1971.jpg",117,"man",5,2,1
"uw3qwz0e6x89","images/women/image_4324.jpg",118,"woman",5,2,1
"uw3qwz0e6x89","images/men/image_2572.jpg",119,"man",4,1,0
"uw3qwz0e6x89","images/men/image_4462.jpg",120,"man",5,5,1
"uw3qwz0e6x89","images/women/image_3389.jpg",121,"woman",3,1,0
"uw3qwz0e6x89","images/women/image_2412.jpg",122,"woman",4,4,1
"uw3qwz0e6x89","images/women/image_8537.jpg",123,"woman",4,4,1
"uw3qwz0e6x89","images/women/image_1155.jpg",124,"woman",4,1,0
"uw3qwz0e6x89","images/women/image_8877.jpg",125,"woman",3,2,1
"uw3qwz0e6x89","images/women/image_4787.jpg",126,"woman",4,3,1
"uw3qwz0e6x89","images/men/image_734.jpg",127,"man",5,3,1
"uw3qwz0e6x89","images/women/image_1145.jpg",128,"woman",3,3,1
"uw3qwz0e6x89","images/women/image_5068.jpg",129,"woman",5,2,1
"uw3qwz0e6x89","images/women/image_5289.jpg",130,"woman",5,2,1
"uw3qwz0e6x89","images/men/image_193.jpg",131,"man",5,5,1
"uw3qwz0e6x89","images/men/image_1601.jpg",132,"man",3,1,0
"uw3qwz0e6x89","images/women/image_4558.jpg",133,"woman",5,2,1
"uw3qwz0e6x89","images/men/image_2812.jpg",134,"man",3,3,1
"uw3qwz0e6x89","images/men/image_3358.jpg",135,"man",4,1,0
"uw3qwz0e6x89","images/women/image_4394.jpg",136,"woman",4,1,0
"uw3qwz0e6x89","images/men/image_5213.jpg",137,"man",3,2,1
"uw3qwz0e6x89","images/men/image_1139.jpg",138,"man",3,3,1
"uw3qwz0e6x89","images/men/image_3357.jpg",139,"man",4,1,0
"uw3qwz0e6x89","images/women/image_3611.jpg",140,"woman",4,4,1
"uw3qwz0e6x89","images/women/image_3267.jpg",141,"woman",5,1,0
"uw3qwz0e6x89","images/women/image_4798.jpg",142,"woman",3,3,1
"uw3qwz0e6x89","images/men/image_3820.jpg",143,"man",3,1,0
"uw3qwz0e6x89","images/men/image_35.jpg",144,"man",5,4,1
"uw3qwz0e6x89","images/men/image_4971.jpg",145,"man",3,3,1
"uw3qwz0e6x89","images/women/image_4586.jpg",146,"woman",5,2,1
"uw3qwz0e6x89","images/men/image_789.jpg",147,"man",4,2,1
"uw3qwz0e6x89","images/women/image_8775.jpg",148,"woman",4,1,0
"uw3qwz0e6x89","images/men/image_3973.jpg",149,"man",4,2,1
"uw3qwz0e6x89","images/women/image_302.jpg",150,"woman",4,3,1
"uw3qwz0e6x89","images/men/image_8423.jpg",151,"man",4,1,0
"uw3qwz0e6x89","images/men/image_8397.jpg",152,"man",5,4,1
"uw3qwz0e6x89","images/women/image_2571.jpg",153,"woman",3,3,1
"uw3qwz0e6x89","images/women/image_3293.jpg",154,"woman",4,2,1
"uw3qwz0e6x89","images/women/image_5909.jpg",155,"woman",4,4,1
"uw3qwz0e6x89","images/women/image_9879.jpg",156,"woman",3,1,0
"uw3qwz0e6x89","images/men/image_5445.jpg",157,"man",5,2,1
"uw3qwz0e6x89","images/women/image_9457.jpg",158,"woman",4,4,1
"uw3qwz0e6x89","images/women/image_9609.jpg",159,"woman",3,3,1
"uw3qwz0e6x89","images/women/image_1351.jpg",160,"woman",3,1,0
"uw3qwz0e6x89","images/men/image_185.jpg",161,"man",3,1,0
"uw3qwz0e6x89","images/women/image_9700.jpg",162,"woman",5,1,0
"uw3qwz0e6x89","images/men/image_443.jpg",163,"man",4,2,1
"uw3qwz0e6x89","images/women/image_5135.jpg",164,"woman",3,2,1
"uw3qwz0e6x89","images/men/image_4735.jpg",165,"man",4,1,0
"uw3qwz0e6x89","images/men/image_4947.jpg",166,"man",5,2,1
"uw3qwz0e6x89","images/women/image_1212.jpg",167,"woman",5,4,1
"uw3qwz0e6x89","images/men/image_9776.jpg",168,"man",5,3,1
"y5jbwj2aa3pk","images/men/image_8677.jpg",1,"man",4,1,0
"y5jbwj2aa3pk","images/men/image_2588.jpg",2,"man",5,4,1
"y5jbwj2aa3pk","images/women/image_1413.jpg",3,"woman",4,1,0
"y5jbwj2aa3pk","images/men/image_9408.jpg",4,"man",4,1,0
"y5jbwj2aa3pk","images/men/image_2530.jpg",5,"man",5,5,1
"y5jbwj2aa3pk","images/women/image_7876.jpg",6,"woman",4,1,0
"y5jbwj2aa3pk","images/women/image_2112.jpg",7,"woman",5,2,1
"y5jbwj2aa3pk","images/men/image_8707.jpg",8,"man",3,1,0
"y5jbwj2aa3pk","images/women/image_8297.jpg",9,"woman",3,1,0
"y5jbwj2aa3pk","images/women/image_3557.jpg",10,"woman",4,1,0
"y5jbwj2aa3pk","images/women/image_798.jpg",11,"woman",5,2,1
"y5jbwj2aa3pk","images/women/image_9345.jpg",12,"woman",4,1,0
"y5jbwj2aa3pk","images/women/image_2486.jpg",13,"woman",3,1,0
"y5jbwj2aa3pk","images/women/image_287.jpg",14,"woman",4,2,1
"y5jbwj2aa3pk","images/women/image_7888.jpg",15,"woman",5,1,0
"y5jbwj2aa3pk","images/men/image_4938.jpg",16,"man",3,2,1
"y5jbwj2aa3pk","images/men/image_4380.jpg",17,"man",4,1,0
"y5jbwj2aa3pk","images/men/image_861.jpg",18,"man",5,1,0
"y5jbwj2aa3pk","images/women/image_1283.jpg",19,"woman",5,1,0
"y5jbwj2aa3pk","images/women/image_4394.jpg",20,"woman",5,1,0
"y5jbwj2aa3pk","images/men/image_3573.jpg",21,"man",3,1,0
"y5jbwj2aa3pk","images/women/image_4532.jpg",22,"woman",3,1,0
"y5jbwj2aa3pk","images/men/image_527.jpg",23,"man",3,1,0
"y5jbwj2aa3pk","images/women/image_444.jpg",24,"woman",3,1,0
"y5jbwj2aa3pk","images/women/image_960.jpg",25,"woman",3,1,0
"y5jbwj2aa3pk","images/men/image_4972.jpg",26,"man",3,1,0
"y5jbwj2aa3pk","images/men/image_1431.jpg",27,"man",3,1,0
"y5jbwj2aa3pk","images/men/image_4222.jpg",28,"man",4,1,0
"y5jbwj2aa3pk","images/men/image_3473.jpg",29,"man",5,5,1
"y5jbwj2aa3pk","images/women/image_9429.jpg",30,"woman",3,1,0
"y5jbwj2aa3pk","images/women/image_1468.jpg",31,"woman",4,2,1
"y5jbwj2aa3pk","images/women/image_4558.jpg",32,"woman",3,2,1
"y5jbwj2aa3pk","images/men/image_9528.jpg",33,"man",3,1,0
"y5jbwj2aa3pk","images/men/image_4971.jpg",34,"man",4,1,0
"y5jbwj2aa3pk","images/men/image_5330.jpg",35,"man",5,1,0
"y5jbwj2aa3pk","images/women/image_8380.jpg",36,"woman",5,1,0
"y5jbwj2aa3pk","images/men/image_156.jpg",37,"man",4,1,0
"y5jbwj2aa3pk","images/men/image_480.jpg",38,"man",5,1,0
"y5jbwj2aa3pk","images/men/image_2693.jpg",39,"man",5,4,1
"y5jbwj2aa3pk","images/women/image_9069.jpg",40,"woman",5,1,0
"y5jbwj2aa3pk","images/men/image_1265.jpg",41,"man",4,3,1
"y5jbwj2aa3pk","images/women/image_2136.jpg",42,"woman",4,2,1
"y5jbwj2aa3pk","images/women/image_877.jpg",43,"woman",4,1,0
"y5jbwj2aa3pk","images/men/image_9612.jpg",44,"man",5,4,1
"y5jbwj2aa3pk","images/women/image_288.jpg",45,"woman",4,1,0
"y5jbwj2aa3pk","images/women/image_252.jpg",46,"woman",5,1,0
"y5jbwj2aa3pk","images/men/image_8464.jpg",47,"man",3,3,1
"y5jbwj2aa3pk","images/men/image_9776.jpg",48,"man",4,2,1
"y5jbwj2aa3pk","images/men/image_9427.jpg",49,"man",3,1,0
"y5jbwj2aa3pk","images/women/image_686.jpg",50,"woman",3,2,1
"y5jbwj2aa3pk","images/women/image_503.jpg",51,"woman",5,4,1
"y5jbwj2aa3pk","images/men/image_2948.jpg",52,"man",5,2,1
"y5jbwj2aa3pk","images/men/image_8446.jpg",53,"man",3,1,0
"y5jbwj2aa3pk","images/women/image_9708.jpg",54,"woman",5,1,0
"y5jbwj2aa3pk","images/men/image_4643.jpg",55,"man",5,1,0
"y5jbwj2aa3pk","images/women/image_4597.jpg",56,"woman",5,1,0
"y5jbwj2aa3pk","images/men/image_5031.jpg",57,"man",4,4,1
"y5jbwj2aa3pk","images/men/image_2417.jpg",58,"man",3,1,0
"y5jbwj2aa3pk","images/men/image_386.jpg",59,"man",4,1,0
"y5jbwj2aa3pk","images/women/image_704.jpg",60,"woman",3,1,0
"y5jbwj2aa3pk","images/men/image_973.jpg",61,"man",4,2,1
"y5jbwj2aa3pk","images/women/image_5648.jpg",62,"woman",4,1,0
"y5jbwj2aa3pk","images/women/image_1593.jpg",63,"woman",5,1,0
"y5jbwj2aa3pk","images/men/image_210.jpg",64,"man",3,3,1
"y5jbwj2aa3pk","images/men/image_2381.jpg",65,"man",5,3,1
"y5jbwj2aa3pk","images/men/image_4683.jpg",66,"man",3,1,0
"y5jbwj2aa3pk","images/women/image_3674.jpg",67,"woman",3,2,1
"y5jbwj2aa3pk","images/men/image_600.jpg",68,"man",5,2,1
"y5jbwj2aa3pk","images/women/image_4163.jpg",69,"woman",5,1,0
"y5jbwj2aa3pk","images/men/image_8493.jpg",70,"man",5,2,1
"y5jbwj2aa3pk","images/men/image_8956.jpg",71,"man",4,1,0
"y5jbwj2aa3pk","images/women/image_2815.jpg",72,"woman",3,1,0
"y5jbwj2aa3pk","images/men/image_3804.jpg",73,"man",5,1,0
"y5jbwj2aa3pk","images/women/image_8299.jpg",74,"woman",4,1,0
"y5jbwj2aa3pk","images/women/image_4740.jpg",75,"woman",3,2,1
"y5jbwj2aa3pk","images/women/image_735.jpg",76,"woman",3,3,1
"y5jbwj2aa3pk","images/men/image_9933.jpg",77,"man",4,3,1
"y5jbwj2aa3pk","images/women/image_9994.jpg",78,"woman",5,4,1
"y5jbwj2aa3pk","images/women/image_8383.jpg",79,"woman",4,3,1
"y5jbwj2aa3pk","images/women/image_9289.jpg",80,"woman",4,3,1
"y5jbwj2aa3pk","images/women/image_5396.jpg",81,"woman",3,1,0
"y5jbwj2aa3pk","images/men/image_817.jpg",82,"man",4,2,1
"y5jbwj2aa3pk","images/women/image_4638.jpg",83,"woman",4,1,0
"y5jbwj2aa3pk","images/men/image_2207.jpg",84,"man",3,2,1
"y5jbwj2aa3pk","images/men/image_6078.jpg",85,"man",4,1,0
"y5jbwj2aa3pk","images/men/image_4603.jpg",86,"man",5,1,0
"y5jbwj2aa3pk","images/women/image_47.jpg",87,"woman",5,2,1
"y5jbwj2aa3pk","images/men/image_5743.jpg",88,"man",5,1,0
"y5jbwj2aa3pk","images/men/image_2825.jpg",89,"man",3,1,0
"y5jbwj2aa3pk","images/women/image_1430.jpg",90,"woman",5,3,1
"y5jbwj2aa3pk","images/men/image_3468.jpg",91,"man",5,2,1
"y5jbwj2aa3pk","images/men/image_3908.jpg",92,"man",5,2,1
"y5jbwj2aa3pk","images/women/image_4583.jpg",93,"woman",3,2,1
"y5jbwj2aa3pk","images/men/image_1751.jpg",94,"man",3,1,0
"y5jbwj2aa3pk","images/men/image_383.jpg",95,"man",4,1,0
"y5jbwj2aa3pk","images/women/image_3838.jpg",96,"woman",3,1,0
"y5jbwj2aa3pk","images/men/image_4621.jpg",97,"man",4,2,1
"y5jbwj2aa3pk","images/men/image_338.jpg",98,"man",3,1,0
"y5jbwj2aa3pk","images/women/image_5295.jpg",99,"woman",3,1,0
"y5jbwj2aa3pk","images/men/image_8907.jpg",100,"man",5,4,1
"y5jbwj2aa3pk","images/men/image_907.jpg",101,"man",3,1,0
"y5jbwj2aa3pk","images/women/image_479.jpg",102,"woman",4,1,0
"y5jbwj2aa3pk","images/women/image_5218.jpg",103,"woman",3,1,0
"y5jbwj2aa3pk","images/women/image_8606.jpg",104,"woman",5,1,0
"y5jbwj2aa3pk","images/women/image_4622.jpg",105,"woman",4,1,0
"y5jbwj2aa3pk","images/men/image_8654.jpg",106,"man",4,1,0
"y5jbwj2aa3pk","images/men/image_8467.jpg",107,"man",5,1,0
"y5jbwj2aa3pk","images/men/image_1787.jpg",108,"man",3,1,0
"y5jbwj2aa3pk","images/women/image_9609.jpg",109,"woman",5,1,0
"y5jbwj2aa3pk","images/women/image_4859.jpg",110,"woman",3,3,1
"y5jbwj2aa3pk","images/men/image_3864.jpg",111,"man",3,3,1
"y5jbwj2aa3pk","images/women/image_4680.jpg",112,"woman",4,1,0
"y5jbwj2aa3pk","images/women/image_3599.jpg",113,"woman",5,1,0
"y5jbwj2aa3pk","images/women/image_3283.jpg",114,"woman",4,1,0
"y5jbwj2aa3pk","images/women/image_290.jpg",115,"woman",3,1,0
"y5jbwj2aa3pk","images/men/image_625.jpg",116,"man",4,1,0
"y5jbwj2aa3pk","images/men/image_1271.jpg",117,"man",5,1,0
"y5jbwj2aa3pk","images/men/image_183.jpg",118,"man",4,3,1
"y5jbwj2aa3pk","images/men/image_4181.jpg",119,"man",4,3,1
"y5jbwj2aa3pk","images/women/image_4697.jpg",120,"woman",4,1,0
"y5jbwj2aa3pk","images/men/image_628.jpg",121,"man",3,3,1
"y5jbwj2aa3pk","images/women/image_8712.jpg",122,"woman",4,1,0
"y5jbwj2aa3pk","images/women/image_398.jpg",123,"woman",4,3,1
"y5jbwj2aa3pk","images/women/image_2484.jpg",124,"woman",5,2,1
"y5jbwj2aa3pk","images/women/image_8801.jpg",125,"woman",3,1,0
"y5jbwj2aa3pk","images/women/image_2697.jpg",126,"woman",5,3,1
"y5jbwj2aa3pk","images/women/image_9370.jpg",127,"woman",4,1,0
"y5jbwj2aa3pk","images/men/image_2523.jpg",128,"man",4,4,1
"y5jbwj2aa3pk","images/women/image_4311.jpg",129,"woman",3,1,0
"y5jbwj2aa3pk","images/men/image_9653.jpg",130,"man",3,1,0
"y5jbwj2aa3pk","images/men/image_2812.jpg",131,"man",5,1,0
"y5jbwj2aa3pk","images/women/image_2553.jpg",132,"woman",4,1,0
"y5jbwj2aa3pk","images/men/image_5382.jpg",133,"man",3,1,0
"y5jbwj2aa3pk","images/men/image_3973.jpg",134,"man",4,2,1
"y5jbwj2aa3pk","images/men/image_718.jpg",135,"man",3,1,0
"y5jbwj2aa3pk","images/women/image_5498.jpg",136,"woman",3,2,1
"y5jbwj2aa3pk","images/women/image_8507.jpg",137,"woman",5,1,0
"y5jbwj2aa3pk","images/women/image_7911.jpg",138,"woman",5,2,1
"y5jbwj2aa3pk","images/men/image_214.jpg",139,"man",3,1,0
"y5jbwj2aa3pk","images/women/image_9174.jpg",140,"woman",3,1,0
"y5jbwj2aa3pk","images/men/image_8648.jpg",141,"man",3,3,1
"y5jbwj2aa3pk","images/women/image_764.jpg",142,"woman",4,2,1
"y5jbwj2aa3pk","images/women/image_2689.jpg",143,"woman",5,1,0
"y5jbwj2aa3pk","images/women/image_302.jpg",144,"woman",5,1,0
"y5jbwj2aa3pk","images/men/image_1407.jpg",145,"man",4,2,1
"y5jbwj2aa3pk","images/women/image_8535.jpg",146,"woman",4,2,1
"y5jbwj2aa3pk","images/men/image_4401.jpg",147,"man",5,3,1
"y5jbwj2aa3pk","images/men/image_5120.jpg",148,"man",5,2,1
"y5jbwj2aa3pk","images/men/image_623.jpg",149,"man",4,1,0
"y5jbwj2aa3pk","images/men/image_5436.jpg",150,"man",4,1,0
"y5jbwj2aa3pk","images/women/image_2760.jpg",151,"woman",4,1,0
"y5jbwj2aa3pk","images/men/image_230.jpg",152,"man",4,1,0
"y5jbwj2aa3pk","images/men/image_6345.jpg",153,"man",4,1,0
"y5jbwj2aa3pk","images/women/image_3584.jpg",154,"woman",5,1,0
"y5jbwj2aa3pk","images/women/image_5240.jpg",155,"woman",5,1,0
"y5jbwj2aa3pk","images/men/image_614.jpg",156,"man",5,1,0
"y5jbwj2aa3pk","images/women/image_8338.jpg",157,"woman",3,2,1
"y5jbwj2aa3pk","images/women/image_1960.jpg",158,"woman",3,1,0
"y5jbwj2aa3pk","images/women/image_5135.jpg",159,"woman",4,3,1
"y5jbwj2aa3pk","images/women/image_8975.jpg",160,"woman",3,1,0
"y5jbwj2aa3pk","images/men/image_9681.jpg",161,"man",5,5,1
"y5jbwj2aa3pk","images/women/image_603.jpg",162,"woman",3,1,0
"y5jbwj2aa3pk","images/men/image_4317.jpg",163,"man",3,1,0
"y5jbwj2aa3pk","images/men/image_762.jpg",164,"man",5,3,1
"y5jbwj2aa3pk","images/women/image_3743.jpg",165,"woman",4,1,0
"y5jbwj2aa3pk","images/men/image_91.jpg",166,"man",5,4,1
"y5jbwj2aa3pk","images/men/image_1629.jpg",167,"man",3,2,1
"y5jbwj2aa3pk","images/women/image_9952.jpg",168,"woman",5,2,1
