"subject_id","trial","sex","target_present","conf_resp","ident_resp","target_id","lure_id","rev_norev"
1,1,1,0,3,-1,"0","_m/M519.png - _m/M897.png","norev"
1,2,1,1,2,0,"_m/M869.png","_m/M684.png","norev"
1,3,0,0,3,-1,"0","_f/F615.png - _f/F847.png","norev"
1,4,1,0,3,-1,"0","_m/M657.png - _m/M404.png","norev"
1,5,1,1,3,1,"_m/M776.png","_m/M898.png","norev"
1,6,1,1,2,1,"_m/M550.png","_m/M530.png","norev"
1,7,1,0,2,-1,"0","_m/M796.png - _m/M662.png","norev"
1,8,0,0,3,-1,"0","_f/F451.png - _f/F359.png","norev"
1,9,0,0,3,-1,"0","_f/F855.png - _f/F771.png","norev"
1,10,0,0,2,-1,"0","_f/F884.png - _f/F523.png","norev"
1,11,1,1,3,0,"_m/M663.png","_m/M710.png","norev"
1,12,0,1,2,0,"_f/F859.png","_f/F875.png","norev"
1,13,1,1,2,1,"_m/M403.png","_m/M520.png","norev"
1,14,0,0,3,-1,"0","_f/F740.png - _f/F539.png","norev"
1,15,1,0,3,-1,"0","_m/M600.png - _m/M333.png","norev"
1,16,1,1,3,0,"_m/M353.png","_m/M699.png","norev"
1,17,0,1,3,1,"_f/F692.png","_f/F671.png","norev"
1,18,1,1,4,0,"_m/M844.png","_m/M389.png","norev"
1,19,0,0,2,-1,"0","_f/F824.png - _f/F471.png","norev"
1,20,0,1,2,0,"_f/F354.png","_f/F815.png","norev"
1,21,0,1,2,0,"_f/F513.png","_f/F787.png","norev"
1,22,1,0,4,-1,"0","_m/M881.png - _m/M581.png","norev"
1,23,0,0,4,-1,"0","_f/F676.png - _f/F595.png","norev"
1,24,0,0,2,-1,"0","_f/F929.png - _f/F392.png","norev"
1,25,0,1,1,0,"_f/F433.png","_f/F930.png","norev"
1,26,1,0,4,-1,"0","_m/M700.png - _m/M542.png","norev"
1,27,0,0,3,-1,"0","_f/F332.png - _f/F457.png","norev"
1,28,0,0,3,-1,"0","_f/F587.png - _f/F709.png","norev"
1,29,0,0,2,-1,"0","_f/F490.png - _f/F486.png","norev"
1,30,1,0,2,-1,"0","_m/M936.png - _m/M720.png","norev"
1,31,1,1,3,1,"_m/M409.png","_m/M907.png","norev"
1,32,0,0,2,-1,"0","_f/F644.png - _f/F856.png","norev"
1,33,0,1,2,1,"_f/F895.png","_f/F427.png","norev"
1,34,0,1,3,1,"_f/F388.png","_f/F465.png","norev"
1,35,0,1,3,0,"_f/F599.png","_f/F424.png","norev"
1,36,0,0,1,-1,"0","_f/F544.png - _f/F919.png","norev"
1,37,1,1,3,0,"_m/M794.png","_m/M719.png","norev"
1,38,0,1,4,0,"_f/F346.png","_f/F379.png","norev"
1,39,0,1,3,1,"_f/F909.png","_f/F373.png","norev"
1,40,1,0,2,-1,"0","_m/M413.png - _m/M419.png","norev"
1,41,0,0,1,-1,"0","_f/F575.png - _f/F735.png","norev"
1,42,0,0,3,-1,"0","_f/F507.png - _f/F497.png","norev"
1,43,0,1,2,1,"_f/F650.png","_f/F653.png","norev"
1,44,0,1,2,0,"_f/F714.png","_f/F329.png","norev"
1,45,0,1,3,1,"_f/F698.png","_f/F756.png","norev"
1,46,1,0,3,-1,"0","_m/M861.png - _m/M896.png","norev"
1,47,0,0,1,-1,"0","_f/F845.png - _f/F739.png","norev"
1,48,0,1,2,0,"_f/F515.png","_f/F463.png","norev"
1,49,0,0,3,-1,"0","_f/F898.png - _f/F652.png","norev"
1,50,1,0,2,-1,"0","_m/M565.png - _m/M544.png","norev"
1,51,0,0,2,-1,"0","_f/F841.png - _f/F752.png","norev"
1,52,1,1,3,1,"_m/M396.png","_m/M362.png","norev"
1,53,0,1,2,0,"_f/F840.png","_f/F721.png","norev"
1,54,0,1,4,1,"_f/F809.png","_f/F820.png","norev"
1,55,1,1,3,0,"_m/M927.png","_m/M417.png","norev"
1,56,1,0,4,-1,"0","_m/M428.png - _m/M923.png","norev"
1,57,1,0,1,-1,"0","_m/M378.png - _m/M391.png","norev"
1,58,1,1,2,0,"_m/M459.png","_m/M682.png","norev"
1,59,0,0,3,-1,"0","_f/F737.png - _f/F438.png","norev"
1,60,0,0,4,-1,"0","_f/F754.png - _f/F383.png","norev"
1,61,1,0,1,-1,"0","_m/M676.png - _m/M629.png","norev"
1,62,0,0,3,-1,"0","_f/F725.png - _f/F853.png","norev"
1,63,0,0,3,-1,"0","_f/F516.png - _f/F719.png","norev"
1,64,0,0,4,-1,"0","_f/F528.png - _f/F531.png","norev"
1,65,1,0,3,-1,"0","_m/M511.png - _m/M697.png","norev"
1,66,1,0,1,-1,"0","_m/M859.png - _m/M390.png","norev"
1,67,1,1,3,1,"_m/M366.png","_m/M610.png","norev"
1,68,1,0,1,-1,"0","_m/M742.png - _m/M406.png","norev"
1,69,1,0,2,-1,"0","_m/M912.png - _m/M839.png","norev"
1,70,1,0,3,-1,"0","_m/M821.png - _m/M431.png","norev"
1,71,0,0,3,-1,"0","_f/F328.png - _f/F570.png","norev"
1,72,0,1,3,0,"_f/F614.png","_f/F407.png","norev"
1,73,1,1,2,1,"_m/M358.png","_m/M931.png","norev"
1,74,0,0,2,-1,"0","_f/F899.png - _f/F839.png","norev"
1,75,1,1,4,1,"_m/M875.png","_m/M559.png","norev"
1,76,0,1,2,1,"_f/F481.png","_f/F785.png","norev"
1,77,1,0,2,-1,"0","_m/M628.png - _m/M354.png","norev"
1,78,1,0,1,-1,"0","_m/M477.png - _m/M385.png","norev"
1,79,1,1,3,1,"_m/M759.png","_m/M671.png","norev"
1,80,1,1,2,0,"_m/M894.png","_m/M423.png","norev"
1,81,0,1,1,0,"_f/F342.png","_f/F538.png","norev"
1,82,1,0,2,-1,"0","_m/M494.png - _m/M822.png","norev"
1,83,1,0,3,-1,"0","_m/M632.png - _m/M707.png","norev"
1,84,1,1,3,0,"_m/M713.png","_m/M560.png","norev"
1,85,1,0,4,-1,"0","_m/M448.png - _m/M573.png","norev"
1,86,0,1,3,1,"_f/F521.png","_f/F548.png","norev"
1,87,1,1,2,0,"_m/M579.png","_m/M326.png","norev"
1,88,1,0,1,-1,"0","_m/M350.png - _m/M540.png","norev"
1,89,0,1,3,1,"_f/F914.png","_f/F789.png","norev"
1,90,0,0,4,-1,"0","_f/F790.png - _f/F874.png","norev"
1,91,1,1,3,1,"_m/M846.png","_m/M613.png","norev"
1,92,0,1,2,1,"_f/F761.png","_f/F505.png","norev"
1,93,0,0,3,-1,"0","_f/F369.png - _f/F799.png","norev"
1,94,0,1,4,0,"_f/F691.png","_f/F395.png","norev"
1,95,1,0,2,-1,"0","_m/M868.png - _m/M781.png","norev"
1,96,0,1,2,0,"_f/F624.png","_f/F408.png","norev"
1,97,1,0,3,-1,"0","_m/M789.png - _m/M726.png","norev"
1,98,0,0,2,-1,"0","_f/F848.png - _f/F552.png","norev"
1,99,1,1,4,0,"_m/M562.png","_m/M862.png","norev"
1,100,0,1,3,0,"_f/F786.png","_f/F330.png","norev"
1,101,1,1,3,1,"_m/M774.png","_m/M739.png","norev"
1,102,1,1,2,1,"_m/M677.png","_m/M415.png","norev"
1,103,1,1,4,0,"_m/M704.png","_m/M899.png","norev"
1,104,0,1,4,0,"_f/F396.png","_f/F648.png","norev"
1,105,0,1,2,0,"_f/F428.png","_f/F749.png","norev"
1,106,1,0,2,-1,"0","_m/M425.png - _m/M829.png","norev"
1,107,0,0,2,-1,"0","_f/F469.png - _f/F514.png","norev"
1,108,1,1,1,0,"_m/M758.png","_m/M712.png","norev"
1,109,0,1,4,1,"_f/F940.png","_f/F475.png","norev"
1,110,1,0,1,-1,"0","_m/M538.png - _m/M928.png","norev"
1,111,1,1,3,1,"_m/M732.png","_m/M553.png","norev"
1,112,1,1,2,0,"_m/M910.png","_m/M439.png","norev"
1,113,0,1,2,1,"_f/F400.png","_f/F610.png","norev"
1,114,1,1,3,1,"_m/M373.png","_m/M641.png","norev"
1,115,0,0,3,-1,"0","_f/F750.png - _f/F356.png","norev"
1,116,1,1,2,0,"_m/M461.png","_m/M670.png","norev"
1,117,0,1,3,1,"_f/F887.png","_f/F810.png","norev"
1,118,0,1,3,1,"_f/F355.png","_f/F656.png","norev"
1,119,1,0,3,-1,"0","_m/M692.png - _m/M609.png","norev"
1,120,0,0,2,-1,"0","_f/F404.png - _f/F509.png","norev"
1,121,0,1,4,1,"_f/F439.png","_f/F573.png","norev"
1,122,1,0,1,-1,"0","_m/M895.png - _m/M830.png","norev"
1,123,1,0,2,-1,"0","_m/M331.png - _m/M753.png","norev"
1,124,1,0,1,-1,"0","_m/M429.png - _m/M644.png","norev"
1,125,1,0,1,-1,"0","_m/M576.png - _m/M518.png","norev"
1,126,1,1,2,0,"_m/M618.png","_m/M340.png","norev"
1,127,0,0,3,-1,"0","_f/F584.png - _f/F466.png","norev"
1,128,0,1,3,0,"_f/F622.png","_f/F838.png","norev"
1,129,0,1,3,1,"_f/F596.png","_f/F368.png","norev"
1,130,1,1,2,0,"_m/M681.png","_m/M584.png","norev"
1,131,1,1,2,1,"_m/M495.png","_m/M871.png","norev"
1,132,0,1,4,0,"_f/F664.png","_f/F649.png","norev"
1,133,0,0,1,-1,"0","_f/F669.png - _f/F743.png","norev"
1,134,0,0,2,-1,"0","_f/F733.png - _f/F907.png","norev"
1,135,0,1,3,0,"_f/F339.png","_f/F711.png","norev"
1,136,1,1,2,0,"_m/M493.png","_m/M819.png","norev"
1,137,1,1,3,1,"_m/M902.png","_m/M601.png","norev"
1,138,0,0,1,-1,"0","_f/F868.png - _f/F576.png","norev"
1,139,1,1,3,1,"_m/M920.png","_m/M922.png","norev"
1,140,1,1,3,0,"_m/M474.png","_m/M536.png","norev"
1,141,0,0,3,-1,"0","_f/F660.png - _f/F777.png","norev"
1,142,0,1,1,1,"_f/F778.png","_f/F862.png","norev"
1,143,0,1,4,0,"_f/F689.png","_f/F705.png","norev"
1,144,1,1,1,1,"_m/M452.png","_m/M481.png","norev"
1,145,0,0,3,-1,"0","_f/F849.png - _f/F501.png","norev"
1,146,0,1,3,0,"_f/F547.png","_f/F579.png","norev"
1,147,1,1,2,0,"_m/M537.png","_m/M583.png","norev"
1,148,0,0,2,-1,"0","_f/F512.png - _f/F384.png","norev"
1,149,1,0,1,-1,"0","_m/M546.png - _m/M447.png","norev"
1,150,1,1,3,1,"_m/M545.png","_m/M435.png","norev"
1,151,1,1,3,1,"_m/M603.png","_m/M611.png","norev"
1,152,1,0,1,-1,"0","_m/M828.png - _m/M659.png","norev"
1,153,1,1,3,0,"_m/M566.png","_m/M605.png","norev"
1,154,0,1,3,1,"_f/F550.png","_f/F728.png","norev"
1,155,1,0,1,-1,"0","_m/M421.png - _m/M680.png","norev"
1,156,1,0,3,-1,"0","_m/M926.png - _m/M654.png","norev"
1,157,0,0,3,-1,"0","_f/F353.png - _f/F742.png","norev"
1,158,1,0,1,-1,"0","_m/M455.png - _m/M933.png","norev"
1,159,0,1,2,1,"_f/F444.png","_f/F827.png","norev"
1,160,0,0,2,-1,"0","_f/F499.png - _f/F503.png","norev"
1,161,0,1,3,1,"_f/F461.png","_f/F412.png","norev"
1,162,0,1,4,1,"_f/F441.png","_f/F734.png","norev"
1,163,0,0,2,-1,"0","_f/F606.png - _f/F736.png","norev"
1,164,0,0,3,-1,"0","_f/F917.png - _f/F759.png","norev"
1,165,1,1,1,1,"_m/M873.png","_m/M683.png","norev"
1,166,1,1,4,1,"_m/M879.png","_m/M479.png","norev"
1,167,1,1,3,1,"_m/M837.png","_m/M627.png","norev"
1,168,0,1,4,0,"_f/F905.png","_f/F562.png","norev"
1,169,1,0,2,-1,"0","_m/M814.png - _m/M945.png","norev"
1,170,0,0,2,-1,"0","_f/F816.png - _f/F459.png","norev"
1,171,0,0,1,-1,"0","_f/F861.png - _f/F480.png","norev"
1,172,0,0,1,-1,"0","_f/F374.png - _f/F334.png","norev"
1,173,0,1,3,0,"_f/F842.png","_f/F807.png","norev"
1,174,0,1,1,0,"_f/F519.png","_f/F784.png","norev"
1,175,0,0,3,-1,"0","_f/F694.png - _f/F398.png","norev"
1,176,1,1,1,0,"_m/M716.png","_m/M615.png","norev"
1,177,1,0,3,-1,"0","_m/M744.png - _m/M919.png","norev"
1,178,0,1,2,1,"_f/F561.png","_f/F936.png","norev"
1,179,1,0,2,-1,"0","_m/M835.png - _m/M772.png","norev"
1,180,0,0,2,-1,"0","_f/F583.png - _f/F748.png","norev"
1,181,1,0,3,-1,"0","_m/M572.png - _m/M616.png","norev"
1,182,1,0,2,-1,"0","_m/M527.png - _m/M856.png","norev"
1,183,1,0,3,-1,"0","_m/M384.png - _m/M940.png","norev"
1,184,0,0,1,-1,"0","_f/F642.png - _f/F822.png","norev"
1,185,0,0,4,-1,"0","_f/F381.png - _f/F605.png","norev"
1,186,1,0,3,-1,"0","_m/M813.png - _m/M496.png","norev"
1,187,1,0,2,-1,"0","_m/M547.png - _m/M834.png","norev"
1,188,1,1,1,1,"_m/M731.png","_m/M689.png","norev"
1,189,1,0,2,-1,"0","_m/M487.png - _m/M549.png","norev"
1,190,0,0,3,-1,"0","_f/F520.png - _f/F542.png","norev"
1,191,0,1,2,0,"_f/F549.png","_f/F385.png","norev"
1,192,1,0,4,-1,"0","_m/M491.png - _m/M630.png","norev"
1,193,1,1,2,1,"_m/M752.png","_m/M621.png","norev"
1,194,1,0,3,-1,"0","_m/M370.png - _m/M410.png","norev"
1,195,0,1,1,0,"_f/F923.png","_f/F555.png","norev"
1,196,1,1,4,1,"_m/M812.png","_m/M359.png","norev"
1,197,1,1,2,1,"_m/M427.png","_m/M497.png","norev"
1,198,1,0,2,-1,"0","_m/M913.png - _m/M467.png","norev"
1,199,0,1,3,0,"_f/F572.png","_f/F934.png","norev"
1,200,1,1,2,1,"_m/M800.png","_m/M334.png","norev"
2,1,0,0,3,-1,"0","_f/F678.png - _f/F726.png","norev"
2,2,1,1,3,1,"_m/M339.png","_m/M629.png","norev"
2,3,0,1,4,1,"_f/F581.png","_f/F631.png","norev"
2,4,1,1,3,1,"_m/M916.png","_m/M661.png","norev"
2,5,0,0,2,-1,"0","_f/F434.png - _f/F668.png","norev"
2,6,0,1,2,0,"_f/F845.png","_f/F832.png","norev"
2,7,1,0,3,-1,"0","_m/M495.png - _m/M523.png","norev"
2,8,1,0,2,-1,"0","_m/M504.png - _m/M398.png","norev"
2,9,0,1,4,1,"_f/F837.png","_f/F516.png","norev"
2,10,0,0,2,-1,"0","_f/F849.png - _f/F452.png","norev"
2,11,1,0,2,-1,"0","_m/M895.png - _m/M903.png","norev"
2,12,1,0,2,-1,"0","_m/M502.png - _m/M665.png","norev"
2,13,0,0,2,-1,"0","_f/F705.png - _f/F395.png","norev"
2,14,0,0,1,-1,"0","_f/F714.png - _f/F813.png","norev"
2,15,1,1,2,1,"_m/M788.png","_m/M429.png","norev"
2,16,0,1,1,0,"_f/F685.png","_f/F563.png","norev"
2,17,0,0,1,-1,"0","_f/F720.png - _f/F550.png","norev"
2,18,1,0,2,-1,"0","_m/M520.png - _m/M749.png","norev"
2,19,0,1,4,1,"_f/F897.png","_f/F792.png","norev"
2,20,1,1,2,0,"_m/M887.png","_m/M389.png","norev"
2,21,0,1,1,1,"_f/F925.png","_f/F803.png","norev"
2,22,0,0,1,-1,"0","_f/F406.png - _f/F580.png","norev"
2,23,1,0,2,-1,"0","_m/M585.png - _m/M421.png","norev"
2,24,0,1,4,1,"_f/F812.png","_f/F488.png","norev"
2,25,1,1,2,1,"_m/M931.png","_m/M460.png","norev"
2,26,1,1,2,1,"_m/M865.png","_m/M728.png","norev"
2,27,0,0,1,-1,"0","_f/F590.png - _f/F935.png","norev"
2,28,1,1,2,1,"_m/M442.png","_m/M894.png","norev"
2,29,1,1,1,0,"_m/M374.png","_m/M554.png","norev"
2,30,1,1,2,0,"_m/M744.png","_m/M707.png","norev"
2,31,0,1,4,1,"_f/F405.png","_f/F776.png","norev"
2,32,1,0,2,-1,"0","_m/M816.png - _m/M419.png","norev"
2,33,1,1,1,1,"_m/M434.png","_m/M556.png","norev"
2,34,1,0,2,-1,"0","_m/M791.png - _m/M664.png","norev"
2,35,1,1,3,1,"_m/M528.png","_m/M546.png","norev"
2,36,1,0,1,-1,"0","_m/M470.png - _m/M381.png","norev"
2,37,1,1,1,1,"_m/M622.png","_m/M584.png","norev"
2,38,1,1,2,1,"_m/M668.png","_m/M651.png","norev"
2,39,0,0,2,-1,"0","_f/F873.png - _f/F433.png","norev"
2,40,1,1,1,1,"_m/M338.png","_m/M524.png","norev"
2,41,0,1,2,1,"_f/F929.png","_f/F459.png","norev"
2,42,0,0,1,-1,"0","_f/F538.png - _f/F583.png","norev"
2,43,0,0,2,-1,"0","_f/F445.png - _f/F704.png","norev"
2,44,1,0,2,-1,"0","_m/M418.png - _m/M785.png","norev"
2,45,1,0,2,-1,"0","_m/M643.png - _m/M361.png","norev"
2,46,0,0,1,-1,"0","_f/F818.png - _f/F544.png","norev"
2,47,0,1,2,0,"_f/F889.png","_f/F615.png","norev"
2,48,1,1,3,1,"_m/M625.png","_m/M829.png","norev"
2,49,1,1,2,0,"_m/M326.png","_m/M342.png","norev"
2,50,0,1,4,1,"_f/F653.png","_f/F330.png","norev"
2,51,0,1,3,1,"_f/F708.png","_f/F588.png","norev"
2,52,0,0,2,-1,"0","_f/F467.png - _f/F390.png","norev"
2,53,0,0,1,-1,"0","_f/F335.png - _f/F846.png","norev"
2,54,0,0,1,-1,"0","_f/F780.png - _f/F770.png","norev"
2,55,0,0,1,-1,"0","_f/F844.png - _f/F872.png","norev"
2,56,1,1,2,0,"_m/M800.png","_m/M710.png","norev"
2,57,0,1,2,1,"_f/F876.png","_f/F608.png","norev"
2,58,0,0,1,-1,"0","_f/F460.png - _f/F517.png","norev"
2,59,1,1,2,1,"_m/M839.png","_m/M368.png","norev"
2,60,1,0,3,-1,"0","_m/M753.png - _m/M471.png","norev"
2,61,1,1,2,1,"_m/M635.png","_m/M573.png","norev"
2,62,0,0,4,-1,"0","_f/F511.png - _f/F474.png","norev"
2,63,1,0,1,-1,"0","_m/M529.png - _m/M423.png","norev"
2,64,0,1,3,1,"_f/F702.png","_f/F462.png","norev"
2,65,1,1,2,0,"_m/M885.png","_m/M427.png","norev"
2,66,1,0,1,-1,"0","_m/M519.png - _m/M853.png","norev"
2,67,1,1,3,1,"_m/M883.png","_m/M468.png","norev"
2,68,1,1,2,1,"_m/M779.png","_m/M532.png","norev"
2,69,1,1,2,1,"_m/M646.png","_m/M660.png","norev"
2,70,0,0,2,-1,"0","_f/F450.png - _f/F480.png","norev"
2,71,1,1,3,0,"_m/M760.png","_m/M776.png","norev"
2,72,0,1,3,0,"_f/F931.png","_f/F682.png","norev"
2,73,0,1,3,1,"_f/F732.png","_f/F860.png","norev"
2,74,1,1,2,1,"_m/M824.png","_m/M547.png","norev"
2,75,0,0,2,-1,"0","_f/F948.png - _f/F896.png","norev"
2,76,1,0,1,-1,"0","_m/M739.png - _m/M363.png","norev"
2,77,1,1,2,1,"_m/M861.png","_m/M574.png","norev"
2,78,1,0,2,-1,"0","_m/M424.png - _m/M819.png","norev"
2,79,0,0,4,-1,"0","_f/F892.png - _f/F783.png","norev"
2,80,0,0,2,-1,"0","_f/F379.png - _f/F712.png","norev"
2,81,1,0,2,-1,"0","_m/M692.png - _m/M464.png","norev"
2,82,1,0,1,-1,"0","_m/M786.png - _m/M899.png","norev"
2,83,1,1,4,1,"_m/M687.png","_m/M677.png","norev"
2,84,1,0,2,-1,"0","_m/M736.png - _m/M801.png","norev"
2,85,1,1,2,1,"_m/M362.png","_m/M942.png","norev"
2,86,0,0,3,-1,"0","_f/F901.png - _f/F908.png","norev"
2,87,0,1,3,1,"_f/F672.png","_f/F676.png","norev"
2,88,1,0,2,-1,"0","_m/M854.png - _m/M754.png","norev"
2,89,1,0,1,-1,"0","_m/M768.png - _m/M882.png","norev"
2,90,1,0,2,-1,"0","_m/M734.png - _m/M387.png","norev"
2,91,0,0,2,-1,"0","_f/F891.png - _f/F597.png","norev"
2,92,0,1,1,1,"_f/F350.png","_f/F365.png","norev"
2,93,0,1,1,0,"_f/F768.png","_f/F784.png","norev"
2,94,0,0,2,-1,"0","_f/F520.png - _f/F564.png","norev"
2,95,1,1,3,0,"_m/M465.png","_m/M762.png","norev"
2,96,0,1,2,1,"_f/F771.png","_f/F673.png","norev"
2,97,1,0,2,-1,"0","_m/M869.png - _m/M825.png","norev"
2,98,1,1,2,1,"_m/M477.png","_m/M818.png","norev"
2,99,1,0,2,-1,"0","_m/M759.png - _m/M397.png","norev"
2,100,0,1,1,1,"_f/F548.png","_f/F609.png","norev"
2,101,0,1,2,1,"_f/F883.png","_f/F509.png","norev"
2,102,0,1,1,1,"_f/F541.png","_f/F549.png","norev"
2,103,1,1,3,0,"_m/M479.png","_m/M569.png","norev"
2,104,1,1,2,1,"_m/M943.png","_m/M855.png","norev"
2,105,0,0,3,-1,"0","_f/F829.png - _f/F425.png","norev"
2,106,0,1,4,1,"_f/F619.png","_f/F441.png","norev"
2,107,0,1,2,1,"_f/F337.png","_f/F764.png","norev"
2,108,1,0,1,-1,"0","_m/M873.png - _m/M822.png","norev"
2,109,0,1,2,0,"_f/F496.png","_f/F483.png","norev"
2,110,1,1,3,0,"_m/M658.png","_m/M330.png","norev"
2,111,0,0,3,-1,"0","_f/F814.png - _f/F731.png","norev"
2,112,0,1,3,1,"_f/F822.png","_f/F326.png","norev"
2,113,1,1,2,0,"_m/M417.png","_m/M769.png","norev"
2,114,1,0,1,-1,"0","_m/M904.png - _m/M596.png","norev"
2,115,0,1,4,1,"_f/F657.png","_f/F429.png","norev"
2,116,0,1,2,0,"_f/F930.png","_f/F443.png","norev"
2,117,0,1,2,0,"_f/F571.png","_f/F444.png","norev"
2,118,1,1,1,0,"_m/M684.png","_m/M792.png","norev"
2,119,0,1,4,1,"_f/F369.png","_f/F632.png","norev"
2,120,0,0,3,-1,"0","_f/F394.png - _f/F455.png","norev"
2,121,1,1,2,0,"_m/M944.png","_m/M933.png","norev"
2,122,0,0,2,-1,"0","_f/F919.png - _f/F923.png","norev"
2,123,0,1,2,0,"_f/F858.png","_f/F887.png","norev"
2,124,1,0,1,-1,"0","_m/M609.png - _m/M864.png","norev"
2,125,1,0,1,-1,"0","_m/M541.png - _m/M820.png","norev"
2,126,0,1,2,1,"_f/F346.png","_f/F527.png","norev"
2,127,1,1,4,1,"_m/M618.png","_m/M436.png","norev"
2,128,0,0,2,-1,"0","_f/F567.png - _f/F942.png","norev"
2,129,1,0,1,-1,"0","_m/M594.png - _m/M378.png","norev"
2,130,1,1,2,0,"_m/M634.png","_m/M678.png","norev"
2,131,1,0,1,-1,"0","_m/M551.png - _m/M653.png","norev"
2,132,0,0,1,-1,"0","_f/F504.png - _f/F418.png","norev"
2,133,0,0,2,-1,"0","_f/F510.png - _f/F529.png","norev"
2,134,1,1,3,1,"_m/M758.png","_m/M876.png","norev"
2,135,0,1,4,1,"_f/F909.png","_f/F778.png","norev"
2,136,0,1,2,1,"_f/F795.png","_f/F633.png","norev"
2,137,0,1,1,1,"_f/F828.png","_f/F375.png","norev"
2,138,0,1,3,1,"_f/F381.png","_f/F804.png","norev"
2,139,1,0,2,-1,"0","_m/M846.png - _m/M467.png","norev"
2,140,1,1,2,0,"_m/M482.png","_m/M752.png","norev"
2,141,0,0,1,-1,"0","_f/F402.png - _f/F536.png","norev"
2,142,1,1,2,1,"_m/M694.png","_m/M843.png","norev"
2,143,1,0,1,-1,"0","_m/M890.png - _m/M810.png","norev"
2,144,0,1,1,1,"_f/F688.png","_f/F575.png","norev"
2,145,1,0,2,-1,"0","_m/M910.png - _m/M905.png","norev"
2,146,1,0,2,-1,"0","_m/M723.png - _m/M348.png","norev"
2,147,0,1,2,1,"_f/F344.png","_f/F393.png","norev"
2,148,0,0,1,-1,"0","_f/F796.png - _f/F920.png","norev"
2,149,0,1,4,0,"_f/F932.png","_f/F368.png","norev"
2,150,0,1,3,1,"_f/F593.png","_f/F827.png","norev"
2,151,0,0,2,-1,"0","_f/F341.png - _f/F328.png","norev"
2,152,0,1,2,0,"_f/F786.png","_f/F605.png","norev"
2,153,1,0,2,-1,"0","_m/M919.png - _m/M717.png","norev"
2,154,0,0,3,-1,"0","_f/F461.png - _f/F408.png","norev"
2,155,0,0,2,-1,"0","_f/F573.png - _f/F661.png","norev"
2,156,1,1,2,0,"_m/M793.png","_m/M679.png","norev"
2,157,1,0,1,-1,"0","_m/M562.png - _m/M336.png","norev"
2,158,1,0,3,-1,"0","_m/M845.png - _m/M914.png","norev"
2,159,0,1,2,1,"_f/F515.png","_f/F681.png","norev"
2,160,1,0,1,-1,"0","_m/M564.png - _m/M432.png","norev"
2,161,0,0,3,-1,"0","_f/F411.png - _f/F620.png","norev"
2,162,0,1,1,1,"_f/F819.png","_f/F663.png","norev"
2,163,0,0,1,-1,"0","_f/F706.png - _f/F699.png","norev"
2,164,0,0,2,-1,"0","_f/F413.png - _f/F947.png","norev"
2,165,0,0,2,-1,"0","_f/F881.png - _f/F906.png","norev"
2,166,0,0,1,-1,"0","_f/F717.png - _f/F913.png","norev"
2,167,0,1,2,0,"_f/F535.png","_f/F348.png","norev"
2,168,0,1,3,1,"_f/F424.png","_f/F842.png","norev"
2,169,0,0,2,-1,"0","_f/F354.png - _f/F817.png","norev"
2,170,1,0,2,-1,"0","_m/M906.png - _m/M632.png","norev"
2,171,1,0,3,-1,"0","_m/M698.png - _m/M426.png","norev"
2,172,0,1,2,1,"_f/F886.png","_f/F707.png","norev"
2,173,1,0,3,-1,"0","_m/M763.png - _m/M814.png","norev"
2,174,1,0,2,-1,"0","_m/M623.png - _m/M716.png","norev"
2,175,1,1,1,0,"_m/M654.png","_m/M875.png","norev"
2,176,0,0,1,-1,"0","_f/F857.png - _f/F752.png","norev"
2,177,1,1,2,1,"_m/M445.png","_m/M458.png","norev"
2,178,1,0,3,-1,"0","_m/M685.png - _m/M872.png","norev"
2,179,0,0,2,-1,"0","_f/F382.png - _f/F949.png","norev"
2,180,1,1,2,1,"_m/M395.png","_m/M521.png","norev"
2,181,1,0,2,-1,"0","_m/M542.png - _m/M755.png","norev"
2,182,1,0,2,-1,"0","_m/M815.png - _m/M514.png","norev"
2,183,1,0,3,-1,"0","_m/M422.png - _m/M576.png","norev"
2,184,0,0,2,-1,"0","_f/F753.png - _f/F421.png","norev"
2,185,1,1,1,1,"_m/M384.png","_m/M748.png","norev"
2,186,1,0,1,-1,"0","_m/M334.png - _m/M431.png","norev"
2,187,0,0,1,-1,"0","_f/F373.png - _f/F793.png","norev"
2,188,1,1,3,1,"_m/M563.png","_m/M499.png","norev"
2,189,0,1,4,1,"_f/F686.png","_f/F703.png","norev"
2,190,1,0,2,-1,"0","_m/M921.png - _m/M774.png","norev"
2,191,1,1,3,1,"_m/M682.png","_m/M767.png","norev"
2,192,1,1,1,1,"_m/M505.png","_m/M510.png","norev"
2,193,1,0,2,-1,"0","_m/M704.png - _m/M732.png","norev"
2,194,0,1,2,0,"_f/F945.png","_f/F648.png","norev"
2,195,0,0,2,-1,"0","_f/F767.png - _f/F905.png","norev"
2,196,0,0,2,-1,"0","_f/F388.png - _f/F791.png","norev"
2,197,0,1,4,1,"_f/F816.png","_f/F687.png","norev"
2,198,1,0,3,-1,"0","_m/M483.png - _m/M606.png","norev"
2,199,0,0,2,-1,"0","_f/F695.png - _f/F728.png","norev"
2,200,1,1,3,0,"_m/M765.png","_m/M394.png","norev"
3,1,1,0,2,-1,"0","_m/M816.png - _m/M942.png","norev"
3,2,0,1,4,0,"_f/F579.png","_f/F787.png","norev"
3,3,1,1,4,1,"_m/M767.png","_m/M772.png","norev"
3,4,0,1,4,1,"_f/F838.png","_f/F923.png","norev"
3,5,0,1,2,0,"_f/F614.png","_f/F925.png","norev"
3,6,1,1,1,1,"_m/M681.png","_m/M621.png","norev"
3,7,0,0,1,-1,"0","_f/F949.png - _f/F778.png","norev"
3,8,0,0,1,-1,"0","_f/F723.png - _f/F645.png","norev"
3,9,1,1,4,1,"_m/M573.png","_m/M584.png","norev"
3,10,0,0,1,-1,"0","_f/F880.png - _f/F652.png","norev"
3,11,1,0,4,-1,"0","_m/M383.png - _m/M489.png","norev"
3,12,1,0,4,-1,"0","_m/M785.png - _m/M480.png","norev"
3,13,0,0,1,-1,"0","_f/F572.png - _f/F757.png","norev"
3,14,0,1,1,1,"_f/F794.png","_f/F724.png","norev"
3,15,1,1,4,1,"_m/M596.png","_m/M591.png","norev"
3,16,1,0,4,-1,"0","_m/M884.png - _m/M382.png","norev"
3,17,1,0,3,-1,"0","_m/M878.png - _m/M815.png","norev"
3,18,0,0,3,-1,"0","_f/F924.png - _f/F858.png","norev"
3,19,1,0,1,-1,"0","_m/M716.png - _m/M565.png","norev"
3,20,1,0,4,-1,"0","_m/M764.png - _m/M579.png","norev"
3,21,1,0,4,-1,"0","_m/M374.png - _m/M607.png","norev"
3,22,0,0,4,-1,"0","_f/F463.png - _f/F819.png","norev"
3,23,0,1,4,0,"_f/F402.png","_f/F632.png","norev"
3,24,0,0,4,-1,"0","_f/F553.png - _f/F369.png","norev"
3,25,1,1,2,1,"_m/M562.png","_m/M351.png","norev"
3,26,1,0,1,-1,"0","_m/M697.png - _m/M775.png","norev"
3,27,1,0,2,-1,"0","_m/M586.png - _m/M353.png","norev"
3,28,0,1,4,1,"_f/F799.png","_f/F428.png","norev"
3,29,1,1,1,1,"_m/M676.png","_m/M800.png","norev"
3,30,0,0,1,-1,"0","_f/F926.png - _f/F657.png","norev"
3,31,1,1,4,1,"_m/M390.png","_m/M909.png","norev"
3,32,1,0,4,-1,"0","_m/M677.png - _m/M574.png","norev"
3,33,1,0,4,-1,"0","_m/M721.png - _m/M559.png","norev"
3,34,0,0,1,-1,"0","_f/F434.png - _f/F826.png","norev"
3,35,1,0,4,-1,"0","_m/M698.png - _m/M631.png","norev"
3,36,0,0,1,-1,"0","_f/F583.png - _f/F922.png","norev"
3,37,0,1,2,1,"_f/F575.png","_f/F755.png","norev"
3,38,0,0,2,-1,"0","_f/F505.png - _f/F574.png","norev"
3,39,0,1,2,0,"_f/F442.png","_f/F768.png","norev"
3,40,1,1,3,1,"_m/M774.png","_m/M921.png","norev"
3,41,1,0,3,-1,"0","_m/M845.png - _m/M903.png","norev"
3,42,0,0,1,-1,"0","_f/F895.png - _f/F666.png","norev"
3,43,1,0,2,-1,"0","_m/M527.png - _m/M762.png","norev"
3,44,1,1,1,0,"_m/M802.png","_m/M628.png","norev"
3,45,1,1,1,1,"_m/M688.png","_m/M840.png","norev"
3,46,1,1,1,0,"_m/M421.png","_m/M396.png","norev"
3,47,1,0,3,-1,"0","_m/M715.png - _m/M950.png","norev"
3,48,1,0,1,-1,"0","_m/M448.png - _m/M561.png","norev"
3,49,1,1,3,0,"_m/M425.png","_m/M597.png","norev"
3,50,0,0,1,-1,"0","_f/F733.png - _f/F425.png","norev"
3,51,0,0,2,-1,"0","_f/F754.png - _f/F521.png","norev"
3,52,1,1,4,1,"_m/M370.png","_m/M734.png","norev"
3,53,0,1,3,1,"_f/F462.png","_f/F476.png","norev"
3,54,0,1,4,0,"_f/F624.png","_f/F507.png","norev"
3,55,1,1,3,1,"_m/M337.png","_m/M564.png","norev"
3,56,1,1,2,1,"_m/M846.png","_m/M444.png","norev"
3,57,1,1,2,1,"_m/M332.png","_m/M375.png","norev"
3,58,1,1,2,1,"_m/M761.png","_m/M829.png","norev"
3,59,0,1,3,0,"_f/F418.png","_f/F398.png","norev"
3,60,0,0,4,-1,"0","_f/F510.png - _f/F604.png","norev"
3,61,0,1,1,0,"_f/F359.png","_f/F483.png","norev"
3,62,0,0,3,-1,"0","_f/F936.png - _f/F850.png","norev"
3,63,1,1,1,1,"_m/M850.png","_m/M855.png","norev"
3,64,1,0,2,-1,"0","_m/M849.png - _m/M506.png","norev"
3,65,0,0,2,-1,"0","_f/F679.png - _f/F696.png","norev"
3,66,0,1,2,1,"_f/F842.png","_f/F671.png","norev"
3,67,0,1,4,0,"_f/F828.png","_f/F613.png","norev"
3,68,0,0,4,-1,"0","_f/F554.png - _f/F900.png","norev"
3,69,0,0,3,-1,"0","_f/F628.png - _f/F405.png","norev"
3,70,1,1,1,1,"_m/M886.png","_m/M799.png","norev"
3,71,0,0,3,-1,"0","_f/F501.png - _f/F636.png","norev"
3,72,0,0,2,-1,"0","_f/F479.png - _f/F578.png","norev"
3,73,0,1,1,0,"_f/F790.png","_f/F661.png","norev"
3,74,0,0,2,-1,"0","_f/F809.png - _f/F921.png","norev"
3,75,0,0,2,-1,"0","_f/F409.png - _f/F791.png","norev"
3,76,1,1,4,1,"_m/M851.png","_m/M537.png","norev"
3,77,0,1,3,0,"_f/F905.png","_f/F753.png","norev"
3,78,0,1,3,1,"_f/F516.png","_f/F806.png","norev"
3,79,1,1,3,0,"_m/M513.png","_m/M759.png","norev"
3,80,1,1,3,1,"_m/M409.png","_m/M476.png","norev"
3,81,0,0,1,-1,"0","_f/F587.png - _f/F415.png","norev"
3,82,0,0,3,-1,"0","_f/F465.png - _f/F387.png","norev"
3,83,1,1,1,0,"_m/M557.png","_m/M410.png","norev"
3,84,0,0,2,-1,"0","_f/F760.png - _f/F487.png","norev"
3,85,1,0,2,-1,"0","_m/M893.png - _m/M897.png","norev"
3,86,1,1,3,0,"_m/M545.png","_m/M387.png","norev"
3,87,1,0,3,-1,"0","_m/M870.png - _m/M435.png","norev"
3,88,0,1,1,1,"_f/F823.png","_f/F845.png","norev"
3,89,0,1,1,0,"_f/F515.png","_f/F586.png","norev"
3,90,0,1,1,0,"_f/F456.png","_f/F439.png","norev"
3,91,1,0,1,-1,"0","_m/M925.png - _m/M877.png","norev"
3,92,1,1,3,0,"_m/M572.png","_m/M635.png","norev"
3,93,1,0,3,-1,"0","_m/M853.png - _m/M856.png","norev"
3,94,1,1,2,0,"_m/M780.png","_m/M367.png","norev"
3,95,1,1,4,1,"_m/M595.png","_m/M782.png","norev"
3,96,0,0,3,-1,"0","_f/F474.png - _f/F427.png","norev"
3,97,1,0,2,-1,"0","_m/M678.png - _m/M477.png","norev"
3,98,1,0,1,-1,"0","_m/M345.png - _m/M885.png","norev"
3,99,1,1,1,0,"_m/M938.png","_m/M706.png","norev"
3,100,1,1,1,1,"_m/M821.png","_m/M722.png","norev"
3,101,0,1,1,0,"_f/F647.png","_f/F440.png","norev"
3,102,0,1,1,0,"_f/F619.png","_f/F435.png","norev"
3,103,0,1,2,0,"_f/F610.png","_f/F781.png","norev"
3,104,0,0,1,-1,"0","_f/F859.png - _f/F548.png","norev"
3,105,1,1,3,0,"_m/M533.png","_m/M906.png","norev"
3,106,0,0,3,-1,"0","_f/F569.png - _f/F874.png","norev"
3,107,1,1,2,1,"_m/M404.png","_m/M392.png","norev"
3,108,0,1,2,0,"_f/F519.png","_f/F801.png","norev"
3,109,1,1,2,1,"_m/M498.png","_m/M916.png","norev"
3,110,0,1,2,0,"_f/F492.png","_f/F396.png","norev"
3,111,1,0,3,-1,"0","_m/M411.png - _m/M618.png","norev"
3,112,1,1,4,0,"_m/M813.png","_m/M422.png","norev"
3,113,0,1,4,1,"_f/F729.png","_f/F735.png","norev"
3,114,1,0,3,-1,"0","_m/M791.png - _m/M592.png","norev"
3,115,0,0,1,-1,"0","_f/F749.png - _f/F815.png","norev"
3,116,0,1,2,0,"_f/F798.png","_f/F598.png","norev"
3,117,1,0,3,-1,"0","_m/M503.png - _m/M657.png","norev"
3,118,1,1,3,1,"_m/M600.png","_m/M379.png","norev"
3,119,0,0,1,-1,"0","_f/F937.png - _f/F406.png","norev"
3,120,0,0,3,-1,"0","_f/F557.png - _f/F744.png","norev"
3,121,0,1,3,0,"_f/F384.png","_f/F830.png","norev"
3,122,1,1,1,1,"_m/M611.png","_m/M619.png","norev"
3,123,0,0,2,-1,"0","_f/F445.png - _f/F727.png","norev"
3,124,0,1,3,1,"_f/F927.png","_f/F824.png","norev"
3,125,0,0,3,-1,"0","_f/F411.png - _f/F566.png","norev"
3,126,0,0,4,-1,"0","_f/F379.png - _f/F531.png","norev"
3,127,1,0,3,-1,"0","_m/M847.png - _m/M432.png","norev"
3,128,1,0,1,-1,"0","_m/M826.png - _m/M356.png","norev"
3,129,1,0,1,-1,"0","_m/M659.png - _m/M842.png","norev"
3,130,1,0,2,-1,"0","_m/M484.png - _m/M391.png","norev"
3,131,0,1,4,0,"_f/F894.png","_f/F358.png","norev"
3,132,1,1,3,1,"_m/M462.png","_m/M741.png","norev"
3,133,0,0,2,-1,"0","_f/F775.png - _f/F461.png","norev"
3,134,1,1,2,1,"_m/M911.png","_m/M743.png","norev"
3,135,0,0,3,-1,"0","_f/F617.png - _f/F336.png","norev"
3,136,0,1,4,1,"_f/F728.png","_f/F722.png","norev"
3,137,1,1,3,0,"_m/M907.png","_m/M940.png","norev"
3,138,1,1,3,1,"_m/M605.png","_m/M669.png","norev"
3,139,0,0,2,-1,"0","_f/F612.png - _f/F403.png","norev"
3,140,1,0,3,-1,"0","_m/M493.png - _m/M593.png","norev"
3,141,0,1,3,1,"_f/F567.png","_f/F484.png","norev"
3,142,0,1,2,0,"_f/F623.png","_f/F467.png","norev"
3,143,1,0,1,-1,"0","_m/M550.png - _m/M627.png","norev"
3,144,0,0,2,-1,"0","_f/F707.png - _f/F913.png","norev"
3,145,0,1,3,0,"_f/F500.png","_f/F381.png","norev"
3,146,0,0,2,-1,"0","_f/F725.png - _f/F742.png","norev"
3,147,1,0,3,-1,"0","_m/M748.png - _m/M733.png","norev"
3,148,0,0,3,-1,"0","_f/F898.png - _f/F673.png","norev"
3,149,0,1,2,1,"_f/F404.png","_f/F938.png","norev"
3,150,0,1,3,1,"_f/F621.png","_f/F740.png","norev"
3,151,1,0,2,-1,"0","_m/M763.png - _m/M739.png","norev"
3,152,0,1,1,0,"_f/F546.png","_f/F840.png","norev"
3,153,0,0,2,-1,"0","_f/F447.png - _f/F779.png","norev"
3,154,1,1,2,1,"_m/M343.png","_m/M515.png","norev"
3,155,0,1,3,0,"_f/F677.png","_f/F758.png","norev"
3,156,1,1,4,0,"_m/M674.png","_m/M441.png","norev"
3,157,1,1,3,0,"_m/M505.png","_m/M485.png","norev"
3,158,0,1,2,1,"_f/F601.png","_f/F770.png","norev"
3,159,1,0,3,-1,"0","_m/M933.png - _m/M541.png","norev"
3,160,1,0,2,-1,"0","_m/M830.png - _m/M795.png","norev"
3,161,1,1,4,0,"_m/M650.png","_m/M497.png","norev"
3,162,0,1,4,1,"_f/F526.png","_f/F529.png","norev"
3,163,0,1,1,0,"_f/F532.png","_f/F430.png","norev"
3,164,0,1,2,0,"_f/F943.png","_f/F362.png","norev"
3,165,1,0,3,-1,"0","_m/M844.png - _m/M427.png","norev"
3,166,1,0,2,-1,"0","_m/M416.png - _m/M755.png","norev"
3,167,1,1,3,0,"_m/M932.png","_m/M439.png","norev"
3,168,0,1,4,1,"_f/F674.png","_f/F827.png","norev"
3,169,0,0,2,-1,"0","_f/F375.png - _f/F493.png","norev"
3,170,0,0,4,-1,"0","_f/F837.png - _f/F668.png","norev"
3,171,1,1,3,1,"_m/M896.png","_m/M433.png","norev"
3,172,1,0,1,-1,"0","_m/M871.png - _m/M899.png","norev"
3,173,1,1,3,0,"_m/M864.png","_m/M837.png","norev"
3,174,0,1,3,1,"_f/F543.png","_f/F550.png","norev"
3,175,0,0,3,-1,"0","_f/F871.png - _f/F782.png","norev"
3,176,1,0,3,-1,"0","_m/M457.png - _m/M452.png","norev"
3,177,0,0,2,-1,"0","_f/F399.png - _f/F460.png","norev"
3,178,0,0,1,-1,"0","_f/F589.png - _f/F737.png","norev"
3,179,1,1,4,0,"_m/M566.png","_m/M418.png","norev"
3,180,1,1,3,1,"_m/M365.png","_m/M719.png","norev"
3,181,1,0,2,-1,"0","_m/M438.png - _m/M693.png","norev"
3,182,0,0,3,-1,"0","_f/F739.png - _f/F528.png","norev"
3,183,1,0,3,-1,"0","_m/M514.png - _m/M710.png","norev"
3,184,0,1,3,0,"_f/F788.png","_f/F637.png","norev"
3,185,1,0,2,-1,"0","_m/M882.png - _m/M714.png","norev"
3,186,1,1,3,0,"_m/M783.png","_m/M508.png","norev"
3,187,1,0,3,-1,"0","_m/M455.png - _m/M502.png","norev"
3,188,1,0,3,-1,"0","_m/M558.png - _m/M355.png","norev"
3,189,1,0,1,-1,"0","_m/M640.png - _m/M634.png","norev"
3,190,0,1,1,1,"_f/F582.png","_f/F580.png","norev"
3,191,0,0,1,-1,"0","_f/F392.png - _f/F335.png","norev"
3,192,0,1,4,0,"_f/F504.png","_f/F660.png","norev"
3,193,1,0,3,-1,"0","_m/M339.png - _m/M922.png","norev"
3,194,0,1,3,0,"_f/F663.png","_f/F522.png","norev"
3,195,1,1,4,0,"_m/M442.png","_m/M554.png","norev"
3,196,0,0,2,-1,"0","_f/F391.png - _f/F772.png","norev"
3,197,1,0,3,-1,"0","_m/M461.png - _m/M406.png","norev"
3,198,0,1,3,0,"_f/F906.png","_f/F682.png","norev"
3,199,1,0,1,-1,"0","_m/M330.png - _m/M588.png","norev"
3,200,0,1,2,0,"_f/F561.png","_f/F590.png","norev"
4,1,1,0,2,-1,"0","_m/M524.png - _m/M538.png","norev"
4,2,0,0,3,-1,"0","_f/F400.png - _f/F918.png","norev"
4,3,1,0,2,-1,"0","_m/M470.png - _m/M363.png","norev"
4,4,1,0,2,-1,"0","_m/M475.png - _m/M457.png","norev"
4,5,1,0,2,-1,"0","_m/M710.png - _m/M407.png","norev"
4,6,0,1,2,0,"_f/F921.png","_f/F652.png","norev"
4,7,0,0,1,-1,"0","_f/F700.png - _f/F469.png","norev"
4,8,0,1,2,1,"_f/F642.png","_f/F532.png","norev"
4,9,1,0,2,-1,"0","_m/M791.png - _m/M599.png","norev"
4,10,0,1,2,1,"_f/F939.png","_f/F371.png","norev"
4,11,0,0,2,-1,"0","_f/F484.png - _f/F486.png","norev"
4,12,0,1,2,1,"_f/F574.png","_f/F353.png","norev"
4,13,0,0,2,-1,"0","_f/F435.png - _f/F386.png","norev"
4,14,1,0,2,-1,"0","_m/M626.png - _m/M636.png","norev"
4,15,0,0,3,-1,"0","_f/F933.png - _f/F892.png","norev"
4,16,1,0,1,-1,"0","_m/M846.png - _m/M342.png","norev"
4,17,0,0,2,-1,"0","_f/F518.png - _f/F500.png","norev"
4,18,1,1,1,0,"_m/M669.png","_m/M436.png","norev"
4,19,1,1,1,1,"_m/M466.png","_m/M517.png","norev"
4,20,1,1,1,0,"_m/M906.png","_m/M377.png","norev"
4,21,0,1,1,1,"_f/F602.png","_f/F528.png","norev"
4,22,0,1,1,1,"_f/F735.png","_f/F848.png","norev"
4,23,0,1,2,0,"_f/F497.png","_f/F772.png","norev"
4,24,1,1,2,0,"_m/M453.png","_m/M392.png","norev"
4,25,0,0,2,-1,"0","_f/F913.png - _f/F352.png","norev"
4,26,0,1,2,1,"_f/F345.png","_f/F535.png","norev"
4,27,1,0,2,-1,"0","_m/M624.png - _m/M498.png","norev"
4,28,1,1,2,1,"_m/M702.png","_m/M671.png","norev"
4,29,0,0,2,-1,"0","_f/F338.png - _f/F753.png","norev"
4,30,0,1,2,0,"_f/F713.png","_f/F553.png","norev"
4,31,1,0,2,-1,"0","_m/M741.png - _m/M345.png","norev"
4,32,0,1,2,1,"_f/F595.png","_f/F799.png","norev"
4,33,1,0,2,-1,"0","_m/M571.png - _m/M418.png","norev"
4,34,0,0,2,-1,"0","_f/F573.png - _f/F683.png","norev"
4,35,1,0,2,-1,"0","_m/M480.png - _m/M399.png","norev"
4,36,0,1,2,0,"_f/F331.png","_f/F508.png","norev"
4,37,0,1,1,1,"_f/F348.png","_f/F838.png","norev"
4,38,0,1,2,0,"_f/F472.png","_f/F679.png","norev"
4,39,0,0,2,-1,"0","_f/F443.png - _f/F712.png","norev"
4,40,0,0,1,-1,"0","_f/F451.png - _f/F820.png","norev"
4,41,0,0,2,-1,"0","_f/F899.png - _f/F510.png","norev"
4,42,0,1,2,1,"_f/F893.png","_f/F687.png","norev"
4,43,1,1,2,1,"_m/M405.png","_m/M794.png","norev"
4,44,0,0,2,-1,"0","_f/F847.png - _f/F663.png","norev"
4,45,1,1,1,1,"_m/M378.png","_m/M393.png","norev"
4,46,1,0,2,-1,"0","_m/M848.png - _m/M693.png","norev"
4,47,0,1,2,0,"_f/F482.png","_f/F515.png","norev"
4,48,1,1,3,0,"_m/M827.png","_m/M639.png","norev"
4,49,1,1,2,0,"_m/M369.png","_m/M513.png","norev"
4,50,1,1,2,0,"_m/M853.png","_m/M949.png","norev"
4,51,0,0,3,-1,"0","_f/F856.png - _f/F488.png","norev"
4,52,0,1,2,1,"_f/F536.png","_f/F530.png","norev"
4,53,0,0,2,-1,"0","_f/F349.png - _f/F593.png","norev"
4,54,1,1,2,1,"_m/M574.png","_m/M374.png","norev"
4,55,1,1,2,0,"_m/M836.png","_m/M361.png","norev"
4,56,0,1,2,1,"_f/F941.png","_f/F454.png","norev"
4,57,0,1,2,0,"_f/F759.png","_f/F551.png","norev"
4,58,0,1,2,1,"_f/F329.png","_f/F765.png","norev"
4,59,0,0,1,-1,"0","_f/F720.png - _f/F851.png","norev"
4,60,1,1,2,0,"_m/M904.png","_m/M913.png","norev"
4,61,1,1,2,1,"_m/M893.png","_m/M788.png","norev"
4,62,1,0,2,-1,"0","_m/M916.png - _m/M822.png","norev"
4,63,0,1,1,0,"_f/F560.png","_f/F639.png","norev"
4,64,0,1,2,1,"_f/F716.png","_f/F448.png","norev"
4,65,0,1,2,1,"_f/F337.png","_f/F376.png","norev"
4,66,1,0,3,-1,"0","_m/M941.png - _m/M492.png","norev"
4,67,1,0,2,-1,"0","_m/M447.png - _m/M787.png","norev"
4,68,0,0,2,-1,"0","_f/F646.png - _f/F588.png","norev"
4,69,1,0,2,-1,"0","_m/M628.png - _m/M927.png","norev"
4,70,0,0,2,-1,"0","_f/F778.png - _f/F581.png","norev"
4,71,1,0,2,-1,"0","_m/M495.png - _m/M900.png","norev"
4,72,0,1,2,1,"_f/F418.png","_f/F619.png","norev"
4,73,0,0,2,-1,"0","_f/F421.png - _f/F886.png","norev"
4,74,0,0,2,-1,"0","_f/F660.png - _f/F887.png","norev"
4,75,1,0,2,-1,"0","_m/M536.png - _m/M422.png","norev"
4,76,0,0,2,-1,"0","_f/F327.png - _f/F635.png","norev"
4,77,1,0,2,-1,"0","_m/M541.png - _m/M804.png","norev"
4,78,1,0,2,-1,"0","_m/M851.png - _m/M940.png","norev"
4,79,0,1,2,0,"_f/F761.png","_f/F840.png","norev"
4,80,1,0,2,-1,"0","_m/M881.png - _m/M551.png","norev"
4,81,1,0,2,-1,"0","_m/M909.png - _m/M423.png","norev"
4,82,0,0,2,-1,"0","_f/F694.png - _f/F446.png","norev"
4,83,0,1,2,0,"_f/F873.png","_f/F723.png","norev"
4,84,0,1,1,1,"_f/F432.png","_f/F384.png","norev"
4,85,1,0,3,-1,"0","_m/M485.png - _m/M743.png","norev"
4,86,1,1,2,1,"_m/M527.png","_m/M690.png","norev"
4,87,0,1,3,1,"_f/F836.png","_f/F781.png","norev"
4,88,0,1,2,1,"_f/F648.png","_f/F888.png","norev"
4,89,0,0,2,-1,"0","_f/F378.png - _f/F598.png","norev"
4,90,1,0,2,-1,"0","_m/M924.png - _m/M813.png","norev"
4,91,1,0,2,-1,"0","_m/M738.png - _m/M935.png","norev"
4,92,1,0,2,-1,"0","_m/M621.png - _m/M341.png","norev"
4,93,1,1,2,1,"_m/M613.png","_m/M845.png","norev"
4,94,1,0,1,-1,"0","_m/M888.png - _m/M433.png","norev"
4,95,1,1,2,1,"_m/M886.png","_m/M441.png","norev"
4,96,1,0,2,-1,"0","_m/M675.png - _m/M686.png","norev"
4,97,1,0,1,-1,"0","_m/M350.png - _m/M867.png","norev"
4,98,0,0,2,-1,"0","_f/F542.png - _f/F545.png","norev"
4,99,0,0,2,-1,"0","_f/F616.png - _f/F909.png","norev"
4,100,0,1,2,0,"_f/F721.png","_f/F651.png","norev"
4,101,1,0,3,-1,"0","_m/M385.png - _m/M680.png","norev"
4,102,1,0,2,-1,"0","_m/M880.png - _m/M757.png","norev"
4,103,0,1,1,0,"_f/F618.png","_f/F458.png","norev"
4,104,1,1,3,1,"_m/M637.png","_m/M715.png","norev"
4,105,0,0,2,-1,"0","_f/F523.png - _f/F758.png","norev"
4,106,1,1,2,0,"_m/M667.png","_m/M870.png","norev"
4,107,0,0,1,-1,"0","_f/F549.png - _f/F644.png","norev"
4,108,1,1,2,1,"_m/M501.png","_m/M426.png","norev"
4,109,1,1,2,0,"_m/M482.png","_m/M899.png","norev"
4,110,0,1,3,1,"_f/F507.png","_f/F583.png","norev"
4,111,0,0,3,-1,"0","_f/F839.png - _f/F548.png","norev"
4,112,1,0,2,-1,"0","_m/M611.png - _m/M462.png","norev"
4,113,1,1,2,0,"_m/M732.png","_m/M824.png","norev"
4,114,0,0,2,-1,"0","_f/F629.png - _f/F586.png","norev"
4,115,0,1,1,1,"_f/F912.png","_f/F623.png","norev"
4,116,1,1,1,1,"_m/M926.png","_m/M790.png","norev"
4,117,1,1,2,1,"_m/M445.png","_m/M744.png","norev"
4,118,0,0,2,-1,"0","_f/F854.png - _f/F567.png","norev"
4,119,1,1,2,1,"_m/M665.png","_m/M592.png","norev"
4,120,0,0,2,-1,"0","_f/F467.png - _f/F897.png","norev"
4,121,0,1,2,0,"_f/F423.png","_f/F906.png","norev"
4,122,0,1,2,1,"_f/F649.png","_f/F585.png","norev"
4,123,0,0,2,-1,"0","_f/F440.png - _f/F390.png","norev"
4,124,0,0,2,-1,"0","_f/F620.png - _f/F859.png","norev"
4,125,1,1,1,1,"_m/M379.png","_m/M875.png","norev"
4,126,0,1,3,0,"_f/F896.png","_f/F869.png","norev"
4,127,1,0,1,-1,"0","_m/M700.png - _m/M698.png","norev"
4,128,0,1,3,0,"_f/F929.png","_f/F850.png","norev"
4,129,1,1,1,1,"_m/M607.png","_m/M400.png","norev"
4,130,1,0,1,-1,"0","_m/M488.png - _m/M439.png","norev"
4,131,0,0,3,-1,"0","_f/F674.png - _f/F756.png","norev"
4,132,0,0,2,-1,"0","_f/F931.png - _f/F943.png","norev"
4,133,1,1,2,0,"_m/M937.png","_m/M514.png","norev"
4,134,0,0,2,-1,"0","_f/F936.png - _f/F942.png","norev"
4,135,1,1,1,0,"_m/M354.png","_m/M923.png","norev"
4,136,1,1,2,1,"_m/M623.png","_m/M737.png","norev"
4,137,0,0,2,-1,"0","_f/F682.png - _f/F559.png","norev"
4,138,0,0,1,-1,"0","_f/F828.png - _f/F357.png","norev"
4,139,0,1,2,1,"_f/F659.png","_f/F445.png","norev"
4,140,0,0,2,-1,"0","_f/F693.png - _f/F948.png","norev"
4,141,1,1,2,1,"_m/M770.png","_m/M633.png","norev"
4,142,1,0,2,-1,"0","_m/M814.png - _m/M362.png","norev"
4,143,1,1,2,0,"_m/M774.png","_m/M897.png","norev"
4,144,0,0,1,-1,"0","_f/F381.png - _f/F817.png","norev"
4,145,1,0,2,-1,"0","_m/M654.png - _m/M767.png","norev"
4,146,1,1,2,1,"_m/M839.png","_m/M398.png","norev"
4,147,1,0,1,-1,"0","_m/M844.png - _m/M761.png","norev"
4,148,1,1,2,0,"_m/M332.png","_m/M905.png","norev"
4,149,0,0,2,-1,"0","_f/F406.png - _f/F622.png","norev"
4,150,0,1,3,1,"_f/F554.png","_f/F575.png","norev"
4,151,0,1,1,0,"_f/F466.png","_f/F833.png","norev"
4,152,0,1,2,0,"_f/F399.png","_f/F739.png","norev"
4,153,0,0,2,-1,"0","_f/F831.png - _f/F393.png","norev"
4,154,1,1,2,1,"_m/M929.png","_m/M508.png","norev"
4,155,1,0,1,-1,"0","_m/M861.png - _m/M526.png","norev"
4,156,1,1,2,1,"_m/M803.png","_m/M868.png","norev"
4,157,0,0,2,-1,"0","_f/F855.png - _f/F898.png","norev"
4,158,1,1,1,1,"_m/M596.png","_m/M835.png","norev"
4,159,1,1,1,1,"_m/M786.png","_m/M605.png","norev"
4,160,1,0,2,-1,"0","_m/M696.png - _m/M646.png","norev"
4,161,1,0,2,-1,"0","_m/M463.png - _m/M529.png","norev"
4,162,0,1,1,1,"_f/F335.png","_f/F343.png","norev"
4,163,1,1,2,1,"_m/M647.png","_m/M648.png","norev"
4,164,1,0,2,-1,"0","_m/M504.png - _m/M762.png","norev"
4,165,1,0,2,-1,"0","_m/M819.png - _m/M427.png","norev"
4,166,0,0,2,-1,"0","_f/F543.png - _f/F483.png","norev"
4,167,0,0,2,-1,"0","_f/F641.png - _f/F526.png","norev"
4,168,1,0,1,-1,"0","_m/M756.png - _m/M518.png","norev"
4,169,1,0,2,-1,"0","_m/M520.png - _m/M404.png","norev"
4,170,1,0,2,-1,"0","_m/M388.png - _m/M674.png","norev"
4,171,0,1,2,1,"_f/F442.png","_f/F636.png","norev"
4,172,1,1,2,1,"_m/M650.png","_m/M689.png","norev"
4,173,0,1,2,0,"_f/F767.png","_f/F714.png","norev"
4,174,1,1,2,1,"_m/M417.png","_m/M486.png","norev"
4,175,0,0,1,-1,"0","_f/F883.png - _f/F662.png","norev"
4,176,1,1,2,1,"_m/M373.png","_m/M746.png","norev"
4,177,1,1,2,0,"_m/M338.png","_m/M908.png","norev"
4,178,1,1,1,0,"_m/M831.png","_m/M468.png","norev"
4,179,1,1,2,1,"_m/M410.png","_m/M451.png","norev"
4,180,0,1,2,1,"_f/F626.png","_f/F680.png","norev"
4,181,1,0,3,-1,"0","_m/M335.png - _m/M936.png","norev"
4,182,1,1,2,0,"_m/M448.png","_m/M728.png","norev"
4,183,0,0,2,-1,"0","_f/F501.png - _f/F813.png","norev"
4,184,1,0,2,-1,"0","_m/M733.png - _m/M471.png","norev"
4,185,0,1,2,0,"_f/F408.png","_f/F590.png","norev"
4,186,0,0,1,-1,"0","_f/F512.png - _f/F558.png","norev"
4,187,0,1,2,0,"_f/F801.png","_f/F934.png","norev"
4,188,1,1,2,0,"_m/M366.png","_m/M618.png","norev"
4,189,1,0,2,-1,"0","_m/M381.png - _m/M808.png","norev"
4,190,1,0,2,-1,"0","_m/M537.png - _m/M601.png","norev"
4,191,1,1,1,1,"_m/M421.png","_m/M336.png","norev"
4,192,0,1,2,0,"_f/F465.png","_f/F672.png","norev"
4,193,1,1,2,1,"_m/M939.png","_m/M651.png","norev"
4,194,1,0,2,-1,"0","_m/M903.png - _m/M484.png","norev"
4,195,0,1,2,1,"_f/F380.png","_f/F927.png","norev"
4,196,0,1,2,1,"_f/F928.png","_f/F463.png","norev"
4,197,0,0,2,-1,"0","_f/F617.png - _f/F746.png","norev"
4,198,1,1,2,1,"_m/M659.png","_m/M884.png","norev"
4,199,0,0,1,-1,"0","_f/F460.png - _f/F341.png","norev"
4,200,0,1,2,0,"_f/F572.png","_f/F760.png","norev"
5,1,1,0,3,-1,"0","_m/M351.png - _m/M509.png","norev"
5,2,1,0,3,-1,"0","_m/M896.png - _m/M730.png","norev"
5,3,1,0,2,-1,"0","_m/M554.png - _m/M558.png","norev"
5,4,1,0,2,-1,"0","_m/M915.png - _m/M780.png","norev"
5,5,1,1,4,1,"_m/M880.png","_m/M366.png","norev"
5,6,0,0,3,-1,"0","_f/F908.png - _f/F626.png","norev"
5,7,1,1,3,1,"_m/M471.png","_m/M491.png","norev"
5,8,0,0,3,-1,"0","_f/F369.png - _f/F621.png","norev"
5,9,0,1,4,1,"_f/F446.png","_f/F453.png","norev"
5,10,0,0,3,-1,"0","_f/F486.png - _f/F705.png","norev"
5,11,1,0,2,-1,"0","_m/M343.png - _m/M427.png","norev"
5,12,1,0,2,-1,"0","_m/M533.png - _m/M816.png","norev"
5,13,0,1,4,1,"_f/F447.png","_f/F697.png","norev"
5,14,0,0,3,-1,"0","_f/F782.png - _f/F708.png","norev"
5,15,1,0,4,-1,"0","_m/M728.png - _m/M744.png","norev"
5,16,0,1,2,1,"_f/F568.png","_f/F445.png","norev"
5,17,0,0,2,-1,"0","_f/F378.png - _f/F938.png","norev"
5,18,1,0,2,-1,"0","_m/M702.png - _m/M893.png","norev"
5,19,1,0,1,-1,"0","_m/M330.png - _m/M477.png","norev"
5,20,1,0,1,-1,"0","_m/M453.png - _m/M755.png","norev"
5,21,1,0,2,-1,"0","_m/M886.png - _m/M829.png","norev"
5,22,1,0,3,-1,"0","_m/M817.png - _m/M409.png","norev"
5,23,0,1,3,1,"_f/F374.png","_f/F526.png","norev"
5,24,0,0,3,-1,"0","_f/F619.png - _f/F741.png","norev"
5,25,0,1,4,1,"_f/F364.png","_f/F935.png","norev"
5,26,0,1,4,1,"_f/F386.png","_f/F330.png","norev"
5,27,1,1,4,1,"_m/M492.png","_m/M639.png","norev"
5,28,1,1,1,1,"_m/M833.png","_m/M821.png","norev"
5,29,0,1,3,0,"_f/F930.png","_f/F466.png","norev"
5,30,1,1,1,0,"_m/M854.png","_m/M446.png","norev"
5,31,1,1,3,1,"_m/M758.png","_m/M899.png","norev"
5,32,1,0,2,-1,"0","_m/M722.png - _m/M395.png","norev"
5,33,0,1,3,1,"_f/F546.png","_f/F631.png","norev"
5,34,0,0,4,-1,"0","_f/F558.png - _f/F863.png","norev"
5,35,0,0,2,-1,"0","_f/F647.png - _f/F724.png","norev"
5,36,1,0,4,-1,"0","_m/M863.png - _m/M852.png","norev"
5,37,1,0,1,-1,"0","_m/M747.png - _m/M387.png","norev"
5,38,0,1,2,1,"_f/F598.png","_f/F461.png","norev"
5,39,1,1,2,1,"_m/M340.png","_m/M513.png","norev"
5,40,1,0,1,-1,"0","_m/M452.png - _m/M944.png","norev"
5,41,0,0,2,-1,"0","_f/F490.png - _f/F815.png","norev"
5,42,1,0,1,-1,"0","_m/M479.png - _m/M425.png","norev"
5,43,0,0,3,-1,"0","_f/F897.png - _f/F627.png","norev"
5,44,1,1,1,0,"_m/M693.png","_m/M566.png","norev"
5,45,1,0,2,-1,"0","_m/M553.png - _m/M451.png","norev"
5,46,1,1,4,1,"_m/M847.png","_m/M830.png","norev"
5,47,1,1,3,1,"_m/M342.png","_m/M472.png","norev"
5,48,0,1,4,1,"_f/F844.png","_f/F855.png","norev"
5,49,1,0,2,-1,"0","_m/M723.png - _m/M946.png","norev"
5,50,1,0,2,-1,"0","_m/M438.png - _m/M400.png","norev"
5,51,1,1,4,1,"_m/M341.png","_m/M389.png","norev"
5,52,1,0,3,-1,"0","_m/M538.png - _m/M440.png","norev"
5,53,0,0,4,-1,"0","_f/F749.png - _f/F550.png","norev"
5,54,1,0,2,-1,"0","_m/M326.png - _m/M903.png","norev"
5,55,1,0,3,-1,"0","_m/M444.png - _m/M580.png","norev"
5,56,1,0,2,-1,"0","_m/M593.png - _m/M520.png","norev"
5,57,0,0,4,-1,"0","_f/F931.png - _f/F634.png","norev"
5,58,1,1,3,0,"_m/M546.png","_m/M783.png","norev"
5,59,1,0,2,-1,"0","_m/M754.png - _m/M614.png","norev"
5,60,1,1,3,1,"_m/M752.png","_m/M339.png","norev"
5,61,1,1,2,0,"_m/M914.png","_m/M739.png","norev"
5,62,0,1,4,1,"_f/F885.png","_f/F826.png","norev"
5,63,1,0,3,-1,"0","_m/M934.png - _m/M657.png","norev"
5,64,0,1,2,1,"_f/F685.png","_f/F752.png","norev"
5,65,1,1,2,1,"_m/M892.png","_m/M715.png","norev"
5,66,0,0,2,-1,"0","_f/F820.png - _f/F431.png","norev"
5,67,1,0,1,-1,"0","_m/M848.png - _m/M681.png","norev"
5,68,0,1,3,1,"_f/F712.png","_f/F689.png","norev"
5,69,1,1,3,1,"_m/M898.png","_m/M370.png","norev"
5,70,1,1,4,1,"_m/M564.png","_m/M701.png","norev"
5,71,1,1,1,1,"_m/M552.png","_m/M463.png","norev"
5,72,0,1,4,1,"_f/F703.png","_f/F437.png","norev"
5,73,0,1,3,1,"_f/F821.png","_f/F406.png","norev"
5,74,0,1,2,1,"_f/F622.png","_f/F365.png","norev"
5,75,0,0,3,-1,"0","_f/F541.png - _f/F700.png","norev"
5,76,0,1,3,1,"_f/F351.png","_f/F876.png","norev"
5,77,0,1,4,1,"_f/F761.png","_f/F911.png","norev"
5,78,1,1,3,1,"_m/M941.png","_m/M793.png","norev"
5,79,1,0,2,-1,"0","_m/M352.png - _m/M470.png","norev"
5,80,0,0,3,-1,"0","_f/F501.png - _f/F731.png","norev"
5,81,1,1,2,0,"_m/M900.png","_m/M459.png","norev"
5,82,0,0,1,-1,"0","_f/F372.png - _f/F416.png","norev"
5,83,1,1,4,1,"_m/M784.png","_m/M943.png","norev"
5,84,1,1,2,0,"_m/M602.png","_m/M751.png","norev"
5,85,0,0,2,-1,"0","_f/F474.png - _f/F662.png","norev"
5,86,0,1,3,0,"_f/F649.png","_f/F352.png","norev"
5,87,0,0,3,-1,"0","_f/F945.png - _f/F763.png","norev"
5,88,0,1,2,1,"_f/F363.png","_f/F773.png","norev"
5,89,0,1,2,1,"_f/F870.png","_f/F635.png","norev"
5,90,1,0,2,-1,"0","_m/M599.png - _m/M333.png","norev"
5,91,1,1,1,1,"_m/M386.png","_m/M336.png","norev"
5,92,0,1,1,1,"_f/F758.png","_f/F581.png","norev"
5,93,0,0,2,-1,"0","_f/F709.png - _f/F625.png","norev"
5,94,0,0,2,-1,"0","_f/F803.png - _f/F561.png","norev"
5,95,1,0,3,-1,"0","_m/M840.png - _m/M923.png","norev"
5,96,0,0,3,-1,"0","_f/F554.png - _f/F576.png","norev"
5,97,1,1,1,1,"_m/M530.png","_m/M750.png","norev"
5,98,0,0,1,-1,"0","_f/F583.png - _f/F388.png","norev"
5,99,1,1,3,1,"_m/M358.png","_m/M855.png","norev"
5,100,1,1,4,1,"_m/M624.png","_m/M695.png","norev"
5,101,0,0,3,-1,"0","_f/F942.png - _f/F479.png","norev"
5,102,1,0,3,-1,"0","_m/M800.png - _m/M362.png","norev"
5,103,0,0,3,-1,"0","_f/F915.png - _f/F557.png","norev"
5,104,0,1,1,1,"_f/F722.png","_f/F480.png","norev"
5,105,1,1,3,1,"_m/M557.png","_m/M502.png","norev"
5,106,0,1,2,0,"_f/F472.png","_f/F412.png","norev"
5,107,0,1,4,1,"_f/F794.png","_f/F569.png","norev"
5,108,0,1,4,1,"_f/F934.png","_f/F767.png","norev"
5,109,0,0,3,-1,"0","_f/F695.png - _f/F573.png","norev"
5,110,1,0,4,-1,"0","_m/M560.png - _m/M642.png","norev"
5,111,0,0,1,-1,"0","_f/F589.png - _f/F411.png","norev"
5,112,0,1,3,1,"_f/F335.png","_f/F539.png","norev"
5,113,1,1,4,1,"_m/M881.png","_m/M626.png","norev"
5,114,1,1,3,1,"_m/M505.png","_m/M834.png","norev"
5,115,0,1,3,0,"_f/F408.png","_f/F400.png","norev"
5,116,1,1,1,1,"_m/M579.png","_m/M536.png","norev"
5,117,1,1,1,0,"_m/M383.png","_m/M922.png","norev"
5,118,0,1,2,1,"_f/F711.png","_f/F630.png","norev"
5,119,0,0,3,-1,"0","_f/F499.png - _f/F886.png","norev"
5,120,1,0,1,-1,"0","_m/M786.png - _m/M419.png","norev"
5,121,1,0,1,-1,"0","_m/M850.png - _m/M589.png","norev"
5,122,1,1,3,1,"_m/M736.png","_m/M613.png","norev"
5,123,0,0,2,-1,"0","_f/F808.png - _f/F680.png","norev"
5,124,1,1,3,1,"_m/M612.png","_m/M659.png","norev"
5,125,0,1,3,1,"_f/F750.png","_f/F588.png","norev"
5,126,0,1,3,1,"_f/F429.png","_f/F715.png","norev"
5,127,1,0,4,-1,"0","_m/M871.png - _m/M714.png","norev"
5,128,1,0,2,-1,"0","_m/M836.png - _m/M504.png","norev"
5,129,1,0,1,-1,"0","_m/M423.png - _m/M622.png","norev"
5,130,1,0,3,-1,"0","_m/M940.png - _m/M861.png","norev"
5,131,1,1,3,1,"_m/M823.png","_m/M813.png","norev"
5,132,0,0,2,-1,"0","_f/F679.png - _f/F327.png","norev"
5,133,1,0,1,-1,"0","_m/M549.png - _m/M353.png","norev"
5,134,1,1,2,1,"_m/M450.png","_m/M807.png","norev"
5,135,1,0,2,-1,"0","_m/M416.png - _m/M842.png","norev"
5,136,1,1,1,1,"_m/M418.png","_m/M630.png","norev"
5,137,1,1,2,0,"_m/M583.png","_m/M939.png","norev"
5,138,0,1,2,0,"_f/F940.png","_f/F360.png","norev"
5,139,0,0,3,-1,"0","_f/F579.png - _f/F901.png","norev"
5,140,0,0,2,-1,"0","_f/F846.png - _f/F485.png","norev"
5,141,0,0,1,-1,"0","_f/F903.png - _f/F675.png","norev"
5,142,1,1,2,1,"_m/M706.png","_m/M598.png","norev"
5,143,1,1,3,0,"_m/M608.png","_m/M845.png","norev"
5,144,0,0,2,-1,"0","_f/F880.png - _f/F948.png","norev"
5,145,0,0,2,-1,"0","_f/F906.png - _f/F727.png","norev"
5,146,0,0,3,-1,"0","_f/F524.png - _f/F463.png","norev"
5,147,0,0,1,-1,"0","_f/F478.png - _f/F428.png","norev"
5,148,0,1,2,0,"_f/F706.png","_f/F533.png","norev"
5,149,1,1,2,1,"_m/M935.png","_m/M620.png","norev"
5,150,0,1,3,1,"_f/F804.png","_f/F693.png","norev"
5,151,1,1,4,1,"_m/M494.png","_m/M811.png","norev"
5,152,0,0,3,-1,"0","_f/F413.png - _f/F858.png","norev"
5,153,0,0,2,-1,"0","_f/F596.png - _f/F894.png","norev"
5,154,0,0,1,-1,"0","_f/F477.png - _f/F824.png","norev"
5,155,1,1,3,1,"_m/M832.png","_m/M540.png","norev"
5,156,0,0,1,-1,"0","_f/F617.png - _f/F487.png","norev"
5,157,0,0,3,-1,"0","_f/F862.png - _f/F653.png","norev"
5,158,1,1,1,1,"_m/M408.png","_m/M529.png","norev"
5,159,0,0,2,-1,"0","_f/F713.png - _f/F663.png","norev"
5,160,1,0,3,-1,"0","_m/M841.png - _m/M569.png","norev"
5,161,0,0,2,-1,"0","_f/F346.png - _f/F805.png","norev"
5,162,1,1,3,0,"_m/M720.png","_m/M615.png","norev"
5,163,1,1,3,1,"_m/M725.png","_m/M948.png","norev"
5,164,1,1,2,1,"_m/M545.png","_m/M887.png","norev"
5,165,0,0,4,-1,"0","_f/F637.png - _f/F800.png","norev"
5,166,1,0,2,-1,"0","_m/M828.png - _m/M737.png","norev"
5,167,0,0,2,-1,"0","_f/F905.png - _f/F719.png","norev"
5,168,1,0,3,-1,"0","_m/M774.png - _m/M711.png","norev"
5,169,0,1,1,1,"_f/F574.png","_f/F735.png","norev"
5,170,1,0,1,-1,"0","_m/M708.png - _m/M541.png","norev"
5,171,0,1,3,1,"_f/F878.png","_f/F642.png","norev"
5,172,1,1,2,1,"_m/M710.png","_m/M562.png","norev"
5,173,0,1,2,1,"_f/F795.png","_f/F473.png","norev"
5,174,1,1,2,0,"_m/M716.png","_m/M605.png","norev"
5,175,1,0,2,-1,"0","_m/M335.png - _m/M742.png","norev"
5,176,0,0,3,-1,"0","_f/F334.png - _f/F535.png","norev"
5,177,0,0,2,-1,"0","_f/F943.png - _f/F384.png","norev"
5,178,1,1,3,1,"_m/M515.png","_m/M381.png","norev"
5,179,0,1,3,0,"_f/F776.png","_f/F506.png","norev"
5,180,0,1,2,0,"_f/F740.png","_f/F397.png","norev"
5,181,0,1,1,1,"_f/F530.png","_f/F375.png","norev"
5,182,1,0,2,-1,"0","_m/M925.png - _m/M919.png","norev"
5,183,0,1,2,0,"_f/F362.png","_f/F603.png","norev"
5,184,0,1,3,1,"_f/F840.png","_f/F578.png","norev"
5,185,0,0,3,-1,"0","_f/F639.png - _f/F483.png","norev"
5,186,1,0,3,-1,"0","_m/M719.png - _m/M831.png","norev"
5,187,1,1,4,1,"_m/M743.png","_m/M844.png","norev"
5,188,0,1,2,1,"_f/F909.png","_f/F385.png","norev"
5,189,0,1,1,1,"_f/F601.png","_f/F710.png","norev"
5,190,0,1,3,0,"_f/F674.png","_f/F439.png","norev"
5,191,0,1,1,1,"_f/F751.png","_f/F470.png","norev"
5,192,0,1,3,0,"_f/F585.png","_f/F555.png","norev"
5,193,1,0,2,-1,"0","_m/M501.png - _m/M689.png","norev"
5,194,0,1,2,1,"_f/F777.png","_f/F493.png","norev"
5,195,1,0,1,-1,"0","_m/M539.png - _m/M359.png","norev"
5,196,0,1,3,0,"_f/F928.png","_f/F927.png","norev"
5,197,1,0,2,-1,"0","_m/M667.png - _m/M949.png","norev"
5,198,0,1,3,0,"_f/F382.png","_f/F769.png","norev"
5,199,0,0,2,-1,"0","_f/F381.png - _f/F730.png","norev"
5,200,0,0,2,-1,"0","_f/F543.png - _f/F729.png","norev"
6,1,1,0,4,-1,"0","_m/M775.png - _m/M734.png","norev"
6,2,0,0,2,-1,"0","_f/F439.png - _f/F561.png","norev"
6,3,0,0,2,-1,"0","_f/F704.png - _f/F365.png","norev"
6,4,1,0,2,-1,"0","_m/M336.png - _m/M725.png","norev"
6,5,1,0,2,-1,"0","_m/M930.png - _m/M387.png","norev"
6,6,0,1,3,0,"_f/F827.png","_f/F638.png","norev"
6,7,1,0,3,-1,"0","_m/M340.png - _m/M397.png","norev"
6,8,1,1,4,1,"_m/M538.png","_m/M600.png","norev"
6,9,1,1,2,0,"_m/M922.png","_m/M789.png","norev"
6,10,1,0,2,-1,"0","_m/M357.png - _m/M615.png","norev"
6,11,1,0,3,-1,"0","_m/M808.png - _m/M886.png","norev"
6,12,0,1,3,1,"_f/F755.png","_f/F786.png","norev"
6,13,1,1,3,1,"_m/M902.png","_m/M372.png","norev"
6,14,1,0,2,-1,"0","_m/M412.png - _m/M836.png","norev"
6,15,1,1,3,1,"_m/M894.png","_m/M723.png","norev"
6,16,1,1,3,0,"_m/M733.png","_m/M890.png","norev"
6,17,0,0,4,-1,"0","_f/F343.png - _f/F525.png","norev"
6,18,1,0,3,-1,"0","_m/M427.png - _m/M431.png","norev"
6,19,0,0,3,-1,"0","_f/F636.png - _f/F477.png","norev"
6,20,1,0,2,-1,"0","_m/M367.png - _m/M638.png","norev"
6,21,0,1,4,1,"_f/F349.png","_f/F404.png","norev"
6,22,0,1,3,0,"_f/F779.png","_f/F358.png","norev"
6,23,0,0,3,-1,"0","_f/F687.png - _f/F517.png","norev"
6,24,1,1,2,0,"_m/M506.png","_m/M588.png","norev"
6,25,0,1,3,0,"_f/F895.png","_f/F500.png","norev"
6,26,1,1,2,0,"_m/M335.png","_m/M741.png","norev"
6,27,1,1,1,0,"_m/M871.png","_m/M331.png","norev"
6,28,0,1,3,0,"_f/F664.png","_f/F628.png","norev"
6,29,0,1,3,1,"_f/F637.png","_f/F612.png","norev"
6,30,0,0,1,-1,"0","_f/F493.png - _f/F661.png","norev"
6,31,1,1,4,1,"_m/M714.png","_m/M483.png","norev"
6,32,1,0,3,-1,"0","_m/M514.png - _m/M776.png","norev"
6,33,0,0,3,-1,"0","_f/F685.png - _f/F634.png","norev"
6,34,1,1,3,0,"_m/M386.png","_m/M798.png","norev"
6,35,1,0,3,-1,"0","_m/M854.png - _m/M443.png","norev"
6,36,1,1,1,0,"_m/M804.png","_m/M948.png","norev"
6,37,1,0,2,-1,"0","_m/M559.png - _m/M728.png","norev"
6,38,1,0,3,-1,"0","_m/M627.png - _m/M411.png","norev"
6,39,0,0,3,-1,"0","_f/F470.png - _f/F857.png","norev"
6,40,0,1,2,1,"_f/F335.png","_f/F686.png","norev"
6,41,0,1,2,1,"_f/F515.png","_f/F727.png","norev"
6,42,0,1,1,1,"_f/F701.png","_f/F551.png","norev"
6,43,1,0,3,-1,"0","_m/M882.png - _m/M811.png","norev"
6,44,1,0,1,-1,"0","_m/M755.png - _m/M475.png","norev"
6,45,1,0,2,-1,"0","_m/M616.png - _m/M873.png","norev"
6,46,0,0,3,-1,"0","_f/F863.png - _f/F590.png","norev"
6,47,0,1,4,1,"_f/F768.png","_f/F375.png","norev"
6,48,0,0,3,-1,"0","_f/F949.png - _f/F938.png","norev"
6,49,1,1,3,0,"_m/M383.png","_m/M356.png","norev"
6,50,1,1,2,0,"_m/M414.png","_m/M768.png","norev"
6,51,0,0,2,-1,"0","_f/F894.png - _f/F509.png","norev"
6,52,0,1,4,1,"_f/F632.png","_f/F354.png","norev"
6,53,1,1,3,1,"_m/M418.png","_m/M630.png","norev"
6,54,1,1,3,1,"_m/M724.png","_m/M551.png","norev"
6,55,1,1,3,1,"_m/M526.png","_m/M718.png","norev"
6,56,1,1,3,1,"_m/M614.png","_m/M569.png","norev"
6,57,0,0,1,-1,"0","_f/F456.png - _f/F386.png","norev"
6,58,1,1,2,1,"_m/M764.png","_m/M513.png","norev"
6,59,1,0,2,-1,"0","_m/M459.png - _m/M859.png","norev"
6,60,0,0,2,-1,"0","_f/F501.png - _f/F592.png","norev"
6,61,1,0,2,-1,"0","_m/M447.png - _m/M667.png","norev"
6,62,1,1,2,0,"_m/M935.png","_m/M590.png","norev"
6,63,0,0,3,-1,"0","_f/F802.png - _f/F446.png","norev"
6,64,1,1,3,1,"_m/M769.png","_m/M903.png","norev"
6,65,1,1,3,0,"_m/M432.png","_m/M633.png","norev"
6,66,0,1,4,1,"_f/F666.png","_f/F416.png","norev"
6,67,0,0,1,-1,"0","_f/F825.png - _f/F797.png","norev"
6,68,0,1,2,0,"_f/F858.png","_f/F835.png","norev"
6,69,1,0,3,-1,"0","_m/M678.png - _m/M674.png","norev"
6,70,0,0,3,-1,"0","_f/F541.png - _f/F524.png","norev"
6,71,0,1,3,1,"_f/F487.png","_f/F633.png","norev"
6,72,0,1,3,1,"_f/F398.png","_f/F522.png","norev"
6,73,1,0,2,-1,"0","_m/M327.png - _m/M343.png","norev"
6,74,0,0,3,-1,"0","_f/F435.png - _f/F692.png","norev"
6,75,0,0,1,-1,"0","_f/F402.png - _f/F927.png","norev"
6,76,1,1,2,1,"_m/M603.png","_m/M344.png","norev"
6,77,1,1,3,1,"_m/M904.png","_m/M622.png","norev"
6,78,1,1,3,1,"_m/M716.png","_m/M709.png","norev"
6,79,1,0,3,-1,"0","_m/M522.png - _m/M348.png","norev"
6,80,1,1,4,1,"_m/M574.png","_m/M832.png","norev"
6,81,1,1,4,1,"_m/M785.png","_m/M717.png","norev"
6,82,0,0,3,-1,"0","_f/F573.png - _f/F824.png","norev"
6,83,1,1,2,0,"_m/M662.png","_m/M661.png","norev"
6,84,0,1,2,1,"_f/F385.png","_f/F347.png","norev"
6,85,1,1,3,1,"_m/M448.png","_m/M689.png","norev"
6,86,0,1,4,1,"_f/F513.png","_f/F380.png","norev"
6,87,1,0,3,-1,"0","_m/M499.png - _m/M548.png","norev"
6,88,1,1,2,1,"_m/M361.png","_m/M843.png","norev"
6,89,1,1,3,1,"_m/M378.png","_m/M684.png","norev"
6,90,1,1,2,0,"_m/M817.png","_m/M914.png","norev"
6,91,0,0,3,-1,"0","_f/F591.png - _f/F935.png","norev"
6,92,1,1,2,1,"_m/M525.png","_m/M450.png","norev"
6,93,0,1,2,0,"_f/F641.png","_f/F908.png","norev"
6,94,0,1,3,0,"_f/F754.png","_f/F944.png","norev"
6,95,0,1,3,1,"_f/F658.png","_f/F747.png","norev"
6,96,0,0,3,-1,"0","_f/F345.png - _f/F950.png","norev"
6,97,1,0,2,-1,"0","_m/M663.png - _m/M676.png","norev"
6,98,1,0,1,-1,"0","_m/M437.png - _m/M360.png","norev"
6,99,0,0,1,-1,"0","_f/F874.png - _f/F746.png","norev"
6,100,1,1,3,0,"_m/M554.png","_m/M350.png","norev"
6,101,1,0,3,-1,"0","_m/M822.png - _m/M849.png","norev"
6,102,1,1,3,0,"_m/M458.png","_m/M338.png","norev"
6,103,0,1,2,1,"_f/F909.png","_f/F504.png","norev"
6,104,0,1,3,1,"_f/F659.png","_f/F843.png","norev"
6,105,1,1,1,0,"_m/M853.png","_m/M632.png","norev"
6,106,0,0,2,-1,"0","_f/F706.png - _f/F708.png","norev"
6,107,1,0,2,-1,"0","_m/M942.png - _m/M749.png","norev"
6,108,1,0,2,-1,"0","_m/M403.png - _m/M806.png","norev"
6,109,0,1,3,1,"_f/F579.png","_f/F945.png","norev"
6,110,0,0,3,-1,"0","_f/F695.png - _f/F337.png","norev"
6,111,0,1,1,0,"_f/F793.png","_f/F601.png","norev"
6,112,1,1,4,1,"_m/M370.png","_m/M329.png","norev"
6,113,1,0,3,-1,"0","_m/M765.png - _m/M473.png","norev"
6,114,0,1,2,1,"_f/F924.png","_f/F878.png","norev"
6,115,1,0,3,-1,"0","_m/M945.png - _m/M394.png","norev"
6,116,0,1,3,1,"_f/F326.png","_f/F635.png","norev"
6,117,0,0,1,-1,"0","_f/F656.png - _f/F871.png","norev"
6,118,1,0,4,-1,"0","_m/M502.png - _m/M452.png","norev"
6,119,0,0,3,-1,"0","_f/F821.png - _f/F391.png","norev"
6,120,0,1,3,1,"_f/F457.png","_f/F771.png","norev"
6,121,0,1,1,0,"_f/F774.png","_f/F434.png","norev"
6,122,0,0,2,-1,"0","_f/F575.png - _f/F689.png","norev"
6,123,1,0,3,-1,"0","_m/M580.png - _m/M334.png","norev"
6,124,0,1,1,1,"_f/F489.png","_f/F882.png","norev"
6,125,0,1,2,0,"_f/F826.png","_f/F838.png","norev"
6,126,1,0,3,-1,"0","_m/M549.png - _m/M898.png","norev"
6,127,1,0,3,-1,"0","_m/M695.png - _m/M509.png","norev"
6,128,0,1,1,1,"_f/F765.png","_f/F583.png","norev"
6,129,0,1,4,1,"_f/F623.png","_f/F613.png","norev"
6,130,0,1,2,0,"_f/F393.png","_f/F412.png","norev"
6,131,1,1,4,1,"_m/M578.png","_m/M535.png","norev"
6,132,0,1,3,1,"_f/F806.png","_f/F853.png","norev"
6,133,0,0,4,-1,"0","_f/F722.png - _f/F535.png","norev"
6,134,1,1,1,1,"_m/M527.png","_m/M641.png","norev"
6,135,0,0,2,-1,"0","_f/F396.png - _f/F331.png","norev"
6,136,0,1,3,1,"_f/F549.png","_f/F851.png","norev"
6,137,0,0,3,-1,"0","_f/F930.png - _f/F737.png","norev"
6,138,0,0,1,-1,"0","_f/F752.png - _f/F691.png","norev"
6,139,1,0,3,-1,"0","_m/M457.png - _m/M462.png","norev"
6,140,0,0,2,-1,"0","_f/F761.png - _f/F630.png","norev"
6,141,0,0,4,-1,"0","_f/F677.png - _f/F603.png","norev"
6,142,1,1,2,0,"_m/M617.png","_m/M642.png","norev"
6,143,0,0,1,-1,"0","_f/F688.png - _f/F854.png","norev"
6,144,0,1,4,1,"_f/F926.png","_f/F912.png","norev"
6,145,1,1,3,1,"_m/M704.png","_m/M330.png","norev"
6,146,0,1,4,1,"_f/F399.png","_f/F903.png","norev"
6,147,0,0,3,-1,"0","_f/F785.png - _f/F497.png","norev"
6,148,0,1,3,1,"_f/F449.png","_f/F939.png","norev"
6,149,0,0,2,-1,"0","_f/F808.png - _f/F679.png","norev"
6,150,1,1,4,1,"_m/M850.png","_m/M846.png","norev"
6,151,0,0,2,-1,"0","_f/F498.png - _f/F905.png","norev"
6,152,1,0,3,-1,"0","_m/M655.png - _m/M488.png","norev"
6,153,1,0,3,-1,"0","_m/M385.png - _m/M731.png","norev"
6,154,1,1,3,1,"_m/M773.png","_m/M872.png","norev"
6,155,1,0,4,-1,"0","_m/M845.png - _m/M464.png","norev"
6,156,0,1,2,1,"_f/F668.png","_f/F681.png","norev"
6,157,1,1,3,0,"_m/M366.png","_m/M480.png","norev"
6,158,1,0,3,-1,"0","_m/M469.png - _m/M507.png","norev"
6,159,1,1,3,0,"_m/M654.png","_m/M809.png","norev"
6,160,0,1,4,1,"_f/F702.png","_f/F885.png","norev"
6,161,0,1,3,1,"_f/F925.png","_f/F781.png","norev"
6,162,1,0,1,-1,"0","_m/M799.png - _m/M518.png","norev"
6,163,0,0,3,-1,"0","_f/F454.png - _f/F721.png","norev"
6,164,0,0,2,-1,"0","_f/F488.png - _f/F532.png","norev"
6,165,0,0,2,-1,"0","_f/F792.png - _f/F476.png","norev"
6,166,0,0,2,-1,"0","_f/F374.png - _f/F392.png","norev"
6,167,1,0,3,-1,"0","_m/M355.png - _m/M919.png","norev"
6,168,1,1,3,1,"_m/M421.png","_m/M931.png","norev"
6,169,0,0,2,-1,"0","_f/F776.png - _f/F567.png","norev"
6,170,0,1,4,1,"_f/F352.png","_f/F584.png","norev"
6,171,0,0,3,-1,"0","_f/F784.png - _f/F356.png","norev"
6,172,1,0,3,-1,"0","_m/M856.png - _m/M857.png","norev"
6,173,1,0,3,-1,"0","_m/M396.png - _m/M790.png","norev"
6,174,0,0,3,-1,"0","_f/F812.png - _f/F694.png","norev"
6,175,0,1,4,1,"_f/F735.png","_f/F861.png","norev"
6,176,1,0,3,-1,"0","_m/M812.png - _m/M760.png","norev"
6,177,1,1,2,0,"_m/M761.png","_m/M470.png","norev"
6,178,1,0,3,-1,"0","_m/M408.png - _m/M406.png","norev"
6,179,0,0,3,-1,"0","_f/F828.png - _f/F807.png","norev"
6,180,0,1,4,1,"_f/F904.png","_f/F527.png","norev"
6,181,0,1,3,1,"_f/F427.png","_f/F616.png","norev"
6,182,1,1,3,0,"_m/M825.png","_m/M536.png","norev"
6,183,1,0,3,-1,"0","_m/M623.png - _m/M495.png","norev"
6,184,0,1,2,0,"_f/F655.png","_f/F794.png","norev"
6,185,1,1,3,0,"_m/M582.png","_m/M671.png","norev"
6,186,0,1,4,1,"_f/F775.png","_f/F624.png","norev"
6,187,1,1,4,1,"_m/M702.png","_m/M461.png","norev"
6,188,1,0,2,-1,"0","_m/M693.png - _m/M791.png","norev"
6,189,0,0,3,-1,"0","_f/F554.png - _f/F736.png","norev"
6,190,1,0,3,-1,"0","_m/M598.png - _m/M744.png","norev"
6,191,0,0,3,-1,"0","_f/F933.png - _f/F788.png","norev"
6,192,1,0,3,-1,"0","_m/M605.png - _m/M369.png","norev"
6,193,0,1,2,0,"_f/F673.png","_f/F758.png","norev"
6,194,1,0,2,-1,"0","_m/M779.png - _m/M423.png","norev"
6,195,0,0,4,-1,"0","_f/F407.png - _f/F611.png","norev"
6,196,1,0,2,-1,"0","_m/M740.png - _m/M326.png","norev"
6,197,0,1,2,1,"_f/F646.png","_f/F931.png","norev"
6,198,0,0,2,-1,"0","_f/F587.png - _f/F432.png","norev"
6,199,1,1,3,1,"_m/M500.png","_m/M611.png","norev"
6,200,0,0,3,-1,"0","_f/F900.png - _f/F544.png","norev"
7,1,0,1,2,1,"_f/F619.png","_f/F547.png","norev"
7,2,0,0,3,-1,"0","_f/F741.png - _f/F940.png","norev"
7,3,0,1,2,1,"_f/F627.png","_f/F461.png","norev"
7,4,0,0,3,-1,"0","_f/F903.png - _f/F394.png","norev"
7,5,1,0,2,-1,"0","_m/M817.png - _m/M918.png","norev"
7,6,0,0,4,-1,"0","_f/F757.png - _f/F431.png","norev"
7,7,1,0,3,-1,"0","_m/M544.png - _m/M904.png","norev"
7,8,1,1,3,1,"_m/M504.png","_m/M370.png","norev"
7,9,0,1,2,0,"_f/F457.png","_f/F797.png","norev"
7,10,1,1,2,1,"_m/M644.png","_m/M549.png","norev"
7,11,1,1,4,0,"_m/M772.png","_m/M883.png","norev"
7,12,1,0,3,-1,"0","_m/M645.png - _m/M867.png","norev"
7,13,1,0,4,-1,"0","_m/M391.png - _m/M511.png","norev"
7,14,1,1,3,0,"_m/M902.png","_m/M930.png","norev"
7,15,0,1,2,1,"_f/F396.png","_f/F568.png","norev"
7,16,0,0,2,-1,"0","_f/F786.png - _f/F590.png","norev"
7,17,0,1,4,1,"_f/F373.png","_f/F837.png","norev"
7,18,1,0,3,-1,"0","_m/M433.png - _m/M838.png","norev"
7,19,0,1,4,1,"_f/F850.png","_f/F862.png","norev"
7,20,0,1,4,0,"_f/F519.png","_f/F423.png","norev"
7,21,1,1,3,0,"_m/M860.png","_m/M633.png","norev"
7,22,1,0,2,-1,"0","_m/M575.png - _m/M341.png","norev"
7,23,0,0,2,-1,"0","_f/F439.png - _f/F556.png","norev"
7,24,1,0,3,-1,"0","_m/M950.png - _m/M501.png","norev"
7,25,1,1,4,1,"_m/M735.png","_m/M722.png","norev"
7,26,0,1,4,1,"_f/F353.png","_f/F413.png","norev"
7,27,0,0,2,-1,"0","_f/F336.png - _f/F901.png","norev"
7,28,1,1,4,1,"_m/M847.png","_m/M362.png","norev"
7,29,0,1,4,1,"_f/F388.png","_f/F691.png","norev"
7,30,0,1,4,1,"_f/F473.png","_f/F496.png","norev"
7,31,1,1,4,1,"_m/M673.png","_m/M896.png","norev"
7,32,1,1,1,1,"_m/M876.png","_m/M585.png","norev"
7,33,0,1,2,0,"_f/F406.png","_f/F920.png","norev"
7,34,1,1,2,0,"_m/M763.png","_m/M822.png","norev"
7,35,0,1,3,1,"_f/F842.png","_f/F335.png","norev"
7,36,0,0,2,-1,"0","_f/F680.png - _f/F344.png","norev"
7,37,0,1,2,1,"_f/F475.png","_f/F685.png","norev"
7,38,1,1,4,0,"_m/M551.png","_m/M335.png","norev"
7,39,0,0,1,-1,"0","_f/F770.png - _f/F393.png","norev"
7,40,0,0,2,-1,"0","_f/F443.png - _f/F594.png","norev"
7,41,1,1,4,1,"_m/M421.png","_m/M845.png","norev"
7,42,1,0,4,-1,"0","_m/M699.png - _m/M786.png","norev"
7,43,0,0,3,-1,"0","_f/F742.png - _f/F390.png","norev"
7,44,1,1,4,0,"_m/M609.png","_m/M374.png","norev"
7,45,0,1,2,0,"_f/F647.png","_f/F569.png","norev"
7,46,0,1,1,1,"_f/F782.png","_f/F655.png","norev"
7,47,1,0,2,-1,"0","_m/M624.png - _m/M856.png","norev"
7,48,0,0,3,-1,"0","_f/F704.png - _f/F446.png","norev"
7,49,0,0,3,-1,"0","_f/F732.png - _f/F724.png","norev"
7,50,1,0,2,-1,"0","_m/M602.png - _m/M478.png","norev"
7,51,1,0,3,-1,"0","_m/M824.png - _m/M613.png","norev"
7,52,1,1,2,1,"_m/M654.png","_m/M495.png","norev"
7,53,1,1,3,1,"_m/M408.png","_m/M705.png","norev"
7,54,1,1,1,1,"_m/M336.png","_m/M755.png","norev"
7,55,0,1,2,0,"_f/F644.png","_f/F926.png","norev"
7,56,1,0,2,-1,"0","_m/M502.png - _m/M491.png","norev"
7,57,0,1,3,0,"_f/F880.png","_f/F339.png","norev"
7,58,0,1,3,1,"_f/F524.png","_f/F674.png","norev"
7,59,1,0,2,-1,"0","_m/M687.png - _m/M712.png","norev"
7,60,1,0,3,-1,"0","_m/M357.png - _m/M869.png","norev"
7,61,0,1,2,1,"_f/F934.png","_f/F695.png","norev"
7,62,1,0,3,-1,"0","_m/M552.png - _m/M626.png","norev"
7,63,0,1,2,0,"_f/F722.png","_f/F748.png","norev"
7,64,0,0,2,-1,"0","_f/F566.png - _f/F345.png","norev"
7,65,0,0,2,-1,"0","_f/F772.png - _f/F883.png","norev"
7,66,0,0,4,-1,"0","_f/F593.png - _f/F437.png","norev"
7,67,1,1,4,1,"_m/M558.png","_m/M685.png","norev"
7,68,1,1,2,0,"_m/M484.png","_m/M563.png","norev"
7,69,0,1,4,1,"_f/F467.png","_f/F879.png","norev"
7,70,1,1,1,1,"_m/M435.png","_m/M475.png","norev"
7,71,1,1,4,0,"_m/M927.png","_m/M726.png","norev"
7,72,0,0,2,-1,"0","_f/F456.png - _f/F670.png","norev"
7,73,1,0,2,-1,"0","_m/M366.png - _m/M753.png","norev"
7,74,1,0,1,-1,"0","_m/M703.png - _m/M401.png","norev"
7,75,0,0,2,-1,"0","_f/F550.png - _f/F526.png","norev"
7,76,0,1,2,0,"_f/F648.png","_f/F823.png","norev"
7,77,0,0,4,-1,"0","_f/F785.png - _f/F651.png","norev"
7,78,0,0,3,-1,"0","_f/F525.png - _f/F719.png","norev"
7,79,1,1,4,1,"_m/M733.png","_m/M618.png","norev"
7,80,1,1,2,0,"_m/M873.png","_m/M658.png","norev"
7,81,0,0,2,-1,"0","_f/F347.png - _f/F372.png","norev"
7,82,1,1,3,1,"_m/M446.png","_m/M680.png","norev"
7,83,0,1,3,1,"_f/F874.png","_f/F832.png","norev"
7,84,1,1,2,1,"_m/M933.png","_m/M527.png","norev"
7,85,1,1,3,1,"_m/M598.png","_m/M351.png","norev"
7,86,0,0,2,-1,"0","_f/F602.png - _f/F603.png","norev"
7,87,0,1,4,1,"_f/F859.png","_f/F625.png","norev"
7,88,0,0,2,-1,"0","_f/F798.png - _f/F331.png","norev"
7,89,1,0,2,-1,"0","_m/M939.png - _m/M438.png","norev"
7,90,0,0,2,-1,"0","_f/F827.png - _f/F608.png","norev"
7,91,1,1,3,1,"_m/M553.png","_m/M434.png","norev"
7,92,0,1,3,1,"_f/F565.png","_f/F605.png","norev"
7,93,0,1,4,1,"_f/F779.png","_f/F332.png","norev"
7,94,0,1,3,1,"_f/F529.png","_f/F352.png","norev"
7,95,0,1,2,1,"_f/F668.png","_f/F600.png","norev"
7,96,0,1,2,1,"_f/F768.png","_f/F918.png","norev"
7,97,1,1,3,1,"_m/M442.png","_m/M385.png","norev"
7,98,1,1,3,1,"_m/M701.png","_m/M841.png","norev"
7,99,1,0,2,-1,"0","_m/M814.png - _m/M818.png","norev"
7,100,1,0,2,-1,"0","_m/M353.png - _m/M828.png","norev"
7,101,1,0,2,-1,"0","_m/M895.png - _m/M482.png","norev"
7,102,1,0,2,-1,"0","_m/M721.png - _m/M582.png","norev"
7,103,1,1,4,1,"_m/M799.png","_m/M581.png","norev"
7,104,0,1,3,1,"_f/F606.png","_f/F351.png","norev"
7,105,1,1,4,1,"_m/M777.png","_m/M785.png","norev"
7,106,0,0,2,-1,"0","_f/F878.png - _f/F359.png","norev"
7,107,1,0,2,-1,"0","_m/M793.png - _m/M784.png","norev"
7,108,0,0,2,-1,"0","_f/F936.png - _f/F545.png","norev"
7,109,0,1,3,0,"_f/F424.png","_f/F486.png","norev"
7,110,1,1,4,1,"_m/M369.png","_m/M540.png","norev"
7,111,0,0,3,-1,"0","_f/F734.png - _f/F848.png","norev"
7,112,1,0,4,-1,"0","_m/M382.png - _m/M525.png","norev"
7,113,0,1,4,1,"_f/F833.png","_f/F414.png","norev"
7,114,0,0,2,-1,"0","_f/F491.png - _f/F586.png","norev"
7,115,1,0,2,-1,"0","_m/M801.png - _m/M428.png","norev"
7,116,0,1,3,1,"_f/F624.png","_f/F641.png","norev"
7,117,1,1,2,0,"_m/M464.png","_m/M657.png","norev"
7,118,1,0,3,-1,"0","_m/M627.png - _m/M871.png","norev"
7,119,1,0,3,-1,"0","_m/M725.png - _m/M358.png","norev"
7,120,1,1,1,1,"_m/M416.png","_m/M827.png","norev"
7,121,1,1,1,0,"_m/M662.png","_m/M536.png","norev"
7,122,0,0,2,-1,"0","_f/F592.png - _f/F851.png","norev"
7,123,1,0,2,-1,"0","_m/M444.png - _m/M810.png","norev"
7,124,1,1,3,0,"_m/M863.png","_m/M481.png","norev"
7,125,1,0,3,-1,"0","_m/M394.png - _m/M450.png","norev"
7,126,0,1,2,1,"_f/F678.png","_f/F329.png","norev"
7,127,0,0,3,-1,"0","_f/F942.png - _f/F773.png","norev"
7,128,0,1,2,1,"_f/F564.png","_f/F739.png","norev"
7,129,1,0,2,-1,"0","_m/M769.png - _m/M440.png","norev"
7,130,1,0,2,-1,"0","_m/M437.png - _m/M924.png","norev"
7,131,1,1,4,1,"_m/M700.png","_m/M656.png","norev"
7,132,0,0,1,-1,"0","_f/F552.png - _f/F386.png","norev"
7,133,1,1,3,0,"_m/M547.png","_m/M493.png","norev"
7,134,1,1,2,0,"_m/M508.png","_m/M587.png","norev"
7,135,0,0,2,-1,"0","_f/F610.png - _f/F683.png","norev"
7,136,0,0,4,-1,"0","_f/F646.png - _f/F923.png","norev"
7,137,0,0,2,-1,"0","_f/F376.png - _f/F795.png","norev"
7,138,0,0,4,-1,"0","_f/F462.png - _f/F881.png","norev"
7,139,0,0,1,-1,"0","_f/F348.png - _f/F753.png","norev"
7,140,0,0,2,-1,"0","_f/F672.png - _f/F801.png","norev"
7,141,0,1,2,1,"_f/F713.png","_f/F661.png","norev"
7,142,1,1,3,0,"_m/M632.png","_m/M764.png","norev"
7,143,1,1,1,0,"_m/M403.png","_m/M946.png","norev"
7,144,1,1,4,0,"_m/M949.png","_m/M749.png","norev"
7,145,1,0,2,-1,"0","_m/M663.png - _m/M458.png","norev"
7,146,0,0,2,-1,"0","_f/F587.png - _f/F387.png","norev"
7,147,0,1,2,1,"_f/F472.png","_f/F656.png","norev"
7,148,0,1,3,1,"_f/F509.png","_f/F530.png","norev"
7,149,0,0,3,-1,"0","_f/F532.png - _f/F541.png","norev"
7,150,1,1,3,0,"_m/M723.png","_m/M740.png","norev"
7,151,0,1,1,1,"_f/F498.png","_f/F580.png","norev"
7,152,0,1,2,1,"_f/F660.png","_f/F433.png","norev"
7,153,1,0,2,-1,"0","_m/M468.png - _m/M400.png","norev"
7,154,1,0,3,-1,"0","_m/M533.png - _m/M409.png","norev"
7,155,0,0,2,-1,"0","_f/F892.png - _f/F681.png","norev"
7,156,0,0,2,-1,"0","_f/F711.png - _f/F543.png","norev"
7,157,0,1,2,1,"_f/F927.png","_f/F744.png","norev"
7,158,1,0,1,-1,"0","_m/M531.png - _m/M736.png","norev"
7,159,1,1,3,1,"_m/M903.png","_m/M936.png","norev"
7,160,1,0,3,-1,"0","_m/M919.png - _m/M804.png","norev"
7,161,1,1,2,1,"_m/M854.png","_m/M387.png","norev"
7,162,0,1,3,1,"_f/F385.png","_f/F546.png","norev"
7,163,1,1,3,1,"_m/M600.png","_m/M326.png","norev"
7,164,0,0,1,-1,"0","_f/F621.png - _f/F544.png","norev"
7,165,1,0,2,-1,"0","_m/M410.png - _m/M422.png","norev"
7,166,1,0,3,-1,"0","_m/M555.png - _m/M569.png","norev"
7,167,0,0,1,-1,"0","_f/F429.png - _f/F601.png","norev"
7,168,0,0,1,-1,"0","_f/F595.png - _f/F650.png","norev"
7,169,1,0,2,-1,"0","_m/M646.png - _m/M590.png","norev"
7,170,1,0,3,-1,"0","_m/M868.png - _m/M516.png","norev"
7,171,1,0,2,-1,"0","_m/M526.png - _m/M593.png","norev"
7,172,1,0,2,-1,"0","_m/M625.png - _m/M414.png","norev"
7,173,0,1,2,1,"_f/F684.png","_f/F417.png","norev"
7,174,1,1,4,1,"_m/M330.png","_m/M455.png","norev"
7,175,0,1,2,1,"_f/F609.png","_f/F517.png","norev"
7,176,0,0,3,-1,"0","_f/F763.png - _f/F571.png","norev"
7,177,0,1,3,1,"_f/F835.png","_f/F701.png","norev"
7,178,1,0,4,-1,"0","_m/M611.png - _m/M820.png","norev"
7,179,0,1,2,0,"_f/F355.png","_f/F365.png","norev"
7,180,0,1,2,1,"_f/F945.png","_f/F900.png","norev"
7,181,1,0,2,-1,"0","_m/M327.png - _m/M874.png","norev"
7,182,0,1,1,0,"_f/F762.png","_f/F411.png","norev"
7,183,0,1,3,1,"_f/F775.png","_f/F884.png","norev"
7,184,0,1,2,0,"_f/F658.png","_f/F554.png","norev"
7,185,0,0,1,-1,"0","_f/F485.png - _f/F896.png","norev"
7,186,1,0,3,-1,"0","_m/M522.png - _m/M661.png","norev"
7,187,1,0,1,-1,"0","_m/M741.png - _m/M690.png","norev"
7,188,1,0,2,-1,"0","_m/M811.png - _m/M412.png","norev"
7,189,1,0,2,-1,"0","_m/M352.png - _m/M360.png","norev"
7,190,0,0,3,-1,"0","_f/F802.png - _f/F521.png","norev"
7,191,0,0,2,-1,"0","_f/F867.png - _f/F946.png","norev"
7,192,1,0,2,-1,"0","_m/M543.png - _m/M794.png","norev"
7,193,1,1,3,0,"_m/M426.png","_m/M568.png","norev"
7,194,0,0,3,-1,"0","_f/F939.png - _f/F894.png","norev"
7,195,1,0,3,-1,"0","_m/M718.png - _m/M395.png","norev"
7,196,1,1,3,1,"_m/M866.png","_m/M466.png","norev"
7,197,0,0,2,-1,"0","_f/F626.png - _f/F771.png","norev"
7,198,1,1,3,1,"_m/M359.png","_m/M870.png","norev"
7,199,1,1,3,1,"_m/M342.png","_m/M628.png","norev"
7,200,0,0,2,-1,"0","_f/F567.png - _f/F764.png","norev"
8,1,0,0,4,-1,"0","_f/F854.png - _f/F629.png","norev"
8,2,0,0,4,-1,"0","_f/F762.png - _f/F930.png","norev"
8,3,0,1,4,1,"_f/F945.png","_f/F628.png","norev"
8,4,1,0,1,-1,"0","_m/M762.png - _m/M907.png","norev"
8,5,0,0,4,-1,"0","_f/F369.png - _f/F400.png","norev"
8,6,0,1,4,1,"_f/F386.png","_f/F625.png","norev"
8,7,1,1,2,1,"_m/M820.png","_m/M843.png","norev"
8,8,0,1,3,1,"_f/F861.png","_f/F897.png","norev"
8,9,0,1,4,1,"_f/F577.png","_f/F463.png","norev"
8,10,1,0,1,-1,"0","_m/M561.png - _m/M740.png","norev"
8,11,0,0,1,-1,"0","_f/F488.png - _f/F430.png","norev"
8,12,1,1,2,0,"_m/M474.png","_m/M333.png","norev"
8,13,1,1,2,1,"_m/M627.png","_m/M340.png","norev"
8,14,0,0,4,-1,"0","_f/F573.png - _f/F642.png","norev"
8,15,1,1,1,0,"_m/M426.png","_m/M909.png","norev"
8,16,0,0,2,-1,"0","_f/F518.png - _f/F343.png","norev"
8,17,1,1,1,1,"_m/M879.png","_m/M557.png","norev"
8,18,0,0,3,-1,"0","_f/F718.png - _f/F950.png","norev"
8,19,0,1,3,1,"_f/F578.png","_f/F617.png","norev"
8,20,0,0,4,-1,"0","_f/F521.png - _f/F539.png","norev"
8,21,0,1,4,0,"_f/F508.png","_f/F744.png","norev"
8,22,1,0,2,-1,"0","_m/M675.png - _m/M895.png","norev"
8,23,0,1,3,0,"_f/F612.png","_f/F530.png","norev"
8,24,1,1,1,0,"_m/M808.png","_m/M489.png","norev"
8,25,0,0,3,-1,"0","_f/F748.png - _f/F662.png","norev"
8,26,0,0,3,-1,"0","_f/F579.png - _f/F888.png","norev"
8,27,0,0,1,-1,"0","_f/F571.png - _f/F856.png","norev"
8,28,0,0,1,-1,"0","_f/F850.png - _f/F465.png","norev"
8,29,1,0,3,-1,"0","_m/M444.png - _m/M714.png","norev"
8,30,1,0,1,-1,"0","_m/M783.png - _m/M369.png","norev"
8,31,0,1,2,0,"_f/F534.png","_f/F567.png","norev"
8,32,0,1,2,0,"_f/F565.png","_f/F872.png","norev"
8,33,1,0,1,-1,"0","_m/M352.png - _m/M776.png","norev"
8,34,0,1,3,1,"_f/F524.png","_f/F569.png","norev"
8,35,1,0,1,-1,"0","_m/M564.png - _m/M610.png","norev"
8,36,1,1,4,1,"_m/M410.png","_m/M362.png","norev"
8,37,1,0,2,-1,"0","_m/M440.png - _m/M855.png","norev"
8,38,1,0,1,-1,"0","_m/M363.png - _m/M886.png","norev"
8,39,1,0,4,-1,"0","_m/M854.png - _m/M418.png","norev"
8,40,1,0,2,-1,"0","_m/M683.png - _m/M790.png","norev"
8,41,1,0,1,-1,"0","_m/M347.png - _m/M780.png","norev"
8,42,0,1,3,1,"_f/F585.png","_f/F626.png","norev"
8,43,1,0,1,-1,"0","_m/M847.png - _m/M597.png","norev"
8,44,0,0,1,-1,"0","_f/F471.png - _f/F437.png","norev"
8,45,0,1,4,0,"_f/F326.png","_f/F782.png","norev"
8,46,0,1,4,1,"_f/F600.png","_f/F863.png","norev"
8,47,1,1,2,0,"_m/M591.png","_m/M419.png","norev"
8,48,0,1,1,1,"_f/F739.png","_f/F466.png","norev"
8,49,1,1,2,0,"_m/M472.png","_m/M451.png","norev"
8,50,0,1,2,1,"_f/F691.png","_f/F429.png","norev"
8,51,1,0,3,-1,"0","_m/M631.png - _m/M919.png","norev"
8,52,0,0,1,-1,"0","_f/F785.png - _f/F752.png","norev"
8,53,0,0,3,-1,"0","_f/F753.png - _f/F595.png","norev"
8,54,1,1,1,1,"_m/M630.png","_m/M795.png","norev"
8,55,1,1,3,0,"_m/M374.png","_m/M580.png","norev"
8,56,1,1,1,0,"_m/M396.png","_m/M386.png","norev"
8,57,0,1,2,0,"_f/F942.png","_f/F522.png","norev"
8,58,1,1,4,1,"_m/M791.png","_m/M587.png","norev"
8,59,1,0,2,-1,"0","_m/M812.png - _m/M517.png","norev"
8,60,0,0,3,-1,"0","_f/F814.png - _f/F940.png","norev"
8,61,1,1,2,1,"_m/M624.png","_m/M663.png","norev"
8,62,0,0,1,-1,"0","_f/F419.png - _f/F503.png","norev"
8,63,1,1,4,1,"_m/M756.png","_m/M524.png","norev"
8,64,1,1,3,1,"_m/M701.png","_m/M803.png","norev"
8,65,1,1,3,1,"_m/M722.png","_m/M584.png","norev"
8,66,0,0,3,-1,"0","_f/F458.png - _f/F511.png","norev"
8,67,0,0,1,-1,"0","_f/F738.png - _f/F711.png","norev"
8,68,1,0,1,-1,"0","_m/M905.png - _m/M450.png","norev"
8,69,0,0,1,-1,"0","_f/F667.png - _f/F725.png","norev"
8,70,0,0,3,-1,"0","_f/F899.png - _f/F669.png","norev"
8,71,1,0,2,-1,"0","_m/M390.png - _m/M674.png","norev"
8,72,1,0,4,-1,"0","_m/M480.png - _m/M890.png","norev"
8,73,0,0,1,-1,"0","_f/F382.png - _f/F608.png","norev"
8,74,1,1,4,1,"_m/M577.png","_m/M772.png","norev"
8,75,0,0,3,-1,"0","_f/F407.png - _f/F354.png","norev"
8,76,0,1,1,0,"_f/F498.png","_f/F764.png","norev"
8,77,0,1,2,0,"_f/F607.png","_f/F922.png","norev"
8,78,0,1,1,0,"_f/F871.png","_f/F446.png","norev"
8,79,1,0,4,-1,"0","_m/M393.png - _m/M572.png","norev"
8,80,0,0,3,-1,"0","_f/F366.png - _f/F804.png","norev"
8,81,0,1,3,1,"_f/F440.png","_f/F548.png","norev"
8,82,1,1,3,1,"_m/M867.png","_m/M910.png","norev"
8,83,0,1,4,1,"_f/F532.png","_f/F935.png","norev"
8,84,0,0,3,-1,"0","_f/F384.png - _f/F545.png","norev"
8,85,0,0,2,-1,"0","_f/F404.png - _f/F418.png","norev"
8,86,1,0,2,-1,"0","_m/M381.png - _m/M887.png","norev"
8,87,1,1,2,0,"_m/M454.png","_m/M478.png","norev"
8,88,1,1,4,1,"_m/M676.png","_m/M476.png","norev"
8,89,0,0,3,-1,"0","_f/F851.png - _f/F837.png","norev"
8,90,1,0,4,-1,"0","_m/M841.png - _m/M849.png","norev"
8,91,1,0,3,-1,"0","_m/M732.png - _m/M542.png","norev"
8,92,0,1,4,1,"_f/F715.png","_f/F885.png","norev"
8,93,0,1,4,1,"_f/F761.png","_f/F821.png","norev"
8,94,1,1,3,1,"_m/M400.png","_m/M545.png","norev"
8,95,0,0,4,-1,"0","_f/F827.png - _f/F771.png","norev"
8,96,1,1,1,1,"_m/M703.png","_m/M582.png","norev"
8,97,1,1,2,0,"_m/M616.png","_m/M551.png","norev"
8,98,1,0,4,-1,"0","_m/M921.png - _m/M641.png","norev"
8,99,1,1,2,0,"_m/M949.png","_m/M816.png","norev"
8,100,0,1,3,1,"_f/F925.png","_f/F868.png","norev"
8,101,1,0,4,-1,"0","_m/M682.png - _m/M335.png","norev"
8,102,0,1,4,1,"_f/F510.png","_f/F327.png","norev"
8,103,0,1,2,1,"_f/F921.png","_f/F592.png","norev"
8,104,1,1,4,0,"_m/M864.png","_m/M748.png","norev"
8,105,0,0,2,-1,"0","_f/F448.png - _f/F453.png","norev"
8,106,1,0,2,-1,"0","_m/M922.png - _m/M513.png","norev"
8,107,1,0,3,-1,"0","_m/M725.png - _m/M351.png","norev"
8,108,1,0,1,-1,"0","_m/M918.png - _m/M696.png","norev"
8,109,1,1,3,1,"_m/M779.png","_m/M555.png","norev"
8,110,1,0,1,-1,"0","_m/M387.png - _m/M359.png","norev"
8,111,1,1,2,0,"_m/M666.png","_m/M699.png","norev"
8,112,0,0,1,-1,"0","_f/F634.png - _f/F495.png","norev"
8,113,1,0,4,-1,"0","_m/M735.png - _m/M420.png","norev"
8,114,1,0,4,-1,"0","_m/M437.png - _m/M931.png","norev"
8,115,1,0,2,-1,"0","_m/M461.png - _m/M435.png","norev"
8,116,0,1,1,0,"_f/F614.png","_f/F756.png","norev"
8,117,1,0,3,-1,"0","_m/M857.png - _m/M328.png","norev"
8,118,1,0,2,-1,"0","_m/M615.png - _m/M800.png","norev"
8,119,1,0,1,-1,"0","_m/M530.png - _m/M821.png","norev"
8,120,0,1,3,0,"_f/F664.png","_f/F425.png","norev"
8,121,1,0,3,-1,"0","_m/M408.png - _m/M742.png","norev"
8,122,1,0,1,-1,"0","_m/M576.png - _m/M924.png","norev"
8,123,0,1,3,0,"_f/F350.png","_f/F512.png","norev"
8,124,1,1,4,0,"_m/M329.png","_m/M447.png","norev"
8,125,1,1,2,1,"_m/M605.png","_m/M894.png","norev"
8,126,1,1,1,1,"_m/M539.png","_m/M881.png","norev"
8,127,1,0,1,-1,"0","_m/M467.png - _m/M423.png","norev"
8,128,1,0,1,-1,"0","_m/M788.png - _m/M737.png","norev"
8,129,0,1,4,1,"_f/F813.png","_f/F807.png","norev"
8,130,1,0,2,-1,"0","_m/M639.png - _m/M620.png","norev"
8,131,0,1,4,1,"_f/F379.png","_f/F460.png","norev"
8,132,1,1,1,1,"_m/M784.png","_m/M563.png","norev"
8,133,1,0,4,-1,"0","_m/M411.png - _m/M334.png","norev"
8,134,0,0,1,-1,"0","_f/F367.png - _f/F687.png","norev"
8,135,0,1,4,1,"_f/F439.png","_f/F459.png","norev"
8,136,1,0,3,-1,"0","_m/M392.png - _m/M487.png","norev"
8,137,0,0,1,-1,"0","_f/F589.png - _f/F395.png","norev"
8,138,0,0,1,-1,"0","_f/F774.png - _f/F332.png","norev"
8,139,0,1,3,1,"_f/F665.png","_f/F702.png","norev"
8,140,1,1,3,1,"_m/M635.png","_m/M468.png","norev"
8,141,0,1,3,0,"_f/F898.png","_f/F457.png","norev"
8,142,1,1,3,0,"_m/M520.png","_m/M792.png","norev"
8,143,1,1,2,0,"_m/M463.png","_m/M364.png","norev"
8,144,0,1,4,0,"_f/F937.png","_f/F682.png","norev"
8,145,1,0,3,-1,"0","_m/M379.png - _m/M486.png","norev"
8,146,0,1,1,1,"_f/F476.png","_f/F492.png","norev"
8,147,1,1,2,1,"_m/M655.png","_m/M628.png","norev"
8,148,1,1,4,1,"_m/M633.png","_m/M914.png","norev"
8,149,1,1,4,1,"_m/M617.png","_m/M479.png","norev"
8,150,1,0,2,-1,"0","_m/M446.png - _m/M755.png","norev"
8,151,0,1,4,0,"_f/F505.png","_f/F842.png","norev"
8,152,0,1,3,1,"_f/F467.png","_f/F563.png","norev"
8,153,0,1,2,1,"_f/F564.png","_f/F775.png","norev"
8,154,0,0,3,-1,"0","_f/F604.png - _f/F542.png","norev"
8,155,1,1,2,0,"_m/M937.png","_m/M754.png","norev"
8,156,1,0,2,-1,"0","_m/M688.png - _m/M397.png","norev"
8,157,1,1,4,1,"_m/M339.png","_m/M651.png","norev"
8,158,1,0,4,-1,"0","_m/M796.png - _m/M502.png","norev"
8,159,0,1,4,1,"_f/F939.png","_f/F859.png","norev"
8,160,0,0,1,-1,"0","_f/F365.png - _f/F882.png","norev"
8,161,0,1,3,1,"_f/F694.png","_f/F849.png","norev"
8,162,0,1,4,1,"_f/F392.png","_f/F745.png","norev"
8,163,0,0,1,-1,"0","_f/F698.png - _f/F858.png","norev"
8,164,0,1,2,0,"_f/F710.png","_f/F572.png","norev"
8,165,0,1,3,1,"_f/F788.png","_f/F497.png","norev"
8,166,0,0,2,-1,"0","_f/F787.png - _f/F383.png","norev"
8,167,0,1,3,0,"_f/F740.png","_f/F372.png","norev"
8,168,0,1,1,1,"_f/F609.png","_f/F416.png","norev"
8,169,1,1,3,0,"_m/M809.png","_m/M593.png","norev"
8,170,0,0,1,-1,"0","_f/F666.png - _f/F591.png","norev"
8,171,0,0,4,-1,"0","_f/F619.png - _f/F401.png","norev"
8,172,0,1,1,0,"_f/F574.png","_f/F928.png","norev"
8,173,1,0,3,-1,"0","_m/M485.png - _m/M767.png","norev"
8,174,1,1,4,1,"_m/M824.png","_m/M544.png","norev"
8,175,0,0,2,-1,"0","_f/F362.png - _f/F411.png","norev"
8,176,0,0,2,-1,"0","_f/F616.png - _f/F730.png","norev"
8,177,1,1,3,1,"_m/M713.png","_m/M736.png","norev"
8,178,0,0,3,-1,"0","_f/F844.png - _f/F540.png","norev"
8,179,0,1,4,1,"_f/F792.png","_f/F800.png","norev"
8,180,1,0,3,-1,"0","_m/M723.png - _m/M456.png","norev"
8,181,0,0,1,-1,"0","_f/F408.png - _f/F796.png","norev"
8,182,1,0,3,-1,"0","_m/M481.png - _m/M483.png","norev"
8,183,1,1,1,0,"_m/M679.png","_m/M538.png","norev"
8,184,0,0,3,-1,"0","_f/F352.png - _f/F675.png","norev"
8,185,0,0,1,-1,"0","_f/F908.png - _f/F867.png","norev"
8,186,0,0,3,-1,"0","_f/F768.png - _f/F351.png","norev"
8,187,1,0,3,-1,"0","_m/M422.png - _m/M852.png","norev"
8,188,1,1,4,1,"_m/M592.png","_m/M578.png","norev"
8,189,0,0,3,-1,"0","_f/F621.png - _f/F777.png","norev"
8,190,1,1,3,1,"_m/M689.png","_m/M604.png","norev"
8,191,1,1,2,0,"_m/M574.png","_m/M715.png","norev"
8,192,0,1,1,0,"_f/F523.png","_f/F656.png","norev"
8,193,1,1,3,0,"_m/M813.png","_m/M729.png","norev"
8,194,0,0,2,-1,"0","_f/F494.png - _f/F638.png","norev"
8,195,1,1,2,0,"_m/M589.png","_m/M492.png","norev"
8,196,0,0,2,-1,"0","_f/F700.png - _f/F789.png","norev"
8,197,1,1,4,1,"_m/M769.png","_m/M913.png","norev"
8,198,0,0,1,-1,"0","_f/F558.png - _f/F947.png","norev"
8,199,0,1,4,0,"_f/F886.png","_f/F705.png","norev"
8,200,1,0,4,-1,"0","_m/M406.png - _m/M856.png","norev"
9,1,0,1,1,0,"_f/F763.png","_f/F784.png","norev"
9,2,0,0,3,-1,"0","_f/F441.png - _f/F422.png","norev"
9,3,1,1,3,1,"_m/M562.png","_m/M716.png","norev"
9,4,0,0,2,-1,"0","_f/F910.png - _f/F769.png","norev"
9,5,1,1,3,1,"_m/M875.png","_m/M945.png","norev"
9,6,0,1,3,1,"_f/F443.png","_f/F640.png","norev"
9,7,0,0,1,-1,"0","_f/F684.png - _f/F672.png","norev"
9,8,1,1,3,0,"_m/M520.png","_m/M357.png","norev"
9,9,1,1,3,1,"_m/M917.png","_m/M913.png","norev"
9,10,1,1,2,0,"_m/M866.png","_m/M771.png","norev"
9,11,0,1,3,0,"_f/F537.png","_f/F849.png","norev"
9,12,0,1,2,0,"_f/F522.png","_f/F386.png","norev"
9,13,1,0,2,-1,"0","_m/M567.png - _m/M510.png","norev"
9,14,0,0,3,-1,"0","_f/F590.png - _f/F934.png","norev"
9,15,1,1,3,0,"_m/M396.png","_m/M697.png","norev"
9,16,0,1,3,1,"_f/F762.png","_f/F719.png","norev"
9,17,0,1,2,0,"_f/F688.png","_f/F754.png","norev"
9,18,1,1,3,1,"_m/M655.png","_m/M705.png","norev"
9,19,1,1,3,1,"_m/M500.png","_m/M898.png","norev"
9,20,0,0,3,-1,"0","_f/F812.png - _f/F438.png","norev"
9,21,0,1,1,0,"_f/F785.png","_f/F491.png","norev"
9,22,1,0,1,-1,"0","_m/M744.png - _m/M787.png","norev"
9,23,0,0,2,-1,"0","_f/F479.png - _f/F518.png","norev"
9,24,0,1,2,0,"_f/F839.png","_f/F351.png","norev"
9,25,1,1,2,1,"_m/M348.png","_m/M901.png","norev"
9,26,0,1,1,0,"_f/F619.png","_f/F700.png","norev"
9,27,0,0,2,-1,"0","_f/F639.png - _f/F568.png","norev"
9,28,1,1,2,0,"_m/M736.png","_m/M559.png","norev"
9,29,1,1,4,1,"_m/M797.png","_m/M873.png","norev"
9,30,0,1,4,1,"_f/F452.png","_f/F772.png","norev"
9,31,1,1,3,1,"_m/M823.png","_m/M768.png","norev"
9,32,1,0,1,-1,"0","_m/M549.png - _m/M411.png","norev"
9,33,0,0,2,-1,"0","_f/F715.png - _f/F446.png","norev"
9,34,0,1,2,1,"_f/F778.png","_f/F860.png","norev"
9,35,1,0,3,-1,"0","_m/M469.png - _m/M560.png","norev"
9,36,1,0,2,-1,"0","_m/M819.png - _m/M665.png","norev"
9,37,1,1,3,0,"_m/M939.png","_m/M613.png","norev"
9,38,0,1,3,0,"_f/F632.png","_f/F495.png","norev"
9,39,1,0,3,-1,"0","_m/M451.png - _m/M382.png","norev"
9,40,0,0,2,-1,"0","_f/F881.png - _f/F842.png","norev"
9,41,0,0,1,-1,"0","_f/F633.png - _f/F766.png","norev"
9,42,0,1,3,1,"_f/F638.png","_f/F469.png","norev"
9,43,1,0,2,-1,"0","_m/M724.png - _m/M438.png","norev"
9,44,1,0,2,-1,"0","_m/M336.png - _m/M925.png","norev"
9,45,0,1,3,1,"_f/F852.png","_f/F437.png","norev"
9,46,1,1,2,0,"_m/M565.png","_m/M351.png","norev"
9,47,1,0,2,-1,"0","_m/M693.png - _m/M834.png","norev"
9,48,0,0,1,-1,"0","_f/F703.png - _f/F593.png","norev"
9,49,1,0,1,-1,"0","_m/M513.png - _m/M380.png","norev"
9,50,0,1,4,1,"_f/F488.png","_f/F622.png","norev"
9,51,0,1,4,1,"_f/F833.png","_f/F926.png","norev"
9,52,1,1,3,1,"_m/M821.png","_m/M344.png","norev"
9,53,1,0,1,-1,"0","_m/M852.png - _m/M465.png","norev"
9,54,1,0,4,-1,"0","_m/M790.png - _m/M402.png","norev"
9,55,1,0,3,-1,"0","_m/M400.png - _m/M395.png","norev"
9,56,1,1,1,0,"_m/M618.png","_m/M700.png","norev"
9,57,0,0,2,-1,"0","_f/F922.png - _f/F461.png","norev"
9,58,0,0,2,-1,"0","_f/F494.png - _f/F421.png","norev"
9,59,1,0,2,-1,"0","_m/M619.png - _m/M523.png","norev"
9,60,0,1,4,1,"_f/F470.png","_f/F475.png","norev"
9,61,1,1,2,1,"_m/M371.png","_m/M345.png","norev"
9,62,0,0,3,-1,"0","_f/F686.png - _f/F735.png","norev"
9,63,1,0,2,-1,"0","_m/M625.png - _m/M799.png","norev"
9,64,0,0,2,-1,"0","_f/F676.png - _f/F506.png","norev"
9,65,0,0,1,-1,"0","_f/F666.png - _f/F547.png","norev"
9,66,0,0,3,-1,"0","_f/F383.png - _f/F721.png","norev"
9,67,1,1,2,1,"_m/M381.png","_m/M508.png","norev"
9,68,0,0,2,-1,"0","_f/F760.png - _f/F753.png","norev"
9,69,1,1,4,1,"_m/M851.png","_m/M608.png","norev"
9,70,1,0,3,-1,"0","_m/M511.png - _m/M687.png","norev"
9,71,0,0,2,-1,"0","_f/F612.png - _f/F873.png","norev"
9,72,1,1,3,1,"_m/M477.png","_m/M690.png","norev"
9,73,0,0,1,-1,"0","_f/F745.png - _f/F374.png","norev"
9,74,0,0,1,-1,"0","_f/F348.png - _f/F445.png","norev"
9,75,0,1,3,1,"_f/F932.png","_f/F899.png","norev"
9,76,1,1,1,0,"_m/M593.png","_m/M413.png","norev"
9,77,1,0,3,-1,"0","_m/M877.png - _m/M496.png","norev"
9,78,0,1,4,1,"_f/F497.png","_f/F538.png","norev"
9,79,0,0,2,-1,"0","_f/F727.png - _f/F409.png","norev"
9,80,0,0,1,-1,"0","_f/F542.png - _f/F582.png","norev"
9,81,1,0,2,-1,"0","_m/M487.png - _m/M650.png","norev"
9,82,0,0,4,-1,"0","_f/F796.png - _f/F378.png","norev"
9,83,0,1,1,0,"_f/F444.png","_f/F906.png","norev"
9,84,0,1,1,0,"_f/F663.png","_f/F365.png","norev"
9,85,1,0,3,-1,"0","_m/M935.png - _m/M414.png","norev"
9,86,0,0,3,-1,"0","_f/F838.png - _f/F888.png","norev"
9,87,1,0,3,-1,"0","_m/M579.png - _m/M417.png","norev"
9,88,1,0,3,-1,"0","_m/M580.png - _m/M386.png","norev"
9,89,1,0,1,-1,"0","_m/M831.png - _m/M879.png","norev"
9,90,0,1,2,1,"_f/F410.png","_f/F921.png","norev"
9,91,1,0,2,-1,"0","_m/M526.png - _m/M722.png","norev"
9,92,0,0,2,-1,"0","_f/F601.png - _f/F627.png","norev"
9,93,1,0,3,-1,"0","_m/M666.png - _m/M657.png","norev"
9,94,1,1,3,0,"_m/M713.png","_m/M748.png","norev"
9,95,1,0,2,-1,"0","_m/M812.png - _m/M635.png","norev"
9,96,0,0,1,-1,"0","_f/F393.png - _f/F916.png","norev"
9,97,0,1,1,1,"_f/F711.png","_f/F677.png","norev"
9,98,1,1,2,1,"_m/M861.png","_m/M564.png","norev"
9,99,0,1,2,0,"_f/F695.png","_f/F706.png","norev"
9,100,0,0,2,-1,"0","_f/F890.png - _f/F671.png","norev"
9,101,1,0,1,-1,"0","_m/M786.png - _m/M364.png","norev"
9,102,0,1,1,1,"_f/F685.png","_f/F912.png","norev"
9,103,0,0,3,-1,"0","_f/F616.png - _f/F392.png","norev"
9,104,1,0,3,-1,"0","_m/M885.png - _m/M890.png","norev"
9,105,1,1,4,1,"_m/M340.png","_m/M627.png","norev"
9,106,1,0,3,-1,"0","_m/M830.png - _m/M425.png","norev"
9,107,1,0,2,-1,"0","_m/M617.png - _m/M754.png","norev"
9,108,1,0,2,-1,"0","_m/M468.png - _m/M442.png","norev"
9,109,1,0,3,-1,"0","_m/M695.png - _m/M814.png","norev"
9,110,1,0,1,-1,"0","_m/M915.png - _m/M452.png","norev"
9,111,0,1,3,0,"_f/F814.png","_f/F432.png","norev"
9,112,0,0,3,-1,"0","_f/F669.png - _f/F327.png","norev"
9,113,1,0,1,-1,"0","_m/M612.png - _m/M405.png","norev"
9,114,0,0,3,-1,"0","_f/F557.png - _f/F648.png","norev"
9,115,1,1,2,1,"_m/M817.png","_m/M392.png","norev"
9,116,1,1,3,0,"_m/M490.png","_m/M922.png","norev"
9,117,1,1,2,1,"_m/M368.png","_m/M805.png","norev"
9,118,0,1,4,1,"_f/F576.png","_f/F562.png","norev"
9,119,1,0,2,-1,"0","_m/M931.png - _m/M501.png","norev"
9,120,0,1,4,1,"_f/F600.png","_f/F870.png","norev"
9,121,1,1,2,0,"_m/M328.png","_m/M464.png","norev"
9,122,1,1,3,1,"_m/M845.png","_m/M794.png","norev"
9,123,1,1,4,1,"_m/M704.png","_m/M410.png","norev"
9,124,1,1,3,1,"_m/M546.png","_m/M792.png","norev"
9,125,0,0,2,-1,"0","_f/F855.png - _f/F381.png","norev"
9,126,1,1,2,0,"_m/M519.png","_m/M714.png","norev"
9,127,0,1,3,1,"_f/F521.png","_f/F388.png","norev"
9,128,0,1,4,1,"_f/F466.png","_f/F702.png","norev"
9,129,0,0,1,-1,"0","_f/F505.png - _f/F789.png","norev"
9,130,0,1,1,0,"_f/F607.png","_f/F732.png","norev"
9,131,1,0,2,-1,"0","_m/M441.png - _m/M683.png","norev"
9,132,0,1,3,0,"_f/F740.png","_f/F809.png","norev"
9,133,0,1,1,0,"_f/F905.png","_f/F636.png","norev"
9,134,1,1,2,0,"_m/M443.png","_m/M640.png","norev"
9,135,0,1,2,1,"_f/F408.png","_f/F939.png","norev"
9,136,1,1,3,0,"_m/M895.png","_m/M421.png","norev"
9,137,0,0,3,-1,"0","_f/F449.png - _f/F588.png","norev"
9,138,1,1,2,1,"_m/M575.png","_m/M358.png","norev"
9,139,0,0,2,-1,"0","_f/F356.png - _f/F569.png","norev"
9,140,1,1,1,1,"_m/M531.png","_m/M743.png","norev"
9,141,1,0,1,-1,"0","_m/M367.png - _m/M942.png","norev"
9,142,1,0,3,-1,"0","_m/M789.png - _m/M432.png","norev"
9,143,0,1,1,0,"_f/F434.png","_f/F811.png","norev"
9,144,1,1,2,0,"_m/M407.png","_m/M793.png","norev"
9,145,1,0,2,-1,"0","_m/M474.png - _m/M388.png","norev"
9,146,0,1,3,0,"_f/F708.png","_f/F733.png","norev"
9,147,1,0,3,-1,"0","_m/M862.png - _m/M709.png","norev"
9,148,1,1,4,1,"_m/M571.png","_m/M499.png","norev"
9,149,1,0,4,-1,"0","_m/M923.png - _m/M373.png","norev"
9,150,1,0,2,-1,"0","_m/M746.png - _m/M717.png","norev"
9,151,1,0,3,-1,"0","_m/M699.png - _m/M663.png","norev"
9,152,0,1,1,0,"_f/F645.png","_f/F508.png","norev"
9,153,1,1,3,1,"_m/M378.png","_m/M671.png","norev"
9,154,1,1,4,1,"_m/M524.png","_m/M637.png","norev"
9,155,1,0,2,-1,"0","_m/M753.png - _m/M836.png","norev"
9,156,0,0,3,-1,"0","_f/F346.png - _f/F626.png","norev"
9,157,0,1,2,0,"_f/F407.png","_f/F913.png","norev"
9,158,1,1,3,0,"_m/M647.png","_m/M785.png","norev"
9,159,1,1,1,0,"_m/M761.png","_m/M624.png","norev"
9,160,0,1,2,1,"_f/F426.png","_f/F821.png","norev"
9,161,0,1,2,1,"_f/F551.png","_f/F359.png","norev"
9,162,1,0,2,-1,"0","_m/M359.png - _m/M638.png","norev"
9,163,0,0,3,-1,"0","_f/F472.png - _f/F687.png","norev"
9,164,0,0,2,-1,"0","_f/F509.png - _f/F535.png","norev"
9,165,0,0,2,-1,"0","_f/F456.png - _f/F777.png","norev"
9,166,0,0,2,-1,"0","_f/F751.png - _f/F391.png","norev"
9,167,0,1,2,0,"_f/F875.png","_f/F558.png","norev"
9,168,0,0,3,-1,"0","_f/F450.png - _f/F937.png","norev"
9,169,1,0,2,-1,"0","_m/M914.png - _m/M573.png","norev"
9,170,1,0,2,-1,"0","_m/M869.png - _m/M512.png","norev"
9,171,1,0,2,-1,"0","_m/M644.png - _m/M856.png","norev"
9,172,0,1,3,0,"_f/F413.png","_f/F829.png","norev"
9,173,1,0,2,-1,"0","_m/M576.png - _m/M548.png","norev"
9,174,0,0,2,-1,"0","_f/F730.png - _f/F396.png","norev"
9,175,0,0,1,-1,"0","_f/F326.png - _f/F739.png","norev"
9,176,1,1,3,0,"_m/M878.png","_m/M553.png","norev"
9,177,0,1,2,1,"_f/F399.png","_f/F791.png","norev"
9,178,1,1,3,1,"_m/M676.png","_m/M854.png","norev"
9,179,1,1,4,1,"_m/M599.png","_m/M581.png","norev"
9,180,0,1,1,1,"_f/F678.png","_f/F718.png","norev"
9,181,0,1,3,1,"_f/F853.png","_f/F439.png","norev"
9,182,0,0,1,-1,"0","_f/F788.png - _f/F674.png","norev"
9,183,1,0,3,-1,"0","_m/M911.png - _m/M535.png","norev"
9,184,0,0,2,-1,"0","_f/F448.png - _f/F886.png","norev"
9,185,0,1,3,1,"_f/F354.png","_f/F390.png","norev"
9,186,1,0,3,-1,"0","_m/M820.png - _m/M483.png","norev"
9,187,0,0,3,-1,"0","_f/F425.png - _f/F807.png","norev"
9,188,0,0,1,-1,"0","_f/F846.png - _f/F847.png","norev"
9,189,0,1,1,1,"_f/F690.png","_f/F571.png","norev"
9,190,0,0,3,-1,"0","_f/F800.png - _f/F360.png","norev"
9,191,1,1,4,1,"_m/M725.png","_m/M733.png","norev"
9,192,0,1,2,1,"_f/F705.png","_f/F377.png","norev"
9,193,0,0,2,-1,"0","_f/F492.png - _f/F823.png","norev"
9,194,0,1,4,1,"_f/F462.png","_f/F813.png","norev"
9,195,1,1,4,1,"_m/M924.png","_m/M450.png","norev"
9,196,1,1,3,0,"_m/M466.png","_m/M498.png","norev"
9,197,0,0,2,-1,"0","_f/F499.png - _f/F722.png","norev"
9,198,0,1,1,0,"_f/F709.png","_f/F575.png","norev"
9,199,1,1,3,1,"_m/M558.png","_m/M387.png","norev"
9,200,1,1,2,0,"_m/M652.png","_m/M360.png","norev"
10,1,0,1,2,1,"_f/F832.png","_f/F370.png","norev"
10,2,1,0,3,-1,"0","_m/M880.png - _m/M401.png","norev"
10,3,1,1,3,1,"_m/M512.png","_m/M591.png","norev"
10,4,1,1,3,1,"_m/M935.png","_m/M503.png","norev"
10,5,0,0,1,-1,"0","_f/F335.png - _f/F339.png","norev"
10,6,0,0,1,-1,"0","_f/F686.png - _f/F703.png","norev"
10,7,1,0,3,-1,"0","_m/M888.png - _m/M602.png","norev"
10,8,0,0,1,-1,"0","_f/F844.png - _f/F921.png","norev"
10,9,0,0,1,-1,"0","_f/F861.png - _f/F793.png","norev"
10,10,1,0,1,-1,"0","_m/M495.png - _m/M584.png","norev"
10,11,0,1,1,1,"_f/F659.png","_f/F721.png","norev"
10,12,0,1,4,1,"_f/F439.png","_f/F753.png","norev"
10,13,1,0,1,-1,"0","_m/M550.png - _m/M498.png","norev"
10,14,0,1,4,1,"_f/F760.png","_f/F872.png","norev"
10,15,1,1,1,1,"_m/M485.png","_m/M828.png","norev"
10,16,0,0,1,-1,"0","_f/F459.png - _f/F856.png","norev"
10,17,0,0,1,-1,"0","_f/F420.png - _f/F889.png","norev"
10,18,0,1,2,0,"_f/F545.png","_f/F619.png","norev"
10,19,0,1,3,0,"_f/F374.png","_f/F345.png","norev"
10,20,0,0,3,-1,"0","_f/F465.png - _f/F837.png","norev"
10,21,1,1,4,1,"_m/M596.png","_m/M620.png","norev"
10,22,0,1,4,0,"_f/F866.png","_f/F807.png","norev"
10,23,1,0,1,-1,"0","_m/M729.png - _m/M514.png","norev"
10,24,1,1,1,1,"_m/M875.png","_m/M852.png","norev"
10,25,1,1,1,1,"_m/M692.png","_m/M414.png","norev"
10,26,1,1,1,1,"_m/M665.png","_m/M464.png","norev"
10,27,1,1,1,0,"_m/M562.png","_m/M671.png","norev"
10,28,0,0,3,-1,"0","_f/F917.png - _f/F640.png","norev"
10,29,0,0,1,-1,"0","_f/F794.png - _f/F741.png","norev"
10,30,0,0,2,-1,"0","_f/F865.png - _f/F857.png","norev"
10,31,0,1,2,0,"_f/F440.png","_f/F334.png","norev"
10,32,1,1,1,0,"_m/M793.png","_m/M710.png","norev"
10,33,1,0,3,-1,"0","_m/M684.png - _m/M416.png","norev"
10,34,0,0,3,-1,"0","_f/F557.png - _f/F591.png","norev"
10,35,1,0,1,-1,"0","_m/M782.png - _m/M851.png","norev"
10,36,0,0,3,-1,"0","_f/F778.png - _f/F942.png","norev"
10,37,0,1,2,1,"_f/F428.png","_f/F667.png","norev"
10,38,0,1,2,0,"_f/F729.png","_f/F766.png","norev"
10,39,0,0,1,-1,"0","_f/F870.png - _f/F654.png","norev"
10,40,0,0,2,-1,"0","_f/F402.png - _f/F500.png","norev"
10,41,1,0,3,-1,"0","_m/M402.png - _m/M522.png","norev"
10,42,1,0,3,-1,"0","_m/M656.png - _m/M338.png","norev"
10,43,1,0,3,-1,"0","_m/M808.png - _m/M649.png","norev"
10,44,0,0,1,-1,"0","_f/F746.png - _f/F840.png","norev"
10,45,1,1,1,1,"_m/M560.png","_m/M370.png","norev"
10,46,0,1,1,1,"_f/F358.png","_f/F647.png","norev"
10,47,1,0,1,-1,"0","_m/M599.png - _m/M735.png","norev"
10,48,0,0,1,-1,"0","_f/F565.png - _f/F452.png","norev"
10,49,1,1,3,0,"_m/M667.png","_m/M675.png","norev"
10,50,1,0,2,-1,"0","_m/M545.png - _m/M764.png","norev"
10,51,1,0,3,-1,"0","_m/M894.png - _m/M783.png","norev"
10,52,1,1,4,1,"_m/M529.png","_m/M653.png","norev"
10,53,1,1,4,1,"_m/M946.png","_m/M375.png","norev"
10,54,0,1,3,0,"_f/F940.png","_f/F727.png","norev"
10,55,0,0,3,-1,"0","_f/F660.png - _f/F884.png","norev"
10,56,0,0,1,-1,"0","_f/F585.png - _f/F662.png","norev"
10,57,0,1,2,0,"_f/F692.png","_f/F438.png","norev"
10,58,1,1,4,1,"_m/M696.png","_m/M657.png","norev"
10,59,1,0,4,-1,"0","_m/M365.png - _m/M486.png","norev"
10,60,1,1,3,1,"_m/M419.png","_m/M597.png","norev"
10,61,0,1,1,1,"_f/F546.png","_f/F754.png","norev"
10,62,0,1,1,1,"_f/F498.png","_f/F543.png","norev"
10,63,0,1,1,1,"_f/F606.png","_f/F740.png","norev"
10,64,0,1,1,1,"_f/F395.png","_f/F350.png","norev"
10,65,1,0,1,-1,"0","_m/M509.png - _m/M899.png","norev"
10,66,1,0,1,-1,"0","_m/M723.png - _m/M603.png","norev"
10,67,0,1,1,0,"_f/F563.png","_f/F806.png","norev"
10,68,1,1,1,0,"_m/M863.png","_m/M856.png","norev"
10,69,1,1,1,0,"_m/M815.png","_m/M421.png","norev"
10,70,1,0,1,-1,"0","_m/M566.png - _m/M650.png","norev"
10,71,0,0,1,-1,"0","_f/F468.png - _f/F909.png","norev"
10,72,1,0,2,-1,"0","_m/M630.png - _m/M424.png","norev"
10,73,1,1,2,0,"_m/M455.png","_m/M448.png","norev"
10,74,1,0,3,-1,"0","_m/M457.png - _m/M580.png","norev"
10,75,0,0,2,-1,"0","_f/F688.png - _f/F903.png","norev"
10,76,1,1,2,0,"_m/M532.png","_m/M865.png","norev"
10,77,1,0,2,-1,"0","_m/M921.png - _m/M452.png","norev"
10,78,0,0,1,-1,"0","_f/F636.png - _f/F764.png","norev"
10,79,1,1,1,0,"_m/M538.png","_m/M551.png","norev"
10,80,0,1,2,1,"_f/F588.png","_f/F599.png","norev"
10,81,1,1,1,0,"_m/M634.png","_m/M541.png","norev"
10,82,0,1,4,0,"_f/F742.png","_f/F943.png","norev"
10,83,1,1,2,1,"_m/M760.png","_m/M907.png","norev"
10,84,1,1,1,0,"_m/M928.png","_m/M481.png","norev"
10,85,1,1,3,1,"_m/M436.png","_m/M719.png","norev"
10,86,0,1,3,0,"_f/F814.png","_f/F925.png","norev"
10,87,0,0,3,-1,"0","_f/F524.png - _f/F891.png","norev"
10,88,0,0,3,-1,"0","_f/F789.png - _f/F626.png","norev"
10,89,0,1,2,0,"_f/F466.png","_f/F451.png","norev"
10,90,0,1,2,0,"_f/F550.png","_f/F867.png","norev"
10,91,1,1,2,0,"_m/M367.png","_m/M585.png","norev"
10,92,1,1,4,1,"_m/M372.png","_m/M643.png","norev"
10,93,0,1,3,1,"_f/F881.png","_f/F430.png","norev"
10,94,0,1,1,1,"_f/F897.png","_f/F623.png","norev"
10,95,0,0,1,-1,"0","_f/F912.png - _f/F949.png","norev"
10,96,1,0,1,-1,"0","_m/M911.png - _m/M476.png","norev"
10,97,0,1,1,0,"_f/F904.png","_f/F851.png","norev"
10,98,1,1,1,0,"_m/M404.png","_m/M668.png","norev"
10,99,0,1,1,1,"_f/F745.png","_f/F352.png","norev"
10,100,0,1,4,1,"_f/F556.png","_f/F448.png","norev"
10,101,0,0,3,-1,"0","_f/F511.png - _f/F899.png","norev"
10,102,0,1,3,1,"_f/F890.png","_f/F496.png","norev"
10,103,0,1,3,1,"_f/F664.png","_f/F817.png","norev"
10,104,1,1,3,1,"_m/M543.png","_m/M348.png","norev"
10,105,1,0,1,-1,"0","_m/M635.png - _m/M676.png","norev"
10,106,1,0,1,-1,"0","_m/M642.png - _m/M912.png","norev"
10,107,0,0,1,-1,"0","_f/F609.png - _f/F719.png","norev"
10,108,0,0,1,-1,"0","_f/F638.png - _f/F491.png","norev"
10,109,1,1,1,0,"_m/M331.png","_m/M570.png","norev"
10,110,1,0,1,-1,"0","_m/M785.png - _m/M381.png","norev"
10,111,0,0,1,-1,"0","_f/F694.png - _f/F612.png","norev"
10,112,1,0,1,-1,"0","_m/M672.png - _m/M700.png","norev"
10,113,0,1,1,1,"_f/F456.png","_f/F486.png","norev"
10,114,1,0,1,-1,"0","_m/M708.png - _m/M706.png","norev"
10,115,1,0,2,-1,"0","_m/M574.png - _m/M846.png","norev"
10,116,0,1,2,0,"_f/F455.png","_f/F490.png","norev"
10,117,1,0,3,-1,"0","_m/M873.png - _m/M762.png","norev"
10,118,0,0,2,-1,"0","_f/F558.png - _f/F385.png","norev"
10,119,1,1,3,1,"_m/M349.png","_m/M933.png","norev"
10,120,0,1,3,1,"_f/F677.png","_f/F815.png","norev"
10,121,1,1,2,1,"_m/M717.png","_m/M469.png","norev"
10,122,0,1,2,0,"_f/F368.png","_f/F552.png","norev"
10,123,1,1,2,0,"_m/M449.png","_m/M893.png","norev"
10,124,1,0,2,-1,"0","_m/M575.png - _m/M345.png","norev"
10,125,1,0,4,-1,"0","_m/M699.png - _m/M939.png","norev"
10,126,0,1,1,0,"_f/F724.png","_f/F875.png","norev"
10,127,1,1,2,1,"_m/M579.png","_m/M879.png","norev"
10,128,1,1,1,0,"_m/M868.png","_m/M728.png","norev"
10,129,0,0,1,-1,"0","_f/F827.png - _f/F396.png","norev"
10,130,0,0,1,-1,"0","_f/F593.png - _f/F788.png","norev"
10,131,0,0,1,-1,"0","_f/F799.png - _f/F712.png","norev"
10,132,1,1,3,0,"_m/M784.png","_m/M407.png","norev"
10,133,0,1,4,0,"_f/F821.png","_f/F441.png","norev"
10,134,1,0,3,-1,"0","_m/M619.png - _m/M567.png","norev"
10,135,1,1,2,0,"_m/M613.png","_m/M834.png","norev"
10,136,1,1,2,0,"_m/M432.png","_m/M722.png","norev"
10,137,1,1,2,0,"_m/M685.png","_m/M535.png","norev"
10,138,1,1,1,0,"_m/M470.png","_m/M397.png","norev"
10,139,0,0,1,-1,"0","_f/F616.png - _f/F409.png","norev"
10,140,1,1,1,0,"_m/M648.png","_m/M618.png","norev"
10,141,1,1,4,1,"_m/M594.png","_m/M756.png","norev"
10,142,0,1,1,0,"_f/F580.png","_f/F469.png","norev"
10,143,1,0,1,-1,"0","_m/M519.png - _m/M552.png","norev"
10,144,1,0,1,-1,"0","_m/M791.png - _m/M605.png","norev"
10,145,1,1,1,0,"_m/M435.png","_m/M329.png","norev"
10,146,0,1,3,0,"_f/F457.png","_f/F516.png","norev"
10,147,1,1,1,0,"_m/M766.png","_m/M454.png","norev"
10,148,1,0,3,-1,"0","_m/M572.png - _m/M640.png","norev"
10,149,0,0,4,-1,"0","_f/F804.png - _f/F629.png","norev"
10,150,0,0,2,-1,"0","_f/F426.png - _f/F696.png","norev"
10,151,0,0,4,-1,"0","_f/F369.png - _f/F367.png","norev"
10,152,0,1,1,1,"_f/F709.png","_f/F583.png","norev"
10,153,0,1,2,1,"_f/F505.png","_f/F876.png","norev"
10,154,1,0,4,-1,"0","_m/M528.png - _m/M374.png","norev"
10,155,1,0,2,-1,"0","_m/M714.png - _m/M948.png","norev"
10,156,0,0,1,-1,"0","_f/F829.png - _f/F944.png","norev"
10,157,1,1,1,0,"_m/M450.png","_m/M555.png","norev"
10,158,0,0,1,-1,"0","_f/F380.png - _f/F408.png","norev"
10,159,0,0,2,-1,"0","_f/F945.png - _f/F382.png","norev"
10,160,1,0,2,-1,"0","_m/M945.png - _m/M479.png","norev"
10,161,1,0,2,-1,"0","_m/M536.png - _m/M339.png","norev"
10,162,1,0,2,-1,"0","_m/M798.png - _m/M734.png","norev"
10,163,0,0,2,-1,"0","_f/F347.png - _f/F645.png","norev"
10,164,0,0,2,-1,"0","_f/F590.png - _f/F527.png","norev"
10,165,0,0,2,-1,"0","_f/F497.png - _f/F340.png","norev"
10,166,1,0,4,-1,"0","_m/M673.png - _m/M612.png","norev"
10,167,0,0,2,-1,"0","_f/F898.png - _f/F796.png","norev"
10,168,0,0,1,-1,"0","_f/F535.png - _f/F578.png","norev"
10,169,0,1,1,0,"_f/F461.png","_f/F474.png","norev"
10,170,1,0,2,-1,"0","_m/M513.png - _m/M382.png","norev"
10,171,1,0,2,-1,"0","_m/M860.png - _m/M534.png","norev"
10,172,0,1,3,0,"_f/F361.png","_f/F373.png","norev"
10,173,0,0,2,-1,"0","_f/F643.png - _f/F735.png","norev"
10,174,1,0,1,-1,"0","_m/M565.png - _m/M622.png","norev"
10,175,0,1,1,0,"_f/F705.png","_f/F787.png","norev"
10,176,1,1,1,1,"_m/M383.png","_m/M398.png","norev"
10,177,0,0,1,-1,"0","_f/F771.png - _f/F641.png","norev"
10,178,1,0,1,-1,"0","_m/M439.png - _m/M938.png","norev"
10,179,0,0,1,-1,"0","_f/F555.png - _f/F624.png","norev"
10,180,1,0,1,-1,"0","_m/M819.png - _m/M937.png","norev"
10,181,0,1,1,1,"_f/F822.png","_f/F868.png","norev"
10,182,0,1,3,0,"_f/F572.png","_f/F886.png","norev"
10,183,1,1,1,0,"_m/M683.png","_m/M857.png","norev"
10,184,1,0,1,-1,"0","_m/M786.png - _m/M539.png","norev"
10,185,0,1,1,0,"_f/F663.png","_f/F892.png","norev"
10,186,1,1,1,1,"_m/M855.png","_m/M663.png","norev"
10,187,0,0,1,-1,"0","_f/F525.png - _f/F613.png","norev"
10,188,0,1,1,1,"_f/F946.png","_f/F747.png","norev"
10,189,1,0,1,-1,"0","_m/M947.png - _m/M639.png","norev"
10,190,0,1,3,1,"_f/F676.png","_f/F849.png","norev"
10,191,0,1,2,1,"_f/F573.png","_f/F407.png","norev"
10,192,1,0,1,-1,"0","_m/M413.png - _m/M818.png","norev"
10,193,1,0,2,-1,"0","_m/M796.png - _m/M461.png","norev"
10,194,1,1,2,1,"_m/M592.png","_m/M361.png","norev"
10,195,0,1,1,0,"_f/F648.png","_f/F473.png","norev"
10,196,0,0,3,-1,"0","_f/F327.png - _f/F858.png","norev"
10,197,1,1,2,1,"_m/M712.png","_m/M376.png","norev"
10,198,0,0,2,-1,"0","_f/F570.png - _f/F333.png","norev"
10,199,1,1,2,0,"_m/M753.png","_m/M788.png","norev"
10,200,1,0,2,-1,"0","_m/M904.png - _m/M624.png","norev"
11,1,1,0,2,-1,"0","_m/M451.png - _m/M877.png","norev"
11,2,1,1,4,0,"_m/M450.png","_m/M561.png","norev"
11,3,0,0,2,-1,"0","_f/F351.png - _f/F407.png","norev"
11,4,1,1,3,1,"_m/M657.png","_m/M390.png","norev"
11,5,0,1,3,1,"_f/F916.png","_f/F717.png","norev"
11,6,1,1,2,0,"_m/M764.png","_m/M562.png","norev"
11,7,0,0,3,-1,"0","_f/F803.png - _f/F661.png","norev"
11,8,1,1,3,1,"_m/M480.png","_m/M533.png","norev"
11,9,1,0,1,-1,"0","_m/M502.png - _m/M518.png","norev"
11,10,0,1,4,1,"_f/F617.png","_f/F684.png","norev"
11,11,1,1,2,0,"_m/M828.png","_m/M801.png","norev"
11,12,1,0,2,-1,"0","_m/M782.png - _m/M817.png","norev"
11,13,0,0,1,-1,"0","_f/F426.png - _f/F691.png","norev"
11,14,1,1,4,1,"_m/M881.png","_m/M330.png","norev"
11,15,1,0,2,-1,"0","_m/M422.png - _m/M879.png","norev"
11,16,0,1,3,1,"_f/F871.png","_f/F886.png","norev"
11,17,0,0,2,-1,"0","_f/F900.png - _f/F465.png","norev"
11,18,0,0,3,-1,"0","_f/F947.png - _f/F402.png","norev"
11,19,1,1,4,1,"_m/M486.png","_m/M651.png","norev"
11,20,1,0,2,-1,"0","_m/M589.png - _m/M927.png","norev"
11,21,1,1,4,1,"_m/M386.png","_m/M823.png","norev"
11,22,0,0,4,-1,"0","_f/F536.png - _f/F857.png","norev"
11,23,1,0,1,-1,"0","_m/M594.png - _m/M747.png","norev"
11,24,0,1,4,1,"_f/F572.png","_f/F644.png","norev"
11,25,0,0,3,-1,"0","_f/F531.png - _f/F577.png","norev"
11,26,1,0,1,-1,"0","_m/M392.png - _m/M816.png","norev"
11,27,0,0,1,-1,"0","_f/F652.png - _f/F459.png","norev"
11,28,1,1,4,1,"_m/M692.png","_m/M490.png","norev"
11,29,1,1,3,1,"_m/M481.png","_m/M684.png","norev"
11,30,0,0,1,-1,"0","_f/F442.png - _f/F706.png","norev"
11,31,1,1,4,1,"_m/M611.png","_m/M947.png","norev"
11,32,0,1,4,1,"_f/F688.png","_f/F785.png","norev"
11,33,1,0,1,-1,"0","_m/M680.png - _m/M399.png","norev"
11,34,0,1,3,1,"_f/F621.png","_f/F895.png","norev"
11,35,1,0,2,-1,"0","_m/M350.png - _m/M559.png","norev"
11,36,0,0,1,-1,"0","_f/F387.png - _f/F716.png","norev"
11,37,0,0,1,-1,"0","_f/F522.png - _f/F347.png","norev"
11,38,1,0,2,-1,"0","_m/M829.png - _m/M521.png","norev"
11,39,1,0,2,-1,"0","_m/M658.png - _m/M575.png","norev"
11,40,1,1,3,1,"_m/M371.png","_m/M646.png","norev"
11,41,0,0,1,-1,"0","_f/F872.png - _f/F671.png","norev"
11,42,1,0,1,-1,"0","_m/M513.png - _m/M945.png","norev"
11,43,0,1,4,1,"_f/F919.png","_f/F725.png","norev"
11,44,1,0,3,-1,"0","_m/M919.png - _m/M814.png","norev"
11,45,1,1,4,1,"_m/M552.png","_m/M396.png","norev"
11,46,1,0,3,-1,"0","_m/M506.png - _m/M614.png","norev"
11,47,0,1,2,1,"_f/F705.png","_f/F758.png","norev"
11,48,0,0,1,-1,"0","_f/F511.png - _f/F683.png","norev"
11,49,0,1,4,1,"_f/F766.png","_f/F501.png","norev"
11,50,1,0,1,-1,"0","_m/M609.png - _m/M355.png","norev"
11,51,0,1,4,1,"_f/F386.png","_f/F692.png","norev"
11,52,0,0,2,-1,"0","_f/F670.png - _f/F563.png","norev"
11,53,0,0,3,-1,"0","_f/F580.png - _f/F414.png","norev"
11,54,1,1,4,1,"_m/M699.png","_m/M610.png","norev"
11,55,1,0,1,-1,"0","_m/M645.png - _m/M579.png","norev"
11,56,1,0,1,-1,"0","_m/M911.png - _m/M739.png","norev"
11,57,1,0,1,-1,"0","_m/M406.png - _m/M359.png","norev"
11,58,1,0,2,-1,"0","_m/M745.png - _m/M385.png","norev"
11,59,0,0,3,-1,"0","_f/F781.png - _f/F767.png","norev"
11,60,0,1,3,0,"_f/F868.png","_f/F712.png","norev"
11,61,0,1,4,1,"_f/F593.png","_f/F385.png","norev"
11,62,1,0,3,-1,"0","_m/M554.png - _m/M697.png","norev"
11,63,0,1,4,1,"_f/F626.png","_f/F820.png","norev"
11,64,1,1,2,1,"_m/M624.png","_m/M426.png","norev"
11,65,0,0,1,-1,"0","_f/F654.png - _f/F482.png","norev"
11,66,1,1,3,1,"_m/M368.png","_m/M665.png","norev"
11,67,0,1,3,1,"_f/F590.png","_f/F714.png","norev"
11,68,1,1,1,1,"_m/M489.png","_m/M941.png","norev"
11,69,0,1,3,1,"_f/F744.png","_f/F354.png","norev"
11,70,0,1,3,1,"_f/F809.png","_f/F842.png","norev"
11,71,1,0,2,-1,"0","_m/M831.png - _m/M538.png","norev"
11,72,0,1,3,0,"_f/F388.png","_f/F831.png","norev"
11,73,0,0,1,-1,"0","_f/F948.png - _f/F750.png","norev"
11,74,0,0,3,-1,"0","_f/F353.png - _f/F655.png","norev"
11,75,1,0,1,-1,"0","_m/M469.png - _m/M939.png","norev"
11,76,0,0,1,-1,"0","_f/F819.png - _f/F558.png","norev"
11,77,0,0,4,-1,"0","_f/F888.png - _f/F578.png","norev"
11,78,1,0,1,-1,"0","_m/M634.png - _m/M791.png","norev"
11,79,1,0,1,-1,"0","_m/M895.png - _m/M380.png","norev"
11,80,1,0,2,-1,"0","_m/M785.png - _m/M341.png","norev"
11,81,1,1,3,0,"_m/M729.png","_m/M679.png","norev"
11,82,0,1,2,1,"_f/F933.png","_f/F417.png","norev"
11,83,0,0,1,-1,"0","_f/F790.png - _f/F680.png","norev"
11,84,1,0,1,-1,"0","_m/M916.png - _m/M586.png","norev"
11,85,1,1,2,1,"_m/M391.png","_m/M888.png","norev"
11,86,1,0,1,-1,"0","_m/M693.png - _m/M410.png","norev"
11,87,0,1,4,1,"_f/F343.png","_f/F588.png","norev"
11,88,1,1,1,1,"_m/M738.png","_m/M529.png","norev"
11,89,0,0,2,-1,"0","_f/F773.png - _f/F815.png","norev"
11,90,1,1,2,1,"_m/M590.png","_m/M765.png","norev"
11,91,0,1,4,1,"_f/F745.png","_f/F450.png","norev"
11,92,1,1,3,1,"_m/M499.png","_m/M582.png","norev"
11,93,0,0,2,-1,"0","_f/F813.png - _f/F662.png","norev"
11,94,0,1,4,1,"_f/F392.png","_f/F614.png","norev"
11,95,0,0,2,-1,"0","_f/F882.png - _f/F540.png","norev"
11,96,1,0,1,-1,"0","_m/M752.png - _m/M847.png","norev"
11,97,0,0,1,-1,"0","_f/F938.png - _f/F336.png","norev"
11,98,0,0,1,-1,"0","_f/F780.png - _f/F586.png","norev"
11,99,1,0,1,-1,"0","_m/M731.png - _m/M405.png","norev"
11,100,1,1,1,0,"_m/M438.png","_m/M925.png","norev"
11,101,1,1,2,1,"_m/M535.png","_m/M434.png","norev"
11,102,0,0,2,-1,"0","_f/F765.png - _f/F890.png","norev"
11,103,1,0,2,-1,"0","_m/M384.png - _m/M661.png","norev"
11,104,0,1,3,1,"_f/F917.png","_f/F487.png","norev"
11,105,0,1,3,1,"_f/F912.png","_f/F495.png","norev"
11,106,0,1,3,1,"_f/F788.png","_f/F736.png","norev"
11,107,1,1,4,1,"_m/M855.png","_m/M794.png","norev"
11,108,0,1,1,0,"_f/F566.png","_f/F606.png","norev"
11,109,0,0,3,-1,"0","_f/F908.png - _f/F376.png","norev"
11,110,0,1,1,1,"_f/F775.png","_f/F646.png","norev"
11,111,0,1,1,0,"_f/F625.png","_f/F850.png","norev"
11,112,1,1,1,1,"_m/M570.png","_m/M435.png","norev"
11,113,1,1,2,0,"_m/M464.png","_m/M358.png","norev"
11,114,1,1,2,1,"_m/M872.png","_m/M944.png","norev"
11,115,1,1,3,1,"_m/M737.png","_m/M632.png","norev"
11,116,0,0,2,-1,"0","_f/F732.png - _f/F510.png","norev"
11,117,0,1,1,0,"_f/F830.png","_f/F361.png","norev"
11,118,0,1,4,1,"_f/F909.png","_f/F367.png","norev"
11,119,1,0,2,-1,"0","_m/M442.png - _m/M866.png","norev"
11,120,0,0,2,-1,"0","_f/F762.png - _f/F640.png","norev"
11,121,0,0,1,-1,"0","_f/F861.png - _f/F906.png","norev"
11,122,0,1,3,1,"_f/F616.png","_f/F363.png","norev"
11,123,1,0,4,-1,"0","_m/M754.png - _m/M475.png","norev"
11,124,1,1,2,1,"_m/M721.png","_m/M652.png","norev"
11,125,1,1,4,1,"_m/M720.png","_m/M718.png","norev"
11,126,1,0,1,-1,"0","_m/M476.png - _m/M854.png","norev"
11,127,0,0,1,-1,"0","_f/F709.png - _f/F753.png","norev"
11,128,0,1,2,1,"_f/F403.png","_f/F623.png","norev"
11,129,1,0,1,-1,"0","_m/M419.png - _m/M403.png","norev"
11,130,1,1,4,1,"_m/M404.png","_m/M884.png","norev"
11,131,1,0,4,-1,"0","_m/M811.png - _m/M726.png","norev"
11,132,1,1,3,0,"_m/M821.png","_m/M653.png","norev"
11,133,1,0,1,-1,"0","_m/M722.png - _m/M409.png","norev"
11,134,0,1,4,1,"_f/F928.png","_f/F695.png","norev"
11,135,0,0,3,-1,"0","_f/F334.png - _f/F713.png","norev"
11,136,1,1,1,0,"_m/M787.png","_m/M807.png","norev"
11,137,1,0,2,-1,"0","_m/M454.png - _m/M681.png","norev"
11,138,0,1,4,1,"_f/F618.png","_f/F550.png","norev"
11,139,0,0,2,-1,"0","_f/F865.png - _f/F423.png","norev"
11,140,1,0,1,-1,"0","_m/M643.png - _m/M602.png","norev"
11,141,0,1,4,1,"_f/F702.png","_f/F428.png","norev"
11,142,1,0,3,-1,"0","_m/M515.png - _m/M526.png","norev"
11,143,0,0,4,-1,"0","_f/F358.png - _f/F798.png","norev"
11,144,1,0,2,-1,"0","_m/M852.png - _m/M591.png","norev"
11,145,0,1,3,1,"_f/F478.png","_f/F539.png","norev"
11,146,1,1,1,1,"_m/M428.png","_m/M540.png","norev"
11,147,0,0,1,-1,"0","_f/F526.png - _f/F584.png","norev"
11,148,1,0,2,-1,"0","_m/M832.png - _m/M779.png","norev"
11,149,0,1,4,0,"_f/F615.png","_f/F352.png","norev"
11,150,1,1,2,1,"_m/M484.png","_m/M596.png","norev"
11,151,0,0,3,-1,"0","_f/F537.png - _f/F896.png","norev"
11,152,0,1,1,0,"_f/F440.png","_f/F726.png","norev"
11,153,0,1,2,0,"_f/F538.png","_f/F697.png","norev"
11,154,1,1,1,1,"_m/M865.png","_m/M622.png","norev"
11,155,0,1,4,1,"_f/F350.png","_f/F738.png","norev"
11,156,1,1,3,1,"_m/M892.png","_m/M349.png","norev"
11,157,1,1,1,1,"_m/M619.png","_m/M528.png","norev"
11,158,1,0,1,-1,"0","_m/M471.png - _m/M551.png","norev"
11,159,1,1,1,1,"_m/M472.png","_m/M705.png","norev"
11,160,0,0,1,-1,"0","_f/F498.png - _f/F499.png","norev"
11,161,0,1,3,1,"_f/F545.png","_f/F905.png","norev"
11,162,0,0,2,-1,"0","_f/F891.png - _f/F486.png","norev"
11,163,1,0,3,-1,"0","_m/M452.png - _m/M922.png","norev"
11,164,1,0,2,-1,"0","_m/M808.png - _m/M459.png","norev"
11,165,1,1,2,1,"_m/M328.png","_m/M763.png","norev"
11,166,0,1,3,1,"_f/F496.png","_f/F356.png","norev"
11,167,0,0,1,-1,"0","_f/F357.png - _f/F395.png","norev"
11,168,1,0,1,-1,"0","_m/M909.png - _m/M728.png","norev"
11,169,0,0,2,-1,"0","_f/F715.png - _f/F634.png","norev"
11,170,0,1,1,1,"_f/F596.png","_f/F806.png","norev"
11,171,0,0,3,-1,"0","_f/F817.png - _f/F568.png","norev"
11,172,0,1,1,1,"_f/F653.png","_f/F589.png","norev"
11,173,1,1,1,1,"_m/M605.png","_m/M663.png","norev"
11,174,1,1,4,1,"_m/M786.png","_m/M776.png","norev"
11,175,0,1,2,1,"_f/F751.png","_f/F721.png","norev"
11,176,1,1,3,0,"_m/M329.png","_m/M908.png","norev"
11,177,1,0,1,-1,"0","_m/M436.png - _m/M625.png","norev"
11,178,1,1,1,1,"_m/M498.png","_m/M507.png","norev"
11,179,1,0,1,-1,"0","_m/M444.png - _m/M381.png","norev"
11,180,0,0,3,-1,"0","_f/F338.png - _f/F632.png","norev"
11,181,0,1,4,1,"_f/F355.png","_f/F608.png","norev"
11,182,1,0,1,-1,"0","_m/M688.png - _m/M673.png","norev"
11,183,1,1,1,0,"_m/M755.png","_m/M503.png","norev"
11,184,0,0,1,-1,"0","_f/F331.png - _f/F892.png","norev"
11,185,1,1,4,1,"_m/M548.png","_m/M412.png","norev"
11,186,1,1,1,1,"_m/M427.png","_m/M937.png","norev"
11,187,0,1,2,1,"_f/F569.png","_f/F519.png","norev"
11,188,1,0,2,-1,"0","_m/M560.png - _m/M690.png","norev"
11,189,0,0,1,-1,"0","_f/F410.png - _f/F783.png","norev"
11,190,0,1,1,1,"_f/F925.png","_f/F582.png","norev"
11,191,0,0,2,-1,"0","_f/F518.png - _f/F620.png","norev"
11,192,0,0,2,-1,"0","_f/F591.png - _f/F472.png","norev"
11,193,0,0,1,-1,"0","_f/F382.png - _f/F940.png","norev"
11,194,0,1,1,0,"_f/F475.png","_f/F754.png","norev"
11,195,0,0,1,-1,"0","_f/F436.png - _f/F447.png","norev"
11,196,1,1,2,1,"_m/M885.png","_m/M569.png","norev"
11,197,1,0,2,-1,"0","_m/M936.png - _m/M496.png","norev"
11,198,0,1,3,0,"_f/F873.png","_f/F682.png","norev"
11,199,0,1,2,1,"_f/F879.png","_f/F920.png","norev"
11,200,1,1,2,1,"_m/M736.png","_m/M677.png","norev"
12,1,0,1,4,1,"_f/F562.png","_f/F497.png","norev"
12,2,1,1,3,1,"_m/M846.png","_m/M745.png","norev"
12,3,0,1,4,1,"_f/F589.png","_f/F401.png","norev"
12,4,0,1,4,1,"_f/F336.png","_f/F498.png","norev"
12,5,0,1,2,1,"_f/F702.png","_f/F603.png","norev"
12,6,0,0,3,-1,"0","_f/F838.png - _f/F696.png","norev"
12,7,1,1,2,1,"_m/M364.png","_m/M649.png","norev"
12,8,0,1,2,0,"_f/F840.png","_f/F369.png","norev"
12,9,0,0,3,-1,"0","_f/F949.png - _f/F941.png","norev"
12,10,1,1,4,1,"_m/M407.png","_m/M730.png","norev"
12,11,1,1,1,1,"_m/M570.png","_m/M603.png","norev"
12,12,1,0,1,-1,"0","_m/M585.png - _m/M732.png","norev"
12,13,0,1,4,1,"_f/F549.png","_f/F563.png","norev"
12,14,0,0,2,-1,"0","_f/F501.png - _f/F826.png","norev"
12,15,1,0,3,-1,"0","_m/M580.png - _m/M790.png","norev"
12,16,0,0,1,-1,"0","_f/F500.png - _f/F669.png","norev"
12,17,0,1,4,1,"_f/F805.png","_f/F755.png","norev"
12,18,0,1,2,0,"_f/F525.png","_f/F699.png","norev"
12,19,0,0,2,-1,"0","_f/F846.png - _f/F674.png","norev"
12,20,1,0,3,-1,"0","_m/M801.png - _m/M447.png","norev"
12,21,1,0,1,-1,"0","_m/M796.png - _m/M635.png","norev"
12,22,1,0,1,-1,"0","_m/M938.png - _m/M922.png","norev"
12,23,0,0,2,-1,"0","_f/F689.png - _f/F862.png","norev"
12,24,1,0,1,-1,"0","_m/M629.png - _m/M686.png","norev"
12,25,0,0,3,-1,"0","_f/F488.png - _f/F490.png","norev"
12,26,1,1,3,0,"_m/M444.png","_m/M666.png","norev"
12,27,0,1,3,0,"_f/F848.png","_f/F627.png","norev"
12,28,0,0,1,-1,"0","_f/F859.png - _f/F346.png","norev"
12,29,1,0,1,-1,"0","_m/M400.png - _m/M445.png","norev"
12,30,1,0,2,-1,"0","_m/M930.png - _m/M791.png","norev"
12,31,1,0,3,-1,"0","_m/M759.png - _m/M461.png","norev"
12,32,1,1,1,1,"_m/M925.png","_m/M830.png","norev"
12,33,0,0,2,-1,"0","_f/F909.png - _f/F543.png","norev"
12,34,1,1,1,1,"_m/M675.png","_m/M493.png","norev"
12,35,0,0,3,-1,"0","_f/F595.png - _f/F808.png","norev"
12,36,0,0,2,-1,"0","_f/F724.png - _f/F334.png","norev"
12,37,1,1,1,1,"_m/M511.png","_m/M810.png","norev"
12,38,0,0,3,-1,"0","_f/F327.png - _f/F471.png","norev"
12,39,0,1,2,0,"_f/F453.png","_f/F429.png","norev"
12,40,1,0,1,-1,"0","_m/M468.png - _m/M384.png","norev"
12,41,1,0,2,-1,"0","_m/M712.png - _m/M440.png","norev"
12,42,1,0,2,-1,"0","_m/M800.png - _m/M902.png","norev"
12,43,1,0,2,-1,"0","_m/M332.png - _m/M464.png","norev"
12,44,1,1,2,1,"_m/M881.png","_m/M481.png","norev"
12,45,1,0,3,-1,"0","_m/M898.png - _m/M894.png","norev"
12,46,1,0,2,-1,"0","_m/M650.png - _m/M640.png","norev"
12,47,0,1,3,1,"_f/F863.png","_f/F540.png","norev"
12,48,0,1,4,1,"_f/F430.png","_f/F918.png","norev"
12,49,1,1,2,1,"_m/M416.png","_m/M750.png","norev"
12,50,1,1,2,1,"_m/M584.png","_m/M542.png","norev"
12,51,1,0,1,-1,"0","_m/M755.png - _m/M532.png","norev"
12,52,1,1,2,1,"_m/M412.png","_m/M887.png","norev"
12,53,1,1,2,1,"_m/M333.png","_m/M497.png","norev"
12,54,0,0,2,-1,"0","_f/F887.png - _f/F924.png","norev"
12,55,1,0,1,-1,"0","_m/M880.png - _m/M876.png","norev"
12,56,1,0,2,-1,"0","_m/M672.png - _m/M418.png","norev"
12,57,0,0,4,-1,"0","_f/F814.png - _f/F763.png","norev"
12,58,1,0,2,-1,"0","_m/M330.png - _m/M855.png","norev"
12,59,0,1,2,1,"_f/F455.png","_f/F935.png","norev"
12,60,1,1,3,1,"_m/M773.png","_m/M591.png","norev"
12,61,1,1,2,0,"_m/M427.png","_m/M690.png","norev"
12,62,0,1,2,0,"_f/F511.png","_f/F620.png","norev"
12,63,1,1,2,0,"_m/M442.png","_m/M588.png","norev"
12,64,1,0,2,-1,"0","_m/M478.png - _m/M900.png","norev"
12,65,0,1,1,1,"_f/F486.png","_f/F652.png","norev"
12,66,1,0,3,-1,"0","_m/M479.png - _m/M610.png","norev"
12,67,1,0,2,-1,"0","_m/M343.png - _m/M853.png","norev"
12,68,0,1,3,1,"_f/F683.png","_f/F671.png","norev"
12,69,0,0,2,-1,"0","_f/F695.png - _f/F776.png","norev"
12,70,0,0,2,-1,"0","_f/F373.png - _f/F914.png","norev"
12,71,1,1,2,1,"_m/M680.png","_m/M723.png","norev"
12,72,0,0,3,-1,"0","_f/F544.png - _f/F564.png","norev"
12,73,1,1,3,1,"_m/M931.png","_m/M549.png","norev"
12,74,0,0,2,-1,"0","_f/F533.png - _f/F435.png","norev"
12,75,1,0,3,-1,"0","_m/M758.png - _m/M715.png","norev"
12,76,1,1,2,1,"_m/M354.png","_m/M348.png","norev"
12,77,0,0,2,-1,"0","_f/F936.png - _f/F605.png","norev"
12,78,1,0,2,-1,"0","_m/M671.png - _m/M411.png","norev"
12,79,0,0,2,-1,"0","_f/F385.png - _f/F537.png","norev"
12,80,1,0,2,-1,"0","_m/M720.png - _m/M917.png","norev"
12,81,0,1,3,1,"_f/F694.png","_f/F442.png","norev"
12,82,0,1,2,0,"_f/F871.png","_f/F836.png","norev"
12,83,0,1,1,1,"_f/F609.png","_f/F881.png","norev"
12,84,0,1,2,1,"_f/F910.png","_f/F644.png","norev"
12,85,0,0,2,-1,"0","_f/F656.png - _f/F440.png","norev"
12,86,1,1,2,0,"_m/M780.png","_m/M613.png","norev"
12,87,1,0,3,-1,"0","_m/M413.png - _m/M557.png","norev"
12,88,0,1,4,1,"_f/F813.png","_f/F722.png","norev"
12,89,0,0,1,-1,"0","_f/F865.png - _f/F679.png","norev"
12,90,0,1,3,1,"_f/F730.png","_f/F646.png","norev"
12,91,1,0,2,-1,"0","_m/M605.png - _m/M813.png","norev"
12,92,1,1,2,1,"_m/M799.png","_m/M854.png","norev"
12,93,1,0,2,-1,"0","_m/M782.png - _m/M490.png","norev"
12,94,1,1,1,1,"_m/M942.png","_m/M458.png","norev"
12,95,0,0,2,-1,"0","_f/F789.png - _f/F664.png","norev"
12,96,0,0,1,-1,"0","_f/F489.png - _f/F380.png","norev"
12,97,0,0,2,-1,"0","_f/F938.png - _f/F499.png","norev"
12,98,0,1,2,0,"_f/F781.png","_f/F798.png","norev"
12,99,1,0,2,-1,"0","_m/M901.png - _m/M941.png","norev"
12,100,0,0,3,-1,"0","_f/F929.png - _f/F729.png","norev"
12,101,1,0,2,-1,"0","_m/M739.png - _m/M932.png","norev"
12,102,0,0,3,-1,"0","_f/F850.png - _f/F775.png","norev"
12,103,1,1,2,0,"_m/M498.png","_m/M553.png","norev"
12,104,0,0,1,-1,"0","_f/F384.png - _f/F417.png","norev"
12,105,1,1,2,0,"_m/M360.png","_m/M787.png","norev"
12,106,0,1,2,1,"_f/F572.png","_f/F790.png","norev"
12,107,0,1,1,0,"_f/F815.png","_f/F365.png","norev"
12,108,1,0,2,-1,"0","_m/M516.png - _m/M767.png","norev"
12,109,0,0,2,-1,"0","_f/F639.png - _f/F794.png","norev"
12,110,0,1,3,1,"_f/F735.png","_f/F594.png","norev"
12,111,0,1,4,1,"_f/F508.png","_f/F611.png","norev"
12,112,0,0,2,-1,"0","_f/F329.png - _f/F542.png","norev"
12,113,0,0,3,-1,"0","_f/F626.png - _f/F668.png","norev"
12,114,1,0,2,-1,"0","_m/M636.png - _m/M377.png","norev"
12,115,1,1,1,0,"_m/M432.png","_m/M682.png","norev"
12,116,1,1,3,1,"_m/M607.png","_m/M334.png","norev"
12,117,0,0,2,-1,"0","_f/F919.png - _f/F835.png","norev"
12,118,0,1,2,0,"_f/F522.png","_f/F897.png","norev"
12,119,0,0,2,-1,"0","_f/F852.png - _f/F673.png","norev"
12,120,0,1,3,0,"_f/F765.png","_f/F432.png","norev"
12,121,0,0,1,-1,"0","_f/F682.png - _f/F445.png","norev"
12,122,0,0,2,-1,"0","_f/F458.png - _f/F407.png","norev"
12,123,1,0,3,-1,"0","_m/M724.png - _m/M395.png","norev"
12,124,0,1,2,0,"_f/F747.png","_f/F680.png","norev"
12,125,0,1,2,0,"_f/F381.png","_f/F855.png","norev"
12,126,0,0,2,-1,"0","_f/F911.png - _f/F773.png","norev"
12,127,0,1,3,1,"_f/F404.png","_f/F464.png","norev"
12,128,0,1,2,1,"_f/F874.png","_f/F439.png","norev"
12,129,0,0,1,-1,"0","_f/F396.png - _f/F842.png","norev"
12,130,0,0,1,-1,"0","_f/F832.png - _f/F339.png","norev"
12,131,0,1,2,1,"_f/F811.png","_f/F758.png","norev"
12,132,1,1,3,1,"_m/M415.png","_m/M450.png","norev"
12,133,0,0,3,-1,"0","_f/F760.png - _f/F649.png","norev"
12,134,1,1,3,0,"_m/M489.png","_m/M814.png","norev"
12,135,0,1,1,1,"_f/F912.png","_f/F402.png","norev"
12,136,1,0,2,-1,"0","_m/M439.png - _m/M639.png","norev"
12,137,1,1,3,0,"_m/M798.png","_m/M568.png","norev"
12,138,0,1,2,1,"_f/F371.png","_f/F576.png","norev"
12,139,0,0,2,-1,"0","_f/F461.png - _f/F408.png","norev"
12,140,0,1,2,1,"_f/F748.png","_f/F858.png","norev"
12,141,1,1,1,0,"_m/M619.png","_m/M406.png","norev"
12,142,1,0,1,-1,"0","_m/M920.png - _m/M525.png","norev"
12,143,1,1,1,1,"_m/M837.png","_m/M656.png","norev"
12,144,0,0,2,-1,"0","_f/F570.png - _f/F581.png","norev"
12,145,1,1,2,1,"_m/M908.png","_m/M437.png","norev"
12,146,0,1,1,1,"_f/F516.png","_f/F534.png","norev"
12,147,0,0,2,-1,"0","_f/F948.png - _f/F943.png","norev"
12,148,0,1,3,1,"_f/F514.png","_f/F796.png","norev"
12,149,0,1,2,0,"_f/F825.png","_f/F419.png","norev"
12,150,1,0,2,-1,"0","_m/M808.png - _m/M677.png","norev"
12,151,1,0,1,-1,"0","_m/M475.png - _m/M716.png","norev"
12,152,1,1,2,1,"_m/M552.png","_m/M688.png","norev"
12,153,0,0,3,-1,"0","_f/F350.png - _f/F645.png","norev"
12,154,0,1,3,1,"_f/F660.png","_f/F742.png","norev"
12,155,1,0,1,-1,"0","_m/M949.png - _m/M827.png","norev"
12,156,1,1,2,0,"_m/M338.png","_m/M386.png","norev"
12,157,0,1,3,1,"_f/F628.png","_f/F483.png","norev"
12,158,0,1,2,0,"_f/F830.png","_f/F583.png","norev"
12,159,1,1,1,1,"_m/M393.png","_m/M940.png","norev"
12,160,1,1,1,1,"_m/M893.png","_m/M524.png","norev"
12,161,0,1,2,1,"_f/F691.png","_f/F667.png","norev"
12,162,1,0,2,-1,"0","_m/M789.png - _m/M804.png","norev"
12,163,1,1,2,1,"_m/M934.png","_m/M460.png","norev"
12,164,1,1,2,0,"_m/M563.png","_m/M376.png","norev"
12,165,1,1,3,0,"_m/M548.png","_m/M849.png","norev"
12,166,1,1,1,0,"_m/M832.png","_m/M609.png","norev"
12,167,1,0,2,-1,"0","_m/M906.png - _m/M530.png","norev"
12,168,0,1,3,1,"_f/F925.png","_f/F684.png","norev"
12,169,0,1,1,0,"_f/F662.png","_f/F740.png","norev"
12,170,1,1,2,1,"_m/M341.png","_m/M795.png","norev"
12,171,1,1,2,1,"_m/M463.png","_m/M434.png","norev"
12,172,1,0,2,-1,"0","_m/M774.png - _m/M820.png","norev"
12,173,1,0,2,-1,"0","_m/M574.png - _m/M508.png","norev"
12,174,0,1,3,1,"_f/F337.png","_f/F476.png","norev"
12,175,1,1,2,1,"_m/M699.png","_m/M841.png","norev"
12,176,0,0,2,-1,"0","_f/F447.png - _f/F443.png","norev"
12,177,1,0,1,-1,"0","_m/M520.png - _m/M693.png","norev"
12,178,0,0,2,-1,"0","_f/F819.png - _f/F756.png","norev"
12,179,1,1,2,1,"_m/M567.png","_m/M500.png","norev"
12,180,1,1,1,1,"_m/M614.png","_m/M361.png","norev"
12,181,0,0,3,-1,"0","_f/F854.png - _f/F342.png","norev"
12,182,1,0,2,-1,"0","_m/M594.png - _m/M679.png","norev"
12,183,1,1,2,0,"_m/M838.png","_m/M708.png","norev"
12,184,0,0,3,-1,"0","_f/F391.png - _f/F884.png","norev"
12,185,0,1,2,1,"_f/F734.png","_f/F552.png","norev"
12,186,1,0,3,-1,"0","_m/M421.png - _m/M374.png","norev"
12,187,0,1,3,1,"_f/F412.png","_f/F809.png","norev"
12,188,1,1,2,0,"_m/M492.png","_m/M744.png","norev"
12,189,1,0,1,-1,"0","_m/M862.png - _m/M369.png","norev"
12,190,1,0,1,-1,"0","_m/M627.png - _m/M615.png","norev"
12,191,1,1,2,1,"_m/M385.png","_m/M345.png","norev"
12,192,0,0,2,-1,"0","_f/F386.png - _f/F759.png","norev"
12,193,0,0,2,-1,"0","_f/F945.png - _f/F719.png","norev"
12,194,1,0,1,-1,"0","_m/M760.png - _m/M476.png","norev"
12,195,1,0,2,-1,"0","_m/M928.png - _m/M556.png","norev"
12,196,1,1,1,1,"_m/M807.png","_m/M659.png","norev"
12,197,0,0,2,-1,"0","_f/F333.png - _f/F676.png","norev"
12,198,1,1,2,1,"_m/M547.png","_m/M402.png","norev"
12,199,0,1,3,0,"_f/F642.png","_f/F526.png","norev"
12,200,1,0,2,-1,"0","_m/M835.png - _m/M531.png","norev"
13,1,1,0,3,-1,"0","_m/M778.png - _m/M543.png","norev"
13,2,1,0,4,-1,"0","_m/M784.png - _m/M625.png","norev"
13,3,0,0,3,-1,"0","_f/F522.png - _f/F568.png","norev"
13,4,0,0,2,-1,"0","_f/F683.png - _f/F889.png","norev"
13,5,0,0,3,-1,"0","_f/F536.png - _f/F589.png","norev"
13,6,0,0,3,-1,"0","_f/F411.png - _f/F597.png","norev"
13,7,0,0,3,-1,"0","_f/F455.png - _f/F594.png","norev"
13,8,0,1,4,1,"_f/F686.png","_f/F659.png","norev"
13,9,1,0,2,-1,"0","_m/M871.png - _m/M544.png","norev"
13,10,1,0,3,-1,"0","_m/M947.png - _m/M768.png","norev"
13,11,1,0,2,-1,"0","_m/M431.png - _m/M649.png","norev"
13,12,0,1,4,1,"_f/F727.png","_f/F363.png","norev"
13,13,1,1,4,0,"_m/M516.png","_m/M721.png","norev"
13,14,0,0,2,-1,"0","_f/F648.png - _f/F873.png","norev"
13,15,1,1,3,1,"_m/M770.png","_m/M786.png","norev"
13,16,0,1,3,1,"_f/F331.png","_f/F801.png","norev"
13,17,0,0,2,-1,"0","_f/F368.png - _f/F353.png","norev"
13,18,1,1,4,0,"_m/M950.png","_m/M353.png","norev"
13,19,0,1,3,0,"_f/F394.png","_f/F823.png","norev"
13,20,1,1,3,1,"_m/M429.png","_m/M838.png","norev"
13,21,1,1,4,1,"_m/M733.png","_m/M555.png","norev"
13,22,1,1,4,1,"_m/M333.png","_m/M762.png","norev"
13,23,1,1,4,1,"_m/M761.png","_m/M521.png","norev"
13,24,0,1,2,1,"_f/F654.png","_f/F384.png","norev"
13,25,1,0,2,-1,"0","_m/M834.png - _m/M402.png","norev"
13,26,1,1,3,1,"_m/M916.png","_m/M863.png","norev"
13,27,1,1,3,1,"_m/M505.png","_m/M631.png","norev"
13,28,0,0,1,-1,"0","_f/F460.png - _f/F722.png","norev"
13,29,1,1,3,1,"_m/M381.png","_m/M883.png","norev"
13,30,1,1,3,1,"_m/M591.png","_m/M536.png","norev"
13,31,0,1,4,1,"_f/F788.png","_f/F731.png","norev"
13,32,0,1,4,1,"_f/F914.png","_f/F877.png","norev"
13,33,0,1,2,1,"_f/F401.png","_f/F412.png","norev"
13,34,1,1,4,1,"_m/M937.png","_m/M671.png","norev"
13,35,0,1,4,1,"_f/F721.png","_f/F777.png","norev"
13,36,1,0,1,-1,"0","_m/M673.png - _m/M685.png","norev"
13,37,1,1,3,1,"_m/M677.png","_m/M421.png","norev"
13,38,0,0,2,-1,"0","_f/F880.png - _f/F613.png","norev"
13,39,0,0,2,-1,"0","_f/F661.png - _f/F669.png","norev"
13,40,0,1,2,0,"_f/F707.png","_f/F362.png","norev"
13,41,1,1,3,1,"_m/M845.png","_m/M605.png","norev"
13,42,0,0,3,-1,"0","_f/F410.png - _f/F327.png","norev"
13,43,0,1,1,0,"_f/F813.png","_f/F423.png","norev"
13,44,0,0,2,-1,"0","_f/F385.png - _f/F794.png","norev"
13,45,1,0,3,-1,"0","_m/M694.png - _m/M583.png","norev"
13,46,1,0,1,-1,"0","_m/M524.png - _m/M847.png","norev"
13,47,1,0,1,-1,"0","_m/M391.png - _m/M411.png","norev"
13,48,0,1,2,1,"_f/F737.png","_f/F767.png","norev"
13,49,1,1,3,1,"_m/M825.png","_m/M407.png","norev"
13,50,1,0,2,-1,"0","_m/M674.png - _m/M379.png","norev"
13,51,0,1,3,1,"_f/F798.png","_f/F528.png","norev"
13,52,1,0,4,-1,"0","_m/M507.png - _m/M822.png","norev"
13,53,1,1,2,1,"_m/M884.png","_m/M777.png","norev"
13,54,0,1,3,0,"_f/F678.png","_f/F328.png","norev"
13,55,1,1,4,1,"_m/M357.png","_m/M780.png","norev"
13,56,1,1,2,0,"_m/M466.png","_m/M373.png","norev"
13,57,1,1,4,1,"_m/M887.png","_m/M378.png","norev"
13,58,0,0,2,-1,"0","_f/F869.png - _f/F666.png","norev"
13,59,1,0,3,-1,"0","_m/M388.png - _m/M471.png","norev"
13,60,1,1,4,1,"_m/M425.png","_m/M732.png","norev"
13,61,1,1,4,1,"_m/M662.png","_m/M350.png","norev"
13,62,1,1,3,1,"_m/M841.png","_m/M534.png","norev"
13,63,0,1,3,0,"_f/F333.png","_f/F500.png","norev"
13,64,0,1,2,0,"_f/F351.png","_f/F942.png","norev"
13,65,1,0,3,-1,"0","_m/M664.png - _m/M796.png","norev"
13,66,0,0,2,-1,"0","_f/F493.png - _f/F701.png","norev"
13,67,1,0,2,-1,"0","_m/M828.png - _m/M833.png","norev"
13,68,1,0,2,-1,"0","_m/M613.png - _m/M603.png","norev"
13,69,0,1,3,1,"_f/F670.png","_f/F483.png","norev"
13,70,1,0,1,-1,"0","_m/M609.png - _m/M501.png","norev"
13,71,0,0,2,-1,"0","_f/F753.png - _f/F810.png","norev"
13,72,1,0,3,-1,"0","_m/M329.png - _m/M487.png","norev"
13,73,0,1,4,1,"_f/F886.png","_f/F390.png","norev"
13,74,1,1,3,0,"_m/M846.png","_m/M929.png","norev"
13,75,1,0,1,-1,"0","_m/M918.png - _m/M604.png","norev"
13,76,0,1,4,1,"_f/F939.png","_f/F482.png","norev"
13,77,0,0,2,-1,"0","_f/F793.png - _f/F715.png","norev"
13,78,1,1,3,0,"_m/M866.png","_m/M643.png","norev"
13,79,0,1,4,1,"_f/F645.png","_f/F387.png","norev"
13,80,0,1,2,1,"_f/F621.png","_f/F530.png","norev"
13,81,0,0,3,-1,"0","_f/F863.png - _f/F508.png","norev"
13,82,0,1,2,1,"_f/F770.png","_f/F696.png","norev"
13,83,1,1,3,1,"_m/M764.png","_m/M413.png","norev"
13,84,0,0,3,-1,"0","_f/F627.png - _f/F486.png","norev"
13,85,0,0,1,-1,"0","_f/F934.png - _f/F501.png","norev"
13,86,1,1,3,0,"_m/M944.png","_m/M511.png","norev"
13,87,0,1,4,1,"_f/F438.png","_f/F671.png","norev"
13,88,0,0,2,-1,"0","_f/F646.png - _f/F506.png","norev"
13,89,1,0,3,-1,"0","_m/M360.png - _m/M699.png","norev"
13,90,1,1,3,1,"_m/M580.png","_m/M376.png","norev"
13,91,1,1,4,1,"_m/M657.png","_m/M408.png","norev"
13,92,0,1,3,1,"_f/F926.png","_f/F637.png","norev"
13,93,1,0,2,-1,"0","_m/M477.png - _m/M775.png","norev"
13,94,1,1,4,1,"_m/M375.png","_m/M451.png","norev"
13,95,1,1,2,0,"_m/M347.png","_m/M704.png","norev"
13,96,1,0,2,-1,"0","_m/M419.png - _m/M654.png","norev"
13,97,0,0,2,-1,"0","_f/F913.png - _f/F859.png","norev"
13,98,0,1,4,0,"_f/F335.png","_f/F677.png","norev"
13,99,0,1,2,1,"_f/F442.png","_f/F860.png","norev"
13,100,0,0,3,-1,"0","_f/F632.png - _f/F498.png","norev"
13,101,0,0,2,-1,"0","_f/F631.png - _f/F459.png","norev"
13,102,0,0,2,-1,"0","_f/F786.png - _f/F680.png","norev"
13,103,1,0,2,-1,"0","_m/M644.png - _m/M396.png","norev"
13,104,1,0,2,-1,"0","_m/M457.png - _m/M806.png","norev"
13,105,0,1,4,1,"_f/F804.png","_f/F625.png","norev"
13,106,1,1,4,0,"_m/M645.png","_m/M744.png","norev"
13,107,0,0,3,-1,"0","_f/F615.png - _f/F554.png","norev"
13,108,0,0,2,-1,"0","_f/F540.png - _f/F532.png","norev"
13,109,0,0,2,-1,"0","_f/F461.png - _f/F524.png","norev"
13,110,0,0,2,-1,"0","_f/F466.png - _f/F938.png","norev"
13,111,1,1,3,1,"_m/M939.png","_m/M720.png","norev"
13,112,0,0,2,-1,"0","_f/F470.png - _f/F732.png","norev"
13,113,1,0,3,-1,"0","_m/M812.png - _m/M877.png","norev"
13,114,0,0,3,-1,"0","_f/F345.png - _f/F489.png","norev"
13,115,1,0,2,-1,"0","_m/M587.png - _m/M462.png","norev"
13,116,1,0,2,-1,"0","_m/M928.png - _m/M776.png","norev"
13,117,1,1,4,1,"_m/M389.png","_m/M707.png","norev"
13,118,1,1,3,1,"_m/M641.png","_m/M563.png","norev"
13,119,1,0,3,-1,"0","_m/M811.png - _m/M345.png","norev"
13,120,1,1,3,1,"_m/M653.png","_m/M637.png","norev"
13,121,0,1,2,1,"_f/F817.png","_f/F344.png","norev"
13,122,0,0,2,-1,"0","_f/F354.png - _f/F718.png","norev"
13,123,0,1,2,0,"_f/F538.png","_f/F656.png","norev"
13,124,1,1,3,0,"_m/M678.png","_m/M368.png","norev"
13,125,1,1,3,1,"_m/M711.png","_m/M475.png","norev"
13,126,0,0,1,-1,"0","_f/F343.png - _f/F848.png","norev"
13,127,1,0,1,-1,"0","_m/M437.png - _m/M736.png","norev"
13,128,0,1,2,1,"_f/F901.png","_f/F756.png","norev"
13,129,0,0,2,-1,"0","_f/F511.png - _f/F360.png","norev"
13,130,1,0,2,-1,"0","_m/M558.png - _m/M608.png","norev"
13,131,0,1,3,1,"_f/F652.png","_f/F845.png","norev"
13,132,0,1,4,1,"_f/F904.png","_f/F833.png","norev"
13,133,0,1,2,0,"_f/F515.png","_f/F836.png","norev"
13,134,0,1,2,0,"_f/F708.png","_f/F463.png","norev"
13,135,1,0,3,-1,"0","_m/M893.png - _m/M492.png","norev"
13,136,0,0,4,-1,"0","_f/F420.png - _f/F891.png","norev"
13,137,0,1,4,1,"_f/F691.png","_f/F529.png","norev"
13,138,0,1,4,1,"_f/F892.png","_f/F611.png","norev"
13,139,1,1,2,1,"_m/M905.png","_m/M346.png","norev"
13,140,1,0,1,-1,"0","_m/M941.png - _m/M853.png","norev"
13,141,1,0,3,-1,"0","_m/M850.png - _m/M597.png","norev"
13,142,1,0,2,-1,"0","_m/M432.png - _m/M881.png","norev"
13,143,1,0,2,-1,"0","_m/M748.png - _m/M942.png","norev"
13,144,0,1,3,1,"_f/F766.png","_f/F357.png","norev"
13,145,1,0,2,-1,"0","_m/M546.png - _m/M934.png","norev"
13,146,1,0,2,-1,"0","_m/M819.png - _m/M440.png","norev"
13,147,0,1,2,1,"_f/F693.png","_f/F422.png","norev"
13,148,0,0,2,-1,"0","_f/F948.png - _f/F834.png","norev"
13,149,0,1,3,1,"_f/F772.png","_f/F523.png","norev"
13,150,0,0,2,-1,"0","_f/F946.png - _f/F847.png","norev"
13,151,1,1,3,1,"_m/M574.png","_m/M599.png","norev"
13,152,1,0,3,-1,"0","_m/M820.png - _m/M616.png","norev"
13,153,0,0,2,-1,"0","_f/F599.png - _f/F841.png","norev"
13,154,1,1,3,1,"_m/M903.png","_m/M627.png","norev"
13,155,0,0,3,-1,"0","_f/F620.png - _f/F856.png","norev"
13,156,0,1,4,1,"_f/F759.png","_f/F673.png","norev"
13,157,1,1,2,0,"_m/M566.png","_m/M503.png","norev"
13,158,1,0,3,-1,"0","_m/M769.png - _m/M387.png","norev"
13,159,1,0,3,-1,"0","_m/M541.png - _m/M752.png","norev"
13,160,0,0,3,-1,"0","_f/F909.png - _f/F352.png","norev"
13,161,1,1,4,1,"_m/M767.png","_m/M467.png","norev"
13,162,1,0,2,-1,"0","_m/M424.png - _m/M551.png","norev"
13,163,0,0,2,-1,"0","_f/F785.png - _f/F774.png","norev"
13,164,0,0,1,-1,"0","_f/F607.png - _f/F800.png","norev"
13,165,0,0,1,-1,"0","_f/F386.png - _f/F653.png","norev"
13,166,1,1,2,1,"_m/M907.png","_m/M393.png","norev"
13,167,0,0,2,-1,"0","_f/F437.png - _f/F944.png","norev"
13,168,1,0,3,-1,"0","_m/M773.png - _m/M447.png","norev"
13,169,0,0,3,-1,"0","_f/F484.png - _f/F389.png","norev"
13,170,1,0,3,-1,"0","_m/M336.png - _m/M545.png","norev"
13,171,1,0,2,-1,"0","_m/M900.png - _m/M790.png","norev"
13,172,0,1,3,1,"_f/F866.png","_f/F416.png","norev"
13,173,0,1,1,0,"_f/F342.png","_f/F853.png","norev"
13,174,1,0,3,-1,"0","_m/M923.png - _m/M921.png","norev"
13,175,0,0,2,-1,"0","_f/F574.png - _f/F745.png","norev"
13,176,0,1,2,1,"_f/F662.png","_f/F474.png","norev"
13,177,1,1,2,0,"_m/M920.png","_m/M479.png","norev"
13,178,1,1,4,1,"_m/M948.png","_m/M367.png","norev"
13,179,0,0,3,-1,"0","_f/F882.png - _f/F902.png","norev"
13,180,1,0,2,-1,"0","_m/M672.png - _m/M589.png","norev"
13,181,0,0,3,-1,"0","_f/F746.png - _f/F888.png","norev"
13,182,1,1,3,0,"_m/M809.png","_m/M500.png","norev"
13,183,0,1,4,1,"_f/F865.png","_f/F519.png","norev"
13,184,1,0,3,-1,"0","_m/M803.png - _m/M722.png","norev"
13,185,0,1,4,1,"_f/F445.png","_f/F329.png","norev"
13,186,0,1,4,1,"_f/F681.png","_f/F920.png","norev"
13,187,0,0,2,-1,"0","_f/F903.png - _f/F704.png","norev"
13,188,1,1,4,1,"_m/M668.png","_m/M585.png","norev"
13,189,0,0,2,-1,"0","_f/F795.png - _f/F919.png","norev"
13,190,1,0,4,-1,"0","_m/M409.png - _m/M453.png","norev"
13,191,1,1,2,0,"_m/M371.png","_m/M753.png","norev"
13,192,1,0,3,-1,"0","_m/M606.png - _m/M890.png","norev"
13,193,0,1,2,1,"_f/F499.png","_f/F757.png","norev"
13,194,0,1,4,1,"_f/F755.png","_f/F381.png","norev"
13,195,1,0,3,-1,"0","_m/M443.png - _m/M801.png","norev"
13,196,0,0,2,-1,"0","_f/F898.png - _f/F692.png","norev"
13,197,0,1,4,1,"_f/F371.png","_f/F717.png","norev"
13,198,1,1,2,0,"_m/M552.png","_m/M735.png","norev"
13,199,0,1,3,0,"_f/F728.png","_f/F415.png","norev"
13,200,1,1,3,1,"_m/M342.png","_m/M738.png","norev"
14,1,1,1,2,0,"_m/M794.png","_m/M343.png","norev"
14,2,1,1,2,1,"_m/M867.png","_m/M789.png","norev"
14,3,0,0,2,-1,"0","_f/F565.png - _f/F437.png","norev"
14,4,0,0,1,-1,"0","_f/F938.png - _f/F493.png","norev"
14,5,0,0,2,-1,"0","_f/F827.png - _f/F701.png","norev"
14,6,1,0,3,-1,"0","_m/M479.png - _m/M454.png","norev"
14,7,0,1,2,0,"_f/F462.png","_f/F638.png","norev"
14,8,0,1,4,1,"_f/F413.png","_f/F784.png","norev"
14,9,1,0,2,-1,"0","_m/M895.png - _m/M641.png","norev"
14,10,0,0,3,-1,"0","_f/F533.png - _f/F613.png","norev"
14,11,0,0,1,-1,"0","_f/F941.png - _f/F790.png","norev"
14,12,0,1,2,1,"_f/F544.png","_f/F395.png","norev"
14,13,1,1,3,0,"_m/M387.png","_m/M778.png","norev"
14,14,0,1,2,1,"_f/F604.png","_f/F366.png","norev"
14,15,1,0,3,-1,"0","_m/M608.png - _m/M709.png","norev"
14,16,0,0,1,-1,"0","_f/F523.png - _f/F338.png","norev"
14,17,0,0,2,-1,"0","_f/F793.png - _f/F434.png","norev"
14,18,1,1,3,0,"_m/M684.png","_m/M367.png","norev"
14,19,0,1,2,1,"_f/F899.png","_f/F431.png","norev"
14,20,1,0,3,-1,"0","_m/M469.png - _m/M710.png","norev"
14,21,1,1,2,1,"_m/M822.png","_m/M806.png","norev"
14,22,0,0,1,-1,"0","_f/F942.png - _f/F882.png","norev"
14,23,0,1,2,0,"_f/F515.png","_f/F535.png","norev"
14,24,1,1,2,1,"_m/M837.png","_m/M925.png","norev"
14,25,1,1,3,1,"_m/M341.png","_m/M567.png","norev"
14,26,1,1,3,1,"_m/M842.png","_m/M879.png","norev"
14,27,1,0,1,-1,"0","_m/M578.png - _m/M735.png","norev"
14,28,0,1,4,1,"_f/F795.png","_f/F453.png","norev"
14,29,1,0,2,-1,"0","_m/M949.png - _m/M353.png","norev"
14,30,1,0,1,-1,"0","_m/M383.png - _m/M913.png","norev"
14,31,0,0,2,-1,"0","_f/F924.png - _f/F483.png","norev"
14,32,1,1,1,1,"_m/M876.png","_m/M484.png","norev"
14,33,1,0,2,-1,"0","_m/M342.png - _m/M452.png","norev"
14,34,0,1,3,1,"_f/F877.png","_f/F722.png","norev"
14,35,0,0,3,-1,"0","_f/F926.png - _f/F577.png","norev"
14,36,0,0,2,-1,"0","_f/F374.png - _f/F419.png","norev"
14,37,1,1,2,0,"_m/M765.png","_m/M338.png","norev"
14,38,0,0,3,-1,"0","_f/F798.png - _f/F584.png","norev"
14,39,1,0,1,-1,"0","_m/M458.png - _m/M834.png","norev"
14,40,1,1,3,1,"_m/M667.png","_m/M920.png","norev"
14,41,1,0,2,-1,"0","_m/M678.png - _m/M716.png","norev"
14,42,1,0,3,-1,"0","_m/M921.png - _m/M661.png","norev"
14,43,1,1,3,0,"_m/M518.png","_m/M798.png","norev"
14,44,0,1,1,1,"_f/F610.png","_f/F651.png","norev"
14,45,0,1,2,1,"_f/F509.png","_f/F379.png","norev"
14,46,0,1,3,1,"_f/F552.png","_f/F650.png","norev"
14,47,1,1,3,1,"_m/M566.png","_m/M757.png","norev"
14,48,1,1,2,1,"_m/M813.png","_m/M774.png","norev"
14,49,1,0,1,-1,"0","_m/M727.png - _m/M898.png","norev"
14,50,0,1,2,1,"_f/F571.png","_f/F673.png","norev"
14,51,1,0,2,-1,"0","_m/M478.png - _m/M572.png","norev"
14,52,0,0,1,-1,"0","_f/F357.png - _f/F383.png","norev"
14,53,1,0,2,-1,"0","_m/M501.png - _m/M364.png","norev"
14,54,0,0,3,-1,"0","_f/F910.png - _f/F504.png","norev"
14,55,1,1,1,1,"_m/M463.png","_m/M349.png","norev"
14,56,0,1,3,1,"_f/F622.png","_f/F863.png","norev"
14,57,1,1,2,1,"_m/M485.png","_m/M486.png","norev"
14,58,1,0,2,-1,"0","_m/M823.png - _m/M881.png","norev"
14,59,0,1,2,0,"_f/F828.png","_f/F943.png","norev"
14,60,1,1,2,1,"_m/M795.png","_m/M928.png","norev"
14,61,0,0,3,-1,"0","_f/F518.png - _f/F777.png","norev"
14,62,0,1,2,0,"_f/F451.png","_f/F402.png","norev"
14,63,1,0,3,-1,"0","_m/M780.png - _m/M542.png","norev"
14,64,1,1,2,1,"_m/M659.png","_m/M404.png","norev"
14,65,0,0,1,-1,"0","_f/F575.png - _f/F329.png","norev"
14,66,1,1,2,1,"_m/M671.png","_m/M422.png","norev"
14,67,0,0,2,-1,"0","_f/F484.png - _f/F799.png","norev"
14,68,1,0,1,-1,"0","_m/M474.png - _m/M466.png","norev"
14,69,1,0,2,-1,"0","_m/M604.png - _m/M873.png","norev"
14,70,0,1,2,1,"_f/F495.png","_f/F659.png","norev"
14,71,0,0,2,-1,"0","_f/F927.png - _f/F642.png","norev"
14,72,1,0,2,-1,"0","_m/M698.png - _m/M421.png","norev"
14,73,1,1,3,1,"_m/M389.png","_m/M635.png","norev"
14,74,1,1,3,0,"_m/M750.png","_m/M820.png","norev"
14,75,0,1,2,1,"_f/F792.png","_f/F474.png","norev"
14,76,0,1,1,0,"_f/F636.png","_f/F412.png","norev"
14,77,0,1,3,0,"_f/F615.png","_f/F528.png","norev"
14,78,1,1,2,1,"_m/M940.png","_m/M939.png","norev"
14,79,1,0,2,-1,"0","_m/M510.png - _m/M756.png","norev"
14,80,0,1,1,0,"_f/F512.png","_f/F468.png","norev"
14,81,1,1,2,1,"_m/M919.png","_m/M787.png","norev"
14,82,1,1,2,1,"_m/M645.png","_m/M638.png","norev"
14,83,0,0,3,-1,"0","_f/F359.png - _f/F770.png","norev"
14,84,0,0,2,-1,"0","_f/F658.png - _f/F352.png","norev"
14,85,0,0,2,-1,"0","_f/F436.png - _f/F713.png","norev"
14,86,0,1,1,1,"_f/F384.png","_f/F375.png","norev"
14,87,0,1,4,1,"_f/F558.png","_f/F916.png","norev"
14,88,0,0,2,-1,"0","_f/F389.png - _f/F529.png","norev"
14,89,0,0,2,-1,"0","_f/F597.png - _f/F725.png","norev"
14,90,1,1,3,1,"_m/M331.png","_m/M657.png","norev"
14,91,0,1,3,0,"_f/F945.png","_f/F521.png","norev"
14,92,0,1,2,0,"_f/F394.png","_f/F386.png","norev"
14,93,1,1,3,1,"_m/M896.png","_m/M416.png","norev"
14,94,1,0,2,-1,"0","_m/M863.png - _m/M424.png","norev"
14,95,1,0,2,-1,"0","_m/M464.png - _m/M814.png","norev"
14,96,1,1,1,0,"_m/M793.png","_m/M740.png","norev"
14,97,0,1,3,0,"_f/F886.png","_f/F933.png","norev"
14,98,1,1,2,0,"_m/M434.png","_m/M736.png","norev"
14,99,1,1,3,1,"_m/M346.png","_m/M668.png","norev"
14,100,1,1,2,0,"_m/M771.png","_m/M382.png","norev"
14,101,1,1,2,0,"_m/M947.png","_m/M941.png","norev"
14,102,0,0,2,-1,"0","_f/F800.png - _f/F815.png","norev"
14,103,0,0,3,-1,"0","_f/F731.png - _f/F841.png","norev"
14,104,1,0,2,-1,"0","_m/M618.png - _m/M734.png","norev"
14,105,1,1,2,0,"_m/M738.png","_m/M362.png","norev"
14,106,1,1,1,0,"_m/M742.png","_m/M481.png","norev"
14,107,0,0,1,-1,"0","_f/F783.png - _f/F779.png","norev"
14,108,0,1,3,0,"_f/F378.png","_f/F466.png","norev"
14,109,0,0,2,-1,"0","_f/F500.png - _f/F647.png","norev"
14,110,0,0,2,-1,"0","_f/F928.png - _f/F907.png","norev"
14,111,1,1,2,0,"_m/M573.png","_m/M398.png","norev"
14,112,0,1,2,1,"_f/F634.png","_f/F486.png","norev"
14,113,1,1,2,1,"_m/M563.png","_m/M627.png","norev"
14,114,0,1,2,0,"_f/F858.png","_f/F686.png","norev"
14,115,0,0,2,-1,"0","_f/F392.png - _f/F556.png","norev"
14,116,1,1,3,1,"_m/M492.png","_m/M714.png","norev"
14,117,0,0,2,-1,"0","_f/F797.png - _f/F946.png","norev"
14,118,1,1,3,1,"_m/M378.png","_m/M752.png","norev"
14,119,0,0,2,-1,"0","_f/F683.png - _f/F526.png","norev"
14,120,0,0,2,-1,"0","_f/F489.png - _f/F403.png","norev"
14,121,0,0,2,-1,"0","_f/F470.png - _f/F897.png","norev"
14,122,0,1,3,0,"_f/F851.png","_f/F409.png","norev"
14,123,0,1,2,1,"_f/F715.png","_f/F458.png","norev"
14,124,1,0,2,-1,"0","_m/M747.png - _m/M914.png","norev"
14,125,0,0,2,-1,"0","_f/F548.png - _f/F901.png","norev"
14,126,1,1,2,1,"_m/M646.png","_m/M598.png","norev"
14,127,1,1,4,1,"_m/M428.png","_m/M574.png","norev"
14,128,1,0,2,-1,"0","_m/M693.png - _m/M600.png","norev"
14,129,1,1,3,1,"_m/M440.png","_m/M844.png","norev"
14,130,0,1,3,0,"_f/F562.png","_f/F336.png","norev"
14,131,0,1,2,0,"_f/F407.png","_f/F585.png","norev"
14,132,0,1,3,0,"_f/F531.png","_f/F721.png","norev"
14,133,0,0,2,-1,"0","_f/F872.png - _f/F501.png","norev"
14,134,0,0,2,-1,"0","_f/F693.png - _f/F902.png","norev"
14,135,0,0,2,-1,"0","_f/F390.png - _f/F917.png","norev"
14,136,0,0,1,-1,"0","_f/F330.png - _f/F738.png","norev"
14,137,1,1,3,1,"_m/M666.png","_m/M462.png","norev"
14,138,0,0,4,-1,"0","_f/F472.png - _f/F837.png","norev"
14,139,1,0,2,-1,"0","_m/M358.png - _m/M859.png","norev"
14,140,0,0,2,-1,"0","_f/F631.png - _f/F758.png","norev"
14,141,1,0,1,-1,"0","_m/M590.png - _m/M815.png","norev"
14,142,1,0,2,-1,"0","_m/M399.png - _m/M396.png","norev"
14,143,1,0,2,-1,"0","_m/M347.png - _m/M377.png","norev"
14,144,1,0,2,-1,"0","_m/M882.png - _m/M816.png","norev"
14,145,0,0,2,-1,"0","_f/F791.png - _f/F368.png","norev"
14,146,0,1,3,1,"_f/F806.png","_f/F930.png","norev"
14,147,0,0,2,-1,"0","_f/F742.png - _f/F578.png","norev"
14,148,1,0,2,-1,"0","_m/M498.png - _m/M609.png","norev"
14,149,1,1,1,0,"_m/M348.png","_m/M658.png","norev"
14,150,1,1,3,0,"_m/M543.png","_m/M446.png","norev"
14,151,1,1,4,1,"_m/M497.png","_m/M456.png","norev"
14,152,0,0,2,-1,"0","_f/F891.png - _f/F865.png","norev"
14,153,1,0,2,-1,"0","_m/M533.png - _m/M482.png","norev"
14,154,0,1,2,0,"_f/F590.png","_f/F385.png","norev"
14,155,1,0,2,-1,"0","_m/M785.png - _m/M569.png","norev"
14,156,1,0,2,-1,"0","_m/M746.png - _m/M449.png","norev"
14,157,0,0,1,-1,"0","_f/F572.png - _f/F796.png","norev"
14,158,0,1,2,1,"_f/F648.png","_f/F362.png","norev"
14,159,1,0,2,-1,"0","_m/M624.png - _m/M554.png","norev"
14,160,0,0,2,-1,"0","_f/F582.png - _f/F832.png","norev"
14,161,1,0,2,-1,"0","_m/M499.png - _m/M856.png","norev"
14,162,1,0,3,-1,"0","_m/M926.png - _m/M708.png","norev"
14,163,1,1,3,0,"_m/M839.png","_m/M906.png","norev"
14,164,1,0,2,-1,"0","_m/M731.png - _m/M811.png","norev"
14,165,0,1,2,1,"_f/F637.png","_f/F545.png","norev"
14,166,0,1,2,0,"_f/F411.png","_f/F879.png","norev"
14,167,0,1,3,1,"_f/F630.png","_f/F370.png","norev"
14,168,0,1,1,1,"_f/F603.png","_f/F598.png","norev"
14,169,0,1,3,1,"_f/F344.png","_f/F655.png","norev"
14,170,0,1,2,0,"_f/F363.png","_f/F449.png","norev"
14,171,1,0,2,-1,"0","_m/M603.png - _m/M392.png","norev"
14,172,1,0,2,-1,"0","_m/M679.png - _m/M717.png","norev"
14,173,1,0,2,-1,"0","_m/M850.png - _m/M835.png","norev"
14,174,1,0,2,-1,"0","_m/M912.png - _m/M670.png","norev"
14,175,0,0,2,-1,"0","_f/F481.png - _f/F859.png","norev"
14,176,0,0,2,-1,"0","_f/F339.png - _f/F707.png","norev"
14,177,1,1,3,1,"_m/M706.png","_m/M511.png","norev"
14,178,1,0,3,-1,"0","_m/M500.png - _m/M674.png","norev"
14,179,0,1,2,0,"_f/F921.png","_f/F559.png","norev"
14,180,0,1,3,1,"_f/F607.png","_f/F350.png","norev"
14,181,1,0,2,-1,"0","_m/M838.png - _m/M366.png","norev"
14,182,1,0,2,-1,"0","_m/M450.png - _m/M525.png","norev"
14,183,1,1,1,0,"_m/M749.png","_m/M901.png","norev"
14,184,1,0,3,-1,"0","_m/M363.png - _m/M697.png","norev"
14,185,0,0,2,-1,"0","_f/F710.png - _f/F756.png","norev"
14,186,1,0,2,-1,"0","_m/M932.png - _m/M357.png","norev"
14,187,1,1,4,1,"_m/M672.png","_m/M651.png","norev"
14,188,0,1,2,1,"_f/F705.png","_f/F735.png","norev"
14,189,0,1,3,1,"_f/F849.png","_f/F354.png","norev"
14,190,1,0,2,-1,"0","_m/M490.png - _m/M587.png","norev"
14,191,0,0,2,-1,"0","_f/F823.png - _f/F538.png","norev"
14,192,0,1,3,1,"_f/F388.png","_f/F741.png","norev"
14,193,1,0,3,-1,"0","_m/M368.png - _m/M564.png","norev"
14,194,0,1,1,1,"_f/F776.png","_f/F656.png","norev"
14,195,0,0,1,-1,"0","_f/F332.png - _f/F821.png","norev"
14,196,1,1,3,1,"_m/M570.png","_m/M830.png","norev"
14,197,0,1,2,0,"_f/F698.png","_f/F660.png","norev"
14,198,1,0,1,-1,"0","_m/M712.png - _m/M637.png","norev"
14,199,0,1,1,1,"_f/F440.png","_f/F743.png","norev"
14,200,1,1,2,1,"_m/M432.png","_m/M337.png","norev"
15,1,0,1,2,0,"_f/F854.png","_f/F663.png","norev"
15,2,1,1,4,0,"_m/M512.png","_m/M619.png","norev"
15,3,0,1,4,0,"_f/F645.png","_f/F407.png","norev"
15,4,1,1,1,1,"_m/M536.png","_m/M735.png","norev"
15,5,1,0,2,-1,"0","_m/M333.png - _m/M612.png","norev"
15,6,0,1,4,1,"_f/F448.png","_f/F500.png","norev"
15,7,1,0,1,-1,"0","_m/M663.png - _m/M842.png","norev"
15,8,0,0,2,-1,"0","_f/F342.png - _f/F516.png","norev"
15,9,1,0,4,-1,"0","_m/M680.png - _m/M565.png","norev"
15,10,1,0,3,-1,"0","_m/M760.png - _m/M856.png","norev"
15,11,1,1,4,1,"_m/M948.png","_m/M382.png","norev"
15,12,0,1,1,0,"_f/F424.png","_f/F420.png","norev"
15,13,1,0,1,-1,"0","_m/M697.png - _m/M877.png","norev"
15,14,0,0,4,-1,"0","_f/F613.png - _f/F495.png","norev"
15,15,1,0,3,-1,"0","_m/M537.png - _m/M836.png","norev"
15,16,1,0,1,-1,"0","_m/M432.png - _m/M600.png","norev"
15,17,0,0,1,-1,"0","_f/F487.png - _f/F461.png","norev"
15,18,0,0,1,-1,"0","_f/F775.png - _f/F441.png","norev"
15,19,1,0,1,-1,"0","_m/M815.png - _m/M334.png","norev"
15,20,1,0,4,-1,"0","_m/M841.png - _m/M551.png","norev"
15,21,1,1,4,1,"_m/M452.png","_m/M950.png","norev"
15,22,1,1,3,1,"_m/M631.png","_m/M797.png","norev"
15,23,1,1,4,1,"_m/M405.png","_m/M500.png","norev"
15,24,0,1,2,1,"_f/F950.png","_f/F636.png","norev"
15,25,0,0,1,-1,"0","_f/F932.png - _f/F912.png","norev"
15,26,1,1,3,0,"_m/M518.png","_m/M826.png","norev"
15,27,0,0,4,-1,"0","_f/F676.png - _f/F688.png","norev"
15,28,0,0,1,-1,"0","_f/F570.png - _f/F486.png","norev"
15,29,0,0,2,-1,"0","_f/F632.png - _f/F473.png","norev"
15,30,0,1,1,0,"_f/F385.png","_f/F478.png","norev"
15,31,1,0,1,-1,"0","_m/M739.png - _m/M451.png","norev"
15,32,0,0,3,-1,"0","_f/F353.png - _f/F944.png","norev"
15,33,1,0,2,-1,"0","_m/M368.png - _m/M695.png","norev"
15,34,1,0,1,-1,"0","_m/M655.png - _m/M437.png","norev"
15,35,1,0,1,-1,"0","_m/M359.png - _m/M514.png","norev"
15,36,1,0,4,-1,"0","_m/M390.png - _m/M906.png","norev"
15,37,0,0,2,-1,"0","_f/F947.png - _f/F474.png","norev"
15,38,0,1,4,1,"_f/F513.png","_f/F908.png","norev"
15,39,1,0,1,-1,"0","_m/M869.png - _m/M348.png","norev"
15,40,1,1,4,0,"_m/M642.png","_m/M844.png","norev"
15,41,1,1,4,1,"_m/M763.png","_m/M623.png","norev"
15,42,0,1,4,1,"_f/F400.png","_f/F355.png","norev"
15,43,1,1,2,0,"_m/M388.png","_m/M784.png","norev"
15,44,0,0,3,-1,"0","_f/F843.png - _f/F442.png","norev"
15,45,0,0,3,-1,"0","_f/F756.png - _f/F479.png","norev"
15,46,0,1,1,1,"_f/F612.png","_f/F522.png","norev"
15,47,0,0,1,-1,"0","_f/F507.png - _f/F646.png","norev"
15,48,0,1,2,0,"_f/F939.png","_f/F490.png","norev"
15,49,1,0,1,-1,"0","_m/M840.png - _m/M494.png","norev"
15,50,1,1,3,1,"_m/M889.png","_m/M890.png","norev"
15,51,1,0,2,-1,"0","_m/M553.png - _m/M335.png","norev"
15,52,0,0,3,-1,"0","_f/F929.png - _f/F351.png","norev"
15,53,1,1,4,1,"_m/M787.png","_m/M608.png","norev"
15,54,1,1,1,1,"_m/M471.png","_m/M595.png","norev"
15,55,0,1,2,1,"_f/F443.png","_f/F943.png","norev"
15,56,1,0,3,-1,"0","_m/M933.png - _m/M768.png","norev"
15,57,0,0,1,-1,"0","_f/F421.png - _f/F884.png","norev"
15,58,1,1,1,1,"_m/M674.png","_m/M453.png","norev"
15,59,1,0,2,-1,"0","_m/M704.png - _m/M341.png","norev"
15,60,0,1,2,0,"_f/F379.png","_f/F590.png","norev"
15,61,0,1,3,0,"_f/F748.png","_f/F470.png","norev"
15,62,0,0,4,-1,"0","_f/F368.png - _f/F398.png","norev"
15,63,0,1,4,0,"_f/F349.png","_f/F877.png","norev"
15,64,0,1,1,1,"_f/F491.png","_f/F401.png","norev"
15,65,0,1,2,1,"_f/F659.png","_f/F794.png","norev"
15,66,0,1,1,1,"_f/F616.png","_f/F485.png","norev"
15,67,0,0,1,-1,"0","_f/F681.png - _f/F450.png","norev"
15,68,1,0,3,-1,"0","_m/M590.png - _m/M729.png","norev"
15,69,1,1,4,0,"_m/M708.png","_m/M715.png","norev"
15,70,0,0,4,-1,"0","_f/F357.png - _f/F573.png","norev"
15,71,1,1,4,1,"_m/M798.png","_m/M883.png","norev"
15,72,1,1,3,1,"_m/M502.png","_m/M419.png","norev"
15,73,1,1,4,1,"_m/M533.png","_m/M578.png","norev"
15,74,0,1,1,1,"_f/F669.png","_f/F733.png","norev"
15,75,1,1,3,0,"_m/M714.png","_m/M899.png","norev"
15,76,1,0,2,-1,"0","_m/M694.png - _m/M407.png","norev"
15,77,0,1,4,1,"_f/F427.png","_f/F661.png","norev"
15,78,1,1,3,1,"_m/M660.png","_m/M859.png","norev"
15,79,0,0,3,-1,"0","_f/F948.png - _f/F393.png","norev"
15,80,1,1,3,0,"_m/M380.png","_m/M709.png","norev"
15,81,0,0,1,-1,"0","_f/F408.png - _f/F918.png","norev"
15,82,0,1,2,0,"_f/F405.png","_f/F872.png","norev"
15,83,1,0,4,-1,"0","_m/M544.png - _m/M676.png","norev"
15,84,1,0,1,-1,"0","_m/M513.png - _m/M347.png","norev"
15,85,0,0,4,-1,"0","_f/F372.png - _f/F933.png","norev"
15,86,1,0,2,-1,"0","_m/M461.png - _m/M387.png","norev"
15,87,1,0,2,-1,"0","_m/M936.png - _m/M566.png","norev"
15,88,1,1,4,0,"_m/M819.png","_m/M558.png","norev"
15,89,1,1,4,0,"_m/M606.png","_m/M587.png","norev"
15,90,0,0,1,-1,"0","_f/F911.png - _f/F459.png","norev"
15,91,1,0,1,-1,"0","_m/M931.png - _m/M669.png","norev"
15,92,0,0,1,-1,"0","_f/F824.png - _f/F517.png","norev"
15,93,0,0,2,-1,"0","_f/F641.png - _f/F715.png","norev"
15,94,1,0,3,-1,"0","_m/M838.png - _m/M757.png","norev"
15,95,1,1,2,0,"_m/M622.png","_m/M785.png","norev"
15,96,0,0,1,-1,"0","_f/F374.png - _f/F750.png","norev"
15,97,1,0,2,-1,"0","_m/M549.png - _m/M901.png","norev"
15,98,0,1,4,1,"_f/F361.png","_f/F497.png","norev"
15,99,1,0,3,-1,"0","_m/M824.png - _m/M858.png","norev"
15,100,1,0,3,-1,"0","_m/M832.png - _m/M743.png","norev"
15,101,1,0,1,-1,"0","_m/M389.png - _m/M791.png","norev"
15,102,1,1,3,1,"_m/M393.png","_m/M485.png","norev"
15,103,1,0,1,-1,"0","_m/M522.png - _m/M346.png","norev"
15,104,0,0,2,-1,"0","_f/F639.png - _f/F586.png","norev"
15,105,0,0,2,-1,"0","_f/F724.png - _f/F595.png","norev"
15,106,0,1,4,1,"_f/F727.png","_f/F545.png","norev"
15,107,1,0,4,-1,"0","_m/M740.png - _m/M940.png","norev"
15,108,0,1,4,1,"_f/F815.png","_f/F438.png","norev"
15,109,1,1,1,1,"_m/M745.png","_m/M482.png","norev"
15,110,1,1,3,1,"_m/M867.png","_m/M436.png","norev"
15,111,0,1,2,1,"_f/F469.png","_f/F387.png","norev"
15,112,0,1,3,0,"_f/F440.png","_f/F760.png","norev"
15,113,0,1,1,1,"_f/F628.png","_f/F779.png","norev"
15,114,1,1,4,1,"_m/M764.png","_m/M418.png","norev"
15,115,1,0,1,-1,"0","_m/M618.png - _m/M666.png","norev"
15,116,1,0,1,-1,"0","_m/M586.png - _m/M604.png","norev"
15,117,0,1,2,0,"_f/F880.png","_f/F643.png","norev"
15,118,1,0,1,-1,"0","_m/M779.png - _m/M772.png","norev"
15,119,0,0,2,-1,"0","_f/F498.png - _f/F652.png","norev"
15,120,1,0,3,-1,"0","_m/M447.png - _m/M903.png","norev"
15,121,0,1,3,1,"_f/F821.png","_f/F335.png","norev"
15,122,0,1,4,0,"_f/F914.png","_f/F378.png","norev"
15,123,0,1,3,1,"_f/F425.png","_f/F460.png","norev"
15,124,1,0,2,-1,"0","_m/M881.png - _m/M588.png","norev"
15,125,0,1,1,0,"_f/F867.png","_f/F544.png","norev"
15,126,0,1,4,1,"_f/F894.png","_f/F847.png","norev"
15,127,1,0,4,-1,"0","_m/M873.png - _m/M805.png","norev"
15,128,1,1,1,1,"_m/M843.png","_m/M641.png","norev"
15,129,0,0,4,-1,"0","_f/F650.png - _f/F551.png","norev"
15,130,0,0,2,-1,"0","_f/F836.png - _f/F364.png","norev"
15,131,0,0,1,-1,"0","_f/F419.png - _f/F850.png","norev"
15,132,0,1,4,1,"_f/F622.png","_f/F396.png","norev"
15,133,0,0,2,-1,"0","_f/F934.png - _f/F719.png","norev"
15,134,0,1,1,1,"_f/F655.png","_f/F734.png","norev"
15,135,0,0,3,-1,"0","_f/F856.png - _f/F758.png","norev"
15,136,1,0,4,-1,"0","_m/M937.png - _m/M472.png","norev"
15,137,1,1,1,1,"_m/M491.png","_m/M885.png","norev"
15,138,1,1,4,1,"_m/M864.png","_m/M442.png","norev"
15,139,0,1,4,1,"_f/F462.png","_f/F383.png","norev"
15,140,1,1,1,1,"_m/M925.png","_m/M349.png","norev"
15,141,1,1,2,1,"_m/M611.png","_m/M944.png","norev"
15,142,0,1,2,1,"_f/F453.png","_f/F753.png","norev"
15,143,1,1,3,0,"_m/M861.png","_m/M539.png","norev"
15,144,0,0,1,-1,"0","_f/F653.png - _f/F712.png","norev"
15,145,1,1,1,1,"_m/M427.png","_m/M344.png","norev"
15,146,1,1,1,1,"_m/M557.png","_m/M434.png","norev"
15,147,0,1,1,0,"_f/F511.png","_f/F397.png","norev"
15,148,0,0,3,-1,"0","_f/F900.png - _f/F942.png","norev"
15,149,0,1,2,0,"_f/F941.png","_f/F886.png","norev"
15,150,0,0,1,-1,"0","_f/F583.png - _f/F720.png","norev"
15,151,0,1,2,0,"_f/F593.png","_f/F651.png","norev"
15,152,0,1,1,0,"_f/F402.png","_f/F882.png","norev"
15,153,1,1,1,1,"_m/M713.png","_m/M370.png","norev"
15,154,0,0,3,-1,"0","_f/F519.png - _f/F896.png","norev"
15,155,1,0,4,-1,"0","_m/M926.png - _m/M898.png","norev"
15,156,0,0,3,-1,"0","_f/F946.png - _f/F369.png","norev"
15,157,0,1,2,0,"_f/F736.png","_f/F492.png","norev"
15,158,0,0,1,-1,"0","_f/F741.png - _f/F602.png","norev"
15,159,1,1,1,0,"_m/M441.png","_m/M401.png","norev"
15,160,1,1,2,1,"_m/M703.png","_m/M395.png","norev"
15,161,1,1,4,1,"_m/M759.png","_m/M705.png","norev"
15,162,1,1,4,1,"_m/M886.png","_m/M665.png","norev"
15,163,0,0,3,-1,"0","_f/F445.png - _f/F901.png","norev"
15,164,1,0,2,-1,"0","_m/M399.png - _m/M821.png","norev"
15,165,1,0,3,-1,"0","_m/M637.png - _m/M495.png","norev"
15,166,1,1,4,1,"_m/M711.png","_m/M337.png","norev"
15,167,0,1,2,0,"_f/F493.png","_f/F563.png","norev"
15,168,1,0,1,-1,"0","_m/M678.png - _m/M328.png","norev"
15,169,0,1,4,1,"_f/F577.png","_f/F344.png","norev"
15,170,1,0,2,-1,"0","_m/M493.png - _m/M581.png","norev"
15,171,1,1,4,0,"_m/M804.png","_m/M702.png","norev"
15,172,0,0,2,-1,"0","_f/F925.png - _f/F665.png","norev"
15,173,1,1,2,1,"_m/M602.png","_m/M383.png","norev"
15,174,0,0,1,-1,"0","_f/F458.png - _f/F629.png","norev"
15,175,1,1,4,0,"_m/M379.png","_m/M428.png","norev"
15,176,0,0,2,-1,"0","_f/F842.png - _f/F504.png","norev"
15,177,1,1,1,1,"_m/M670.png","_m/M529.png","norev"
15,178,0,1,4,0,"_f/F606.png","_f/F476.png","norev"
15,179,1,1,3,0,"_m/M688.png","_m/M744.png","norev"
15,180,0,1,4,1,"_f/F673.png","_f/F523.png","norev"
15,181,1,0,1,-1,"0","_m/M756.png - _m/M416.png","norev"
15,182,1,0,4,-1,"0","_m/M762.png - _m/M905.png","norev"
15,183,1,1,2,0,"_m/M679.png","_m/M584.png","norev"
15,184,0,1,3,1,"_f/F664.png","_f/F518.png","norev"
15,185,0,1,4,0,"_f/F823.png","_f/F634.png","norev"
15,186,1,0,4,-1,"0","_m/M525.png - _m/M515.png","norev"
15,187,1,0,4,-1,"0","_m/M433.png - _m/M372.png","norev"
15,188,1,1,1,1,"_m/M378.png","_m/M517.png","norev"
15,189,0,0,1,-1,"0","_f/F630.png - _f/F464.png","norev"
15,190,0,0,3,-1,"0","_f/F786.png - _f/F631.png","norev"
15,191,0,0,3,-1,"0","_f/F893.png - _f/F695.png","norev"
15,192,0,0,4,-1,"0","_f/F509.png - _f/F785.png","norev"
15,193,1,1,3,0,"_m/M780.png","_m/M720.png","norev"
15,194,0,1,4,1,"_f/F897.png","_f/F548.png","norev"
15,195,0,1,4,1,"_f/F541.png","_f/F777.png","norev"
15,196,0,0,1,-1,"0","_f/F793.png - _f/F418.png","norev"
15,197,0,0,2,-1,"0","_f/F907.png - _f/F649.png","norev"
15,198,1,0,4,-1,"0","_m/M659.png - _m/M644.png","norev"
15,199,0,1,4,1,"_f/F913.png","_f/F766.png","norev"
15,200,0,0,4,-1,"0","_f/F467.png - _f/F801.png","norev"
16,1,0,0,1,-1,"0","_f/F868.png - _f/F879.png","norev"
16,2,1,1,2,0,"_m/M652.png","_m/M767.png","norev"
16,3,1,0,2,-1,"0","_m/M470.png - _m/M426.png","norev"
16,4,1,1,2,1,"_m/M723.png","_m/M469.png","norev"
16,5,0,1,3,0,"_f/F448.png","_f/F833.png","norev"
16,6,0,1,1,1,"_f/F747.png","_f/F770.png","norev"
16,7,1,0,4,-1,"0","_m/M809.png - _m/M703.png","norev"
16,8,0,0,1,-1,"0","_f/F629.png - _f/F533.png","norev"
16,9,1,1,2,1,"_m/M907.png","_m/M366.png","norev"
16,10,1,0,4,-1,"0","_m/M630.png - _m/M724.png","norev"
16,11,0,0,3,-1,"0","_f/F595.png - _f/F548.png","norev"
16,12,1,0,3,-1,"0","_m/M729.png - _m/M579.png","norev"
16,13,0,0,2,-1,"0","_f/F872.png - _f/F511.png","norev"
16,14,1,1,1,0,"_m/M718.png","_m/M520.png","norev"
16,15,1,0,1,-1,"0","_m/M852.png - _m/M811.png","norev"
16,16,0,0,1,-1,"0","_f/F744.png - _f/F896.png","norev"
16,17,0,0,4,-1,"0","_f/F920.png - _f/F636.png","norev"
16,18,0,1,4,1,"_f/F673.png","_f/F445.png","norev"
16,19,1,0,2,-1,"0","_m/M362.png - _m/M831.png","norev"
16,20,1,1,3,1,"_m/M615.png","_m/M926.png","norev"
16,21,1,0,3,-1,"0","_m/M514.png - _m/M757.png","norev"
16,22,1,1,1,0,"_m/M745.png","_m/M439.png","norev"
16,23,1,1,2,0,"_m/M845.png","_m/M514.png","norev"
16,24,1,1,3,1,"_m/M832.png","_m/M902.png","norev"
16,25,1,1,2,0,"_m/M863.png","_m/M912.png","norev"
16,26,0,0,1,-1,"0","_f/F935.png - _f/F358.png","norev"
16,27,1,0,1,-1,"0","_m/M792.png - _m/M716.png","norev"
16,28,0,0,3,-1,"0","_f/F946.png - _f/F490.png","norev"
16,29,0,0,1,-1,"0","_f/F326.png - _f/F777.png","norev"
16,30,1,0,3,-1,"0","_m/M500.png - _m/M422.png","norev"
16,31,1,1,4,0,"_m/M545.png","_m/M830.png","norev"
16,32,1,0,3,-1,"0","_m/M366.png - _m/M867.png","norev"
16,33,0,0,1,-1,"0","_f/F659.png - _f/F338.png","norev"
16,34,0,1,1,0,"_f/F718.png","_f/F341.png","norev"
16,35,0,1,1,0,"_f/F747.png","_f/F873.png","norev"
16,36,0,1,1,0,"_f/F718.png","_f/F562.png","norev"
16,37,0,1,3,1,"_f/F681.png","_f/F426.png","norev"
16,38,1,1,2,0,"_m/M863.png","_m/M397.png","norev"
16,39,0,0,2,-1,"0","_f/F913.png - _f/F662.png","norev"
16,40,0,0,1,-1,"0","_f/F910.png - _f/F667.png","norev"
16,41,0,0,1,-1,"0","_f/F357.png - _f/F690.png","norev"
16,42,1,1,3,1,"_m/M444.png","_m/M435.png","norev"
16,43,0,0,3,-1,"0","_f/F677.png - _f/F503.png","norev"
16,44,1,1,4,1,"_m/M832.png","_m/M757.png","norev"
16,45,0,1,4,0,"_f/F817.png","_f/F795.png","norev"
16,46,1,0,2,-1,"0","_m/M556.png - _m/M886.png","norev"
16,47,1,1,3,1,"_m/M793.png","_m/M858.png","norev"
16,48,0,0,2,-1,"0","_f/F554.png - _f/F815.png","norev"
16,49,1,1,3,1,"_m/M545.png","_m/M811.png","norev"
16,50,1,1,3,0,"_m/M907.png","_m/M927.png","norev"
16,51,1,1,4,1,"_m/M538.png","_m/M843.png","norev"
16,52,1,0,3,-1,"0","_m/M438.png - _m/M656.png","norev"
16,53,0,1,2,1,"_f/F473.png","_f/F915.png","norev"
16,54,0,0,1,-1,"0","_f/F625.png - _f/F519.png","norev"
16,55,0,0,1,-1,"0","_f/F833.png - _f/F583.png","norev"
16,56,1,0,2,-1,"0","_m/M469.png - _m/M858.png","norev"
16,57,1,0,4,-1,"0","_m/M481.png - _m/M391.png","norev"
16,58,0,0,1,-1,"0","_f/F453.png - _f/F419.png","norev"
16,59,0,0,3,-1,"0","_f/F455.png - _f/F592.png","norev"
16,60,0,0,3,-1,"0","_f/F685.png - _f/F353.png","norev"
16,61,0,1,4,0,"_f/F788.png","_f/F337.png","norev"
16,62,1,0,3,-1,"0","_m/M924.png - _m/M353.png","norev"
16,63,1,1,4,1,"_m/M723.png","_m/M406.png","norev"
16,64,1,0,4,-1,"0","_m/M911.png - _m/M480.png","norev"
16,65,1,0,3,-1,"0","_m/M633.png - _m/M657.png","norev"
16,66,1,0,1,-1,"0","_m/M895.png - _m/M672.png","norev"
16,67,1,0,2,-1,"0","_m/M616.png - _m/M386.png","norev"
16,68,0,0,1,-1,"0","_f/F518.png - _f/F345.png","norev"
16,69,1,1,4,0,"_m/M358.png","_m/M890.png","norev"
16,70,1,1,1,1,"_m/M475.png","_m/M601.png","norev"
16,71,0,1,4,1,"_f/F745.png","_f/F756.png","norev"
16,72,1,0,3,-1,"0","_m/M402.png - _m/M942.png","norev"
16,73,1,1,4,0,"_m/M793.png","_m/M610.png","norev"
16,74,0,1,4,0,"_f/F819.png","_f/F858.png","norev"
16,75,0,1,1,0,"_f/F812.png","_f/F600.png","norev"
16,76,0,0,2,-1,"0","_f/F429.png - _f/F330.png","norev"
16,77,0,1,4,0,"_f/F574.png","_f/F725.png","norev"
16,78,1,0,3,-1,"0","_m/M866.png - _m/M495.png","norev"
16,79,1,0,1,-1,"0","_m/M767.png - _m/M551.png","norev"
16,80,0,1,4,1,"_f/F343.png","_f/F882.png","norev"
16,81,0,1,1,0,"_f/F884.png","_f/F565.png","norev"
16,82,0,0,2,-1,"0","_f/F840.png - _f/F341.png","norev"
16,83,0,0,1,-1,"0","_f/F736.png - _f/F507.png","norev"
16,84,1,0,1,-1,"0","_m/M332.png - _m/M756.png","norev"
16,85,0,1,4,1,"_f/F359.png","_f/F580.png","norev"
16,86,1,1,2,0,"_m/M548.png","_m/M522.png","norev"
16,87,0,0,2,-1,"0","_f/F485.png - _f/F406.png","norev"
16,88,1,0,1,-1,"0","_m/M778.png - _m/M609.png","norev"
16,89,1,0,4,-1,"0","_m/M592.png - _m/M878.png","norev"
16,90,0,0,4,-1,"0","_f/F522.png - _f/F495.png","norev"
16,91,1,0,3,-1,"0","_m/M502.png - _m/M709.png","norev"
16,92,0,1,2,0,"_f/F691.png","_f/F583.png","norev"
16,93,0,1,4,1,"_f/F819.png","_f/F912.png","norev"
16,94,1,0,3,-1,"0","_m/M449.png - _m/M794.png","norev"
16,95,0,1,3,1,"_f/F944.png","_f/F625.png","norev"
16,96,1,1,4,1,"_m/M393.png","_m/M490.png","norev"
16,97,0,0,1,-1,"0","_f/F403.png - _f/F487.png","norev"
16,98,1,0,2,-1,"0","_m/M370.png - _m/M499.png","norev"
16,99,0,0,1,-1,"0","_f/F836.png - _f/F331.png","norev"
16,100,0,0,1,-1,"0","_f/F471.png - _f/F890.png","norev"
16,101,1,0,3,-1,"0","_m/M457.png - _m/M465.png","norev"
16,102,0,0,4,-1,"0","_f/F871.png - _f/F606.png","norev"
16,103,0,0,3,-1,"0","_f/F729.png - _f/F810.png","norev"
16,104,1,0,3,-1,"0","_m/M860.png - _m/M904.png","norev"
16,105,1,0,3,-1,"0","_m/M726.png - _m/M799.png","norev"
16,106,1,0,4,-1,"0","_m/M868.png - _m/M380.png","norev"
16,107,1,1,2,1,"_m/M548.png","_m/M405.png","norev"
16,108,0,1,1,0,"_f/F652.png","_f/F481.png","norev"
16,109,1,1,3,0,"_m/M403.png","_m/M551.png","norev"
16,110,0,1,1,0,"_f/F410.png","_f/F556.png","norev"
16,111,1,1,4,0,"_m/M681.png","_m/M568.png","norev"
16,112,0,1,4,0,"_f/F745.png","_f/F702.png","norev"
16,113,0,0,4,-1,"0","_f/F702.png - _f/F882.png","norev"
16,114,1,1,3,0,"_m/M334.png","_m/M740.png","norev"
16,115,0,1,4,0,"_f/F812.png","_f/F913.png","norev"
16,116,1,1,2,0,"_m/M427.png","_m/M543.png","norev"
16,117,0,1,1,0,"_f/F802.png","_f/F848.png","norev"
16,118,0,1,4,1,"_f/F444.png","_f/F862.png","norev"
16,119,0,0,1,-1,"0","_f/F650.png - _f/F514.png","norev"
16,120,1,0,3,-1,"0","_m/M575.png - _m/M415.png","norev"
16,121,0,0,1,-1,"0","_f/F383.png - _f/F639.png","norev"
16,122,1,1,2,0,"_m/M372.png","_m/M831.png","norev"
16,123,1,1,3,0,"_m/M427.png","_m/M774.png","norev"
16,124,1,1,3,0,"_m/M334.png","_m/M799.png","norev"
16,125,1,1,3,1,"_m/M745.png","_m/M707.png","norev"
16,126,1,1,4,0,"_m/M681.png","_m/M629.png","norev"
16,127,1,1,4,0,"_m/M398.png","_m/M509.png","norev"
16,128,1,0,3,-1,"0","_m/M395.png - _m/M666.png","norev"
16,129,0,0,4,-1,"0","_f/F454.png - _f/F340.png","norev"
16,130,1,0,3,-1,"0","_m/M413.png - _m/M705.png","norev"
16,131,1,1,3,1,"_m/M372.png","_m/M486.png","norev"
16,132,1,1,4,0,"_m/M398.png","_m/M794.png","norev"
16,133,1,0,3,-1,"0","_m/M433.png - _m/M914.png","norev"
16,134,0,0,1,-1,"0","_f/F701.png - _f/F430.png","norev"
16,135,1,0,3,-1,"0","_m/M891.png - _m/M929.png","norev"
16,136,1,1,4,1,"_m/M718.png","_m/M362.png","norev"
16,137,1,0,1,-1,"0","_m/M629.png - _m/M435.png","norev"
16,138,0,0,4,-1,"0","_f/F544.png - _f/F858.png","norev"
16,139,0,0,4,-1,"0","_f/F426.png - _f/F824.png","norev"
16,140,0,0,2,-1,"0","_f/F483.png - _f/F734.png","norev"
16,141,1,1,3,0,"_m/M444.png","_m/M660.png","norev"
16,142,0,0,3,-1,"0","_f/F851.png - _f/F731.png","norev"
16,143,0,1,3,0,"_f/F459.png","_f/F610.png","norev"
16,144,0,1,4,0,"_f/F444.png","_f/F503.png","norev"
16,145,1,1,2,1,"_m/M845.png","_m/M493.png","norev"
16,146,0,1,1,0,"_f/F574.png","_f/F677.png","norev"
16,147,0,1,4,1,"_f/F459.png","_f/F840.png","norev"
16,148,1,0,4,-1,"0","_m/M738.png - _m/M905.png","norev"
16,149,0,1,3,0,"_f/F489.png","_f/F662.png","norev"
16,150,0,0,1,-1,"0","_f/F780.png - _f/F509.png","norev"
16,151,0,1,4,1,"_f/F673.png","_f/F519.png","norev"
16,152,1,0,2,-1,"0","_m/M428.png - _m/M807.png","norev"
16,153,1,0,2,-1,"0","_m/M574.png - _m/M692.png","norev"
16,154,1,1,1,0,"_m/M538.png","_m/M449.png","norev"
16,155,1,0,3,-1,"0","_m/M688.png - _m/M855.png","norev"
16,156,1,0,2,-1,"0","_m/M665.png - _m/M542.png","norev"
16,157,1,0,3,-1,"0","_m/M547.png - _m/M645.png","norev"
16,158,0,0,4,-1,"0","_f/F378.png - _f/F405.png","norev"
16,159,1,0,1,-1,"0","_m/M817.png - _m/M628.png","norev"
16,160,1,1,4,0,"_m/M615.png","_m/M867.png","norev"
16,161,0,1,4,1,"_f/F349.png","_f/F851.png","norev"
16,162,0,1,3,0,"_f/F691.png","_f/F441.png","norev"
16,163,0,1,1,0,"_f/F884.png","_f/F544.png","norev"
16,164,0,1,3,0,"_f/F944.png","_f/F425.png","norev"
16,165,0,1,1,0,"_f/F473.png","_f/F780.png","norev"
16,166,0,1,4,1,"_f/F489.png","_f/F876.png","norev"
16,167,1,0,2,-1,"0","_m/M919.png - _m/M730.png","norev"
16,168,1,1,1,0,"_m/M385.png","_m/M838.png","norev"
16,169,0,0,3,-1,"0","_f/F902.png - _f/F779.png","norev"
16,170,0,1,4,1,"_f/F856.png","_f/F751.png","norev"
16,171,1,1,2,0,"_m/M475.png","_m/M726.png","norev"
16,172,0,0,1,-1,"0","_f/F751.png - _f/F543.png","norev"
16,173,0,1,4,1,"_f/F788.png","_f/F477.png","norev"
16,174,1,1,3,1,"_m/M385.png","_m/M360.png","norev"
16,175,0,1,4,1,"_f/F681.png","_f/F932.png","norev"
16,176,0,0,4,-1,"0","_f/F898.png - _f/F641.png","norev"
16,177,1,0,1,-1,"0","_m/M912.png - _m/M618.png","norev"
16,178,0,0,3,-1,"0","_f/F869.png - _f/F434.png","norev"
16,179,0,1,4,0,"_f/F343.png","_f/F696.png","norev"
16,180,0,0,1,-1,"0","_f/F795.png - _f/F337.png","norev"
16,181,0,1,2,0,"_f/F448.png","_f/F467.png","norev"
16,182,0,1,3,1,"_f/F652.png","_f/F543.png","norev"
16,183,1,0,2,-1,"0","_m/M554.png - _m/M844.png","norev"
16,184,1,0,3,-1,"0","_m/M838.png - _m/M439.png","norev"
16,185,0,0,4,-1,"0","_f/F873.png - _f/F934.png","norev"
16,186,0,1,4,0,"_f/F856.png","_f/F398.png","norev"
16,187,1,1,3,1,"_m/M652.png","_m/M813.png","norev"
16,188,0,0,1,-1,"0","_f/F599.png - _f/F512.png","norev"
16,189,1,1,1,0,"_m/M393.png","_m/M852.png","norev"
16,190,0,1,4,0,"_f/F349.png","_f/F706.png","norev"
16,191,1,0,3,-1,"0","_m/M522.png - _m/M774.png","norev"
16,192,1,1,1,0,"_m/M461.png","_m/M899.png","norev"
16,193,0,1,4,1,"_f/F410.png","_f/F934.png","norev"
16,194,0,0,4,-1,"0","_f/F541.png - _f/F608.png","norev"
16,195,0,1,2,1,"_f/F359.png","_f/F731.png","norev"
16,196,1,1,2,0,"_m/M461.png","_m/M618.png","norev"
16,197,1,1,4,0,"_m/M403.png","_m/M510.png","norev"
16,198,1,1,4,1,"_m/M358.png","_m/M438.png","norev"
16,199,0,1,3,1,"_f/F802.png","_f/F509.png","norev"
16,200,0,1,1,0,"_f/F817.png","_f/F607.png","norev"
17,1,0,1,4,0,"_f/F409.png","_f/F484.png","norev"
17,2,0,1,2,1,"_f/F707.png","_f/F474.png","norev"
17,3,0,1,4,1,"_f/F855.png","_f/F686.png","norev"
17,4,1,1,2,1,"_m/M429.png","_m/M493.png","norev"
17,5,0,1,1,0,"_f/F752.png","_f/F374.png","norev"
17,6,1,1,3,1,"_m/M903.png","_m/M564.png","norev"
17,7,0,0,3,-1,"0","_f/F402.png - _f/F503.png","norev"
17,8,1,0,2,-1,"0","_m/M670.png - _m/M875.png","norev"
17,9,1,1,4,1,"_m/M614.png","_m/M364.png","norev"
17,10,0,1,3,1,"_f/F345.png","_f/F921.png","norev"
17,11,0,1,3,0,"_f/F931.png","_f/F412.png","norev"
17,12,0,0,1,-1,"0","_f/F664.png - _f/F657.png","norev"
17,13,1,0,4,-1,"0","_m/M949.png - _m/M806.png","norev"
17,14,0,1,4,1,"_f/F365.png","_f/F848.png","norev"
17,15,1,0,2,-1,"0","_m/M930.png - _m/M915.png","norev"
17,16,0,1,1,1,"_f/F544.png","_f/F907.png","norev"
17,17,0,0,3,-1,"0","_f/F341.png - _f/F841.png","norev"
17,18,1,0,2,-1,"0","_m/M403.png - _m/M714.png","norev"
17,19,0,0,4,-1,"0","_f/F688.png - _f/F508.png","norev"
17,20,1,0,3,-1,"0","_m/M700.png - _m/M351.png","norev"
17,21,1,0,4,-1,"0","_m/M492.png - _m/M687.png","norev"
17,22,1,0,2,-1,"0","_m/M684.png - _m/M934.png","norev"
17,23,0,1,4,1,"_f/F803.png","_f/F827.png","norev"
17,24,1,0,2,-1,"0","_m/M763.png - _m/M375.png","norev"
17,25,1,1,3,1,"_m/M778.png","_m/M873.png","norev"
17,26,0,0,4,-1,"0","_f/F343.png - _f/F430.png","norev"
17,27,0,0,1,-1,"0","_f/F868.png - _f/F728.png","norev"
17,28,0,1,3,0,"_f/F433.png","_f/F455.png","norev"
17,29,1,1,3,0,"_m/M847.png","_m/M843.png","norev"
17,30,0,1,3,1,"_f/F378.png","_f/F663.png","norev"
17,31,1,0,1,-1,"0","_m/M627.png - _m/M803.png","norev"
17,32,0,0,3,-1,"0","_f/F486.png - _f/F451.png","norev"
17,33,0,0,4,-1,"0","_f/F812.png - _f/F626.png","norev"
17,34,0,0,2,-1,"0","_f/F390.png - _f/F815.png","norev"
17,35,0,1,4,1,"_f/F591.png","_f/F495.png","norev"
17,36,1,0,2,-1,"0","_m/M842.png - _m/M607.png","norev"
17,37,1,0,1,-1,"0","_m/M656.png - _m/M593.png","norev"
17,38,1,1,4,1,"_m/M420.png","_m/M783.png","norev"
17,39,1,0,4,-1,"0","_m/M841.png - _m/M688.png","norev"
17,40,1,0,3,-1,"0","_m/M704.png - _m/M758.png","norev"
17,41,0,0,4,-1,"0","_f/F888.png - _f/F394.png","norev"
17,42,0,0,1,-1,"0","_f/F589.png - _f/F939.png","norev"
17,43,0,0,2,-1,"0","_f/F734.png - _f/F561.png","norev"
17,44,1,0,3,-1,"0","_m/M479.png - _m/M774.png","norev"
17,45,1,0,3,-1,"0","_m/M438.png - _m/M521.png","norev"
17,46,1,0,4,-1,"0","_m/M702.png - _m/M605.png","norev"
17,47,1,1,1,0,"_m/M861.png","_m/M782.png","norev"
17,48,0,1,3,1,"_f/F731.png","_f/F526.png","norev"
17,49,1,1,2,0,"_m/M510.png","_m/M410.png","norev"
17,50,0,1,4,1,"_f/F483.png","_f/F735.png","norev"
17,51,1,1,4,0,"_m/M773.png","_m/M675.png","norev"
17,52,1,0,1,-1,"0","_m/M909.png - _m/M557.png","norev"
17,53,1,0,4,-1,"0","_m/M788.png - _m/M898.png","norev"
17,54,1,0,1,-1,"0","_m/M730.png - _m/M531.png","norev"
17,55,1,1,4,1,"_m/M855.png","_m/M697.png","norev"
17,56,0,0,2,-1,"0","_f/F330.png - _f/F511.png","norev"
17,57,0,0,1,-1,"0","_f/F833.png - _f/F347.png","norev"
17,58,1,1,4,1,"_m/M723.png","_m/M703.png","norev"
17,59,1,0,2,-1,"0","_m/M813.png - _m/M939.png","norev"
17,60,1,1,4,1,"_m/M821.png","_m/M851.png","norev"
17,61,0,0,3,-1,"0","_f/F528.png - _f/F392.png","norev"
17,62,1,0,4,-1,"0","_m/M715.png - _m/M362.png","norev"
17,63,0,1,4,1,"_f/F515.png","_f/F351.png","norev"
17,64,1,1,2,0,"_m/M775.png","_m/M423.png","norev"
17,65,0,0,3,-1,"0","_f/F740.png - _f/F477.png","norev"
17,66,0,1,4,1,"_f/F758.png","_f/F700.png","norev"
17,67,1,0,2,-1,"0","_m/M587.png - _m/M625.png","norev"
17,68,1,1,4,1,"_m/M895.png","_m/M451.png","norev"
17,69,1,0,2,-1,"0","_m/M571.png - _m/M603.png","norev"
17,70,0,1,4,1,"_f/F674.png","_f/F844.png","norev"
17,71,0,1,3,1,"_f/F510.png","_f/F359.png","norev"
17,72,1,0,1,-1,"0","_m/M348.png - _m/M537.png","norev"
17,73,1,1,4,1,"_m/M755.png","_m/M445.png","norev"
17,74,1,0,2,-1,"0","_m/M487.png - _m/M606.png","norev"
17,75,1,0,4,-1,"0","_m/M738.png - _m/M793.png","norev"
17,76,1,1,4,1,"_m/M452.png","_m/M871.png","norev"
17,77,0,1,4,0,"_f/F396.png","_f/F738.png","norev"
17,78,0,0,2,-1,"0","_f/F411.png - _f/F853.png","norev"
17,79,0,1,4,1,"_f/F454.png","_f/F927.png","norev"
17,80,1,1,2,0,"_m/M943.png","_m/M829.png","norev"
17,81,0,0,1,-1,"0","_f/F592.png - _f/F434.png","norev"
17,82,1,0,3,-1,"0","_m/M820.png - _m/M494.png","norev"
17,83,1,0,2,-1,"0","_m/M658.png - _m/M919.png","norev"
17,84,0,0,1,-1,"0","_f/F910.png - _f/F645.png","norev"
17,85,0,0,2,-1,"0","_f/F891.png - _f/F718.png","norev"
17,86,1,1,3,1,"_m/M350.png","_m/M554.png","norev"
17,87,1,1,4,1,"_m/M517.png","_m/M741.png","norev"
17,88,0,1,1,1,"_f/F587.png","_f/F805.png","norev"
17,89,1,1,4,1,"_m/M400.png","_m/M539.png","norev"
17,90,0,0,4,-1,"0","_f/F466.png - _f/F332.png","norev"
17,91,0,1,4,1,"_f/F702.png","_f/F864.png","norev"
17,92,0,1,4,1,"_f/F408.png","_f/F570.png","norev"
17,93,1,0,2,-1,"0","_m/M377.png - _m/M733.png","norev"
17,94,0,0,3,-1,"0","_f/F693.png - _f/F892.png","norev"
17,95,1,1,4,1,"_m/M917.png","_m/M828.png","norev"
17,96,1,0,2,-1,"0","_m/M551.png - _m/M408.png","norev"
17,97,1,0,1,-1,"0","_m/M799.png - _m/M735.png","norev"
17,98,1,0,2,-1,"0","_m/M485.png - _m/M354.png","norev"
17,99,1,0,3,-1,"0","_m/M339.png - _m/M655.png","norev"
17,100,1,1,2,0,"_m/M397.png","_m/M622.png","norev"
17,101,0,1,4,1,"_f/F608.png","_f/F471.png","norev"
17,102,0,1,3,1,"_f/F602.png","_f/F909.png","norev"
17,103,1,0,2,-1,"0","_m/M527.png - _m/M463.png","norev"
17,104,0,1,1,0,"_f/F500.png","_f/F739.png","norev"
17,105,0,1,4,0,"_f/F901.png","_f/F898.png","norev"
17,106,1,0,4,-1,"0","_m/M584.png - _m/M495.png","norev"
17,107,1,1,2,1,"_m/M427.png","_m/M353.png","norev"
17,108,1,1,2,1,"_m/M387.png","_m/M926.png","norev"
17,109,0,0,3,-1,"0","_f/F894.png - _f/F708.png","norev"
17,110,1,1,4,1,"_m/M892.png","_m/M944.png","norev"
17,111,0,0,2,-1,"0","_f/F789.png - _f/F683.png","norev"
17,112,0,0,1,-1,"0","_f/F611.png - _f/F457.png","norev"
17,113,1,0,3,-1,"0","_m/M739.png - _m/M650.png","norev"
17,114,1,1,3,1,"_m/M789.png","_m/M694.png","norev"
17,115,0,1,3,1,"_f/F369.png","_f/F775.png","norev"
17,116,1,0,2,-1,"0","_m/M864.png - _m/M912.png","norev"
17,117,0,1,3,0,"_f/F834.png","_f/F617.png","norev"
17,118,1,0,4,-1,"0","_m/M796.png - _m/M337.png","norev"
17,119,1,0,2,-1,"0","_m/M916.png - _m/M522.png","norev"
17,120,0,1,4,1,"_f/F584.png","_f/F679.png","norev"
17,121,1,1,2,0,"_m/M744.png","_m/M615.png","norev"
17,122,0,1,3,0,"_f/F777.png","_f/F860.png","norev"
17,123,0,0,4,-1,"0","_f/F529.png - _f/F691.png","norev"
17,124,1,1,4,1,"_m/M617.png","_m/M393.png","norev"
17,125,0,0,2,-1,"0","_f/F443.png - _f/F463.png","norev"
17,126,0,1,4,1,"_f/F814.png","_f/F817.png","norev"
17,127,0,1,1,1,"_f/F937.png","_f/F652.png","norev"
17,128,0,0,2,-1,"0","_f/F525.png - _f/F386.png","norev"
17,129,0,0,2,-1,"0","_f/F677.png - _f/F794.png","norev"
17,130,1,1,3,1,"_m/M436.png","_m/M610.png","norev"
17,131,1,0,4,-1,"0","_m/M720.png - _m/M834.png","norev"
17,132,1,1,1,0,"_m/M391.png","_m/M736.png","norev"
17,133,1,1,3,1,"_m/M814.png","_m/M899.png","norev"
17,134,0,0,1,-1,"0","_f/F800.png - _f/F452.png","norev"
17,135,0,0,3,-1,"0","_f/F546.png - _f/F714.png","norev"
17,136,0,0,4,-1,"0","_f/F393.png - _f/F923.png","norev"
17,137,1,1,1,0,"_m/M786.png","_m/M508.png","norev"
17,138,0,1,3,1,"_f/F537.png","_f/F478.png","norev"
17,139,1,0,2,-1,"0","_m/M412.png - _m/M946.png","norev"
17,140,1,0,1,-1,"0","_m/M833.png - _m/M411.png","norev"
17,141,0,0,4,-1,"0","_f/F715.png - _f/F521.png","norev"
17,142,1,1,2,1,"_m/M902.png","_m/M866.png","norev"
17,143,0,0,3,-1,"0","_f/F836.png - _f/F370.png","norev"
17,144,0,0,4,-1,"0","_f/F579.png - _f/F897.png","norev"
17,145,1,1,3,0,"_m/M690.png","_m/M415.png","norev"
17,146,1,1,2,1,"_m/M572.png","_m/M897.png","norev"
17,147,0,1,3,1,"_f/F879.png","_f/F373.png","norev"
17,148,0,0,1,-1,"0","_f/F625.png - _f/F662.png","norev"
17,149,0,1,4,1,"_f/F379.png","_f/F614.png","norev"
17,150,0,0,3,-1,"0","_f/F538.png - _f/F788.png","norev"
17,151,0,1,4,1,"_f/F501.png","_f/F603.png","norev"
17,152,1,1,4,1,"_m/M816.png","_m/M384.png","norev"
17,153,1,1,3,0,"_m/M512.png","_m/M914.png","norev"
17,154,0,0,3,-1,"0","_f/F441.png - _f/F439.png","norev"
17,155,1,1,4,1,"_m/M660.png","_m/M616.png","norev"
17,156,0,0,3,-1,"0","_f/F785.png - _f/F542.png","norev"
17,157,0,1,3,1,"_f/F742.png","_f/F778.png","norev"
17,158,0,1,2,1,"_f/F517.png","_f/F773.png","norev"
17,159,0,0,3,-1,"0","_f/F334.png - _f/F522.png","norev"
17,160,1,1,2,1,"_m/M541.png","_m/M413.png","norev"
17,161,1,1,4,0,"_m/M632.png","_m/M921.png","norev"
17,162,1,1,3,0,"_m/M600.png","_m/M901.png","norev"
17,163,0,1,4,1,"_f/F432.png","_f/F694.png","norev"
17,164,0,0,4,-1,"0","_f/F497.png - _f/F934.png","norev"
17,165,1,1,3,1,"_m/M388.png","_m/M465.png","norev"
17,166,1,1,1,0,"_m/M900.png","_m/M665.png","norev"
17,167,0,0,2,-1,"0","_f/F859.png - _f/F551.png","norev"
17,168,0,0,1,-1,"0","_f/F716.png - _f/F405.png","norev"
17,169,1,0,3,-1,"0","_m/M518.png - _m/M472.png","norev"
17,170,0,0,2,-1,"0","_f/F600.png - _f/F760.png","norev"
17,171,1,1,3,0,"_m/M462.png","_m/M489.png","norev"
17,172,1,0,2,-1,"0","_m/M529.png - _m/M729.png","norev"
17,173,0,1,4,0,"_f/F576.png","_f/F531.png","norev"
17,174,0,0,4,-1,"0","_f/F829.png - _f/F733.png","norev"
17,175,1,0,4,-1,"0","_m/M369.png - _m/M896.png","norev"
17,176,0,1,3,0,"_f/F473.png","_f/F507.png","norev"
17,177,1,1,4,1,"_m/M547.png","_m/M839.png","norev"
17,178,0,1,1,0,"_f/F903.png","_f/F429.png","norev"
17,179,1,1,2,0,"_m/M401.png","_m/M927.png","norev"
17,180,0,0,3,-1,"0","_f/F808.png - _f/F377.png","norev"
17,181,0,1,3,0,"_f/F810.png","_f/F605.png","norev"
17,182,0,0,2,-1,"0","_f/F941.png - _f/F467.png","norev"
17,183,0,1,3,1,"_f/F619.png","_f/F767.png","norev"
17,184,1,0,3,-1,"0","_m/M481.png - _m/M624.png","norev"
17,185,0,1,4,1,"_f/F711.png","_f/F358.png","norev"
17,186,1,0,1,-1,"0","_m/M718.png - _m/M874.png","norev"
17,187,1,1,3,1,"_m/M558.png","_m/M649.png","norev"
17,188,1,1,2,0,"_m/M556.png","_m/M869.png","norev"
17,189,1,0,2,-1,"0","_m/M359.png - _m/M791.png","norev"
17,190,0,1,1,1,"_f/F634.png","_f/F904.png","norev"
17,191,0,0,3,-1,"0","_f/F372.png - _f/F811.png","norev"
17,192,0,1,2,1,"_f/F783.png","_f/F414.png","norev"
17,193,1,0,2,-1,"0","_m/M696.png - _m/M356.png","norev"
17,194,0,0,4,-1,"0","_f/F326.png - _f/F422.png","norev"
17,195,0,0,3,-1,"0","_f/F696.png - _f/F578.png","norev"
17,196,0,1,3,1,"_f/F905.png","_f/F722.png","norev"
17,197,0,1,1,1,"_f/F631.png","_f/F748.png","norev"
17,198,1,1,2,0,"_m/M771.png","_m/M431.png","norev"
17,199,1,0,1,-1,"0","_m/M853.png - _m/M852.png","norev"
17,200,1,1,2,0,"_m/M464.png","_m/M913.png","norev"
18,1,1,0,1,-1,"0","_m/M647.png - _m/M349.png","norev"
18,2,0,1,2,1,"_f/F539.png","_f/F913.png","norev"
18,3,1,1,4,1,"_m/M881.png","_m/M357.png","norev"
18,4,1,0,2,-1,"0","_m/M850.png - _m/M692.png","norev"
18,5,0,0,1,-1,"0","_f/F706.png - _f/F712.png","norev"
18,6,0,0,1,-1,"0","_f/F456.png - _f/F875.png","norev"
18,7,1,1,4,1,"_m/M367.png","_m/M775.png","norev"
18,8,1,1,3,0,"_m/M671.png","_m/M844.png","norev"
18,9,0,1,1,1,"_f/F557.png","_f/F479.png","norev"
18,10,1,1,2,1,"_m/M503.png","_m/M618.png","norev"
18,11,0,1,1,0,"_f/F467.png","_f/F447.png","norev"
18,12,0,1,3,1,"_f/F620.png","_f/F368.png","norev"
18,13,1,1,4,1,"_m/M437.png","_m/M894.png","norev"
18,14,1,1,1,0,"_m/M891.png","_m/M621.png","norev"
18,15,1,0,1,-1,"0","_m/M378.png - _m/M934.png","norev"
18,16,1,1,2,1,"_m/M539.png","_m/M945.png","norev"
18,17,1,0,1,-1,"0","_m/M919.png - _m/M670.png","norev"
18,18,0,1,3,1,"_f/F732.png","_f/F851.png","norev"
18,19,1,1,1,1,"_m/M379.png","_m/M579.png","norev"
18,20,1,0,1,-1,"0","_m/M915.png - _m/M801.png","norev"
18,21,0,1,4,1,"_f/F869.png","_f/F551.png","norev"
18,22,0,1,1,0,"_f/F736.png","_f/F832.png","norev"
18,23,0,0,1,-1,"0","_f/F850.png - _f/F494.png","norev"
18,24,0,1,1,1,"_f/F393.png","_f/F616.png","norev"
18,25,0,0,1,-1,"0","_f/F591.png - _f/F652.png","norev"
18,26,1,0,1,-1,"0","_m/M668.png - _m/M834.png","norev"
18,27,0,1,2,1,"_f/F563.png","_f/F695.png","norev"
18,28,0,1,4,1,"_f/F705.png","_f/F660.png","norev"
18,29,1,1,2,0,"_m/M525.png","_m/M906.png","norev"
18,30,1,0,1,-1,"0","_m/M789.png - _m/M364.png","norev"
18,31,1,0,1,-1,"0","_m/M405.png - _m/M937.png","norev"
18,32,1,1,1,1,"_m/M803.png","_m/M792.png","norev"
18,33,0,1,1,0,"_f/F588.png","_f/F369.png","norev"
18,34,0,1,1,1,"_f/F941.png","_f/F400.png","norev"
18,35,1,0,1,-1,"0","_m/M651.png - _m/M753.png","norev"
18,36,1,0,1,-1,"0","_m/M847.png - _m/M680.png","norev"
18,37,0,0,2,-1,"0","_f/F410.png - _f/F896.png","norev"
18,38,0,0,1,-1,"0","_f/F454.png - _f/F350.png","norev"
18,39,1,0,1,-1,"0","_m/M931.png - _m/M383.png","norev"
18,40,1,0,3,-1,"0","_m/M744.png - _m/M440.png","norev"
18,41,1,0,1,-1,"0","_m/M718.png - _m/M755.png","norev"
18,42,0,0,2,-1,"0","_f/F419.png - _f/F809.png","norev"
18,43,1,0,1,-1,"0","_m/M946.png - _m/M735.png","norev"
18,44,0,1,4,1,"_f/F818.png","_f/F666.png","norev"
18,45,1,0,1,-1,"0","_m/M615.png - _m/M522.png","norev"
18,46,1,1,1,0,"_m/M397.png","_m/M910.png","norev"
18,47,0,0,1,-1,"0","_f/F653.png - _f/F943.png","norev"
18,48,1,1,1,1,"_m/M398.png","_m/M443.png","norev"
18,49,1,0,1,-1,"0","_m/M455.png - _m/M796.png","norev"
18,50,0,1,1,0,"_f/F381.png","_f/F714.png","norev"
18,51,1,1,1,0,"_m/M842.png","_m/M944.png","norev"
18,52,1,1,1,0,"_m/M555.png","_m/M715.png","norev"
18,53,0,0,2,-1,"0","_f/F327.png - _f/F938.png","norev"
18,54,1,0,1,-1,"0","_m/M928.png - _m/M580.png","norev"
18,55,0,1,3,1,"_f/F452.png","_f/F880.png","norev"
18,56,0,1,4,1,"_f/F550.png","_f/F382.png","norev"
18,57,1,1,2,1,"_m/M507.png","_m/M415.png","norev"
18,58,0,0,4,-1,"0","_f/F387.png - _f/F719.png","norev"
18,59,1,0,1,-1,"0","_m/M488.png - _m/M492.png","norev"
18,60,0,0,1,-1,"0","_f/F766.png - _f/F710.png","norev"
18,61,1,1,1,1,"_m/M410.png","_m/M366.png","norev"
18,62,0,0,1,-1,"0","_f/F774.png - _f/F537.png","norev"
18,63,0,1,1,0,"_f/F698.png","_f/F718.png","norev"
18,64,0,1,1,0,"_f/F823.png","_f/F605.png","norev"
18,65,0,0,1,-1,"0","_f/F755.png - _f/F441.png","norev"
18,66,0,1,1,0,"_f/F829.png","_f/F470.png","norev"
18,67,0,0,1,-1,"0","_f/F383.png - _f/F661.png","norev"
18,68,0,1,1,1,"_f/F905.png","_f/F781.png","norev"
18,69,1,0,1,-1,"0","_m/M704.png - _m/M472.png","norev"
18,70,1,1,1,0,"_m/M876.png","_m/M418.png","norev"
18,71,0,1,1,1,"_f/F928.png","_f/F870.png","norev"
18,72,0,1,1,1,"_f/F641.png","_f/F946.png","norev"
18,73,0,1,1,1,"_f/F608.png","_f/F508.png","norev"
18,74,0,0,1,-1,"0","_f/F613.png - _f/F890.png","norev"
18,75,0,1,1,1,"_f/F688.png","_f/F392.png","norev"
18,76,0,1,4,1,"_f/F807.png","_f/F696.png","norev"
18,77,1,0,1,-1,"0","_m/M485.png - _m/M444.png","norev"
18,78,0,0,1,-1,"0","_f/F859.png - _f/F667.png","norev"
18,79,0,1,3,1,"_f/F900.png","_f/F889.png","norev"
18,80,1,0,1,-1,"0","_m/M779.png - _m/M841.png","norev"
18,81,1,0,1,-1,"0","_m/M707.png - _m/M763.png","norev"
18,82,0,1,4,1,"_f/F912.png","_f/F486.png","norev"
18,83,0,0,1,-1,"0","_f/F458.png - _f/F339.png","norev"
18,84,0,1,1,1,"_f/F365.png","_f/F930.png","norev"
18,85,1,1,2,1,"_m/M664.png","_m/M950.png","norev"
18,86,0,0,1,-1,"0","_f/F448.png - _f/F927.png","norev"
18,87,0,0,1,-1,"0","_f/F671.png - _f/F726.png","norev"
18,88,1,0,1,-1,"0","_m/M790.png - _m/M656.png","norev"
18,89,0,0,1,-1,"0","_f/F460.png - _f/F716.png","norev"
18,90,1,0,1,-1,"0","_m/M376.png - _m/M361.png","norev"
18,91,0,0,1,-1,"0","_f/F532.png - _f/F342.png","norev"
18,92,0,0,1,-1,"0","_f/F473.png - _f/F629.png","norev"
18,93,0,0,1,-1,"0","_f/F812.png - _f/F748.png","norev"
18,94,1,0,1,-1,"0","_m/M907.png - _m/M711.png","norev"
18,95,1,1,1,1,"_m/M500.png","_m/M880.png","norev"
18,96,0,0,1,-1,"0","_f/F747.png - _f/F622.png","norev"
18,97,0,1,1,1,"_f/F842.png","_f/F658.png","norev"
18,98,1,0,1,-1,"0","_m/M932.png - _m/M636.png","norev"
18,99,1,1,4,1,"_m/M714.png","_m/M926.png","norev"
18,100,0,1,1,0,"_f/F944.png","_f/F485.png","norev"
18,101,0,1,1,1,"_f/F659.png","_f/F827.png","norev"
18,102,0,1,1,0,"_f/F771.png","_f/F598.png","norev"
18,103,0,1,3,0,"_f/F921.png","_f/F637.png","norev"
18,104,1,1,3,1,"_m/M623.png","_m/M335.png","norev"
18,105,0,0,1,-1,"0","_f/F615.png - _f/F332.png","norev"
18,106,0,1,1,1,"_f/F750.png","_f/F669.png","norev"
18,107,1,1,1,1,"_m/M791.png","_m/M442.png","norev"
18,108,1,1,1,0,"_m/M509.png","_m/M406.png","norev"
18,109,1,0,1,-1,"0","_m/M604.png - _m/M678.png","norev"
18,110,0,0,2,-1,"0","_f/F523.png - _f/F767.png","norev"
18,111,0,1,1,0,"_f/F783.png","_f/F746.png","norev"
18,112,0,1,1,0,"_f/F568.png","_f/F849.png","norev"
18,113,1,0,1,-1,"0","_m/M393.png - _m/M343.png","norev"
18,114,1,1,4,1,"_m/M563.png","_m/M370.png","norev"
18,115,0,1,1,0,"_f/F891.png","_f/F555.png","norev"
18,116,1,0,2,-1,"0","_m/M431.png - _m/M330.png","norev"
18,117,1,0,1,-1,"0","_m/M731.png - _m/M518.png","norev"
18,118,0,1,1,1,"_f/F645.png","_f/F862.png","norev"
18,119,0,1,1,0,"_f/F852.png","_f/F388.png","norev"
18,120,1,0,1,-1,"0","_m/M595.png - _m/M620.png","norev"
18,121,1,1,1,1,"_m/M634.png","_m/M448.png","norev"
18,122,1,0,1,-1,"0","_m/M825.png - _m/M832.png","norev"
18,123,1,0,1,-1,"0","_m/M588.png - _m/M901.png","norev"
18,124,0,1,1,1,"_f/F830.png","_f/F583.png","norev"
18,125,0,0,1,-1,"0","_f/F461.png - _f/F515.png","norev"
18,126,0,0,1,-1,"0","_f/F526.png - _f/F893.png","norev"
18,127,0,1,1,0,"_f/F581.png","_f/F405.png","norev"
18,128,1,1,1,0,"_m/M759.png","_m/M407.png","norev"
18,129,1,1,1,0,"_m/M456.png","_m/M450.png","norev"
18,130,0,1,1,0,"_f/F633.png","_f/F463.png","norev"
18,131,1,0,1,-1,"0","_m/M495.png - _m/M454.png","norev"
18,132,1,0,1,-1,"0","_m/M829.png - _m/M688.png","norev"
18,133,0,1,1,0,"_f/F918.png","_f/F514.png","norev"
18,134,1,1,1,1,"_m/M794.png","_m/M866.png","norev"
18,135,0,0,1,-1,"0","_f/F759.png - _f/F917.png","norev"
18,136,1,0,1,-1,"0","_m/M354.png - _m/M687.png","norev"
18,137,0,1,1,0,"_f/F513.png","_f/F646.png","norev"
18,138,0,0,1,-1,"0","_f/F533.png - _f/F846.png","norev"
18,139,0,0,1,-1,"0","_f/F690.png - _f/F424.png","norev"
18,140,1,1,1,1,"_m/M612.png","_m/M948.png","norev"
18,141,1,0,1,-1,"0","_m/M785.png - _m/M402.png","norev"
18,142,1,1,1,1,"_m/M807.png","_m/M616.png","norev"
18,143,1,1,1,0,"_m/M598.png","_m/M505.png","norev"
18,144,1,0,1,-1,"0","_m/M511.png - _m/M460.png","norev"
18,145,1,1,2,1,"_m/M898.png","_m/M858.png","norev"
18,146,1,0,1,-1,"0","_m/M461.png - _m/M830.png","norev"
18,147,1,1,1,1,"_m/M797.png","_m/M451.png","norev"
18,148,0,1,1,0,"_f/F734.png","_f/F826.png","norev"
18,149,0,0,1,-1,"0","_f/F502.png - _f/F597.png","norev"
18,150,1,0,1,-1,"0","_m/M786.png - _m/M726.png","norev"
18,151,0,0,1,-1,"0","_f/F584.png - _f/F556.png","norev"
18,152,1,0,1,-1,"0","_m/M809.png - _m/M766.png","norev"
18,153,0,0,1,-1,"0","_f/F920.png - _f/F412.png","norev"
18,154,0,1,1,0,"_f/F596.png","_f/F491.png","norev"
18,155,1,1,2,0,"_m/M560.png","_m/M561.png","norev"
18,156,0,0,1,-1,"0","_f/F871.png - _f/F949.png","norev"
18,157,0,0,1,-1,"0","_f/F619.png - _f/F371.png","norev"
18,158,1,0,1,-1,"0","_m/M889.png - _m/M708.png","norev"
18,159,1,0,1,-1,"0","_m/M333.png - _m/M802.png","norev"
18,160,1,1,2,1,"_m/M695.png","_m/M584.png","norev"
18,161,1,1,1,0,"_m/M414.png","_m/M767.png","norev"
18,162,0,0,1,-1,"0","_f/F333.png - _f/F490.png","norev"
18,163,1,1,1,0,"_m/M513.png","_m/M665.png","norev"
18,164,1,1,1,0,"_m/M773.png","_m/M684.png","norev"
18,165,0,1,1,0,"_f/F600.png","_f/F757.png","norev"
18,166,1,0,2,-1,"0","_m/M743.png - _m/M873.png","norev"
18,167,1,0,1,-1,"0","_m/M435.png - _m/M363.png","norev"
18,168,0,0,1,-1,"0","_f/F700.png - _f/F353.png","norev"
18,169,0,0,1,-1,"0","_f/F844.png - _f/F611.png","norev"
18,170,1,1,1,1,"_m/M754.png","_m/M627.png","norev"
18,171,0,0,1,-1,"0","_f/F777.png - _f/F821.png","norev"
18,172,0,0,1,-1,"0","_f/F422.png - _f/F501.png","norev"
18,173,1,1,3,1,"_m/M544.png","_m/M377.png","norev"
18,174,1,1,2,1,"_m/M892.png","_m/M546.png","norev"
18,175,0,1,1,1,"_f/F939.png","_f/F417.png","norev"
18,176,0,0,2,-1,"0","_f/F425.png - _f/F937.png","norev"
18,177,1,1,1,1,"_m/M434.png","_m/M576.png","norev"
18,178,0,0,1,-1,"0","_f/F391.png - _f/F681.png","norev"
18,179,0,0,1,-1,"0","_f/F931.png - _f/F925.png","norev"
18,180,1,0,1,-1,"0","_m/M822.png - _m/M818.png","norev"
18,181,1,0,1,-1,"0","_m/M840.png - _m/M474.png","norev"
18,182,0,1,3,1,"_f/F715.png","_f/F731.png","norev"
18,183,0,0,1,-1,"0","_f/F544.png - _f/F459.png","norev"
18,184,0,0,1,-1,"0","_f/F740.png - _f/F735.png","norev"
18,185,1,1,4,1,"_m/M470.png","_m/M508.png","norev"
18,186,0,1,1,1,"_f/F650.png","_f/F471.png","norev"
18,187,1,1,2,0,"_m/M339.png","_m/M631.png","norev"
18,188,1,1,1,1,"_m/M608.png","_m/M771.png","norev"
18,189,1,0,1,-1,"0","_m/M494.png - _m/M395.png","norev"
18,190,0,0,1,-1,"0","_f/F847.png - _f/F540.png","norev"
18,191,1,1,1,0,"_m/M814.png","_m/M602.png","norev"
18,192,1,1,1,1,"_m/M404.png","_m/M341.png","norev"
18,193,1,1,1,0,"_m/M382.png","_m/M762.png","norev"
18,194,1,0,1,-1,"0","_m/M657.png - _m/M787.png","norev"
18,195,0,0,1,-1,"0","_f/F676.png - _f/F819.png","norev"
18,196,1,1,1,1,"_m/M479.png","_m/M441.png","norev"
18,197,1,1,1,1,"_m/M427.png","_m/M373.png","norev"
18,198,1,0,3,-1,"0","_m/M553.png - _m/M908.png","norev"
18,199,0,0,1,-1,"0","_f/F922.png - _f/F603.png","norev"
18,200,0,0,1,-1,"0","_f/F741.png - _f/F614.png","norev"
19,1,1,1,1,1,"_m/M930.png","_m/M844.png","norev"
19,2,1,1,1,0,"_m/M682.png","_m/M718.png","norev"
19,3,1,0,1,-1,"0","_m/M802.png - _m/M407.png","norev"
19,4,0,1,4,1,"_f/F948.png","_f/F812.png","norev"
19,5,0,0,1,-1,"0","_f/F339.png - _f/F706.png","norev"
19,6,0,0,1,-1,"0","_f/F486.png - _f/F485.png","norev"
19,7,1,0,4,-1,"0","_m/M726.png - _m/M522.png","norev"
19,8,1,1,2,0,"_m/M544.png","_m/M787.png","norev"
19,9,0,0,1,-1,"0","_f/F927.png - _f/F846.png","norev"
19,10,0,1,1,1,"_f/F885.png","_f/F740.png","norev"
19,11,0,0,1,-1,"0","_f/F849.png - _f/F748.png","norev"
19,12,1,0,1,-1,"0","_m/M518.png - _m/M492.png","norev"
19,13,1,1,4,1,"_m/M456.png","_m/M354.png","norev"
19,14,1,0,3,-1,"0","_m/M406.png - _m/M402.png","norev"
19,15,1,0,1,-1,"0","_m/M441.png - _m/M937.png","norev"
19,16,1,0,3,-1,"0","_m/M880.png - _m/M950.png","norev"
19,17,0,1,1,1,"_f/F608.png","_f/F695.png","norev"
19,18,1,0,1,-1,"0","_m/M829.png - _m/M665.png","norev"
19,19,1,1,1,0,"_m/M626.png","_m/M755.png","norev"
19,20,0,1,1,1,"_f/F331.png","_f/F417.png","norev"
19,21,0,0,1,-1,"0","_f/F551.png - _f/F716.png","norev"
19,22,0,0,1,-1,"0","_f/F523.png - _f/F690.png","norev"
19,23,1,1,4,1,"_m/M854.png","_m/M333.png","norev"
19,24,1,0,1,-1,"0","_m/M907.png - _m/M546.png","norev"
19,25,1,0,1,-1,"0","_m/M934.png - _m/M494.png","norev"
19,26,1,0,3,-1,"0","_m/M357.png - _m/M443.png","norev"
19,27,0,1,2,0,"_f/F638.png","_f/F383.png","norev"
19,28,1,1,3,0,"_m/M740.png","_m/M789.png","norev"
19,29,0,1,1,0,"_f/F381.png","_f/F774.png","norev"
19,30,0,1,1,1,"_f/F409.png","_f/F479.png","norev"
19,31,0,1,4,1,"_f/F736.png","_f/F747.png","norev"
19,32,0,0,1,-1,"0","_f/F502.png - _f/F671.png","norev"
19,33,1,1,3,1,"_m/M782.png","_m/M376.png","norev"
19,34,1,0,1,-1,"0","_m/M584.png - _m/M684.png","norev"
19,35,1,0,1,-1,"0","_m/M366.png - _m/M818.png","norev"
19,36,0,1,1,1,"_f/F482.png","_f/F622.png","norev"
19,37,0,1,3,1,"_f/F326.png","_f/F508.png","norev"
19,38,1,0,3,-1,"0","_m/M866.png - _m/M763.png","norev"
19,39,0,0,1,-1,"0","_f/F681.png - _f/F667.png","norev"
19,40,1,0,4,-1,"0","_m/M687.png - _m/M615.png","norev"
19,41,1,1,2,0,"_m/M913.png","_m/M405.png","norev"
19,42,1,1,2,0,"_m/M728.png","_m/M771.png","norev"
19,43,1,0,1,-1,"0","_m/M415.png - _m/M841.png","norev"
19,44,0,0,2,-1,"0","_f/F930.png - _f/F850.png","norev"
19,45,1,1,4,0,"_m/M664.png","_m/M926.png","norev"
19,46,1,1,4,0,"_m/M824.png","_m/M744.png","norev"
19,47,1,1,2,1,"_m/M425.png","_m/M460.png","norev"
19,48,0,0,1,-1,"0","_f/F844.png - _f/F880.png","norev"
19,49,1,0,3,-1,"0","_m/M767.png - _m/M790.png","norev"
19,50,0,0,4,-1,"0","_f/F555.png - _f/F890.png","norev"
19,51,0,0,1,-1,"0","_f/F719.png - _f/F598.png","norev"
19,52,0,1,4,1,"_f/F413.png","_f/F556.png","norev"
19,53,0,0,1,-1,"0","_f/F629.png - _f/F515.png","norev"
19,54,0,1,3,0,"_f/F664.png","_f/F735.png","norev"
19,55,0,0,1,-1,"0","_f/F425.png - _f/F862.png","norev"
19,56,1,0,3,-1,"0","_m/M330.png - _m/M743.png","norev"
19,57,0,1,3,1,"_f/F829.png","_f/F920.png","norev"
19,58,0,1,2,1,"_f/F722.png","_f/F925.png","norev"
19,59,1,1,3,1,"_m/M351.png","_m/M850.png","norev"
19,60,0,0,3,-1,"0","_f/F851.png - _f/F658.png","norev"
19,61,1,1,3,1,"_m/M545.png","_m/M656.png","norev"
19,62,0,0,3,-1,"0","_f/F412.png - _f/F766.png","norev"
19,63,0,1,4,1,"_f/F643.png","_f/F532.png","norev"
19,64,0,1,1,0,"_f/F659.png","_f/F637.png","norev"
19,65,0,0,1,-1,"0","_f/F700.png - _f/F459.png","norev"
19,66,0,1,4,1,"_f/F360.png","_f/F847.png","norev"
19,67,1,0,4,-1,"0","_m/M910.png - _m/M651.png","norev"
19,68,1,1,3,0,"_m/M439.png","_m/M450.png","norev"
19,69,0,0,3,-1,"0","_f/F391.png - _f/F931.png","norev"
19,70,0,1,4,1,"_f/F818.png","_f/F441.png","norev"
19,71,0,0,2,-1,"0","_f/F710.png - _f/F369.png","norev"
19,72,0,0,2,-1,"0","_f/F400.png - _f/F714.png","norev"
19,73,1,0,3,-1,"0","_m/M454.png - _m/M704.png","norev"
19,74,0,1,2,0,"_f/F654.png","_f/F424.png","norev"
19,75,0,0,4,-1,"0","_f/F494.png - _f/F327.png","norev"
19,76,1,1,4,0,"_m/M613.png","_m/M343.png","norev"
19,77,0,0,4,-1,"0","_f/F731.png - _f/F619.png","norev"
19,78,1,1,3,1,"_m/M537.png","_m/M840.png","norev"
19,79,1,1,3,0,"_m/M671.png","_m/M785.png","norev"
19,80,1,1,3,0,"_m/M509.png","_m/M335.png","norev"
19,81,1,1,3,1,"_m/M791.png","_m/M485.png","norev"
19,82,1,0,3,-1,"0","_m/M553.png - _m/M377.png","norev"
19,83,1,1,3,0,"_m/M559.png","_m/M383.png","norev"
19,84,1,1,3,1,"_m/M503.png","_m/M832.png","norev"
19,85,1,1,3,0,"_m/M414.png","_m/M431.png","norev"
19,86,0,1,3,0,"_f/F891.png","_f/F660.png","norev"
19,87,1,1,3,1,"_m/M563.png","_m/M809.png","norev"
19,88,1,0,3,-1,"0","_m/M894.png - _m/M692.png","norev"
19,89,1,1,3,1,"_m/M404.png","_m/M448.png","norev"
19,90,1,1,3,1,"_m/M712.png","_m/M488.png","norev"
19,91,0,1,3,1,"_f/F869.png","_f/F614.png","norev"
19,92,1,1,3,0,"_m/M609.png","_m/M715.png","norev"
19,93,0,1,3,1,"_f/F873.png","_f/F460.png","norev"
19,94,1,0,3,-1,"0","_m/M508.png - _m/M948.png","norev"
19,95,0,1,3,0,"_f/F496.png","_f/F422.png","norev"
19,96,1,0,3,-1,"0","_m/M576.png - _m/M786.png","norev"
19,97,1,1,4,1,"_m/M628.png","_m/M373.png","norev"
19,98,1,1,1,1,"_m/M507.png","_m/M451.png","norev"
19,99,1,1,1,1,"_m/M700.png","_m/M915.png","norev"
19,100,0,0,3,-1,"0","_f/F491.png - _f/F611.png","norev"
19,101,1,0,4,-1,"0","_m/M775.png - _m/M766.png","norev"
19,102,0,1,2,1,"_f/F776.png","_f/F490.png","norev"
19,103,0,0,1,-1,"0","_f/F448.png - _f/F661.png","norev"
19,104,0,1,1,0,"_f/F727.png","_f/F471.png","norev"
19,105,1,0,1,-1,"0","_m/M395.png - _m/M361.png","norev"
19,106,0,0,1,-1,"0","_f/F827.png - _f/F826.png","norev"
19,107,0,0,3,-1,"0","_f/F616.png - _f/F712.png","norev"
19,108,0,0,1,-1,"0","_f/F405.png - _f/F591.png","norev"
19,109,0,0,1,-1,"0","_f/F696.png - _f/F456.png","norev"
19,110,0,1,1,1,"_f/F625.png","_f/F676.png","norev"
19,111,0,1,1,0,"_f/F734.png","_f/F809.png","norev"
19,112,0,0,3,-1,"0","_f/F757.png - _f/F949.png","norev"
19,113,0,0,4,-1,"0","_f/F388.png - _f/F332.png","norev"
19,114,1,0,4,-1,"0","_m/M378.png - _m/M731.png","norev"
19,115,0,0,3,-1,"0","_f/F473.png - _f/F938.png","norev"
19,116,1,0,3,-1,"0","_m/M636.png - _m/M931.png","norev"
19,117,1,0,4,-1,"0","_m/M708.png - _m/M906.png","norev"
19,118,0,1,4,1,"_f/F921.png","_f/F447.png","norev"
19,119,0,1,2,0,"_f/F574.png","_f/F781.png","norev"
19,120,1,1,4,0,"_m/M773.png","_m/M657.png","norev"
19,121,1,1,2,0,"_m/M642.png","_m/M873.png","norev"
19,122,1,1,2,1,"_m/M722.png","_m/M561.png","norev"
19,123,0,1,2,0,"_f/F568.png","_f/F666.png","norev"
19,124,1,1,1,0,"_m/M515.png","_m/M801.png","norev"
19,125,0,1,3,0,"_f/F563.png","_f/F454.png","norev"
19,126,0,1,1,1,"_f/F789.png","_f/F718.png","norev"
19,127,0,0,3,-1,"0","_f/F870.png - _f/F350.png","norev"
19,128,1,1,3,1,"_m/M578.png","_m/M474.png","norev"
19,129,0,1,2,1,"_f/F715.png","_f/F597.png","norev"
19,130,1,1,3,0,"_m/M355.png","_m/M944.png","norev"
19,131,0,1,3,1,"_f/F427.png","_f/F501.png","norev"
19,132,1,1,4,1,"_m/M623.png","_m/M889.png","norev"
19,133,0,1,4,0,"_f/F650.png","_f/F613.png","norev"
19,134,0,0,2,-1,"0","_f/F382.png - _f/F387.png","norev"
19,135,0,0,3,-1,"0","_f/F759.png - _f/F741.png","norev"
19,136,1,0,3,-1,"0","_m/M602.png - _m/M932.png","norev"
19,137,0,0,3,-1,"0","_f/F646.png - _f/F917.png","norev"
19,138,1,0,4,-1,"0","_m/M363.png - _m/M616.png","norev"
19,139,1,0,2,-1,"0","_m/M455.png - _m/M595.png","norev"
19,140,0,0,4,-1,"0","_f/F410.png - _f/F368.png","norev"
19,141,0,1,2,0,"_f/F878.png","_f/F777.png","norev"
19,142,1,1,3,0,"_m/M567.png","_m/M908.png","norev"
19,143,1,1,3,0,"_m/M422.png","_m/M858.png","norev"
19,144,0,0,3,-1,"0","_f/F353.png - _f/F669.png","norev"
19,145,1,1,1,1,"_m/M904.png","_m/M341.png","norev"
19,146,0,1,4,1,"_f/F811.png","_f/F392.png","norev"
19,147,0,0,2,-1,"0","_f/F333.png - _f/F652.png","norev"
19,148,1,1,3,0,"_m/M397.png","_m/M418.png","norev"
19,149,0,1,2,0,"_f/F562.png","_f/F859.png","norev"
19,150,1,1,3,0,"_m/M612.png","_m/M618.png","norev"
19,151,0,1,4,1,"_f/F668.png","_f/F746.png","norev"
19,152,0,0,2,-1,"0","_f/F871.png - _f/F922.png","norev"
19,153,1,0,4,-1,"0","_m/M901.png - _m/M647.png","norev"
19,154,0,1,3,1,"_f/F395.png","_f/F533.png","norev"
19,155,1,0,4,-1,"0","_m/M945.png - _m/M822.png","norev"
19,156,0,0,3,-1,"0","_f/F419.png - _f/F832.png","norev"
19,157,1,0,4,-1,"0","_m/M620.png - _m/M792.png","norev"
19,158,1,1,4,1,"_m/M622.png","_m/M834.png","norev"
19,159,1,0,3,-1,"0","_m/M847.png - _m/M440.png","norev"
19,160,0,0,3,-1,"0","_f/F540.png - _f/F755.png","norev"
19,161,0,1,4,0,"_f/F852.png","_f/F544.png","norev"
19,162,1,1,1,1,"_m/M410.png","_m/M435.png","norev"
19,163,0,1,3,1,"_f/F848.png","_f/F821.png","norev"
19,164,0,1,2,0,"_f/F790.png","_f/F371.png","norev"
19,165,1,0,1,-1,"0","_m/M579.png - _m/M779.png","norev"
19,166,0,0,1,-1,"0","_f/F767.png - _f/F653.png","norev"
19,167,1,0,3,-1,"0","_m/M472.png - _m/M688.png","norev"
19,168,0,0,3,-1,"0","_f/F537.png - _f/F463.png","norev"
19,169,0,0,1,-1,"0","_f/F470.png - _f/F889.png","norev"
19,170,1,1,3,0,"_m/M892.png","_m/M511.png","norev"
19,171,0,1,2,0,"_f/F567.png","_f/F461.png","norev"
19,172,1,0,4,-1,"0","_m/M711.png - _m/M495.png","norev"
19,173,0,1,1,1,"_f/F663.png","_f/F615.png","norev"
19,174,1,0,1,-1,"0","_m/M946.png - _m/M670.png","norev"
19,175,0,0,1,-1,"0","_f/F896.png - _f/F584.png","norev"
19,176,1,0,2,-1,"0","_m/M631.png - _m/M678.png","norev"
19,177,1,1,3,0,"_m/M551.png","_m/M580.png","norev"
19,178,0,0,3,-1,"0","_f/F458.png - _f/F526.png","norev"
19,179,1,0,1,-1,"0","_m/M762.png - _m/M680.png","norev"
19,180,1,1,3,1,"_m/M519.png","_m/M461.png","norev"
19,181,1,0,1,-1,"0","_m/M604.png - _m/M627.png","norev"
19,182,1,1,2,0,"_m/M427.png","_m/M707.png","norev"
19,183,0,1,2,1,"_f/F621.png","_f/F943.png","norev"
19,184,1,0,2,-1,"0","_m/M370.png - _m/M588.png","norev"
19,185,1,0,4,-1,"0","_m/M928.png - _m/M505.png","norev"
19,186,0,1,3,1,"_f/F577.png","_f/F726.png","norev"
19,187,1,1,3,1,"_m/M886.png","_m/M444.png","norev"
19,188,1,0,4,-1,"0","_m/M919.png - _m/M735.png","norev"
19,189,1,0,4,-1,"0","_m/M442.png - _m/M830.png","norev"
19,190,0,1,3,1,"_f/F539.png","_f/F605.png","norev"
19,191,1,0,3,-1,"0","_m/M393.png - _m/M668.png","norev"
19,192,0,1,4,1,"_f/F783.png","_f/F603.png","norev"
19,193,1,0,2,-1,"0","_m/M753.png - _m/M796.png","norev"
19,194,0,0,1,-1,"0","_f/F875.png - _f/F583.png","norev"
19,195,0,0,4,-1,"0","_f/F937.png - _f/F913.png","norev"
19,196,1,0,3,-1,"0","_m/M621.png - _m/M825.png","norev"
19,197,1,0,3,-1,"0","_m/M349.png - _m/M364.png","norev"
19,198,0,0,3,-1,"0","_f/F514.png - _f/F342.png","norev"
19,199,0,0,3,-1,"0","_f/F819.png - _f/F946.png","norev"
19,200,0,1,1,1,"_f/F510.png","_f/F893.png","norev"
20,1,1,1,3,1,"_m/M923.png","_m/M474.png","norev"
20,2,1,0,1,-1,"0","_m/M326.png - _m/M847.png","norev"
20,3,0,0,4,-1,"0","_f/F828.png - _f/F649.png","norev"
20,4,0,0,4,-1,"0","_f/F802.png - _f/F379.png","norev"
20,5,0,0,3,-1,"0","_f/F353.png - _f/F425.png","norev"
20,6,1,0,2,-1,"0","_m/M717.png - _m/M878.png","norev"
20,7,0,0,3,-1,"0","_f/F481.png - _f/F385.png","norev"
20,8,1,1,1,1,"_m/M739.png","_m/M793.png","norev"
20,9,1,0,3,-1,"0","_m/M759.png - _m/M406.png","norev"
20,10,1,0,3,-1,"0","_m/M917.png - _m/M447.png","norev"
20,11,1,1,2,0,"_m/M455.png","_m/M526.png","norev"
20,12,1,1,4,1,"_m/M621.png","_m/M517.png","norev"
20,13,0,1,4,1,"_f/F383.png","_f/F708.png","norev"
20,14,1,1,4,1,"_m/M558.png","_m/M352.png","norev"
20,15,1,0,1,-1,"0","_m/M513.png - _m/M940.png","norev"
20,16,0,0,2,-1,"0","_f/F486.png - _f/F746.png","norev"
20,17,1,1,2,0,"_m/M491.png","_m/M826.png","norev"
20,18,0,1,1,0,"_f/F874.png","_f/F930.png","norev"
20,19,0,1,2,1,"_f/F597.png","_f/F396.png","norev"
20,20,1,1,4,0,"_m/M473.png","_m/M475.png","norev"
20,21,0,1,2,0,"_f/F745.png","_f/F437.png","norev"
20,22,1,1,4,0,"_m/M583.png","_m/M820.png","norev"
20,23,0,1,4,1,"_f/F626.png","_f/F862.png","norev"
20,24,1,1,3,0,"_m/M824.png","_m/M511.png","norev"
20,25,1,0,3,-1,"0","_m/M454.png - _m/M603.png","norev"
20,26,1,0,1,-1,"0","_m/M895.png - _m/M829.png","norev"
20,27,1,1,2,0,"_m/M329.png","_m/M823.png","norev"
20,28,1,0,3,-1,"0","_m/M852.png - _m/M623.png","norev"
20,29,1,1,1,0,"_m/M599.png","_m/M521.png","norev"
20,30,1,1,3,1,"_m/M842.png","_m/M858.png","norev"
20,31,0,0,4,-1,"0","_f/F604.png - _f/F575.png","norev"
20,32,1,1,3,1,"_m/M764.png","_m/M672.png","norev"
20,33,0,0,4,-1,"0","_f/F888.png - _f/F469.png","norev"
20,34,1,0,2,-1,"0","_m/M372.png - _m/M857.png","norev"
20,35,1,1,2,1,"_m/M566.png","_m/M774.png","norev"
20,36,0,0,4,-1,"0","_f/F719.png - _f/F444.png","norev"
20,37,0,0,4,-1,"0","_f/F647.png - _f/F637.png","norev"
20,38,1,0,2,-1,"0","_m/M482.png - _m/M776.png","norev"
20,39,0,1,2,0,"_f/F771.png","_f/F715.png","norev"
20,40,0,1,2,1,"_f/F346.png","_f/F456.png","norev"
20,41,1,1,2,1,"_m/M772.png","_m/M657.png","norev"
20,42,0,1,1,0,"_f/F912.png","_f/F784.png","norev"
20,43,1,1,2,1,"_m/M754.png","_m/M649.png","norev"
20,44,1,0,2,-1,"0","_m/M510.png - _m/M859.png","norev"
20,45,1,1,4,1,"_m/M683.png","_m/M686.png","norev"
20,46,1,0,3,-1,"0","_m/M724.png - _m/M687.png","norev"
20,47,0,0,3,-1,"0","_f/F501.png - _f/F782.png","norev"
20,48,0,1,2,1,"_f/F569.png","_f/F418.png","norev"
20,49,0,1,2,1,"_f/F630.png","_f/F945.png","norev"
20,50,1,1,3,0,"_m/M402.png","_m/M890.png","norev"
20,51,1,0,2,-1,"0","_m/M462.png - _m/M441.png","norev"
20,52,0,0,4,-1,"0","_f/F578.png - _f/F459.png","norev"
20,53,0,0,4,-1,"0","_f/F625.png - _f/F553.png","norev"
20,54,1,1,2,1,"_m/M595.png","_m/M609.png","norev"
20,55,0,0,3,-1,"0","_f/F695.png - _f/F855.png","norev"
20,56,1,0,3,-1,"0","_m/M734.png - _m/M835.png","norev"
20,57,0,0,4,-1,"0","_f/F920.png - _f/F447.png","norev"
20,58,0,1,3,1,"_f/F402.png","_f/F794.png","norev"
20,59,0,0,4,-1,"0","_f/F667.png - _f/F350.png","norev"
20,60,0,0,4,-1,"0","_f/F632.png - _f/F605.png","norev"
20,61,0,1,1,1,"_f/F580.png","_f/F851.png","norev"
20,62,1,0,1,-1,"0","_m/M387.png - _m/M531.png","norev"
20,63,1,1,3,1,"_m/M773.png","_m/M728.png","norev"
20,64,1,1,3,1,"_m/M571.png","_m/M926.png","norev"
20,65,1,1,4,1,"_m/M559.png","_m/M407.png","norev"
20,66,0,0,3,-1,"0","_f/F360.png - _f/F877.png","norev"
20,67,1,1,3,1,"_m/M625.png","_m/M540.png","norev"
20,68,0,0,1,-1,"0","_f/F600.png - _f/F474.png","norev"
20,69,0,0,2,-1,"0","_f/F669.png - _f/F759.png","norev"
20,70,0,1,2,1,"_f/F628.png","_f/F913.png","norev"
20,71,0,1,2,0,"_f/F516.png","_f/F390.png","norev"
20,72,1,1,3,1,"_m/M655.png","_m/M433.png","norev"
20,73,1,0,3,-1,"0","_m/M935.png - _m/M579.png","norev"
20,74,1,1,3,1,"_m/M870.png","_m/M617.png","norev"
20,75,1,1,3,1,"_m/M769.png","_m/M640.png","norev"
20,76,0,0,2,-1,"0","_f/F331.png - _f/F738.png","norev"
20,77,0,1,3,1,"_f/F540.png","_f/F755.png","norev"
20,78,0,0,1,-1,"0","_f/F674.png - _f/F700.png","norev"
20,79,1,0,3,-1,"0","_m/M385.png - _m/M421.png","norev"
20,80,0,0,2,-1,"0","_f/F903.png - _f/F884.png","norev"
20,81,1,0,3,-1,"0","_m/M504.png - _m/M713.png","norev"
20,82,0,0,2,-1,"0","_f/F476.png - _f/F475.png","norev"
20,83,0,1,3,1,"_f/F373.png","_f/F815.png","norev"
20,84,1,0,3,-1,"0","_m/M912.png - _m/M506.png","norev"
20,85,1,1,3,1,"_m/M756.png","_m/M468.png","norev"
20,86,0,0,2,-1,"0","_f/F878.png - _f/F864.png","norev"
20,87,0,1,3,1,"_f/F923.png","_f/F500.png","norev"
20,88,1,0,3,-1,"0","_m/M844.png - _m/M807.png","norev"
20,89,1,0,3,-1,"0","_m/M746.png - _m/M905.png","norev"
20,90,0,0,3,-1,"0","_f/F585.png - _f/F807.png","norev"
20,91,1,1,2,1,"_m/M900.png","_m/M488.png","norev"
20,92,1,0,3,-1,"0","_m/M860.png - _m/M577.png","norev"
20,93,1,1,2,0,"_m/M541.png","_m/M886.png","norev"
20,94,1,0,1,-1,"0","_m/M619.png - _m/M507.png","norev"
20,95,1,1,3,1,"_m/M392.png","_m/M528.png","norev"
20,96,1,0,3,-1,"0","_m/M660.png - _m/M697.png","norev"
20,97,1,1,2,1,"_m/M327.png","_m/M700.png","norev"
20,98,0,1,3,0,"_f/F484.png","_f/F467.png","norev"
20,99,1,1,4,1,"_m/M529.png","_m/M871.png","norev"
20,100,0,0,3,-1,"0","_f/F939.png - _f/F690.png","norev"
20,101,1,1,3,1,"_m/M606.png","_m/M651.png","norev"
20,102,0,1,3,1,"_f/F838.png","_f/F623.png","norev"
20,103,1,0,3,-1,"0","_m/M477.png - _m/M370.png","norev"
20,104,1,0,3,-1,"0","_m/M726.png - _m/M816.png","norev"
20,105,0,1,2,1,"_f/F847.png","_f/F470.png","norev"
20,106,0,0,4,-1,"0","_f/F529.png - _f/F356.png","norev"
20,107,0,0,2,-1,"0","_f/F442.png - _f/F679.png","norev"
20,108,0,1,2,1,"_f/F758.png","_f/F547.png","norev"
20,109,1,0,1,-1,"0","_m/M503.png - _m/M755.png","norev"
20,110,1,1,1,1,"_m/M788.png","_m/M584.png","norev"
20,111,1,0,2,-1,"0","_m/M902.png - _m/M358.png","norev"
20,112,0,0,4,-1,"0","_f/F612.png - _f/F822.png","norev"
20,113,0,0,3,-1,"0","_f/F544.png - _f/F925.png","norev"
20,114,1,0,3,-1,"0","_m/M379.png - _m/M760.png","norev"
20,115,1,1,2,1,"_m/M762.png","_m/M611.png","norev"
20,116,0,1,3,1,"_f/F918.png","_f/F458.png","norev"
20,117,0,0,2,-1,"0","_f/F800.png - _f/F335.png","norev"
20,118,1,0,3,-1,"0","_m/M645.png - _m/M530.png","norev"
20,119,0,0,3,-1,"0","_f/F407.png - _f/F364.png","norev"
20,120,1,0,2,-1,"0","_m/M592.png - _m/M872.png","norev"
20,121,0,0,2,-1,"0","_f/F367.png - _f/F661.png","norev"
20,122,1,0,3,-1,"0","_m/M841.png - _m/M664.png","norev"
20,123,1,1,4,1,"_m/M810.png","_m/M398.png","norev"
20,124,1,0,2,-1,"0","_m/M349.png - _m/M643.png","norev"
20,125,0,0,3,-1,"0","_f/F675.png - _f/F510.png","norev"
20,126,0,0,3,-1,"0","_f/F841.png - _f/F351.png","norev"
20,127,1,1,3,1,"_m/M673.png","_m/M338.png","norev"
20,128,0,1,3,0,"_f/F846.png","_f/F420.png","norev"
20,129,0,1,4,1,"_f/F611.png","_f/F416.png","norev"
20,130,0,1,4,1,"_f/F780.png","_f/F446.png","norev"
20,131,0,1,3,1,"_f/F384.png","_f/F485.png","norev"
20,132,0,1,3,0,"_f/F778.png","_f/F832.png","norev"
20,133,0,0,3,-1,"0","_f/F619.png - _f/F718.png","norev"
20,134,1,1,2,0,"_m/M417.png","_m/M360.png","norev"
20,135,1,1,3,1,"_m/M874.png","_m/M550.png","norev"
20,136,1,0,3,-1,"0","_m/M564.png - _m/M453.png","norev"
20,137,0,1,4,1,"_f/F344.png","_f/F849.png","norev"
20,138,1,1,2,1,"_m/M435.png","_m/M885.png","norev"
20,139,1,0,3,-1,"0","_m/M442.png - _m/M429.png","norev"
20,140,1,0,3,-1,"0","_m/M889.png - _m/M496.png","norev"
20,141,0,0,2,-1,"0","_f/F671.png - _f/F582.png","norev"
20,142,0,0,2,-1,"0","_f/F376.png - _f/F761.png","norev"
20,143,0,0,4,-1,"0","_f/F891.png - _f/F854.png","norev"
20,144,0,0,3,-1,"0","_f/F608.png - _f/F747.png","norev"
20,145,0,1,2,1,"_f/F857.png","_f/F858.png","norev"
20,146,1,0,3,-1,"0","_m/M342.png - _m/M459.png","norev"
20,147,1,1,2,1,"_m/M437.png","_m/M544.png","norev"
20,148,1,0,2,-1,"0","_m/M608.png - _m/M731.png","norev"
20,149,0,0,4,-1,"0","_f/F779.png - _f/F644.png","norev"
20,150,1,0,2,-1,"0","_m/M784.png - _m/M644.png","norev"
20,151,0,1,2,0,"_f/F561.png","_f/F657.png","norev"
20,152,1,1,2,0,"_m/M715.png","_m/M594.png","norev"
20,153,0,1,1,0,"_f/F512.png","_f/F786.png","norev"
20,154,0,0,2,-1,"0","_f/F645.png - _f/F550.png","norev"
20,155,1,1,3,1,"_m/M561.png","_m/M632.png","norev"
20,156,0,0,4,-1,"0","_f/F602.png - _f/F499.png","norev"
20,157,1,0,2,-1,"0","_m/M704.png - _m/M347.png","norev"
20,158,0,1,3,1,"_f/F406.png","_f/F899.png","norev"
20,159,1,0,2,-1,"0","_m/M467.png - _m/M375.png","norev"
20,160,0,1,4,1,"_f/F521.png","_f/F670.png","norev"
20,161,1,1,4,1,"_m/M578.png","_m/M830.png","norev"
20,162,1,0,3,-1,"0","_m/M663.png - _m/M627.png","norev"
20,163,1,1,2,0,"_m/M629.png","_m/M389.png","norev"
20,164,0,0,3,-1,"0","_f/F417.png - _f/F806.png","norev"
20,165,0,0,3,-1,"0","_f/F826.png - _f/F803.png","norev"
20,166,0,0,4,-1,"0","_f/F910.png - _f/F592.png","norev"
20,167,0,1,1,1,"_f/F896.png","_f/F589.png","norev"
20,168,0,1,1,0,"_f/F408.png","_f/F737.png","norev"
20,169,0,1,3,1,"_f/F329.png","_f/F520.png","norev"
20,170,1,0,3,-1,"0","_m/M527.png - _m/M646.png","norev"
20,171,0,1,3,1,"_f/F710.png","_f/F683.png","norev"
20,172,1,0,3,-1,"0","_m/M922.png - _m/M721.png","norev"
20,173,1,1,2,1,"_m/M659.png","_m/M875.png","norev"
20,174,1,1,2,1,"_m/M574.png","_m/M586.png","norev"
20,175,0,1,4,1,"_f/F603.png","_f/F768.png","norev"
20,176,1,0,2,-1,"0","_m/M476.png - _m/M899.png","norev"
20,177,0,1,3,0,"_f/F673.png","_f/F534.png","norev"
20,178,1,0,3,-1,"0","_m/M463.png - _m/M520.png","norev"
20,179,1,0,2,-1,"0","_m/M374.png - _m/M354.png","norev"
20,180,0,0,1,-1,"0","_f/F764.png - _f/F725.png","norev"
20,181,0,1,3,0,"_f/F487.png","_f/F680.png","norev"
20,182,0,1,3,1,"_f/F620.png","_f/F333.png","norev"
20,183,0,0,3,-1,"0","_f/F663.png - _f/F947.png","norev"
20,184,0,1,3,0,"_f/F797.png","_f/F617.png","norev"
20,185,1,0,2,-1,"0","_m/M419.png - _m/M422.png","norev"
20,186,0,1,3,1,"_f/F349.png","_f/F556.png","norev"
20,187,1,0,2,-1,"0","_m/M567.png - _m/M800.png","norev"
20,188,0,0,3,-1,"0","_f/F430.png - _f/F886.png","norev"
20,189,1,1,2,0,"_m/M818.png","_m/M543.png","norev"
20,190,0,1,1,1,"_f/F363.png","_f/F656.png","norev"
20,191,1,1,2,0,"_m/M910.png","_m/M843.png","norev"
20,192,0,1,3,0,"_f/F479.png","_f/F770.png","norev"
20,193,0,0,3,-1,"0","_f/F938.png - _f/F462.png","norev"
20,194,0,1,3,1,"_f/F613.png","_f/F478.png","norev"
20,195,0,1,4,1,"_f/F760.png","_f/F712.png","norev"
20,196,0,1,2,1,"_f/F772.png","_f/F382.png","norev"
20,197,0,1,3,1,"_f/F813.png","_f/F809.png","norev"
20,198,1,0,3,-1,"0","_m/M695.png - _m/M478.png","norev"
20,199,1,1,4,1,"_m/M624.png","_m/M350.png","norev"
20,200,0,1,3,0,"_f/F727.png","_f/F839.png","norev"
21,1,0,0,3,-1,"0","_f/F831.png - _f/F827.png","norev"
21,2,0,0,2,-1,"0","_f/F697.png - _f/F668.png","norev"
21,3,0,1,4,1,"_f/F690.png","_f/F731.png","norev"
21,4,1,0,2,-1,"0","_m/M373.png - _m/M896.png","norev"
21,5,0,0,3,-1,"0","_f/F432.png - _f/F524.png","norev"
21,6,1,0,3,-1,"0","_m/M922.png - _m/M472.png","norev"
21,7,0,1,3,1,"_f/F542.png","_f/F666.png","norev"
21,8,0,1,4,1,"_f/F708.png","_f/F680.png","norev"
21,9,1,0,2,-1,"0","_m/M761.png - _m/M918.png","norev"
21,10,0,0,3,-1,"0","_f/F607.png - _f/F653.png","norev"
21,11,1,0,2,-1,"0","_m/M433.png - _m/M345.png","norev"
21,12,1,0,4,-1,"0","_m/M624.png - _m/M511.png","norev"
21,13,1,1,4,1,"_m/M936.png","_m/M578.png","norev"
21,14,1,1,3,1,"_m/M906.png","_m/M609.png","norev"
21,15,0,1,3,1,"_f/F510.png","_f/F392.png","norev"
21,16,1,0,1,-1,"0","_m/M510.png - _m/M767.png","norev"
21,17,1,1,4,1,"_m/M597.png","_m/M590.png","norev"
21,18,0,0,2,-1,"0","_f/F789.png - _f/F404.png","norev"
21,19,1,0,1,-1,"0","_m/M532.png - _m/M634.png","norev"
21,20,0,0,3,-1,"0","_f/F908.png - _f/F920.png","norev"
21,21,1,1,2,0,"_m/M396.png","_m/M374.png","norev"
21,22,0,1,3,0,"_f/F372.png","_f/F339.png","norev"
21,23,1,1,1,1,"_m/M857.png","_m/M785.png","norev"
21,24,0,1,2,0,"_f/F434.png","_f/F406.png","norev"
21,25,1,1,2,1,"_m/M696.png","_m/M817.png","norev"
21,26,0,0,2,-1,"0","_f/F905.png - _f/F911.png","norev"
21,27,0,0,3,-1,"0","_f/F904.png - _f/F814.png","norev"
21,28,1,1,2,1,"_m/M589.png","_m/M907.png","norev"
21,29,1,0,2,-1,"0","_m/M475.png - _m/M566.png","norev"
21,30,1,1,2,1,"_m/M837.png","_m/M733.png","norev"
21,31,0,1,3,0,"_f/F926.png","_f/F864.png","norev"
21,32,0,0,2,-1,"0","_f/F867.png - _f/F765.png","norev"
21,33,0,0,2,-1,"0","_f/F642.png - _f/F679.png","norev"
21,34,0,1,2,0,"_f/F740.png","_f/F880.png","norev"
21,35,1,1,2,0,"_m/M415.png","_m/M701.png","norev"
21,36,1,1,2,1,"_m/M356.png","_m/M852.png","norev"
21,37,0,0,4,-1,"0","_f/F483.png - _f/F548.png","norev"
21,38,0,0,4,-1,"0","_f/F941.png - _f/F871.png","norev"
21,39,0,1,4,1,"_f/F884.png","_f/F874.png","norev"
21,40,1,1,4,1,"_m/M764.png","_m/M643.png","norev"
21,41,0,1,3,0,"_f/F362.png","_f/F390.png","norev"
21,42,1,1,3,1,"_m/M366.png","_m/M479.png","norev"
21,43,0,0,2,-1,"0","_f/F564.png - _f/F573.png","norev"
21,44,1,1,3,1,"_m/M483.png","_m/M932.png","norev"
21,45,1,1,3,1,"_m/M485.png","_m/M894.png","norev"
21,46,1,0,2,-1,"0","_m/M504.png - _m/M351.png","norev"
21,47,1,0,3,-1,"0","_m/M498.png - _m/M399.png","norev"
21,48,0,0,2,-1,"0","_f/F496.png - _f/F350.png","norev"
21,49,0,0,4,-1,"0","_f/F790.png - _f/F704.png","norev"
21,50,1,1,3,1,"_m/M712.png","_m/M395.png","norev"
21,51,0,0,4,-1,"0","_f/F937.png - _f/F420.png","norev"
21,52,1,1,4,1,"_m/M838.png","_m/M673.png","norev"
21,53,0,1,2,1,"_f/F626.png","_f/F411.png","norev"
21,54,1,1,2,1,"_m/M501.png","_m/M750.png","norev"
21,55,0,1,3,0,"_f/F475.png","_f/F507.png","norev"
21,56,1,0,2,-1,"0","_m/M882.png - _m/M600.png","norev"
21,57,0,0,1,-1,"0","_f/F753.png - _f/F806.png","norev"
21,58,1,0,2,-1,"0","_m/M380.png - _m/M757.png","norev"
21,59,1,0,2,-1,"0","_m/M909.png - _m/M601.png","norev"
21,60,1,1,2,0,"_m/M370.png","_m/M377.png","norev"
21,61,1,0,3,-1,"0","_m/M830.png - _m/M710.png","norev"
21,62,0,0,3,-1,"0","_f/F873.png - _f/F378.png","norev"
21,63,1,1,3,0,"_m/M575.png","_m/M330.png","norev"
21,64,1,1,3,0,"_m/M823.png","_m/M499.png","norev"
21,65,1,0,1,-1,"0","_m/M474.png - _m/M400.png","norev"
21,66,1,0,3,-1,"0","_m/M419.png - _m/M584.png","norev"
21,67,0,0,2,-1,"0","_f/F670.png - _f/F716.png","norev"
21,68,0,0,3,-1,"0","_f/F563.png - _f/F785.png","norev"
21,69,0,1,2,1,"_f/F477.png","_f/F948.png","norev"
21,70,0,1,2,1,"_f/F394.png","_f/F739.png","norev"
21,71,0,0,2,-1,"0","_f/F659.png - _f/F856.png","norev"
21,72,1,1,1,1,"_m/M606.png","_m/M938.png","norev"
21,73,1,1,2,1,"_m/M865.png","_m/M686.png","norev"
21,74,1,1,4,1,"_m/M672.png","_m/M355.png","norev"
21,75,1,1,3,1,"_m/M775.png","_m/M412.png","norev"
21,76,1,0,2,-1,"0","_m/M563.png - _m/M697.png","norev"
21,77,1,1,2,0,"_m/M613.png","_m/M430.png","norev"
21,78,1,0,2,-1,"0","_m/M397.png - _m/M728.png","norev"
21,79,1,1,3,1,"_m/M805.png","_m/M667.png","norev"
21,80,0,1,2,1,"_f/F579.png","_f/F571.png","norev"
21,81,0,1,4,1,"_f/F791.png","_f/F445.png","norev"
21,82,0,0,3,-1,"0","_f/F557.png - _f/F590.png","norev"
21,83,1,1,3,1,"_m/M418.png","_m/M889.png","norev"
21,84,1,1,2,1,"_m/M444.png","_m/M790.png","norev"
21,85,0,1,2,1,"_f/F495.png","_f/F672.png","norev"
21,86,0,0,2,-1,"0","_f/F348.png - _f/F741.png","norev"
21,87,0,1,3,1,"_f/F689.png","_f/F787.png","norev"
21,88,0,1,2,0,"_f/F547.png","_f/F687.png","norev"
21,89,0,0,3,-1,"0","_f/F780.png - _f/F857.png","norev"
21,90,1,0,2,-1,"0","_m/M843.png - _m/M780.png","norev"
21,91,1,1,3,1,"_m/M722.png","_m/M620.png","norev"
21,92,1,1,4,1,"_m/M749.png","_m/M571.png","norev"
21,93,0,0,2,-1,"0","_f/F883.png - _f/F841.png","norev"
21,94,0,0,2,-1,"0","_f/F778.png - _f/F360.png","norev"
21,95,1,1,3,1,"_m/M350.png","_m/M657.png","norev"
21,96,1,0,2,-1,"0","_m/M851.png - _m/M760.png","norev"
21,97,0,0,2,-1,"0","_f/F846.png - _f/F924.png","norev"
21,98,0,0,2,-1,"0","_f/F896.png - _f/F947.png","norev"
21,99,1,0,3,-1,"0","_m/M480.png - _m/M679.png","norev"
21,100,0,1,2,1,"_f/F759.png","_f/F686.png","norev"
21,101,0,0,2,-1,"0","_f/F844.png - _f/F388.png","norev"
21,102,1,1,4,1,"_m/M464.png","_m/M835.png","norev"
21,103,0,0,2,-1,"0","_f/F852.png - _f/F577.png","norev"
21,104,0,0,3,-1,"0","_f/F431.png - _f/F894.png","norev"
21,105,1,0,2,-1,"0","_m/M604.png - _m/M535.png","norev"
21,106,1,0,2,-1,"0","_m/M629.png - _m/M773.png","norev"
21,107,0,1,2,1,"_f/F705.png","_f/F338.png","norev"
21,108,1,1,4,1,"_m/M796.png","_m/M759.png","norev"
21,109,1,0,2,-1,"0","_m/M592.png - _m/M727.png","norev"
21,110,1,1,2,1,"_m/M874.png","_m/M628.png","norev"
21,111,0,1,2,1,"_f/F606.png","_f/F853.png","norev"
21,112,0,0,2,-1,"0","_f/F762.png - _f/F525.png","norev"
21,113,1,0,2,-1,"0","_m/M487.png - _m/M863.png","norev"
21,114,0,0,2,-1,"0","_f/F877.png - _f/F792.png","norev"
21,115,1,1,2,1,"_m/M834.png","_m/M730.png","norev"
21,116,0,1,2,1,"_f/F742.png","_f/F600.png","norev"
21,117,1,0,3,-1,"0","_m/M668.png - _m/M765.png","norev"
21,118,0,0,2,-1,"0","_f/F840.png - _f/F635.png","norev"
21,119,1,0,3,-1,"0","_m/M671.png - _m/M891.png","norev"
21,120,0,1,4,1,"_f/F676.png","_f/F656.png","norev"
21,121,0,1,3,1,"_f/F442.png","_f/F326.png","norev"
21,122,0,1,3,1,"_f/F758.png","_f/F833.png","norev"
21,123,0,1,3,1,"_f/F473.png","_f/F734.png","norev"
21,124,1,0,2,-1,"0","_m/M737.png - _m/M337.png","norev"
21,125,1,0,3,-1,"0","_m/M349.png - _m/M788.png","norev"
21,126,1,0,2,-1,"0","_m/M892.png - _m/M659.png","norev"
21,127,1,0,3,-1,"0","_m/M495.png - _m/M520.png","norev"
21,128,1,0,2,-1,"0","_m/M726.png - _m/M825.png","norev"
21,129,1,1,3,0,"_m/M833.png","_m/M676.png","norev"
21,130,0,0,2,-1,"0","_f/F426.png - _f/F922.png","norev"
21,131,1,1,3,1,"_m/M746.png","_m/M442.png","norev"
21,132,0,0,2,-1,"0","_f/F818.png - _f/F726.png","norev"
21,133,0,1,2,0,"_f/F776.png","_f/F721.png","norev"
21,134,0,1,2,0,"_f/F494.png","_f/F782.png","norev"
21,135,0,1,3,1,"_f/F800.png","_f/F863.png","norev"
21,136,0,0,2,-1,"0","_f/F929.png - _f/F389.png","norev"
21,137,0,1,2,1,"_f/F458.png","_f/F775.png","norev"
21,138,1,1,2,1,"_m/M491.png","_m/M567.png","norev"
21,139,1,1,2,0,"_m/M486.png","_m/M581.png","norev"
21,140,1,1,2,0,"_m/M743.png","_m/M927.png","norev"
21,141,0,1,2,0,"_f/F751.png","_f/F387.png","norev"
21,142,1,0,2,-1,"0","_m/M919.png - _m/M426.png","norev"
21,143,1,1,3,1,"_m/M886.png","_m/M847.png","norev"
21,144,0,0,2,-1,"0","_f/F538.png - _f/F724.png","norev"
21,145,0,1,3,1,"_f/F541.png","_f/F370.png","norev"
21,146,0,0,2,-1,"0","_f/F921.png - _f/F631.png","norev"
21,147,1,0,3,-1,"0","_m/M384.png - _m/M537.png","norev"
21,148,1,0,2,-1,"0","_m/M926.png - _m/M559.png","norev"
21,149,0,0,3,-1,"0","_f/F768.png - _f/F528.png","norev"
21,150,0,0,2,-1,"0","_f/F648.png - _f/F531.png","norev"
21,151,0,1,2,0,"_f/F794.png","_f/F347.png","norev"
21,152,1,0,2,-1,"0","_m/M704.png - _m/M656.png","norev"
21,153,0,0,2,-1,"0","_f/F581.png - _f/F562.png","norev"
21,154,0,1,2,0,"_f/F618.png","_f/F657.png","norev"
21,155,0,0,2,-1,"0","_f/F819.png - _f/F619.png","norev"
21,156,0,0,2,-1,"0","_f/F536.png - _f/F746.png","norev"
21,157,0,1,4,1,"_f/F756.png","_f/F628.png","norev"
21,158,0,0,2,-1,"0","_f/F443.png - _f/F678.png","norev"
21,159,0,1,2,1,"_f/F342.png","_f/F859.png","norev"
21,160,0,1,2,1,"_f/F484.png","_f/F583.png","norev"
21,161,0,1,2,1,"_f/F887.png","_f/F613.png","norev"
21,162,0,1,2,1,"_f/F587.png","_f/F435.png","norev"
21,163,0,0,2,-1,"0","_f/F359.png - _f/F725.png","norev"
21,164,1,0,2,-1,"0","_m/M468.png - _m/M689.png","norev"
21,165,1,1,3,1,"_m/M836.png","_m/M375.png","norev"
21,166,1,1,3,0,"_m/M354.png","_m/M948.png","norev"
21,167,1,0,2,-1,"0","_m/M736.png - _m/M707.png","norev"
21,168,0,1,2,0,"_f/F847.png","_f/F501.png","norev"
21,169,1,0,3,-1,"0","_m/M666.png - _m/M794.png","norev"
21,170,0,1,2,0,"_f/F520.png","_f/F424.png","norev"
21,171,1,1,3,1,"_m/M616.png","_m/M917.png","norev"
21,172,1,0,2,-1,"0","_m/M622.png - _m/M376.png","norev"
21,173,1,1,3,0,"_m/M693.png","_m/M854.png","norev"
21,174,0,1,2,0,"_f/F481.png","_f/F936.png","norev"
21,175,0,1,2,1,"_f/F639.png","_f/F691.png","norev"
21,176,0,0,3,-1,"0","_f/F838.png - _f/F694.png","norev"
21,177,0,0,2,-1,"0","_f/F636.png - _f/F479.png","norev"
21,178,1,1,2,1,"_m/M908.png","_m/M950.png","norev"
21,179,1,0,3,-1,"0","_m/M496.png - _m/M763.png","norev"
21,180,0,1,2,1,"_f/F662.png","_f/F942.png","norev"
21,181,1,0,2,-1,"0","_m/M721.png - _m/M414.png","norev"
21,182,1,0,3,-1,"0","_m/M372.png - _m/M681.png","norev"
21,183,0,1,2,1,"_f/F433.png","_f/F332.png","norev"
21,184,1,0,3,-1,"0","_m/M645.png - _m/M484.png","norev"
21,185,1,0,3,-1,"0","_m/M545.png - _m/M473.png","norev"
21,186,1,0,2,-1,"0","_m/M638.png - _m/M655.png","norev"
21,187,0,0,2,-1,"0","_f/F609.png - _f/F849.png","norev"
21,188,1,1,3,0,"_m/M579.png","_m/M515.png","norev"
21,189,1,1,3,1,"_m/M732.png","_m/M652.png","norev"
21,190,0,1,2,0,"_f/F610.png","_f/F349.png","norev"
21,191,1,0,3,-1,"0","_m/M660.png - _m/M438.png","norev"
21,192,0,1,3,0,"_f/F438.png","_f/F935.png","norev"
21,193,1,1,3,0,"_m/M826.png","_m/M488.png","norev"
21,194,1,1,3,1,"_m/M481.png","_m/M427.png","norev"
21,195,0,0,2,-1,"0","_f/F369.png - _f/F463.png","norev"
21,196,1,0,2,-1,"0","_m/M478.png - _m/M596.png","norev"
21,197,0,1,2,0,"_f/F374.png","_f/F413.png","norev"
21,198,0,1,3,1,"_f/F486.png","_f/F784.png","norev"
21,199,1,0,3,-1,"0","_m/M339.png - _m/M946.png","norev"
21,200,1,0,3,-1,"0","_m/M630.png - _m/M745.png","norev"
22,1,0,1,3,0,"_f/F677.png","_f/F520.png","norev"
22,2,0,1,1,0,"_f/F768.png","_f/F511.png","norev"
22,3,1,0,1,-1,"0","_m/M384.png - _m/M462.png","norev"
22,4,0,1,3,1,"_f/F908.png","_f/F637.png","norev"
22,5,0,0,1,-1,"0","_f/F340.png - _f/F722.png","norev"
22,6,1,0,2,-1,"0","_m/M457.png - _m/M650.png","norev"
22,7,0,1,2,1,"_f/F652.png","_f/F884.png","norev"
22,8,1,1,3,1,"_m/M694.png","_m/M340.png","norev"
22,9,1,1,4,0,"_m/M657.png","_m/M898.png","norev"
22,10,0,1,2,0,"_f/F724.png","_f/F928.png","norev"
22,11,1,1,2,1,"_m/M544.png","_m/M706.png","norev"
22,12,1,1,1,1,"_m/M552.png","_m/M421.png","norev"
22,13,1,1,2,1,"_m/M463.png","_m/M404.png","norev"
22,14,1,1,3,1,"_m/M790.png","_m/M746.png","norev"
22,15,0,0,3,-1,"0","_f/F638.png - _f/F701.png","norev"
22,16,0,0,1,-1,"0","_f/F835.png - _f/F657.png","norev"
22,17,0,0,2,-1,"0","_f/F598.png - _f/F671.png","norev"
22,18,1,1,4,0,"_m/M920.png","_m/M538.png","norev"
22,19,0,1,2,1,"_f/F762.png","_f/F397.png","norev"
22,20,1,1,3,0,"_m/M729.png","_m/M807.png","norev"
22,21,1,0,2,-1,"0","_m/M698.png - _m/M623.png","norev"
22,22,1,0,3,-1,"0","_m/M742.png - _m/M373.png","norev"
22,23,1,0,2,-1,"0","_m/M396.png - _m/M428.png","norev"
22,24,1,0,3,-1,"0","_m/M592.png - _m/M466.png","norev"
22,25,0,0,4,-1,"0","_f/F451.png - _f/F345.png","norev"
22,26,1,1,3,1,"_m/M796.png","_m/M327.png","norev"
22,27,1,1,2,0,"_m/M771.png","_m/M501.png","norev"
22,28,0,0,3,-1,"0","_f/F401.png - _f/F700.png","norev"
22,29,1,1,3,0,"_m/M766.png","_m/M441.png","norev"
22,30,0,1,1,0,"_f/F465.png","_f/F618.png","norev"
22,31,0,0,4,-1,"0","_f/F947.png - _f/F685.png","norev"
22,32,1,1,3,0,"_m/M635.png","_m/M696.png","norev"
22,33,1,0,2,-1,"0","_m/M676.png - _m/M918.png","norev"
22,34,0,1,4,1,"_f/F809.png","_f/F880.png","norev"
22,35,1,1,4,1,"_m/M472.png","_m/M550.png","norev"
22,36,0,1,3,1,"_f/F645.png","_f/F939.png","norev"
22,37,0,0,2,-1,"0","_f/F938.png - _f/F800.png","norev"
22,38,0,1,2,0,"_f/F744.png","_f/F900.png","norev"
22,39,0,1,2,0,"_f/F651.png","_f/F909.png","norev"
22,40,1,1,3,0,"_m/M690.png","_m/M519.png","norev"
22,41,0,0,1,-1,"0","_f/F885.png - _f/F416.png","norev"
22,42,0,1,3,1,"_f/F672.png","_f/F422.png","norev"
22,43,1,1,3,0,"_m/M861.png","_m/M532.png","norev"
22,44,1,1,4,0,"_m/M625.png","_m/M634.png","norev"
22,45,1,0,2,-1,"0","_m/M755.png - _m/M469.png","norev"
22,46,0,0,2,-1,"0","_f/F816.png - _f/F855.png","norev"
22,47,0,1,4,0,"_f/F453.png","_f/F512.png","norev"
22,48,0,1,4,1,"_f/F621.png","_f/F441.png","norev"
22,49,0,0,3,-1,"0","_f/F643.png - _f/F705.png","norev"
22,50,0,1,3,0,"_f/F492.png","_f/F837.png","norev"
22,51,0,1,2,0,"_f/F622.png","_f/F767.png","norev"
22,52,1,1,3,0,"_m/M844.png","_m/M451.png","norev"
22,53,1,0,3,-1,"0","_m/M590.png - _m/M659.png","norev"
22,54,1,1,4,0,"_m/M834.png","_m/M354.png","norev"
22,55,1,0,2,-1,"0","_m/M880.png - _m/M486.png","norev"
22,56,0,0,2,-1,"0","_f/F772.png - _f/F673.png","norev"
22,57,0,0,1,-1,"0","_f/F556.png - _f/F708.png","norev"
22,58,0,0,3,-1,"0","_f/F934.png - _f/F759.png","norev"
22,59,1,1,3,0,"_m/M680.png","_m/M703.png","norev"
22,60,0,1,4,0,"_f/F839.png","_f/F547.png","norev"
22,61,0,0,3,-1,"0","_f/F911.png - _f/F410.png","norev"
22,62,0,0,2,-1,"0","_f/F543.png - _f/F470.png","norev"
22,63,1,1,2,0,"_m/M503.png","_m/M382.png","norev"
22,64,1,0,2,-1,"0","_m/M695.png - _m/M805.png","norev"
22,65,0,0,3,-1,"0","_f/F445.png - _f/F612.png","norev"
22,66,0,0,2,-1,"0","_f/F914.png - _f/F335.png","norev"
22,67,1,1,4,1,"_m/M942.png","_m/M741.png","norev"
22,68,0,1,3,0,"_f/F782.png","_f/F866.png","norev"
22,69,0,0,4,-1,"0","_f/F505.png - _f/F906.png","norev"
22,70,1,1,3,0,"_m/M513.png","_m/M684.png","norev"
22,71,1,1,2,0,"_m/M333.png","_m/M823.png","norev"
22,72,1,1,2,1,"_m/M667.png","_m/M648.png","norev"
22,73,0,1,3,0,"_f/F454.png","_f/F510.png","norev"
22,74,0,1,1,0,"_f/F783.png","_f/F601.png","norev"
22,75,1,0,3,-1,"0","_m/M697.png - _m/M610.png","norev"
22,76,1,0,2,-1,"0","_m/M854.png - _m/M342.png","norev"
22,77,0,0,1,-1,"0","_f/F540.png - _f/F393.png","norev"
22,78,1,1,4,1,"_m/M822.png","_m/M754.png","norev"
22,79,0,0,2,-1,"0","_f/F545.png - _f/F427.png","norev"
22,80,0,1,3,0,"_f/F516.png","_f/F730.png","norev"
22,81,0,0,1,-1,"0","_f/F580.png - _f/F567.png","norev"
22,82,0,0,2,-1,"0","_f/F350.png - _f/F499.png","norev"
22,83,0,1,2,0,"_f/F497.png","_f/F536.png","norev"
22,84,1,0,3,-1,"0","_m/M873.png - _m/M639.png","norev"
22,85,1,1,2,0,"_m/M732.png","_m/M728.png","norev"
22,86,0,1,1,1,"_f/F614.png","_f/F594.png","norev"
22,87,0,0,3,-1,"0","_f/F604.png - _f/F391.png","norev"
22,88,0,0,2,-1,"0","_f/F370.png - _f/F593.png","norev"
22,89,0,0,3,-1,"0","_f/F355.png - _f/F682.png","norev"
22,90,1,1,2,1,"_m/M401.png","_m/M710.png","norev"
22,91,0,0,1,-1,"0","_f/F869.png - _f/F745.png","norev"
22,92,0,0,1,-1,"0","_f/F754.png - _f/F881.png","norev"
22,93,0,1,3,0,"_f/F493.png","_f/F871.png","norev"
22,94,1,1,4,1,"_m/M337.png","_m/M444.png","norev"
22,95,1,0,2,-1,"0","_m/M522.png - _m/M614.png","norev"
22,96,0,0,4,-1,"0","_f/F528.png - _f/F552.png","norev"
22,97,0,0,2,-1,"0","_f/F361.png - _f/F573.png","norev"
22,98,0,1,2,1,"_f/F834.png","_f/F780.png","norev"
22,99,1,0,2,-1,"0","_m/M480.png - _m/M725.png","norev"
22,100,1,1,3,0,"_m/M764.png","_m/M785.png","norev"
22,101,0,1,2,1,"_f/F886.png","_f/F915.png","norev"
22,102,1,1,4,1,"_m/M702.png","_m/M549.png","norev"
22,103,0,1,2,0,"_f/F482.png","_f/F822.png","norev"
22,104,0,1,2,0,"_f/F535.png","_f/F561.png","norev"
22,105,1,0,4,-1,"0","_m/M899.png - _m/M395.png","norev"
22,106,1,0,1,-1,"0","_m/M769.png - _m/M611.png","norev"
22,107,0,0,4,-1,"0","_f/F733.png - _f/F374.png","norev"
22,108,0,1,1,0,"_f/F875.png","_f/F949.png","norev"
22,109,1,0,2,-1,"0","_m/M367.png - _m/M547.png","norev"
22,110,1,0,2,-1,"0","_m/M385.png - _m/M722.png","norev"
22,111,0,1,2,0,"_f/F655.png","_f/F452.png","norev"
22,112,0,0,1,-1,"0","_f/F623.png - _f/F665.png","norev"
22,113,1,1,3,1,"_m/M731.png","_m/M888.png","norev"
22,114,1,0,2,-1,"0","_m/M362.png - _m/M677.png","norev"
22,115,0,1,1,0,"_f/F326.png","_f/F690.png","norev"
22,116,0,1,4,0,"_f/F455.png","_f/F841.png","norev"
22,117,0,1,2,1,"_f/F402.png","_f/F707.png","norev"
22,118,0,0,3,-1,"0","_f/F616.png - _f/F390.png","norev"
22,119,0,1,2,0,"_f/F910.png","_f/F609.png","norev"
22,120,0,1,4,1,"_f/F694.png","_f/F736.png","norev"
22,121,1,0,3,-1,"0","_m/M603.png - _m/M787.png","norev"
22,122,1,0,3,-1,"0","_m/M393.png - _m/M935.png","norev"
22,123,1,0,4,-1,"0","_m/M749.png - _m/M803.png","norev"
22,124,0,1,4,0,"_f/F608.png","_f/F753.png","norev"
22,125,1,0,3,-1,"0","_m/M819.png - _m/M715.png","norev"
22,126,0,0,2,-1,"0","_f/F629.png - _f/F496.png","norev"
22,127,1,0,3,-1,"0","_m/M335.png - _m/M753.png","norev"
22,128,1,0,2,-1,"0","_m/M572.png - _m/M809.png","norev"
22,129,1,1,3,0,"_m/M863.png","_m/M339.png","norev"
22,130,1,0,2,-1,"0","_m/M881.png - _m/M408.png","norev"
22,131,0,1,2,0,"_f/F437.png","_f/F662.png","norev"
22,132,0,1,3,0,"_f/F337.png","_f/F727.png","norev"
22,133,1,0,3,-1,"0","_m/M843.png - _m/M364.png","norev"
22,134,1,0,1,-1,"0","_m/M892.png - _m/M390.png","norev"
22,135,0,0,4,-1,"0","_f/F771.png - _f/F363.png","norev"
22,136,0,1,3,1,"_f/F712.png","_f/F486.png","norev"
22,137,0,1,1,0,"_f/F803.png","_f/F919.png","norev"
22,138,0,0,3,-1,"0","_f/F889.png - _f/F596.png","norev"
22,139,0,0,1,-1,"0","_f/F659.png - _f/F625.png","norev"
22,140,0,0,4,-1,"0","_f/F382.png - _f/F615.png","norev"
22,141,1,0,3,-1,"0","_m/M488.png - _m/M814.png","norev"
22,142,1,1,4,1,"_m/M571.png","_m/M835.png","norev"
22,143,1,1,3,0,"_m/M940.png","_m/M864.png","norev"
22,144,1,0,3,-1,"0","_m/M422.png - _m/M477.png","norev"
22,145,1,0,2,-1,"0","_m/M705.png - _m/M779.png","norev"
22,146,0,1,4,0,"_f/F530.png","_f/F360.png","norev"
22,147,0,0,2,-1,"0","_f/F459.png - _f/F619.png","norev"
22,148,1,1,3,1,"_m/M423.png","_m/M926.png","norev"
22,149,1,1,4,0,"_m/M456.png","_m/M356.png","norev"
22,150,1,1,2,1,"_m/M723.png","_m/M531.png","norev"
22,151,0,0,4,-1,"0","_f/F475.png - _f/F660.png","norev"
22,152,1,1,2,0,"_m/M793.png","_m/M627.png","norev"
22,153,0,1,3,0,"_f/F411.png","_f/F367.png","norev"
22,154,0,1,2,1,"_f/F490.png","_f/F805.png","norev"
22,155,0,1,1,0,"_f/F630.png","_f/F628.png","norev"
22,156,0,1,3,0,"_f/F469.png","_f/F720.png","norev"
22,157,0,1,1,0,"_f/F407.png","_f/F549.png","norev"
22,158,1,0,1,-1,"0","_m/M568.png - _m/M450.png","norev"
22,159,1,0,2,-1,"0","_m/M426.png - _m/M525.png","norev"
22,160,1,1,2,1,"_m/M360.png","_m/M868.png","norev"
22,161,1,0,3,-1,"0","_m/M521.png - _m/M811.png","norev"
22,162,0,0,1,-1,"0","_f/F793.png - _f/F554.png","norev"
22,163,0,1,2,1,"_f/F752.png","_f/F394.png","norev"
22,164,1,0,3,-1,"0","_m/M416.png - _m/M908.png","norev"
22,165,1,1,3,1,"_m/M773.png","_m/M516.png","norev"
22,166,1,1,2,0,"_m/M439.png","_m/M556.png","norev"
22,167,0,0,2,-1,"0","_f/F500.png - _f/F945.png","norev"
22,168,1,1,2,0,"_m/M631.png","_m/M526.png","norev"
22,169,1,1,3,1,"_m/M894.png","_m/M797.png","norev"
22,170,1,1,4,0,"_m/M453.png","_m/M681.png","norev"
22,171,1,0,2,-1,"0","_m/M497.png - _m/M939.png","norev"
22,172,0,0,3,-1,"0","_f/F546.png - _f/F888.png","norev"
22,173,1,1,3,0,"_m/M440.png","_m/M751.png","norev"
22,174,1,0,2,-1,"0","_m/M542.png - _m/M762.png","norev"
22,175,0,0,2,-1,"0","_f/F568.png - _f/F882.png","norev"
22,176,1,0,3,-1,"0","_m/M434.png - _m/M509.png","norev"
22,177,1,0,2,-1,"0","_m/M377.png - _m/M548.png","norev"
22,178,0,0,2,-1,"0","_f/F918.png - _f/F865.png","norev"
22,179,0,0,3,-1,"0","_f/F548.png - _f/F494.png","norev"
22,180,1,1,2,0,"_m/M575.png","_m/M449.png","norev"
22,181,1,0,3,-1,"0","_m/M701.png - _m/M914.png","norev"
22,182,1,0,2,-1,"0","_m/M429.png - _m/M904.png","norev"
22,183,0,1,3,0,"_f/F447.png","_f/F942.png","norev"
22,184,0,1,4,1,"_f/F436.png","_f/F698.png","norev"
22,185,1,0,1,-1,"0","_m/M424.png - _m/M847.png","norev"
22,186,1,0,2,-1,"0","_m/M617.png - _m/M394.png","norev"
22,187,1,0,3,-1,"0","_m/M565.png - _m/M804.png","norev"
22,188,1,0,4,-1,"0","_m/M683.png - _m/M492.png","norev"
22,189,0,0,2,-1,"0","_f/F508.png - _f/F620.png","norev"
22,190,1,1,2,0,"_m/M419.png","_m/M612.png","norev"
22,191,1,0,2,-1,"0","_m/M502.png - _m/M838.png","norev"
22,192,0,0,3,-1,"0","_f/F887.png - _f/F405.png","norev"
22,193,1,0,4,-1,"0","_m/M739.png - _m/M446.png","norev"
22,194,1,1,4,0,"_m/M832.png","_m/M467.png","norev"
22,195,1,1,2,0,"_m/M389.png","_m/M686.png","norev"
22,196,1,1,3,0,"_m/M574.png","_m/M359.png","norev"
22,197,0,1,3,0,"_f/F666.png","_f/F531.png","norev"
22,198,0,0,3,-1,"0","_f/F588.png - _f/F916.png","norev"
22,199,1,0,2,-1,"0","_m/M355.png - _m/M518.png","norev"
22,200,0,0,4,-1,"0","_f/F595.png - _f/F526.png","norev"
23,1,1,0,2,-1,"0","_m/M514.png - _m/M518.png","norev"
23,2,1,1,4,1,"_m/M356.png","_m/M724.png","norev"
23,3,1,0,4,-1,"0","_m/M817.png - _m/M653.png","norev"
23,4,0,0,4,-1,"0","_f/F749.png - _f/F853.png","norev"
23,5,1,0,2,-1,"0","_m/M918.png - _m/M742.png","norev"
23,6,1,0,4,-1,"0","_m/M836.png - _m/M499.png","norev"
23,7,0,1,4,1,"_f/F631.png","_f/F417.png","norev"
23,8,0,1,3,1,"_f/F806.png","_f/F633.png","norev"
23,9,1,1,2,1,"_m/M573.png","_m/M895.png","norev"
23,10,1,1,2,0,"_m/M553.png","_m/M555.png","norev"
23,11,0,1,2,1,"_f/F523.png","_f/F519.png","norev"
23,12,0,1,4,1,"_f/F458.png","_f/F726.png","norev"
23,13,1,0,2,-1,"0","_m/M698.png - _m/M746.png","norev"
23,14,1,0,3,-1,"0","_m/M680.png - _m/M574.png","norev"
23,15,0,1,4,1,"_f/F463.png","_f/F655.png","norev"
23,16,1,1,4,1,"_m/M363.png","_m/M764.png","norev"
23,17,0,0,2,-1,"0","_f/F499.png - _f/F426.png","norev"
23,18,0,0,1,-1,"0","_f/F734.png - _f/F630.png","norev"
23,19,1,0,4,-1,"0","_m/M377.png - _m/M781.png","norev"
23,20,1,1,4,1,"_m/M494.png","_m/M416.png","norev"
23,21,0,1,4,1,"_f/F453.png","_f/F657.png","norev"
23,22,0,0,2,-1,"0","_f/F445.png - _f/F385.png","norev"
23,23,0,0,3,-1,"0","_f/F777.png - _f/F754.png","norev"
23,24,1,0,3,-1,"0","_m/M722.png - _m/M943.png","norev"
23,25,0,0,2,-1,"0","_f/F626.png - _f/F516.png","norev"
23,26,1,0,1,-1,"0","_m/M529.png - _m/M571.png","norev"
23,27,1,0,2,-1,"0","_m/M579.png - _m/M661.png","norev"
23,28,0,0,2,-1,"0","_f/F442.png - _f/F540.png","norev"
23,29,1,1,2,1,"_m/M719.png","_m/M708.png","norev"
23,30,0,0,1,-1,"0","_f/F508.png - _f/F621.png","norev"
23,31,0,0,1,-1,"0","_f/F636.png - _f/F411.png","norev"
23,32,0,0,1,-1,"0","_f/F349.png - _f/F574.png","norev"
23,33,0,1,4,1,"_f/F716.png","_f/F926.png","norev"
23,34,1,1,4,1,"_m/M473.png","_m/M526.png","norev"
23,35,0,0,1,-1,"0","_f/F365.png - _f/F718.png","norev"
23,36,1,0,3,-1,"0","_m/M713.png - _m/M439.png","norev"
23,37,0,0,3,-1,"0","_f/F637.png - _f/F666.png","norev"
23,38,1,0,2,-1,"0","_m/M736.png - _m/M937.png","norev"
23,39,0,0,3,-1,"0","_f/F802.png - _f/F534.png","norev"
23,40,0,0,3,-1,"0","_f/F585.png - _f/F522.png","norev"
23,41,0,0,1,-1,"0","_f/F906.png - _f/F845.png","norev"
23,42,0,0,3,-1,"0","_f/F618.png - _f/F923.png","norev"
23,43,0,1,4,1,"_f/F397.png","_f/F924.png","norev"
23,44,0,0,4,-1,"0","_f/F744.png - _f/F719.png","norev"
23,45,1,1,3,1,"_m/M381.png","_m/M793.png","norev"
23,46,1,0,3,-1,"0","_m/M607.png - _m/M757.png","norev"
23,47,1,1,4,1,"_m/M873.png","_m/M703.png","norev"
23,48,1,1,3,0,"_m/M649.png","_m/M932.png","norev"
23,49,0,1,2,0,"_f/F722.png","_f/F335.png","norev"
23,50,1,0,2,-1,"0","_m/M563.png - _m/M892.png","norev"
23,51,0,1,3,0,"_f/F846.png","_f/F895.png","norev"
23,52,1,1,4,1,"_m/M874.png","_m/M831.png","norev"
23,53,0,0,2,-1,"0","_f/F479.png - _f/F815.png","norev"
23,54,1,0,3,-1,"0","_m/M621.png - _m/M617.png","norev"
23,55,0,1,3,0,"_f/F462.png","_f/F843.png","norev"
23,56,1,1,3,1,"_m/M455.png","_m/M667.png","norev"
23,57,0,1,3,1,"_f/F556.png","_f/F876.png","norev"
23,58,1,0,3,-1,"0","_m/M382.png - _m/M337.png","norev"
23,59,0,1,2,1,"_f/F713.png","_f/F484.png","norev"
23,60,1,0,2,-1,"0","_m/M803.png - _m/M725.png","norev"
23,61,1,1,2,1,"_m/M723.png","_m/M839.png","norev"
23,62,0,1,3,1,"_f/F751.png","_f/F588.png","norev"
23,63,1,1,2,1,"_m/M543.png","_m/M934.png","norev"
23,64,0,0,3,-1,"0","_f/F529.png - _f/F761.png","norev"
23,65,0,1,2,0,"_f/F820.png","_f/F800.png","norev"
23,66,0,0,1,-1,"0","_f/F697.png - _f/F748.png","norev"
23,67,0,0,2,-1,"0","_f/F941.png - _f/F899.png","norev"
23,68,0,0,2,-1,"0","_f/F838.png - _f/F334.png","norev"
23,69,0,0,3,-1,"0","_f/F375.png - _f/F501.png","norev"
23,70,1,0,2,-1,"0","_m/M347.png - _m/M864.png","norev"
23,71,0,1,3,1,"_f/F812.png","_f/F903.png","norev"
23,72,0,1,1,1,"_f/F860.png","_f/F653.png","norev"
23,73,1,0,3,-1,"0","_m/M402.png - _m/M342.png","norev"
23,74,0,1,4,1,"_f/F750.png","_f/F940.png","norev"
23,75,1,1,4,1,"_m/M490.png","_m/M696.png","norev"
23,76,0,1,4,1,"_f/F600.png","_f/F513.png","norev"
23,77,0,0,3,-1,"0","_f/F690.png - _f/F839.png","norev"
23,78,0,0,4,-1,"0","_f/F394.png - _f/F547.png","norev"
23,79,1,1,3,1,"_m/M412.png","_m/M593.png","norev"
23,80,1,1,3,1,"_m/M737.png","_m/M409.png","norev"
23,81,1,1,4,1,"_m/M415.png","_m/M557.png","norev"
23,82,1,0,3,-1,"0","_m/M560.png - _m/M463.png","norev"
23,83,0,0,2,-1,"0","_f/F391.png - _f/F553.png","norev"
23,84,1,0,2,-1,"0","_m/M614.png - _m/M812.png","norev"
23,85,0,0,2,-1,"0","_f/F472.png - _f/F898.png","norev"
23,86,0,1,4,1,"_f/F890.png","_f/F582.png","norev"
23,87,0,1,2,0,"_f/F392.png","_f/F643.png","norev"
23,88,1,1,3,1,"_m/M448.png","_m/M769.png","norev"
23,89,0,0,2,-1,"0","_f/F413.png - _f/F729.png","norev"
23,90,0,0,2,-1,"0","_f/F497.png - _f/F356.png","norev"
23,91,1,1,3,1,"_m/M344.png","_m/M773.png","norev"
23,92,0,1,4,1,"_f/F833.png","_f/F440.png","norev"
23,93,0,1,2,1,"_f/F871.png","_f/F656.png","norev"
23,94,1,1,1,1,"_m/M948.png","_m/M721.png","norev"
23,95,1,1,1,1,"_m/M588.png","_m/M586.png","norev"
23,96,1,0,3,-1,"0","_m/M675.png - _m/M899.png","norev"
23,97,1,1,3,1,"_m/M945.png","_m/M500.png","norev"
23,98,0,1,2,1,"_f/F641.png","_f/F735.png","norev"
23,99,1,0,1,-1,"0","_m/M871.png - _m/M465.png","norev"
23,100,1,1,2,1,"_m/M556.png","_m/M750.png","norev"
23,101,0,1,4,1,"_f/F468.png","_f/F767.png","norev"
23,102,1,1,2,1,"_m/M844.png","_m/M638.png","norev"
23,103,0,0,2,-1,"0","_f/F597.png - _f/F387.png","norev"
23,104,0,1,3,1,"_f/F604.png","_f/F338.png","norev"
23,105,0,1,4,1,"_f/F329.png","_f/F642.png","norev"
23,106,1,0,3,-1,"0","_m/M449.png - _m/M709.png","norev"
23,107,0,0,4,-1,"0","_f/F694.png - _f/F620.png","norev"
23,108,0,0,2,-1,"0","_f/F390.png - _f/F346.png","norev"
23,109,1,0,3,-1,"0","_m/M405.png - _m/M740.png","norev"
23,110,0,1,4,1,"_f/F330.png","_f/F350.png","norev"
23,111,1,1,3,1,"_m/M729.png","_m/M843.png","norev"
23,112,0,1,4,1,"_f/F649.png","_f/F537.png","norev"
23,113,0,1,4,1,"_f/F367.png","_f/F787.png","norev"
23,114,1,0,4,-1,"0","_m/M763.png - _m/M589.png","norev"
23,115,0,0,4,-1,"0","_f/F773.png - _f/F493.png","norev"
23,116,1,0,2,-1,"0","_m/M798.png - _m/M878.png","norev"
23,117,0,0,3,-1,"0","_f/F943.png - _f/F474.png","norev"
23,118,0,0,3,-1,"0","_f/F736.png - _f/F640.png","norev"
23,119,1,0,3,-1,"0","_m/M580.png - _m/M459.png","norev"
23,120,1,1,3,1,"_m/M450.png","_m/M421.png","norev"
23,121,1,0,4,-1,"0","_m/M912.png - _m/M596.png","norev"
23,122,1,0,1,-1,"0","_m/M433.png - _m/M891.png","norev"
23,123,1,0,1,-1,"0","_m/M929.png - _m/M949.png","norev"
23,124,0,1,2,0,"_f/F419.png","_f/F771.png","norev"
23,125,0,0,2,-1,"0","_f/F872.png - _f/F652.png","norev"
23,126,0,0,2,-1,"0","_f/F829.png - _f/F343.png","norev"
23,127,0,1,2,0,"_f/F805.png","_f/F460.png","norev"
23,128,1,1,3,1,"_m/M885.png","_m/M532.png","norev"
23,129,1,1,3,1,"_m/M942.png","_m/M575.png","norev"
23,130,1,1,4,1,"_m/M475.png","_m/M537.png","norev"
23,131,1,1,4,1,"_m/M806.png","_m/M477.png","norev"
23,132,1,0,3,-1,"0","_m/M395.png - _m/M613.png","norev"
23,133,1,1,4,1,"_m/M712.png","_m/M565.png","norev"
23,134,0,1,4,1,"_f/F362.png","_f/F409.png","norev"
23,135,1,1,2,1,"_m/M348.png","_m/M628.png","norev"
23,136,0,1,4,0,"_f/F355.png","_f/F437.png","norev"
23,137,1,1,3,1,"_m/M744.png","_m/M731.png","norev"
23,138,0,1,4,1,"_f/F396.png","_f/F717.png","norev"
23,139,1,0,3,-1,"0","_m/M637.png - _m/M935.png","norev"
23,140,0,1,4,1,"_f/F326.png","_f/F804.png","norev"
23,141,0,0,3,-1,"0","_f/F886.png - _f/F436.png","norev"
23,142,1,1,4,1,"_m/M853.png","_m/M380.png","norev"
23,143,1,1,3,1,"_m/M453.png","_m/M625.png","norev"
23,144,1,0,1,-1,"0","_m/M426.png - _m/M735.png","norev"
23,145,1,1,3,1,"_m/M759.png","_m/M842.png","norev"
23,146,0,0,2,-1,"0","_f/F727.png - _f/F867.png","norev"
23,147,1,0,2,-1,"0","_m/M787.png - _m/M610.png","norev"
23,148,1,0,1,-1,"0","_m/M818.png - _m/M928.png","norev"
23,149,1,1,2,0,"_m/M522.png","_m/M772.png","norev"
23,150,0,1,4,1,"_f/F399.png","_f/F803.png","norev"
23,151,1,0,3,-1,"0","_m/M489.png - _m/M404.png","norev"
23,152,0,1,3,0,"_f/F861.png","_f/F398.png","norev"
23,153,0,1,3,1,"_f/F592.png","_f/F616.png","norev"
23,154,1,0,3,-1,"0","_m/M511.png - _m/M861.png","norev"
23,155,0,0,3,-1,"0","_f/F337.png - _f/F946.png","norev"
23,156,1,1,3,1,"_m/M343.png","_m/M835.png","norev"
23,157,0,0,2,-1,"0","_f/F852.png - _f/F725.png","norev"
23,158,0,0,1,-1,"0","_f/F672.png - _f/F348.png","norev"
23,159,1,0,4,-1,"0","_m/M807.png - _m/M533.png","norev"
23,160,1,1,3,1,"_m/M662.png","_m/M626.png","norev"
23,161,0,1,3,0,"_f/F428.png","_f/F927.png","norev"
23,162,0,0,3,-1,"0","_f/F674.png - _f/F799.png","norev"
23,163,1,1,3,1,"_m/M428.png","_m/M411.png","norev"
23,164,1,1,4,1,"_m/M468.png","_m/M676.png","norev"
23,165,0,1,3,1,"_f/F877.png","_f/F678.png","norev"
23,166,0,1,4,1,"_f/F732.png","_f/F817.png","norev"
23,167,1,1,4,1,"_m/M760.png","_m/M640.png","norev"
23,168,1,1,4,1,"_m/M669.png","_m/M907.png","norev"
23,169,0,1,4,1,"_f/F715.png","_f/F784.png","norev"
23,170,1,0,3,-1,"0","_m/M452.png - _m/M389.png","norev"
23,171,0,1,2,0,"_f/F568.png","_f/F473.png","norev"
23,172,1,0,2,-1,"0","_m/M847.png - _m/M854.png","norev"
23,173,1,1,3,1,"_m/M774.png","_m/M914.png","norev"
23,174,0,0,4,-1,"0","_f/F632.png - _f/F438.png","norev"
23,175,0,0,1,-1,"0","_f/F885.png - _f/F587.png","norev"
23,176,1,0,3,-1,"0","_m/M508.png - _m/M569.png","norev"
23,177,1,0,2,-1,"0","_m/M446.png - _m/M551.png","norev"
23,178,0,1,2,1,"_f/F561.png","_f/F870.png","norev"
23,179,1,1,3,1,"_m/M832.png","_m/M683.png","norev"
23,180,1,1,4,1,"_m/M801.png","_m/M504.png","norev"
23,181,0,0,1,-1,"0","_f/F651.png - _f/F776.png","norev"
23,182,0,0,1,-1,"0","_f/F549.png - _f/F464.png","norev"
23,183,1,1,3,0,"_m/M587.png","_m/M845.png","norev"
23,184,0,1,4,1,"_f/F575.png","_f/F733.png","norev"
23,185,1,0,2,-1,"0","_m/M785.png - _m/M611.png","norev"
23,186,0,0,2,-1,"0","_f/F332.png - _f/F477.png","norev"
23,187,1,0,2,-1,"0","_m/M897.png - _m/M921.png","norev"
23,188,1,0,2,-1,"0","_m/M889.png - _m/M492.png","norev"
23,189,0,1,4,1,"_f/F590.png","_f/F785.png","norev"
23,190,0,1,4,1,"_f/F607.png","_f/F930.png","norev"
23,191,1,0,3,-1,"0","_m/M830.png - _m/M890.png","norev"
23,192,1,0,4,-1,"0","_m/M700.png - _m/M534.png","norev"
23,193,1,0,3,-1,"0","_m/M498.png - _m/M639.png","norev"
23,194,0,1,3,1,"_f/F471.png","_f/F591.png","norev"
23,195,0,0,2,-1,"0","_f/F896.png - _f/F798.png","norev"
23,196,1,1,2,1,"_m/M789.png","_m/M584.png","norev"
23,197,1,0,3,-1,"0","_m/M509.png - _m/M393.png","norev"
23,198,1,1,4,0,"_m/M788.png","_m/M749.png","norev"
23,199,0,1,2,0,"_f/F435.png","_f/F383.png","norev"
23,200,0,0,3,-1,"0","_f/F938.png - _f/F455.png","norev"
24,1,1,0,3,-1,"0","_m/M639.png - _m/M539.png","norev"
24,2,1,1,2,0,"_m/M366.png","_m/M837.png","norev"
24,3,0,0,2,-1,"0","_f/F654.png - _f/F548.png","norev"
24,4,0,0,2,-1,"0","_f/F498.png - _f/F748.png","norev"
24,5,0,0,1,-1,"0","_f/F686.png - _f/F503.png","norev"
24,6,1,0,3,-1,"0","_m/M643.png - _m/M740.png","norev"
24,7,1,0,4,-1,"0","_m/M442.png - _m/M813.png","norev"
24,8,0,1,3,0,"_f/F911.png","_f/F529.png","norev"
24,9,1,0,1,-1,"0","_m/M704.png - _m/M832.png","norev"
24,10,1,0,2,-1,"0","_m/M690.png - _m/M708.png","norev"
24,11,0,1,3,1,"_f/F537.png","_f/F451.png","norev"
24,12,0,1,3,0,"_f/F354.png","_f/F370.png","norev"
24,13,0,0,3,-1,"0","_f/F383.png - _f/F467.png","norev"
24,14,0,1,1,1,"_f/F918.png","_f/F439.png","norev"
24,15,1,0,3,-1,"0","_m/M679.png - _m/M328.png","norev"
24,16,0,0,4,-1,"0","_f/F821.png - _f/F585.png","norev"
24,17,1,1,4,1,"_m/M561.png","_m/M763.png","norev"
24,18,1,0,3,-1,"0","_m/M860.png - _m/M738.png","norev"
24,19,1,0,2,-1,"0","_m/M507.png - _m/M668.png","norev"
24,20,1,1,3,0,"_m/M475.png","_m/M737.png","norev"
24,21,0,0,1,-1,"0","_f/F809.png - _f/F360.png","norev"
24,22,1,1,2,1,"_m/M856.png","_m/M799.png","norev"
24,23,1,1,3,1,"_m/M600.png","_m/M820.png","norev"
24,24,1,0,2,-1,"0","_m/M654.png - _m/M349.png","norev"
24,25,1,1,4,1,"_m/M386.png","_m/M343.png","norev"
24,26,0,0,3,-1,"0","_f/F782.png - _f/F711.png","norev"
24,27,0,1,2,1,"_f/F860.png","_f/F708.png","norev"
24,28,0,0,1,-1,"0","_f/F428.png - _f/F825.png","norev"
24,29,1,1,2,0,"_m/M334.png","_m/M610.png","norev"
24,30,1,0,3,-1,"0","_m/M526.png - _m/M658.png","norev"
24,31,0,0,2,-1,"0","_f/F752.png - _f/F613.png","norev"
24,32,0,0,1,-1,"0","_f/F827.png - _f/F850.png","norev"
24,33,1,0,3,-1,"0","_m/M612.png - _m/M344.png","norev"
24,34,1,1,1,0,"_m/M549.png","_m/M699.png","norev"
24,35,1,0,2,-1,"0","_m/M935.png - _m/M874.png","norev"
24,36,1,1,3,0,"_m/M447.png","_m/M902.png","norev"
24,37,1,0,4,-1,"0","_m/M589.png - _m/M448.png","norev"
24,38,1,1,3,1,"_m/M710.png","_m/M518.png","norev"
24,39,1,1,4,1,"_m/M576.png","_m/M821.png","norev"
24,40,1,0,2,-1,"0","_m/M624.png - _m/M868.png","norev"
24,41,1,0,2,-1,"0","_m/M487.png - _m/M833.png","norev"
24,42,1,1,3,0,"_m/M716.png","_m/M944.png","norev"
24,43,0,1,4,1,"_f/F399.png","_f/F924.png","norev"
24,44,1,1,4,0,"_m/M754.png","_m/M862.png","norev"
24,45,0,1,4,1,"_f/F900.png","_f/F495.png","norev"
24,46,1,0,1,-1,"0","_m/M818.png - _m/M406.png","norev"
24,47,0,0,4,-1,"0","_f/F780.png - _f/F565.png","norev"
24,48,1,0,2,-1,"0","_m/M674.png - _m/M506.png","norev"
24,49,1,1,3,1,"_m/M910.png","_m/M949.png","norev"
24,50,1,1,1,1,"_m/M468.png","_m/M512.png","norev"
24,51,1,1,4,0,"_m/M537.png","_m/M578.png","norev"
24,52,0,0,3,-1,"0","_f/F453.png - _f/F830.png","norev"
24,53,1,0,1,-1,"0","_m/M636.png - _m/M769.png","norev"
24,54,0,0,2,-1,"0","_f/F675.png - _f/F430.png","norev"
24,55,0,0,1,-1,"0","_f/F701.png - _f/F381.png","norev"
24,56,1,0,3,-1,"0","_m/M919.png - _m/M495.png","norev"
24,57,1,0,3,-1,"0","_m/M653.png - _m/M858.png","norev"
24,58,0,0,3,-1,"0","_f/F715.png - _f/F753.png","norev"
24,59,0,0,3,-1,"0","_f/F682.png - _f/F456.png","norev"
24,60,0,0,1,-1,"0","_f/F672.png - _f/F506.png","norev"
24,61,1,1,2,0,"_m/M770.png","_m/M439.png","norev"
24,62,1,1,1,1,"_m/M934.png","_m/M830.png","norev"
24,63,0,0,2,-1,"0","_f/F630.png - _f/F663.png","norev"
24,64,1,0,3,-1,"0","_m/M472.png - _m/M899.png","norev"
24,65,0,0,2,-1,"0","_f/F645.png - _f/F901.png","norev"
24,66,0,0,2,-1,"0","_f/F926.png - _f/F790.png","norev"
24,67,1,0,3,-1,"0","_m/M384.png - _m/M405.png","norev"
24,68,1,0,1,-1,"0","_m/M885.png - _m/M618.png","norev"
24,69,1,0,2,-1,"0","_m/M590.png - _m/M644.png","norev"
24,70,0,1,2,0,"_f/F779.png","_f/F427.png","norev"
24,71,0,0,2,-1,"0","_f/F327.png - _f/F913.png","norev"
24,72,0,0,3,-1,"0","_f/F923.png - _f/F806.png","norev"
24,73,1,0,4,-1,"0","_m/M801.png - _m/M542.png","norev"
24,74,0,1,3,1,"_f/F576.png","_f/F569.png","norev"
24,75,0,1,3,1,"_f/F648.png","_f/F726.png","norev"
24,76,0,1,4,1,"_f/F671.png","_f/F437.png","norev"
24,77,0,1,3,0,"_f/F637.png","_f/F823.png","norev"
24,78,0,1,2,1,"_f/F699.png","_f/F462.png","norev"
24,79,0,0,1,-1,"0","_f/F457.png - _f/F927.png","norev"
24,80,1,0,2,-1,"0","_m/M714.png - _m/M486.png","norev"
24,81,0,1,1,1,"_f/F683.png","_f/F341.png","norev"
24,82,0,1,3,1,"_f/F406.png","_f/F547.png","norev"
24,83,1,0,2,-1,"0","_m/M477.png - _m/M834.png","norev"
24,84,1,1,4,1,"_m/M499.png","_m/M372.png","norev"
24,85,1,1,2,0,"_m/M469.png","_m/M933.png","norev"
24,86,1,0,2,-1,"0","_m/M422.png - _m/M428.png","norev"
24,87,0,0,1,-1,"0","_f/F525.png - _f/F662.png","norev"
24,88,1,0,3,-1,"0","_m/M839.png - _m/M404.png","norev"
24,89,0,1,4,0,"_f/F326.png","_f/F747.png","norev"
24,90,1,1,4,1,"_m/M908.png","_m/M849.png","norev"
24,91,1,1,3,1,"_m/M412.png","_m/M805.png","norev"
24,92,0,1,2,0,"_f/F449.png","_f/F450.png","norev"
24,93,0,1,4,0,"_f/F416.png","_f/F907.png","norev"
24,94,1,1,3,1,"_m/M920.png","_m/M695.png","norev"
24,95,0,1,1,1,"_f/F679.png","_f/F844.png","norev"
24,96,1,0,2,-1,"0","_m/M432.png - _m/M950.png","norev"
24,97,1,0,2,-1,"0","_m/M926.png - _m/M599.png","norev"
24,98,1,0,3,-1,"0","_m/M807.png - _m/M913.png","norev"
24,99,1,1,2,1,"_m/M388.png","_m/M726.png","norev"
24,100,1,0,1,-1,"0","_m/M681.png - _m/M376.png","norev"
24,101,0,1,2,1,"_f/F616.png","_f/F570.png","norev"
24,102,0,1,1,1,"_f/F563.png","_f/F414.png","norev"
24,103,0,1,4,1,"_f/F513.png","_f/F725.png","norev"
24,104,0,0,2,-1,"0","_f/F789.png - _f/F582.png","norev"
24,105,1,1,3,1,"_m/M746.png","_m/M650.png","norev"
24,106,0,0,3,-1,"0","_f/F601.png - _f/F905.png","norev"
24,107,1,1,1,1,"_m/M745.png","_m/M904.png","norev"
24,108,0,0,2,-1,"0","_f/F567.png - _f/F659.png","norev"
24,109,1,0,2,-1,"0","_m/M563.png - _m/M703.png","norev"
24,110,0,0,3,-1,"0","_f/F680.png - _f/F512.png","norev"
24,111,0,1,2,0,"_f/F491.png","_f/F359.png","norev"
24,112,1,1,4,1,"_m/M853.png","_m/M816.png","norev"
24,113,0,1,3,0,"_f/F625.png","_f/F407.png","norev"
24,114,0,0,3,-1,"0","_f/F744.png - _f/F746.png","norev"
24,115,0,1,4,1,"_f/F888.png","_f/F590.png","norev"
24,116,1,1,3,0,"_m/M543.png","_m/M511.png","norev"
24,117,1,1,2,1,"_m/M844.png","_m/M648.png","norev"
24,118,0,1,1,1,"_f/F389.png","_f/F488.png","norev"
24,119,1,1,2,1,"_m/M916.png","_m/M516.png","norev"
24,120,0,0,2,-1,"0","_f/F368.png - _f/F555.png","norev"
24,121,1,1,2,0,"_m/M786.png","_m/M793.png","norev"
24,122,0,1,3,0,"_f/F610.png","_f/F577.png","norev"
24,123,0,1,3,0,"_f/F511.png","_f/F522.png","norev"
24,124,0,0,2,-1,"0","_f/F335.png - _f/F363.png","norev"
24,125,1,1,2,1,"_m/M508.png","_m/M403.png","norev"
24,126,1,0,1,-1,"0","_m/M427.png - _m/M340.png","norev"
24,127,0,1,2,1,"_f/F908.png","_f/F845.png","norev"
24,128,0,0,3,-1,"0","_f/F485.png - _f/F435.png","norev"
24,129,0,0,2,-1,"0","_f/F536.png - _f/F897.png","norev"
24,130,0,1,1,0,"_f/F593.png","_f/F560.png","norev"
24,131,1,1,4,1,"_m/M553.png","_m/M485.png","norev"
24,132,0,1,3,1,"_f/F847.png","_f/F947.png","norev"
24,133,1,1,3,1,"_m/M894.png","_m/M671.png","norev"
24,134,1,0,2,-1,"0","_m/M742.png - _m/M347.png","norev"
24,135,0,0,3,-1,"0","_f/F474.png - _f/F777.png","norev"
24,136,0,0,1,-1,"0","_f/F678.png - _f/F477.png","norev"
24,137,0,0,2,-1,"0","_f/F434.png - _f/F390.png","norev"
24,138,0,1,2,1,"_f/F367.png","_f/F834.png","norev"
24,139,0,0,3,-1,"0","_f/F851.png - _f/F497.png","norev"
24,140,0,0,2,-1,"0","_f/F436.png - _f/F758.png","norev"
24,141,0,0,1,-1,"0","_f/F665.png - _f/F426.png","norev"
24,142,0,1,3,0,"_f/F853.png","_f/F431.png","norev"
24,143,1,1,4,1,"_m/M823.png","_m/M527.png","norev"
24,144,1,0,3,-1,"0","_m/M826.png - _m/M536.png","norev"
24,145,1,1,2,1,"_m/M788.png","_m/M441.png","norev"
24,146,1,0,2,-1,"0","_m/M423.png - _m/M633.png","norev"
24,147,1,1,3,1,"_m/M863.png","_m/M483.png","norev"
24,148,0,0,2,-1,"0","_f/F502.png - _f/F507.png","norev"
24,149,1,1,3,1,"_m/M440.png","_m/M535.png","norev"
24,150,1,1,2,1,"_m/M881.png","_m/M393.png","norev"
24,151,0,0,3,-1,"0","_f/F444.png - _f/F433.png","norev"
24,152,1,0,3,-1,"0","_m/M864.png - _m/M426.png","norev"
24,153,0,0,4,-1,"0","_f/F500.png - _f/F788.png","norev"
24,154,0,1,3,1,"_f/F797.png","_f/F635.png","norev"
24,155,1,1,3,0,"_m/M544.png","_m/M564.png","norev"
24,156,1,1,1,1,"_m/M501.png","_m/M632.png","norev"
24,157,1,1,2,0,"_m/M882.png","_m/M806.png","norev"
24,158,0,1,1,1,"_f/F422.png","_f/F647.png","norev"
24,159,0,1,3,1,"_f/F841.png","_f/F713.png","norev"
24,160,1,0,2,-1,"0","_m/M728.png - _m/M676.png","norev"
24,161,0,0,3,-1,"0","_f/F425.png - _f/F754.png","norev"
24,162,0,1,1,0,"_f/F458.png","_f/F358.png","norev"
24,163,0,1,3,1,"_f/F719.png","_f/F349.png","norev"
24,164,0,1,2,1,"_f/F409.png","_f/F508.png","norev"
24,165,0,1,1,1,"_f/F883.png","_f/F872.png","norev"
24,166,0,0,2,-1,"0","_f/F690.png - _f/F353.png","norev"
24,167,0,0,3,-1,"0","_f/F566.png - _f/F393.png","norev"
24,168,1,1,3,1,"_m/M498.png","_m/M635.png","norev"
24,169,1,0,4,-1,"0","_m/M665.png - _m/M687.png","norev"
24,170,1,0,3,-1,"0","_m/M399.png - _m/M411.png","norev"
24,171,0,0,2,-1,"0","_f/F773.png - _f/F545.png","norev"
24,172,0,1,1,0,"_f/F347.png","_f/F936.png","norev"
24,173,0,1,3,0,"_f/F620.png","_f/F579.png","norev"
24,174,1,1,2,0,"_m/M735.png","_m/M775.png","norev"
24,175,0,1,1,1,"_f/F373.png","_f/F614.png","norev"
24,176,1,1,2,0,"_m/M534.png","_m/M375.png","norev"
24,177,1,1,3,1,"_m/M351.png","_m/M474.png","norev"
24,178,1,1,3,0,"_m/M762.png","_m/M706.png","norev"
24,179,0,1,2,0,"_f/F871.png","_f/F581.png","norev"
24,180,1,0,3,-1,"0","_m/M734.png - _m/M329.png","norev"
24,181,1,0,4,-1,"0","_m/M923.png - _m/M768.png","norev"
24,182,1,1,2,1,"_m/M790.png","_m/M523.png","norev"
24,183,1,0,3,-1,"0","_m/M454.png - _m/M361.png","norev"
24,184,1,0,2,-1,"0","_m/M413.png - _m/M741.png","norev"
24,185,0,0,2,-1,"0","_f/F445.png - _f/F775.png","norev"
24,186,0,0,3,-1,"0","_f/F880.png - _f/F504.png","norev"
24,187,0,1,4,1,"_f/F894.png","_f/F562.png","norev"
24,188,0,1,2,0,"_f/F896.png","_f/F539.png","norev"
24,189,1,1,2,1,"_m/M659.png","_m/M861.png","norev"
24,190,1,0,3,-1,"0","_m/M836.png - _m/M945.png","norev"
24,191,1,0,2,-1,"0","_m/M566.png - _m/M480.png","norev"
24,192,1,1,1,0,"_m/M461.png","_m/M619.png","norev"
24,193,0,1,2,0,"_f/F404.png","_f/F592.png","norev"
24,194,0,1,3,1,"_f/F594.png","_f/F479.png","norev"
24,195,1,0,3,-1,"0","_m/M652.png - _m/M942.png","norev"
24,196,0,0,3,-1,"0","_f/F902.png - _f/F766.png","norev"
24,197,0,1,1,0,"_f/F829.png","_f/F828.png","norev"
24,198,1,0,2,-1,"0","_m/M784.png - _m/M713.png","norev"
24,199,0,1,3,0,"_f/F627.png","_f/F344.png","norev"
24,200,0,0,1,-1,"0","_f/F362.png - _f/F875.png","norev"
25,1,0,1,4,1,"_f/F920.png","_f/F394.png","norev"
25,2,1,0,4,-1,"0","_m/M398.png - _m/M918.png","norev"
25,3,1,1,3,0,"_m/M369.png","_m/M621.png","norev"
25,4,1,1,3,1,"_m/M913.png","_m/M442.png","norev"
25,5,0,0,3,-1,"0","_f/F689.png - _f/F354.png","norev"
25,6,1,1,3,0,"_m/M670.png","_m/M329.png","norev"
25,7,1,0,2,-1,"0","_m/M332.png - _m/M851.png","norev"
25,8,0,1,2,1,"_f/F516.png","_f/F696.png","norev"
25,9,0,0,3,-1,"0","_f/F765.png - _f/F500.png","norev"
25,10,1,1,2,1,"_m/M498.png","_m/M550.png","norev"
25,11,1,1,2,0,"_m/M392.png","_m/M384.png","norev"
25,12,1,0,4,-1,"0","_m/M838.png - _m/M337.png","norev"
25,13,0,1,1,1,"_f/F882.png","_f/F388.png","norev"
25,14,1,1,1,1,"_m/M812.png","_m/M662.png","norev"
25,15,1,1,4,1,"_m/M880.png","_m/M808.png","norev"
25,16,1,0,2,-1,"0","_m/M797.png - _m/M579.png","norev"
25,17,0,0,4,-1,"0","_f/F777.png - _f/F529.png","norev"
25,18,0,0,1,-1,"0","_f/F842.png - _f/F789.png","norev"
25,19,1,1,1,0,"_m/M416.png","_m/M632.png","norev"
25,20,1,1,2,1,"_m/M867.png","_m/M567.png","norev"
25,21,1,0,3,-1,"0","_m/M594.png - _m/M454.png","norev"
25,22,0,1,4,1,"_f/F375.png","_f/F360.png","norev"
25,23,1,0,2,-1,"0","_m/M598.png - _m/M672.png","norev"
25,24,1,1,4,1,"_m/M624.png","_m/M898.png","norev"
25,25,1,0,2,-1,"0","_m/M730.png - _m/M884.png","norev"
25,26,0,1,1,1,"_f/F722.png","_f/F614.png","norev"
25,27,0,1,2,0,"_f/F906.png","_f/F382.png","norev"
25,28,0,0,2,-1,"0","_f/F725.png - _f/F681.png","norev"
25,29,0,0,3,-1,"0","_f/F897.png - _f/F485.png","norev"
25,30,1,1,2,1,"_m/M614.png","_m/M718.png","norev"
25,31,0,1,3,1,"_f/F830.png","_f/F688.png","norev"
25,32,1,1,3,1,"_m/M690.png","_m/M679.png","norev"
25,33,1,0,2,-1,"0","_m/M512.png - _m/M538.png","norev"
25,34,1,0,2,-1,"0","_m/M833.png - _m/M574.png","norev"
25,35,1,0,3,-1,"0","_m/M784.png - _m/M893.png","norev"
25,36,0,1,1,1,"_f/F466.png","_f/F558.png","norev"
25,37,1,1,2,1,"_m/M603.png","_m/M348.png","norev"
25,38,1,1,1,0,"_m/M412.png","_m/M508.png","norev"
25,39,0,1,4,0,"_f/F851.png","_f/F794.png","norev"
25,40,0,0,2,-1,"0","_f/F662.png - _f/F883.png","norev"
25,41,0,1,3,1,"_f/F425.png","_f/F611.png","norev"
25,42,1,1,3,1,"_m/M637.png","_m/M507.png","norev"
25,43,0,0,3,-1,"0","_f/F536.png - _f/F888.png","norev"
25,44,1,0,2,-1,"0","_m/M753.png - _m/M619.png","norev"
25,45,0,1,2,0,"_f/F877.png","_f/F660.png","norev"
25,46,0,0,2,-1,"0","_f/F573.png - _f/F687.png","norev"
25,47,1,0,2,-1,"0","_m/M834.png - _m/M595.png","norev"
25,48,0,1,3,1,"_f/F695.png","_f/F806.png","norev"
25,49,1,0,3,-1,"0","_m/M682.png - _m/M684.png","norev"
25,50,0,1,3,1,"_f/F604.png","_f/F871.png","norev"
25,51,0,1,2,1,"_f/F870.png","_f/F459.png","norev"
25,52,0,1,3,1,"_f/F782.png","_f/F330.png","norev"
25,53,1,1,4,1,"_m/M441.png","_m/M527.png","norev"
25,54,0,1,2,1,"_f/F616.png","_f/F505.png","norev"
25,55,0,0,2,-1,"0","_f/F621.png - _f/F591.png","norev"
25,56,1,1,3,1,"_m/M773.png","_m/M497.png","norev"
25,57,0,1,3,1,"_f/F835.png","_f/F609.png","norev"
25,58,1,0,3,-1,"0","_m/M609.png - _m/M738.png","norev"
25,59,1,0,1,-1,"0","_m/M514.png - _m/M544.png","norev"
25,60,1,1,1,0,"_m/M781.png","_m/M597.png","norev"
25,61,0,0,3,-1,"0","_f/F861.png - _f/F807.png","norev"
25,62,0,1,2,1,"_f/F546.png","_f/F795.png","norev"
25,63,0,0,1,-1,"0","_f/F343.png - _f/F859.png","norev"
25,64,0,0,1,-1,"0","_f/F476.png - _f/F417.png","norev"
25,65,0,0,2,-1,"0","_f/F584.png - _f/F780.png","norev"
25,66,1,0,2,-1,"0","_m/M734.png - _m/M850.png","norev"
25,67,0,0,2,-1,"0","_f/F571.png - _f/F846.png","norev"
25,68,1,0,2,-1,"0","_m/M419.png - _m/M914.png","norev"
25,69,1,1,4,1,"_m/M807.png","_m/M510.png","norev"
25,70,0,0,3,-1,"0","_f/F533.png - _f/F697.png","norev"
25,71,1,1,3,1,"_m/M370.png","_m/M895.png","norev"
25,72,0,0,3,-1,"0","_f/F640.png - _f/F878.png","norev"
25,73,1,1,3,1,"_m/M843.png","_m/M410.png","norev"
25,74,1,1,3,1,"_m/M380.png","_m/M896.png","norev"
25,75,0,1,2,1,"_f/F709.png","_f/F900.png","norev"
25,76,1,0,3,-1,"0","_m/M437.png - _m/M350.png","norev"
25,77,0,0,2,-1,"0","_f/F656.png - _f/F328.png","norev"
25,78,0,1,4,1,"_f/F617.png","_f/F858.png","norev"
25,79,0,1,1,0,"_f/F402.png","_f/F810.png","norev"
25,80,1,0,3,-1,"0","_m/M591.png - _m/M642.png","norev"
25,81,1,0,2,-1,"0","_m/M593.png - _m/M849.png","norev"
25,82,1,0,3,-1,"0","_m/M873.png - _m/M414.png","norev"
25,83,1,0,2,-1,"0","_m/M638.png - _m/M688.png","norev"
25,84,0,1,2,0,"_f/F566.png","_f/F881.png","norev"
25,85,0,0,2,-1,"0","_f/F721.png - _f/F361.png","norev"
25,86,1,1,2,1,"_m/M922.png","_m/M396.png","norev"
25,87,0,1,1,1,"_f/F350.png","_f/F944.png","norev"
25,88,1,1,2,1,"_m/M576.png","_m/M930.png","norev"
25,89,1,0,1,-1,"0","_m/M649.png - _m/M860.png","norev"
25,90,1,0,2,-1,"0","_m/M581.png - _m/M484.png","norev"
25,91,0,0,2,-1,"0","_f/F518.png - _f/F483.png","norev"
25,92,0,0,1,-1,"0","_f/F446.png - _f/F852.png","norev"
25,93,1,1,4,1,"_m/M596.png","_m/M777.png","norev"
25,94,1,0,2,-1,"0","_m/M405.png - _m/M435.png","norev"
25,95,0,0,2,-1,"0","_f/F679.png - _f/F661.png","norev"
25,96,0,1,2,1,"_f/F538.png","_f/F349.png","norev"
25,97,1,0,3,-1,"0","_m/M714.png - _m/M338.png","norev"
25,98,1,0,3,-1,"0","_m/M546.png - _m/M701.png","norev"
25,99,0,0,1,-1,"0","_f/F391.png - _f/F910.png","norev"
25,100,1,0,2,-1,"0","_m/M836.png - _m/M533.png","norev"
25,101,1,0,2,-1,"0","_m/M504.png - _m/M921.png","norev"
25,102,1,1,3,1,"_m/M722.png","_m/M378.png","norev"
25,103,1,0,2,-1,"0","_m/M820.png - _m/M635.png","norev"
25,104,1,1,3,0,"_m/M569.png","_m/M751.png","norev"
25,105,1,0,2,-1,"0","_m/M465.png - _m/M524.png","norev"
25,106,0,0,1,-1,"0","_f/F754.png - _f/F706.png","norev"
25,107,0,0,2,-1,"0","_f/F374.png - _f/F332.png","norev"
25,108,0,0,1,-1,"0","_f/F924.png - _f/F760.png","norev"
25,109,1,0,2,-1,"0","_m/M748.png - _m/M568.png","norev"
25,110,0,0,3,-1,"0","_f/F740.png - _f/F649.png","norev"
25,111,0,1,1,0,"_f/F822.png","_f/F598.png","norev"
25,112,0,1,1,1,"_f/F371.png","_f/F484.png","norev"
25,113,0,1,3,1,"_f/F392.png","_f/F784.png","norev"
25,114,0,0,2,-1,"0","_f/F602.png - _f/F922.png","norev"
25,115,1,0,2,-1,"0","_m/M941.png - _m/M796.png","norev"
25,116,0,1,3,1,"_f/F434.png","_f/F428.png","norev"
25,117,0,0,3,-1,"0","_f/F442.png - _f/F866.png","norev"
25,118,0,1,2,1,"_f/F733.png","_f/F939.png","norev"
25,119,0,1,1,0,"_f/F757.png","_f/F364.png","norev"
25,120,1,1,3,1,"_m/M816.png","_m/M592.png","norev"
25,121,0,0,2,-1,"0","_f/F813.png - _f/F475.png","norev"
25,122,0,0,3,-1,"0","_f/F673.png - _f/F524.png","norev"
25,123,0,0,2,-1,"0","_f/F499.png - _f/F665.png","norev"
25,124,0,1,2,1,"_f/F946.png","_f/F729.png","norev"
25,125,1,1,3,1,"_m/M383.png","_m/M925.png","norev"
25,126,0,1,2,1,"_f/F867.png","_f/F668.png","norev"
25,127,0,0,3,-1,"0","_f/F933.png - _f/F638.png","norev"
25,128,0,1,2,1,"_f/F903.png","_f/F539.png","norev"
25,129,0,0,1,-1,"0","_f/F678.png - _f/F534.png","norev"
25,130,1,0,1,-1,"0","_m/M835.png - _m/M646.png","norev"
25,131,1,0,3,-1,"0","_m/M910.png - _m/M474.png","norev"
25,132,0,1,1,1,"_f/F849.png","_f/F396.png","norev"
25,133,1,1,3,1,"_m/M783.png","_m/M361.png","norev"
25,134,1,1,3,1,"_m/M559.png","_m/M436.png","norev"
25,135,0,0,2,-1,"0","_f/F543.png - _f/F734.png","norev"
25,136,0,0,2,-1,"0","_f/F552.png - _f/F818.png","norev"
25,137,1,0,2,-1,"0","_m/M685.png - _m/M705.png","norev"
25,138,1,1,3,1,"_m/M553.png","_m/M945.png","norev"
25,139,0,1,2,1,"_f/F448.png","_f/F362.png","norev"
25,140,1,1,2,1,"_m/M795.png","_m/M506.png","norev"
25,141,1,1,3,1,"_m/M560.png","_m/M841.png","norev"
25,142,1,0,2,-1,"0","_m/M456.png - _m/M625.png","norev"
25,143,1,1,3,1,"_m/M345.png","_m/M344.png","norev"
25,144,0,0,1,-1,"0","_f/F885.png - _f/F690.png","norev"
25,145,0,1,2,0,"_f/F606.png","_f/F880.png","norev"
25,146,1,1,2,1,"_m/M815.png","_m/M611.png","norev"
25,147,0,1,3,1,"_f/F413.png","_f/F876.png","norev"
25,148,1,0,3,-1,"0","_m/M430.png - _m/M683.png","norev"
25,149,1,0,2,-1,"0","_m/M585.png - _m/M460.png","norev"
25,150,0,0,3,-1,"0","_f/F421.png - _f/F339.png","norev"
25,151,1,1,3,0,"_m/M788.png","_m/M354.png","norev"
25,152,0,1,3,1,"_f/F547.png","_f/F680.png","norev"
25,153,0,0,4,-1,"0","_f/F365.png - _f/F347.png","norev"
25,154,1,0,2,-1,"0","_m/M790.png - _m/M739.png","norev"
25,155,1,0,2,-1,"0","_m/M899.png - _m/M818.png","norev"
25,156,0,1,3,1,"_f/F700.png","_f/F589.png","norev"
25,157,1,1,3,1,"_m/M386.png","_m/M686.png","norev"
25,158,1,1,1,1,"_m/M606.png","_m/M769.png","norev"
25,159,0,1,2,0,"_f/F798.png","_f/F707.png","norev"
25,160,0,0,2,-1,"0","_f/F358.png - _f/F395.png","norev"
25,161,0,0,2,-1,"0","_f/F901.png - _f/F786.png","norev"
25,162,0,1,3,1,"_f/F768.png","_f/F494.png","norev"
25,163,1,1,1,0,"_m/M617.png","_m/M526.png","norev"
25,164,0,0,2,-1,"0","_f/F865.png - _f/F472.png","norev"
25,165,0,1,4,1,"_f/F764.png","_f/F429.png","norev"
25,166,1,0,3,-1,"0","_m/M919.png - _m/M706.png","norev"
25,167,1,0,1,-1,"0","_m/M915.png - _m/M713.png","norev"
25,168,0,1,2,0,"_f/F674.png","_f/F766.png","norev"
25,169,0,1,2,0,"_f/F436.png","_f/F790.png","norev"
25,170,0,1,2,0,"_f/F575.png","_f/F942.png","norev"
25,171,1,1,1,0,"_m/M878.png","_m/M817.png","norev"
25,172,0,0,1,-1,"0","_f/F373.png - _f/F714.png","norev"
25,173,1,1,2,0,"_m/M640.png","_m/M855.png","norev"
25,174,1,0,3,-1,"0","_m/M937.png - _m/M940.png","norev"
25,175,1,0,2,-1,"0","_m/M472.png - _m/M709.png","norev"
25,176,1,0,1,-1,"0","_m/M938.png - _m/M767.png","norev"
25,177,1,0,2,-1,"0","_m/M643.png - _m/M423.png","norev"
25,178,0,0,2,-1,"0","_f/F439.png - _f/F928.png","norev"
25,179,1,1,3,0,"_m/M422.png","_m/M935.png","norev"
25,180,0,0,1,-1,"0","_f/F821.png - _f/F508.png","norev"
25,181,1,0,1,-1,"0","_m/M798.png - _m/M451.png","norev"
25,182,1,1,2,1,"_m/M409.png","_m/M520.png","norev"
25,183,1,1,3,0,"_m/M388.png","_m/M778.png","norev"
25,184,0,1,3,1,"_f/F455.png","_f/F384.png","norev"
25,185,1,1,3,1,"_m/M832.png","_m/M673.png","norev"
25,186,0,1,4,1,"_f/F732.png","_f/F853.png","norev"
25,187,0,1,2,0,"_f/F840.png","_f/F451.png","norev"
25,188,0,0,2,-1,"0","_f/F478.png - _f/F495.png","norev"
25,189,0,0,2,-1,"0","_f/F456.png - _f/F523.png","norev"
25,190,1,0,3,-1,"0","_m/M363.png - _m/M469.png","norev"
25,191,0,0,2,-1,"0","_f/F704.png - _f/F554.png","norev"
25,192,0,1,2,1,"_f/F622.png","_f/F728.png","norev"
25,193,1,1,3,1,"_m/M694.png","_m/M727.png","norev"
25,194,0,1,3,1,"_f/F441.png","_f/F873.png","norev"
25,195,0,0,2,-1,"0","_f/F553.png - _f/F432.png","norev"
25,196,1,1,3,1,"_m/M417.png","_m/M483.png","norev"
25,197,1,0,3,-1,"0","_m/M516.png - _m/M912.png","norev"
25,198,1,1,3,1,"_m/M353.png","_m/M547.png","norev"
25,199,1,1,2,0,"_m/M385.png","_m/M400.png","norev"
25,200,0,0,1,-1,"0","_f/F368.png - _f/F895.png","norev"
26,1,1,0,3,-1,"0","_m/M550.png - _m/M638.png","norev"
26,2,0,0,3,-1,"0","_f/F486.png - _f/F914.png","norev"
26,3,0,0,3,-1,"0","_f/F753.png - _f/F923.png","norev"
26,4,0,1,4,1,"_f/F450.png","_f/F594.png","norev"
26,5,1,0,1,-1,"0","_m/M437.png - _m/M677.png","norev"
26,6,0,0,3,-1,"0","_f/F804.png - _f/F821.png","norev"
26,7,0,1,1,0,"_f/F734.png","_f/F529.png","norev"
26,8,0,0,2,-1,"0","_f/F626.png - _f/F836.png","norev"
26,9,1,1,3,0,"_m/M399.png","_m/M570.png","norev"
26,10,1,1,1,0,"_m/M768.png","_m/M341.png","norev"
26,11,0,0,1,-1,"0","_f/F344.png - _f/F810.png","norev"
26,12,1,0,1,-1,"0","_m/M531.png - _m/M436.png","norev"
26,13,0,1,2,0,"_f/F401.png","_f/F679.png","norev"
26,14,0,1,4,1,"_f/F687.png","_f/F841.png","norev"
26,15,0,0,2,-1,"0","_f/F499.png - _f/F371.png","norev"
26,16,1,0,1,-1,"0","_m/M735.png - _m/M727.png","norev"
26,17,0,0,2,-1,"0","_f/F513.png - _f/F436.png","norev"
26,18,0,0,1,-1,"0","_f/F902.png - _f/F348.png","norev"
26,19,1,0,4,-1,"0","_m/M923.png - _m/M687.png","norev"
26,20,1,1,4,1,"_m/M685.png","_m/M751.png","norev"
26,21,1,0,1,-1,"0","_m/M937.png - _m/M895.png","norev"
26,22,1,0,1,-1,"0","_m/M441.png - _m/M600.png","norev"
26,23,1,1,1,0,"_m/M593.png","_m/M630.png","norev"
26,24,1,1,3,1,"_m/M885.png","_m/M805.png","norev"
26,25,1,0,1,-1,"0","_m/M803.png - _m/M733.png","norev"
26,26,1,1,3,1,"_m/M524.png","_m/M457.png","norev"
26,27,0,1,4,1,"_f/F407.png","_f/F490.png","norev"
26,28,0,1,3,1,"_f/F562.png","_f/F338.png","norev"
26,29,1,0,2,-1,"0","_m/M618.png - _m/M921.png","norev"
26,30,0,0,1,-1,"0","_f/F644.png - _f/F650.png","norev"
26,31,1,1,2,1,"_m/M669.png","_m/M739.png","norev"
26,32,1,0,1,-1,"0","_m/M931.png - _m/M458.png","norev"
26,33,1,0,1,-1,"0","_m/M945.png - _m/M507.png","norev"
26,34,0,1,3,1,"_f/F803.png","_f/F459.png","norev"
26,35,1,1,1,1,"_m/M641.png","_m/M831.png","norev"
26,36,1,0,1,-1,"0","_m/M744.png - _m/M501.png","norev"
26,37,0,0,2,-1,"0","_f/F608.png - _f/F518.png","norev"
26,38,1,1,2,1,"_m/M546.png","_m/M519.png","norev"
26,39,0,1,1,0,"_f/F681.png","_f/F694.png","norev"
26,40,0,1,4,1,"_f/F665.png","_f/F530.png","norev"
26,41,0,0,2,-1,"0","_f/F744.png - _f/F706.png","norev"
26,42,0,0,2,-1,"0","_f/F865.png - _f/F468.png","norev"
26,43,0,1,3,1,"_f/F469.png","_f/F553.png","norev"
26,44,0,0,1,-1,"0","_f/F358.png - _f/F762.png","norev"
26,45,0,1,3,1,"_f/F916.png","_f/F728.png","norev"
26,46,1,0,1,-1,"0","_m/M682.png - _m/M408.png","norev"
26,47,1,0,2,-1,"0","_m/M353.png - _m/M421.png","norev"
26,48,1,1,2,1,"_m/M824.png","_m/M585.png","norev"
26,49,1,1,3,1,"_m/M862.png","_m/M558.png","norev"
26,50,0,0,2,-1,"0","_f/F452.png - _f/F642.png","norev"
26,51,0,1,4,1,"_f/F924.png","_f/F787.png","norev"
26,52,0,1,3,1,"_f/F944.png","_f/F333.png","norev"
26,53,0,1,3,1,"_f/F431.png","_f/F832.png","norev"
26,54,0,1,4,1,"_f/F825.png","_f/F945.png","norev"
26,55,1,1,4,1,"_m/M529.png","_m/M850.png","norev"
26,56,1,1,4,1,"_m/M942.png","_m/M913.png","norev"
26,57,0,1,2,0,"_f/F729.png","_f/F824.png","norev"
26,58,0,0,2,-1,"0","_f/F761.png - _f/F817.png","norev"
26,59,0,1,3,1,"_f/F809.png","_f/F500.png","norev"
26,60,0,0,1,-1,"0","_f/F783.png - _f/F749.png","norev"
26,61,1,1,3,1,"_m/M757.png","_m/M450.png","norev"
26,62,0,1,2,1,"_f/F798.png","_f/F909.png","norev"
26,63,1,1,4,1,"_m/M552.png","_m/M797.png","norev"
26,64,1,1,4,0,"_m/M693.png","_m/M837.png","norev"
26,65,0,0,1,-1,"0","_f/F605.png - _f/F374.png","norev"
26,66,1,1,2,0,"_m/M721.png","_m/M747.png","norev"
26,67,1,1,2,0,"_m/M646.png","_m/M927.png","norev"
26,68,1,0,4,-1,"0","_m/M479.png - _m/M743.png","norev"
26,69,0,1,2,0,"_f/F359.png","_f/F467.png","norev"
26,70,1,1,1,1,"_m/M415.png","_m/M486.png","norev"
26,71,0,1,2,1,"_f/F587.png","_f/F414.png","norev"
26,72,1,0,2,-1,"0","_m/M388.png - _m/M423.png","norev"
26,73,0,0,1,-1,"0","_f/F835.png - _f/F662.png","norev"
26,74,0,0,2,-1,"0","_f/F948.png - _f/F808.png","norev"
26,75,1,0,1,-1,"0","_m/M448.png - _m/M551.png","norev"
26,76,0,1,2,0,"_f/F536.png","_f/F394.png","norev"
26,77,1,0,3,-1,"0","_m/M535.png - _m/M548.png","norev"
26,78,1,1,1,1,"_m/M465.png","_m/M348.png","norev"
26,79,0,0,3,-1,"0","_f/F930.png - _f/F647.png","norev"
26,80,0,0,1,-1,"0","_f/F637.png - _f/F799.png","norev"
26,81,1,1,4,1,"_m/M709.png","_m/M553.png","norev"
26,82,1,1,4,1,"_m/M364.png","_m/M352.png","norev"
26,83,0,0,3,-1,"0","_f/F506.png - _f/F554.png","norev"
26,84,1,1,4,1,"_m/M392.png","_m/M395.png","norev"
26,85,1,1,1,0,"_m/M560.png","_m/M378.png","norev"
26,86,0,1,4,1,"_f/F364.png","_f/F494.png","norev"
26,87,0,0,2,-1,"0","_f/F656.png - _f/F564.png","norev"
26,88,0,0,1,-1,"0","_f/F571.png - _f/F736.png","norev"
26,89,1,0,3,-1,"0","_m/M680.png - _m/M404.png","norev"
26,90,1,0,4,-1,"0","_m/M890.png - _m/M499.png","norev"
26,91,0,0,2,-1,"0","_f/F678.png - _f/F820.png","norev"
26,92,1,0,1,-1,"0","_m/M663.png - _m/M891.png","norev"
26,93,1,0,3,-1,"0","_m/M596.png - _m/M362.png","norev"
26,94,1,1,1,1,"_m/M506.png","_m/M698.png","norev"
26,95,1,0,2,-1,"0","_m/M449.png - _m/M793.png","norev"
26,96,1,1,1,1,"_m/M825.png","_m/M494.png","norev"
26,97,1,1,1,1,"_m/M416.png","_m/M799.png","norev"
26,98,1,0,2,-1,"0","_m/M517.png - _m/M584.png","norev"
26,99,0,0,1,-1,"0","_f/F504.png - _f/F399.png","norev"
26,100,0,1,2,1,"_f/F424.png","_f/F771.png","norev"
26,101,0,1,4,1,"_f/F557.png","_f/F357.png","norev"
26,102,1,1,3,0,"_m/M509.png","_m/M759.png","norev"
26,103,0,0,1,-1,"0","_f/F370.png - _f/F931.png","norev"
26,104,1,0,3,-1,"0","_m/M545.png - _m/M686.png","norev"
26,105,0,1,3,1,"_f/F843.png","_f/F551.png","norev"
26,106,0,1,1,1,"_f/F659.png","_f/F818.png","norev"
26,107,1,0,1,-1,"0","_m/M839.png - _m/M778.png","norev"
26,108,1,1,1,1,"_m/M510.png","_m/M654.png","norev"
26,109,1,0,2,-1,"0","_m/M869.png - _m/M905.png","norev"
26,110,0,0,2,-1,"0","_f/F503.png - _f/F466.png","norev"
26,111,1,0,2,-1,"0","_m/M717.png - _m/M659.png","norev"
26,112,0,1,3,1,"_f/F425.png","_f/F718.png","norev"
26,113,0,1,2,0,"_f/F537.png","_f/F612.png","norev"
26,114,1,1,3,1,"_m/M734.png","_m/M656.png","norev"
26,115,1,1,1,0,"_m/M731.png","_m/M865.png","norev"
26,116,0,0,1,-1,"0","_f/F788.png - _f/F827.png","norev"
26,117,0,1,3,1,"_f/F396.png","_f/F426.png","norev"
26,118,1,1,3,1,"_m/M538.png","_m/M579.png","norev"
26,119,0,0,1,-1,"0","_f/F816.png - _f/F863.png","norev"
26,120,1,1,4,1,"_m/M523.png","_m/M760.png","norev"
26,121,1,0,1,-1,"0","_m/M615.png - _m/M644.png","norev"
26,122,0,1,3,0,"_f/F648.png","_f/F759.png","norev"
26,123,1,0,1,-1,"0","_m/M844.png - _m/M607.png","norev"
26,124,1,0,1,-1,"0","_m/M631.png - _m/M737.png","norev"
26,125,1,1,3,1,"_m/M800.png","_m/M781.png","norev"
26,126,1,1,4,1,"_m/M818.png","_m/M909.png","norev"
26,127,1,1,3,1,"_m/M466.png","_m/M684.png","norev"
26,128,1,0,1,-1,"0","_m/M520.png - _m/M763.png","norev"
26,129,0,0,4,-1,"0","_f/F636.png - _f/F412.png","norev"
26,130,0,1,2,0,"_f/F437.png","_f/F713.png","norev"
26,131,0,1,3,1,"_f/F782.png","_f/F483.png","norev"
26,132,1,1,1,0,"_m/M559.png","_m/M833.png","norev"
26,133,1,0,4,-1,"0","_m/M375.png - _m/M389.png","norev"
26,134,1,1,3,0,"_m/M777.png","_m/M801.png","norev"
26,135,1,0,1,-1,"0","_m/M836.png - _m/M366.png","norev"
26,136,0,1,1,1,"_f/F772.png","_f/F463.png","norev"
26,137,0,0,2,-1,"0","_f/F661.png - _f/F477.png","norev"
26,138,1,0,2,-1,"0","_m/M354.png - _m/M491.png","norev"
26,139,0,1,3,0,"_f/F763.png","_f/F337.png","norev"
26,140,0,0,1,-1,"0","_f/F487.png - _f/F535.png","norev"
26,141,1,0,4,-1,"0","_m/M617.png - _m/M864.png","norev"
26,142,1,1,1,1,"_m/M433.png","_m/M691.png","norev"
26,143,0,1,3,1,"_f/F379.png","_f/F904.png","norev"
26,144,0,0,4,-1,"0","_f/F701.png - _f/F447.png","norev"
26,145,1,0,3,-1,"0","_m/M876.png - _m/M949.png","norev"
26,146,1,1,2,1,"_m/M483.png","_m/M775.png","norev"
26,147,0,1,2,1,"_f/F856.png","_f/F507.png","norev"
26,148,0,0,3,-1,"0","_f/F622.png - _f/F640.png","norev"
26,149,0,1,4,1,"_f/F352.png","_f/F779.png","norev"
26,150,0,0,1,-1,"0","_f/F776.png - _f/F885.png","norev"
26,151,1,1,2,1,"_m/M557.png","_m/M770.png","norev"
26,152,1,0,1,-1,"0","_m/M327.png - _m/M566.png","norev"
26,153,0,1,4,1,"_f/F781.png","_f/F395.png","norev"
26,154,0,0,1,-1,"0","_f/F942.png - _f/F593.png","norev"
26,155,1,0,1,-1,"0","_m/M809.png - _m/M515.png","norev"
26,156,0,0,3,-1,"0","_f/F709.png - _f/F684.png","norev"
26,157,0,1,1,1,"_f/F561.png","_f/F826.png","norev"
26,158,0,0,3,-1,"0","_f/F501.png - _f/F664.png","norev"
26,159,1,0,2,-1,"0","_m/M571.png - _m/M484.png","norev"
26,160,1,1,4,0,"_m/M690.png","_m/M926.png","norev"
26,161,0,1,2,1,"_f/F595.png","_f/F442.png","norev"
26,162,0,0,3,-1,"0","_f/F515.png - _f/F435.png","norev"
26,163,1,0,2,-1,"0","_m/M474.png - _m/M667.png","norev"
26,164,1,0,1,-1,"0","_m/M594.png - _m/M613.png","norev"
26,165,0,1,4,1,"_f/F929.png","_f/F690.png","norev"
26,166,1,0,4,-1,"0","_m/M459.png - _m/M822.png","norev"
26,167,0,1,1,1,"_f/F430.png","_f/F599.png","norev"
26,168,1,0,3,-1,"0","_m/M569.png - _m/M577.png","norev"
26,169,0,1,3,1,"_f/F915.png","_f/F514.png","norev"
26,170,1,1,1,1,"_m/M410.png","_m/M892.png","norev"
26,171,1,1,1,1,"_m/M811.png","_m/M702.png","norev"
26,172,1,1,2,0,"_m/M592.png","_m/M762.png","norev"
26,173,0,1,1,1,"_f/F619.png","_f/F360.png","norev"
26,174,0,1,4,0,"_f/F596.png","_f/F611.png","norev"
26,175,0,0,3,-1,"0","_f/F873.png - _f/F429.png","norev"
26,176,0,1,1,1,"_f/F542.png","_f/F566.png","norev"
26,177,0,0,2,-1,"0","_f/F343.png - _f/F896.png","norev"
26,178,0,0,1,-1,"0","_f/F740.png - _f/F699.png","norev"
26,179,0,0,2,-1,"0","_f/F851.png - _f/F630.png","norev"
26,180,0,0,1,-1,"0","_f/F722.png - _f/F828.png","norev"
26,181,1,1,2,0,"_m/M500.png","_m/M626.png","norev"
26,182,0,1,4,1,"_f/F677.png","_f/F345.png","norev"
26,183,1,0,1,-1,"0","_m/M371.png - _m/M649.png","norev"
26,184,1,0,2,-1,"0","_m/M808.png - _m/M532.png","norev"
26,185,0,0,2,-1,"0","_f/F878.png - _f/F584.png","norev"
26,186,1,1,2,0,"_m/M609.png","_m/M776.png","norev"
26,187,1,0,2,-1,"0","_m/M556.png - _m/M730.png","norev"
26,188,0,1,1,1,"_f/F900.png","_f/F769.png","norev"
26,189,1,1,1,0,"_m/M471.png","_m/M848.png","norev"
26,190,0,1,1,0,"_f/F721.png","_f/F770.png","norev"
26,191,0,0,1,-1,"0","_f/F683.png - _f/F893.png","norev"
26,192,1,1,3,1,"_m/M674.png","_m/M789.png","norev"
26,193,0,0,3,-1,"0","_f/F528.png - _f/F784.png","norev"
26,194,1,0,3,-1,"0","_m/M670.png - _m/M880.png","norev"
26,195,1,0,3,-1,"0","_m/M648.png - _m/M514.png","norev"
26,196,0,1,4,1,"_f/F615.png","_f/F511.png","norev"
26,197,0,0,1,-1,"0","_f/F800.png - _f/F867.png","norev"
26,198,0,0,1,-1,"0","_f/F748.png - _f/F670.png","norev"
26,199,1,1,1,0,"_m/M330.png","_m/M829.png","norev"
26,200,1,0,3,-1,"0","_m/M568.png - _m/M660.png","norev"
27,1,0,1,2,1,"_f/F798.png","_f/F788.png","norev"
27,2,1,0,2,-1,"0","_m/M767.png - _m/M719.png","norev"
27,3,1,1,4,1,"_m/M885.png","_m/M565.png","norev"
27,4,1,1,3,0,"_m/M408.png","_m/M364.png","norev"
27,5,0,0,2,-1,"0","_f/F499.png - _f/F387.png","norev"
27,6,1,1,4,1,"_m/M885.png","_m/M762.png","norev"
27,7,1,1,3,0,"_m/M342.png","_m/M879.png","norev"
27,8,0,0,3,-1,"0","_f/F595.png - _f/F397.png","norev"
27,9,0,1,2,1,"_f/F819.png","_f/F336.png","norev"
27,10,0,0,2,-1,"0","_f/F849.png - _f/F772.png","norev"
27,11,0,1,1,1,"_f/F775.png","_f/F439.png","norev"
27,12,0,1,2,1,"_f/F948.png","_f/F802.png","norev"
27,13,0,1,3,1,"_f/F429.png","_f/F378.png","norev"
27,14,1,1,4,1,"_m/M682.png","_m/M576.png","norev"
27,15,1,0,3,-1,"0","_m/M886.png - _m/M474.png","norev"
27,16,1,0,2,-1,"0","_m/M922.png - _m/M503.png","norev"
27,17,1,0,4,-1,"0","_m/M715.png - _m/M510.png","norev"
27,18,1,1,2,1,"_m/M760.png","_m/M440.png","norev"
27,19,1,1,3,0,"_m/M608.png","_m/M803.png","norev"
27,20,1,0,1,-1,"0","_m/M440.png - _m/M810.png","norev"
27,21,0,0,4,-1,"0","_f/F667.png - _f/F627.png","norev"
27,22,0,1,2,1,"_f/F576.png","_f/F383.png","norev"
27,23,1,1,4,0,"_m/M760.png","_m/M401.png","norev"
27,24,0,1,4,1,"_f/F404.png","_f/F807.png","norev"
27,25,1,0,3,-1,"0","_m/M632.png - _m/M797.png","norev"
27,26,1,1,3,1,"_m/M457.png","_m/M810.png","norev"
27,27,0,0,2,-1,"0","_f/F694.png - _f/F695.png","norev"
27,28,0,1,3,1,"_f/F750.png","_f/F754.png","norev"
27,29,0,0,3,-1,"0","_f/F874.png - _f/F536.png","norev"
27,30,0,0,4,-1,"0","_f/F678.png - _f/F392.png","norev"
27,31,1,1,3,1,"_m/M539.png","_m/M609.png","norev"
27,32,0,0,3,-1,"0","_f/F582.png - _f/F872.png","norev"
27,33,1,0,2,-1,"0","_m/M919.png - _m/M916.png","norev"
27,34,1,1,3,1,"_m/M328.png","_m/M896.png","norev"
27,35,0,1,1,1,"_f/F751.png","_f/F649.png","norev"
27,36,1,0,2,-1,"0","_m/M444.png - _m/M860.png","norev"
27,37,1,0,3,-1,"0","_m/M844.png - _m/M363.png","norev"
27,38,1,1,3,0,"_m/M608.png","_m/M590.png","norev"
27,39,0,0,3,-1,"0","_f/F663.png - _f/F555.png","norev"
27,40,0,0,3,-1,"0","_f/F458.png - _f/F445.png","norev"
27,41,1,1,4,1,"_m/M614.png","_m/M894.png","norev"
27,42,0,1,4,1,"_f/F819.png","_f/F820.png","norev"
27,43,0,1,1,0,"_f/F379.png","_f/F502.png","norev"
27,44,0,0,3,-1,"0","_f/F765.png - _f/F784.png","norev"
27,45,1,0,2,-1,"0","_m/M354.png - _m/M635.png","norev"
27,46,1,0,4,-1,"0","_m/M755.png - _m/M467.png","norev"
27,47,0,1,1,1,"_f/F794.png","_f/F394.png","norev"
27,48,0,1,2,1,"_f/F519.png","_f/F424.png","norev"
27,49,1,0,4,-1,"0","_m/M524.png - _m/M341.png","norev"
27,50,1,0,3,-1,"0","_m/M941.png - _m/M940.png","norev"
27,51,1,1,3,0,"_m/M662.png","_m/M649.png","norev"
27,52,0,0,3,-1,"0","_f/F645.png - _f/F374.png","norev"
27,53,0,0,2,-1,"0","_f/F493.png - _f/F679.png","norev"
27,54,1,0,3,-1,"0","_m/M814.png - _m/M409.png","norev"
27,55,1,1,4,0,"_m/M485.png","_m/M518.png","norev"
27,56,0,0,4,-1,"0","_f/F779.png - _f/F655.png","norev"
27,57,0,0,2,-1,"0","_f/F791.png - _f/F395.png","norev"
27,58,0,0,3,-1,"0","_f/F894.png - _f/F366.png","norev"
27,59,1,0,3,-1,"0","_m/M492.png - _m/M757.png","norev"
27,60,0,0,4,-1,"0","_f/F427.png - _f/F924.png","norev"
27,61,1,1,2,1,"_m/M614.png","_m/M892.png","norev"
27,62,0,1,3,1,"_f/F562.png","_f/F661.png","norev"
27,63,1,0,3,-1,"0","_m/M425.png - _m/M478.png","norev"
27,64,1,1,3,0,"_m/M679.png","_m/M406.png","norev"
27,65,0,0,2,-1,"0","_f/F479.png - _f/F923.png","norev"
27,66,1,1,3,0,"_m/M485.png","_m/M331.png","norev"
27,67,0,0,1,-1,"0","_f/F947.png - _f/F617.png","norev"
27,68,0,1,1,1,"_f/F750.png","_f/F499.png","norev"
27,69,0,1,4,1,"_f/F404.png","_f/F351.png","norev"
27,70,1,0,3,-1,"0","_m/M599.png - _m/M938.png","norev"
27,71,1,0,3,-1,"0","_m/M622.png - _m/M807.png","norev"
27,72,0,0,3,-1,"0","_f/F911.png - _f/F842.png","norev"
27,73,1,0,2,-1,"0","_m/M666.png - _m/M887.png","norev"
27,74,0,0,2,-1,"0","_f/F546.png - _f/F430.png","norev"
27,75,1,1,3,0,"_m/M346.png","_m/M458.png","norev"
27,76,0,0,3,-1,"0","_f/F607.png - _f/F949.png","norev"
27,77,0,0,4,-1,"0","_f/F701.png - _f/F781.png","norev"
27,78,0,0,1,-1,"0","_f/F487.png - _f/F853.png","norev"
27,79,0,1,1,0,"_f/F573.png","_f/F551.png","norev"
27,80,0,0,3,-1,"0","_f/F399.png - _f/F485.png","norev"
27,81,0,0,2,-1,"0","_f/F840.png - _f/F471.png","norev"
27,82,0,0,3,-1,"0","_f/F711.png - _f/F901.png","norev"
27,83,0,0,3,-1,"0","_f/F564.png - _f/F600.png","norev"
27,84,0,1,3,0,"_f/F473.png","_f/F841.png","norev"
27,85,1,0,3,-1,"0","_m/M703.png - _m/M367.png","norev"
27,86,0,1,2,0,"_f/F798.png","_f/F783.png","norev"
27,87,0,0,3,-1,"0","_f/F472.png - _f/F801.png","norev"
27,88,1,1,4,1,"_m/M877.png","_m/M373.png","norev"
27,89,1,1,3,0,"_m/M809.png","_m/M566.png","norev"
27,90,1,1,3,1,"_m/M904.png","_m/M375.png","norev"
27,91,1,1,3,1,"_m/M782.png","_m/M619.png","norev"
27,92,1,0,2,-1,"0","_m/M458.png - _m/M381.png","norev"
27,93,1,0,3,-1,"0","_m/M816.png - _m/M811.png","norev"
27,94,0,0,1,-1,"0","_f/F888.png - _f/F373.png","norev"
27,95,1,1,3,1,"_m/M583.png","_m/M677.png","norev"
27,96,1,0,2,-1,"0","_m/M780.png - _m/M891.png","norev"
27,97,0,1,4,0,"_f/F752.png","_f/F507.png","norev"
27,98,1,0,3,-1,"0","_m/M451.png - _m/M364.png","norev"
27,99,1,1,3,1,"_m/M809.png","_m/M695.png","norev"
27,100,1,0,3,-1,"0","_m/M742.png - _m/M677.png","norev"
27,101,1,1,3,1,"_m/M583.png","_m/M906.png","norev"
27,102,0,1,4,1,"_f/F731.png","_f/F542.png","norev"
27,103,0,1,1,1,"_f/F453.png","_f/F482.png","norev"
27,104,0,1,4,1,"_f/F434.png","_f/F656.png","norev"
27,105,1,1,3,0,"_m/M675.png","_m/M781.png","norev"
27,106,0,1,3,1,"_f/F393.png","_f/F501.png","norev"
27,107,1,0,2,-1,"0","_m/M779.png - _m/M514.png","norev"
27,108,1,0,2,-1,"0","_m/M692.png - _m/M699.png","norev"
27,109,1,1,3,0,"_m/M662.png","_m/M918.png","norev"
27,110,1,1,4,0,"_m/M408.png","_m/M626.png","norev"
27,111,0,0,2,-1,"0","_f/F383.png - _f/F424.png","norev"
27,112,0,0,3,-1,"0","_f/F362.png - _f/F717.png","norev"
27,113,0,0,2,-1,"0","_f/F331.png - _f/F681.png","norev"
27,114,1,1,3,0,"_m/M346.png","_m/M464.png","norev"
27,115,1,0,2,-1,"0","_m/M639.png - _m/M667.png","norev"
27,116,1,0,3,-1,"0","_m/M623.png - _m/M602.png","norev"
27,117,0,1,3,0,"_f/F597.png","_f/F871.png","norev"
27,118,0,1,2,0,"_f/F562.png","_f/F769.png","norev"
27,119,0,1,3,0,"_f/F731.png","_f/F827.png","norev"
27,120,0,0,3,-1,"0","_f/F351.png - _f/F407.png","norev"
27,121,1,1,4,1,"_m/M701.png","_m/M722.png","norev"
27,122,0,1,3,0,"_f/F603.png","_f/F694.png","norev"
27,123,0,0,3,-1,"0","_f/F347.png - _f/F388.png","norev"
27,124,1,1,4,0,"_m/M782.png","_m/M867.png","norev"
27,125,0,1,2,0,"_f/F813.png","_f/F483.png","norev"
27,126,0,1,3,1,"_f/F434.png","_f/F765.png","norev"
27,127,1,0,3,-1,"0","_m/M576.png - _m/M527.png","norev"
27,128,1,0,3,-1,"0","_m/M813.png - _m/M535.png","norev"
27,129,1,1,3,1,"_m/M675.png","_m/M360.png","norev"
27,130,1,1,3,1,"_m/M539.png","_m/M852.png","norev"
27,131,1,1,3,0,"_m/M679.png","_m/M950.png","norev"
27,132,1,1,3,0,"_m/M457.png","_m/M884.png","norev"
27,133,0,0,2,-1,"0","_f/F933.png - _f/F470.png","norev"
27,134,1,1,3,1,"_m/M362.png","_m/M945.png","norev"
27,135,1,0,3,-1,"0","_m/M566.png - _m/M661.png","norev"
27,136,1,1,2,1,"_m/M342.png","_m/M661.png","norev"
27,137,1,0,3,-1,"0","_m/M927.png - _m/M854.png","norev"
27,138,0,0,2,-1,"0","_f/F391.png - _f/F917.png","norev"
27,139,0,1,3,1,"_f/F573.png","_f/F448.png","norev"
27,140,1,0,2,-1,"0","_m/M658.png - _m/M759.png","norev"
27,141,0,1,3,0,"_f/F393.png","_f/F917.png","norev"
27,142,1,0,3,-1,"0","_m/M453.png - _m/M640.png","norev"
27,143,0,0,2,-1,"0","_f/F783.png - _f/F354.png","norev"
27,144,0,1,4,1,"_f/F429.png","_f/F546.png","norev"
27,145,0,1,3,1,"_f/F775.png","_f/F508.png","norev"
27,146,1,1,2,0,"_m/M751.png","_m/M820.png","norev"
27,147,0,1,1,0,"_f/F597.png","_f/F784.png","norev"
27,148,1,0,3,-1,"0","_m/M913.png - _m/M727.png","norev"
27,149,0,0,2,-1,"0","_f/F653.png - _f/F449.png","norev"
27,150,1,1,2,0,"_m/M751.png","_m/M732.png","norev"
27,151,0,1,3,1,"_f/F898.png","_f/F621.png","norev"
27,152,1,1,3,0,"_m/M904.png","_m/M934.png","norev"
27,153,1,0,3,-1,"0","_m/M852.png - _m/M762.png","norev"
27,154,1,1,2,0,"_m/M877.png","_m/M742.png","norev"
27,155,1,0,3,-1,"0","_m/M518.png - _m/M406.png","norev"
27,156,0,1,3,1,"_f/F898.png","_f/F354.png","norev"
27,157,1,1,4,1,"_m/M348.png","_m/M441.png","norev"
27,158,0,0,2,-1,"0","_f/F688.png - _f/F809.png","norev"
27,159,0,0,2,-1,"0","_f/F650.png - _f/F820.png","norev"
27,160,0,1,3,1,"_f/F576.png","_f/F513.png","norev"
27,161,0,1,3,0,"_f/F420.png","_f/F737.png","norev"
27,162,1,0,2,-1,"0","_m/M867.png - _m/M329.png","norev"
27,163,0,1,2,0,"_f/F420.png","_f/F901.png","norev"
27,164,1,0,3,-1,"0","_m/M589.png - _m/M732.png","norev"
27,165,1,1,2,1,"_m/M348.png","_m/M329.png","norev"
27,166,0,1,2,1,"_f/F752.png","_f/F391.png","norev"
27,167,1,0,4,-1,"0","_m/M590.png - _m/M918.png","norev"
27,168,1,1,3,1,"_m/M362.png","_m/M589.png","norev"
27,169,0,0,1,-1,"0","_f/F642.png - _f/F328.png","norev"
27,170,1,0,3,-1,"0","_m/M538.png - _m/M631.png","norev"
27,171,0,1,3,0,"_f/F751.png","_f/F711.png","norev"
27,172,0,1,3,0,"_f/F603.png","_f/F658.png","norev"
27,173,1,1,3,0,"_m/M701.png","_m/M900.png","norev"
27,174,0,0,2,-1,"0","_f/F859.png - _f/F643.png","norev"
27,175,0,0,2,-1,"0","_f/F439.png - _f/F394.png","norev"
27,176,0,1,3,1,"_f/F794.png","_f/F868.png","norev"
27,177,0,1,3,1,"_f/F379.png","_f/F430.png","norev"
27,178,0,1,4,1,"_f/F813.png","_f/F650.png","norev"
27,179,1,0,3,-1,"0","_m/M438.png - _m/M921.png","norev"
27,180,1,0,1,-1,"0","_m/M360.png - _m/M722.png","norev"
27,181,1,0,3,-1,"0","_m/M574.png - _m/M731.png","norev"
27,182,0,0,3,-1,"0","_f/F448.png - _f/F542.png","norev"
27,183,1,0,4,-1,"0","_m/M390.png - _m/M936.png","norev"
27,184,1,1,3,1,"_m/M328.png","_m/M381.png","norev"
27,185,0,1,2,1,"_f/F519.png","_f/F804.png","norev"
27,186,1,1,3,0,"_m/M682.png","_m/M827.png","norev"
27,187,0,0,2,-1,"0","_f/F777.png - _f/F535.png","norev"
27,188,0,1,4,1,"_f/F473.png","_f/F407.png","norev"
27,189,1,1,3,1,"_m/M834.png","_m/M451.png","norev"
27,190,1,0,4,-1,"0","_m/M700.png - _m/M592.png","norev"
27,191,0,0,2,-1,"0","_f/F510.png - _f/F699.png","norev"
27,192,0,1,2,1,"_f/F453.png","_f/F589.png","norev"
27,193,1,0,4,-1,"0","_m/M375.png - _m/M894.png","norev"
27,194,1,1,2,1,"_m/M834.png","_m/M949.png","norev"
27,195,0,1,3,1,"_f/F948.png","_f/F387.png","norev"
27,196,0,0,3,-1,"0","_f/F515.png - _f/F662.png","norev"
27,197,1,0,3,-1,"0","_m/M572.png - _m/M908.png","norev"
27,198,0,0,2,-1,"0","_f/F850.png - _f/F540.png","norev"
27,199,0,0,4,-1,"0","_f/F661.png - _f/F589.png","norev"
27,200,1,0,3,-1,"0","_m/M383.png - _m/M680.png","norev"
28,1,0,1,2,1,"_f/F627.png","_f/F507.png","norev"
28,2,0,0,3,-1,"0","_f/F728.png - _f/F658.png","norev"
28,3,0,0,1,-1,"0","_f/F485.png - _f/F600.png","norev"
28,4,0,1,4,0,"_f/F431.png","_f/F817.png","norev"
28,5,1,0,3,-1,"0","_m/M417.png - _m/M718.png","norev"
28,6,1,0,1,-1,"0","_m/M871.png - _m/M544.png","norev"
28,7,1,1,3,1,"_m/M698.png","_m/M459.png","norev"
28,8,0,1,1,1,"_f/F815.png","_f/F833.png","norev"
28,9,0,0,2,-1,"0","_f/F409.png - _f/F762.png","norev"
28,10,1,1,4,1,"_m/M560.png","_m/M901.png","norev"
28,11,1,0,3,-1,"0","_m/M372.png - _m/M875.png","norev"
28,12,0,0,1,-1,"0","_f/F562.png - _f/F586.png","norev"
28,13,0,1,4,1,"_f/F666.png","_f/F362.png","norev"
28,14,1,1,3,1,"_m/M382.png","_m/M635.png","norev"
28,15,0,1,3,1,"_f/F570.png","_f/F596.png","norev"
28,16,0,0,2,-1,"0","_f/F631.png - _f/F537.png","norev"
28,17,1,1,4,1,"_m/M645.png","_m/M650.png","norev"
28,18,1,0,2,-1,"0","_m/M686.png - _m/M834.png","norev"
28,19,1,0,1,-1,"0","_m/M712.png - _m/M611.png","norev"
28,20,1,1,4,1,"_m/M616.png","_m/M677.png","norev"
28,21,0,1,1,1,"_f/F529.png","_f/F903.png","norev"
28,22,1,1,3,1,"_m/M374.png","_m/M737.png","norev"
28,23,0,0,2,-1,"0","_f/F584.png - _f/F647.png","norev"
28,24,0,0,1,-1,"0","_f/F852.png - _f/F922.png","norev"
28,25,0,0,2,-1,"0","_f/F676.png - _f/F786.png","norev"
28,26,0,0,1,-1,"0","_f/F665.png - _f/F349.png","norev"
28,27,0,1,3,1,"_f/F729.png","_f/F550.png","norev"
28,28,1,0,2,-1,"0","_m/M783.png - _m/M440.png","norev"
28,29,1,0,2,-1,"0","_m/M449.png - _m/M727.png","norev"
28,30,0,0,2,-1,"0","_f/F345.png - _f/F476.png","norev"
28,31,0,1,1,0,"_f/F854.png","_f/F610.png","norev"
28,32,0,0,3,-1,"0","_f/F905.png - _f/F554.png","norev"
28,33,1,0,1,-1,"0","_m/M330.png - _m/M609.png","norev"
28,34,0,1,3,1,"_f/F478.png","_f/F528.png","norev"
28,35,1,1,3,1,"_m/M919.png","_m/M948.png","norev"
28,36,0,0,2,-1,"0","_f/F571.png - _f/F751.png","norev"
28,37,1,0,2,-1,"0","_m/M617.png - _m/M814.png","norev"
28,38,1,1,1,1,"_m/M473.png","_m/M599.png","norev"
28,39,0,1,2,0,"_f/F742.png","_f/F400.png","norev"
28,40,1,0,2,-1,"0","_m/M796.png - _m/M347.png","norev"
28,41,0,1,4,1,"_f/F449.png","_f/F331.png","norev"
28,42,0,1,3,1,"_f/F593.png","_f/F601.png","norev"
28,43,1,0,2,-1,"0","_m/M532.png - _m/M357.png","norev"
28,44,0,0,3,-1,"0","_f/F438.png - _f/F546.png","norev"
28,45,1,0,2,-1,"0","_m/M825.png - _m/M514.png","norev"
28,46,1,0,1,-1,"0","_m/M710.png - _m/M523.png","norev"
28,47,1,0,2,-1,"0","_m/M342.png - _m/M474.png","norev"
28,48,0,0,2,-1,"0","_f/F466.png - _f/F788.png","norev"
28,49,0,0,1,-1,"0","_f/F862.png - _f/F775.png","norev"
28,50,1,1,4,1,"_m/M810.png","_m/M823.png","norev"
28,51,0,1,3,1,"_f/F880.png","_f/F931.png","norev"
28,52,1,0,2,-1,"0","_m/M462.png - _m/M734.png","norev"
28,53,1,1,3,1,"_m/M839.png","_m/M707.png","norev"
28,54,0,1,1,1,"_f/F437.png","_f/F773.png","norev"
28,55,0,1,2,1,"_f/F518.png","_f/F732.png","norev"
28,56,0,1,3,1,"_f/F858.png","_f/F923.png","norev"
28,57,0,0,1,-1,"0","_f/F894.png - _f/F481.png","norev"
28,58,0,0,2,-1,"0","_f/F548.png - _f/F484.png","norev"
28,59,0,0,1,-1,"0","_f/F690.png - _f/F382.png","norev"
28,60,0,1,4,1,"_f/F513.png","_f/F878.png","norev"
28,61,1,1,4,1,"_m/M661.png","_m/M486.png","norev"
28,62,0,1,3,1,"_f/F941.png","_f/F462.png","norev"
28,63,0,0,2,-1,"0","_f/F490.png - _f/F643.png","norev"
28,64,1,0,2,-1,"0","_m/M816.png - _m/M564.png","norev"
28,65,1,1,2,1,"_m/M866.png","_m/M597.png","norev"
28,66,0,0,2,-1,"0","_f/F453.png - _f/F682.png","norev"
28,67,0,1,2,1,"_f/F357.png","_f/F598.png","norev"
28,68,0,0,2,-1,"0","_f/F793.png - _f/F917.png","norev"
28,69,0,1,2,0,"_f/F710.png","_f/F557.png","norev"
28,70,1,0,3,-1,"0","_m/M674.png - _m/M931.png","norev"
28,71,0,1,4,1,"_f/F416.png","_f/F397.png","norev"
28,72,0,0,2,-1,"0","_f/F566.png - _f/F771.png","norev"
28,73,0,0,3,-1,"0","_f/F535.png - _f/F768.png","norev"
28,74,1,1,3,1,"_m/M902.png","_m/M452.png","norev"
28,75,0,1,2,0,"_f/F534.png","_f/F446.png","norev"
28,76,1,1,3,0,"_m/M827.png","_m/M432.png","norev"
28,77,1,0,1,-1,"0","_m/M517.png - _m/M762.png","norev"
28,78,0,0,2,-1,"0","_f/F530.png - _f/F809.png","norev"
28,79,0,1,4,1,"_f/F645.png","_f/F637.png","norev"
28,80,0,0,2,-1,"0","_f/F872.png - _f/F343.png","norev"
28,81,1,1,3,1,"_m/M691.png","_m/M849.png","norev"
28,82,1,0,2,-1,"0","_m/M360.png - _m/M920.png","norev"
28,83,1,1,4,1,"_m/M422.png","_m/M909.png","norev"
28,84,1,0,2,-1,"0","_m/M772.png - _m/M678.png","norev"
28,85,1,0,1,-1,"0","_m/M340.png - _m/M578.png","norev"
28,86,0,1,2,0,"_f/F500.png","_f/F648.png","norev"
28,87,1,0,2,-1,"0","_m/M679.png - _m/M411.png","norev"
28,88,1,0,3,-1,"0","_m/M945.png - _m/M701.png","norev"
28,89,1,0,2,-1,"0","_m/M865.png - _m/M363.png","norev"
28,90,0,1,1,1,"_f/F346.png","_f/F617.png","norev"
28,91,1,1,3,0,"_m/M398.png","_m/M908.png","norev"
28,92,1,1,3,0,"_m/M566.png","_m/M722.png","norev"
28,93,0,0,1,-1,"0","_f/F364.png - _f/F487.png","norev"
28,94,1,0,3,-1,"0","_m/M776.png - _m/M339.png","norev"
28,95,1,1,1,1,"_m/M879.png","_m/M408.png","norev"
28,96,1,1,2,1,"_m/M764.png","_m/M943.png","norev"
28,97,0,0,1,-1,"0","_f/F387.png - _f/F687.png","norev"
28,98,1,1,3,1,"_m/M815.png","_m/M713.png","norev"
28,99,1,0,2,-1,"0","_m/M594.png - _m/M335.png","norev"
28,100,0,1,2,0,"_f/F841.png","_f/F620.png","norev"
28,101,0,1,2,0,"_f/F395.png","_f/F784.png","norev"
28,102,1,1,4,1,"_m/M656.png","_m/M852.png","norev"
28,103,1,0,2,-1,"0","_m/M348.png - _m/M811.png","norev"
28,104,1,1,4,1,"_m/M546.png","_m/M717.png","norev"
28,105,0,1,2,1,"_f/F623.png","_f/F608.png","norev"
28,106,1,1,4,0,"_m/M572.png","_m/M488.png","norev"
28,107,0,1,3,0,"_f/F887.png","_f/F521.png","norev"
28,108,1,1,3,0,"_m/M331.png","_m/M872.png","norev"
28,109,0,0,1,-1,"0","_f/F329.png - _f/F848.png","norev"
28,110,0,0,2,-1,"0","_f/F779.png - _f/F874.png","norev"
28,111,0,0,1,-1,"0","_f/F884.png - _f/F774.png","norev"
28,112,1,1,2,1,"_m/M738.png","_m/M349.png","norev"
28,113,0,1,3,0,"_f/F604.png","_f/F369.png","norev"
28,114,0,0,2,-1,"0","_f/F516.png - _f/F800.png","norev"
28,115,1,1,2,1,"_m/M797.png","_m/M802.png","norev"
28,116,1,0,3,-1,"0","_m/M534.png - _m/M409.png","norev"
28,117,1,0,2,-1,"0","_m/M695.png - _m/M926.png","norev"
28,118,1,1,2,0,"_m/M770.png","_m/M501.png","norev"
28,119,1,0,2,-1,"0","_m/M831.png - _m/M766.png","norev"
28,120,1,1,2,1,"_m/M612.png","_m/M571.png","norev"
28,121,1,1,4,1,"_m/M435.png","_m/M675.png","norev"
28,122,0,1,3,1,"_f/F498.png","_f/F375.png","norev"
28,123,0,1,2,1,"_f/F866.png","_f/F700.png","norev"
28,124,1,1,2,1,"_m/M721.png","_m/M527.png","norev"
28,125,0,0,1,-1,"0","_f/F740.png - _f/F697.png","norev"
28,126,0,1,2,0,"_f/F730.png","_f/F427.png","norev"
28,127,1,0,2,-1,"0","_m/M619.png - _m/M385.png","norev"
28,128,1,1,3,0,"_m/M632.png","_m/M778.png","norev"
28,129,1,1,2,1,"_m/M419.png","_m/M370.png","norev"
28,130,1,0,2,-1,"0","_m/M767.png - _m/M549.png","norev"
28,131,0,1,3,1,"_f/F654.png","_f/F772.png","norev"
28,132,0,0,2,-1,"0","_f/F640.png - _f/F505.png","norev"
28,133,1,0,3,-1,"0","_m/M692.png - _m/M555.png","norev"
28,134,0,0,2,-1,"0","_f/F580.png - _f/F855.png","norev"
28,135,0,1,2,1,"_f/F428.png","_f/F741.png","norev"
28,136,1,0,3,-1,"0","_m/M441.png - _m/M916.png","norev"
28,137,0,1,2,1,"_f/F837.png","_f/F508.png","norev"
28,138,1,1,3,1,"_m/M729.png","_m/M703.png","norev"
28,139,0,0,1,-1,"0","_f/F765.png - _f/F688.png","norev"
28,140,1,0,2,-1,"0","_m/M936.png - _m/M541.png","norev"
28,141,1,0,3,-1,"0","_m/M773.png - _m/M479.png","norev"
28,142,0,1,4,1,"_f/F480.png","_f/F850.png","norev"
28,143,1,0,2,-1,"0","_m/M673.png - _m/M416.png","norev"
28,144,0,0,2,-1,"0","_f/F624.png - _f/F752.png","norev"
28,145,1,0,1,-1,"0","_m/M900.png - _m/M327.png","norev"
28,146,1,0,2,-1,"0","_m/M794.png - _m/M761.png","norev"
28,147,0,0,2,-1,"0","_f/F636.png - _f/F563.png","norev"
28,148,0,1,3,1,"_f/F731.png","_f/F489.png","norev"
28,149,0,0,2,-1,"0","_f/F792.png - _f/F335.png","norev"
28,150,0,0,3,-1,"0","_f/F524.png - _f/F668.png","norev"
28,151,0,1,2,1,"_f/F515.png","_f/F326.png","norev"
28,152,0,0,2,-1,"0","_f/F519.png - _f/F547.png","norev"
28,153,0,1,2,0,"_f/F712.png","_f/F910.png","norev"
28,154,1,0,3,-1,"0","_m/M911.png - _m/M880.png","norev"
28,155,1,1,4,1,"_m/M568.png","_m/M653.png","norev"
28,156,1,1,2,1,"_m/M736.png","_m/M935.png","norev"
28,157,1,0,1,-1,"0","_m/M898.png - _m/M538.png","norev"
28,158,1,1,1,1,"_m/M512.png","_m/M550.png","norev"
28,159,1,0,1,-1,"0","_m/M730.png - _m/M784.png","norev"
28,160,1,1,3,1,"_m/M950.png","_m/M748.png","norev"
28,161,1,1,1,1,"_m/M531.png","_m/M628.png","norev"
28,162,0,0,2,-1,"0","_f/F821.png - _f/F591.png","norev"
28,163,1,1,2,0,"_m/M803.png","_m/M591.png","norev"
28,164,1,1,1,0,"_m/M844.png","_m/M850.png","norev"
28,165,0,0,3,-1,"0","_f/F626.png - _f/F492.png","norev"
28,166,0,0,2,-1,"0","_f/F588.png - _f/F763.png","norev"
28,167,1,1,3,1,"_m/M868.png","_m/M622.png","norev"
28,168,1,1,3,1,"_m/M910.png","_m/M867.png","norev"
28,169,0,0,2,-1,"0","_f/F499.png - _f/F616.png","norev"
28,170,1,0,2,-1,"0","_m/M545.png - _m/M454.png","norev"
28,171,0,0,2,-1,"0","_f/F494.png - _f/F882.png","norev"
28,172,1,0,2,-1,"0","_m/M688.png - _m/M543.png","norev"
28,173,0,1,4,1,"_f/F371.png","_f/F830.png","norev"
28,174,0,0,3,-1,"0","_f/F914.png - _f/F695.png","norev"
28,175,0,0,3,-1,"0","_f/F911.png - _f/F367.png","norev"
28,176,0,1,1,1,"_f/F483.png","_f/F390.png","norev"
28,177,0,1,1,0,"_f/F942.png","_f/F829.png","norev"
28,178,0,0,2,-1,"0","_f/F424.png - _f/F794.png","norev"
28,179,1,1,3,0,"_m/M881.png","_m/M664.png","norev"
28,180,0,1,1,1,"_f/F388.png","_f/F663.png","norev"
28,181,0,1,1,1,"_f/F734.png","_f/F667.png","norev"
28,182,0,1,2,1,"_f/F560.png","_f/F840.png","norev"
28,183,1,0,3,-1,"0","_m/M709.png - _m/M439.png","norev"
28,184,0,0,1,-1,"0","_f/F844.png - _f/F846.png","norev"
28,185,1,1,3,1,"_m/M671.png","_m/M708.png","norev"
28,186,1,1,2,0,"_m/M425.png","_m/M621.png","norev"
28,187,1,0,2,-1,"0","_m/M711.png - _m/M346.png","norev"
28,188,1,0,3,-1,"0","_m/M749.png - _m/M399.png","norev"
28,189,1,0,2,-1,"0","_m/M505.png - _m/M353.png","norev"
28,190,1,1,1,1,"_m/M563.png","_m/M928.png","norev"
28,191,1,0,3,-1,"0","_m/M835.png - _m/M404.png","norev"
28,192,0,1,2,1,"_f/F737.png","_f/F363.png","norev"
28,193,1,1,3,0,"_m/M445.png","_m/M896.png","norev"
28,194,0,0,2,-1,"0","_f/F780.png - _f/F901.png","norev"
28,195,0,1,1,1,"_f/F448.png","_f/F820.png","norev"
28,196,1,0,2,-1,"0","_m/M648.png - _m/M463.png","norev"
28,197,0,1,3,1,"_f/F385.png","_f/F892.png","norev"
28,198,0,1,1,1,"_f/F404.png","_f/F634.png","norev"
28,199,1,1,2,1,"_m/M913.png","_m/M663.png","norev"
28,200,1,1,2,0,"_m/M716.png","_m/M724.png","norev"
29,1,1,0,3,-1,"0","_m/M509.png - _m/M631.png","norev"
29,2,0,1,1,0,"_f/F701.png","_f/F401.png","norev"
29,3,0,0,3,-1,"0","_f/F446.png - _f/F861.png","norev"
29,4,1,0,1,-1,"0","_m/M358.png - _m/M473.png","norev"
29,5,1,0,1,-1,"0","_m/M642.png - _m/M456.png","norev"
29,6,1,1,3,0,"_m/M397.png","_m/M342.png","norev"
29,7,1,1,3,1,"_m/M610.png","_m/M949.png","norev"
29,8,1,1,3,1,"_m/M612.png","_m/M710.png","norev"
29,9,1,1,4,0,"_m/M422.png","_m/M651.png","norev"
29,10,0,1,2,1,"_f/F421.png","_f/F830.png","norev"
29,11,0,0,4,-1,"0","_f/F622.png - _f/F606.png","norev"
29,12,0,1,4,1,"_f/F660.png","_f/F472.png","norev"
29,13,0,0,4,-1,"0","_f/F711.png - _f/F502.png","norev"
29,14,0,1,1,0,"_f/F539.png","_f/F901.png","norev"
29,15,0,1,1,0,"_f/F365.png","_f/F703.png","norev"
29,16,0,1,4,1,"_f/F518.png","_f/F567.png","norev"
29,17,0,0,1,-1,"0","_f/F411.png - _f/F727.png","norev"
29,18,1,1,4,1,"_m/M825.png","_m/M402.png","norev"
29,19,0,1,2,0,"_f/F485.png","_f/F392.png","norev"
29,20,0,0,2,-1,"0","_f/F431.png - _f/F465.png","norev"
29,21,1,1,1,0,"_m/M836.png","_m/M437.png","norev"
29,22,1,1,4,1,"_m/M663.png","_m/M597.png","norev"
29,23,0,1,3,1,"_f/F527.png","_f/F375.png","norev"
29,24,1,1,3,1,"_m/M552.png","_m/M857.png","norev"
29,25,0,1,4,1,"_f/F428.png","_f/F739.png","norev"
29,26,0,0,2,-1,"0","_f/F768.png - _f/F474.png","norev"
29,27,0,1,4,1,"_f/F895.png","_f/F548.png","norev"
29,28,0,0,3,-1,"0","_f/F559.png - _f/F509.png","norev"
29,29,1,0,4,-1,"0","_m/M868.png - _m/M628.png","norev"
29,30,0,0,2,-1,"0","_f/F491.png - _f/F564.png","norev"
29,31,1,0,1,-1,"0","_m/M467.png - _m/M555.png","norev"
29,32,1,0,3,-1,"0","_m/M865.png - _m/M604.png","norev"
29,33,0,0,1,-1,"0","_f/F910.png - _f/F479.png","norev"
29,34,1,1,4,0,"_m/M356.png","_m/M779.png","norev"
29,35,1,1,3,0,"_m/M379.png","_m/M902.png","norev"
29,36,1,0,3,-1,"0","_m/M889.png - _m/M626.png","norev"
29,37,1,0,1,-1,"0","_m/M944.png - _m/M585.png","norev"
29,38,0,1,4,1,"_f/F792.png","_f/F931.png","norev"
29,39,0,0,2,-1,"0","_f/F657.png - _f/F832.png","norev"
29,40,0,1,4,1,"_f/F516.png","_f/F570.png","norev"
29,41,0,0,3,-1,"0","_f/F604.png - _f/F455.png","norev"
29,42,1,1,1,0,"_m/M903.png","_m/M909.png","norev"
29,43,1,0,1,-1,"0","_m/M520.png - _m/M382.png","norev"
29,44,1,1,3,1,"_m/M454.png","_m/M486.png","norev"
29,45,0,0,3,-1,"0","_f/F663.png - _f/F827.png","norev"
29,46,0,0,2,-1,"0","_f/F704.png - _f/F462.png","norev"
29,47,1,1,4,1,"_m/M578.png","_m/M432.png","norev"
29,48,0,0,3,-1,"0","_f/F939.png - _f/F854.png","norev"
29,49,1,0,3,-1,"0","_m/M926.png - _m/M757.png","norev"
29,50,1,1,2,0,"_m/M340.png","_m/M504.png","norev"
29,51,0,1,1,0,"_f/F334.png","_f/F859.png","norev"
29,52,0,1,3,1,"_f/F333.png","_f/F537.png","norev"
29,53,0,0,3,-1,"0","_f/F839.png - _f/F340.png","norev"
29,54,1,0,2,-1,"0","_m/M686.png - _m/M783.png","norev"
29,55,1,1,4,1,"_m/M525.png","_m/M876.png","norev"
29,56,0,1,2,0,"_f/F883.png","_f/F408.png","norev"
29,57,0,0,1,-1,"0","_f/F627.png - _f/F882.png","norev"
29,58,1,0,1,-1,"0","_m/M510.png - _m/M374.png","norev"
29,59,0,1,3,1,"_f/F769.png","_f/F722.png","norev"
29,60,0,0,1,-1,"0","_f/F666.png - _f/F863.png","norev"
29,61,1,0,4,-1,"0","_m/M679.png - _m/M357.png","norev"
29,62,0,1,3,1,"_f/F580.png","_f/F707.png","norev"
29,63,1,0,2,-1,"0","_m/M801.png - _m/M554.png","norev"
29,64,0,0,4,-1,"0","_f/F779.png - _f/F741.png","norev"
29,65,1,0,2,-1,"0","_m/M782.png - _m/M789.png","norev"
29,66,0,1,2,1,"_f/F412.png","_f/F373.png","norev"
29,67,1,1,4,1,"_m/M332.png","_m/M893.png","norev"
29,68,0,0,1,-1,"0","_f/F525.png - _f/F918.png","norev"
29,69,0,0,2,-1,"0","_f/F400.png - _f/F928.png","norev"
29,70,1,1,3,0,"_m/M800.png","_m/M719.png","norev"
29,71,1,1,1,0,"_m/M576.png","_m/M413.png","norev"
29,72,0,0,3,-1,"0","_f/F736.png - _f/F369.png","norev"
29,73,1,1,3,1,"_m/M450.png","_m/M449.png","norev"
29,74,1,0,2,-1,"0","_m/M334.png - _m/M729.png","norev"
29,75,0,1,4,1,"_f/F696.png","_f/F532.png","norev"
29,76,0,0,4,-1,"0","_f/F617.png - _f/F468.png","norev"
29,77,1,1,1,1,"_m/M620.png","_m/M512.png","norev"
29,78,0,1,4,1,"_f/F873.png","_f/F849.png","norev"
29,79,1,1,3,1,"_m/M474.png","_m/M505.png","norev"
29,80,0,1,4,1,"_f/F820.png","_f/F494.png","norev"
29,81,1,0,3,-1,"0","_m/M923.png - _m/M466.png","norev"
29,82,1,1,1,0,"_m/M639.png","_m/M763.png","norev"
29,83,1,0,2,-1,"0","_m/M414.png - _m/M523.png","norev"
29,84,0,0,3,-1,"0","_f/F562.png - _f/F521.png","norev"
29,85,0,0,3,-1,"0","_f/F395.png - _f/F763.png","norev"
29,86,1,0,2,-1,"0","_m/M884.png - _m/M806.png","norev"
29,87,1,0,3,-1,"0","_m/M400.png - _m/M913.png","norev"
29,88,1,1,4,1,"_m/M878.png","_m/M773.png","norev"
29,89,0,0,1,-1,"0","_f/F464.png - _f/F376.png","norev"
29,90,0,1,3,1,"_f/F814.png","_f/F667.png","norev"
29,91,0,0,1,-1,"0","_f/F359.png - _f/F588.png","norev"
29,92,1,0,3,-1,"0","_m/M380.png - _m/M815.png","norev"
29,93,0,1,3,1,"_f/F784.png","_f/F871.png","norev"
29,94,0,0,1,-1,"0","_f/F517.png - _f/F585.png","norev"
29,95,0,0,2,-1,"0","_f/F345.png - _f/F713.png","norev"
29,96,1,0,3,-1,"0","_m/M774.png - _m/M943.png","norev"
29,97,1,1,4,1,"_m/M476.png","_m/M845.png","norev"
29,98,0,0,3,-1,"0","_f/F766.png - _f/F834.png","norev"
29,99,0,1,1,0,"_f/F932.png","_f/F350.png","norev"
29,100,1,1,1,1,"_m/M700.png","_m/M483.png","norev"
29,101,1,0,3,-1,"0","_m/M489.png - _m/M805.png","norev"
29,102,1,1,1,1,"_m/M649.png","_m/M906.png","norev"
29,103,0,1,2,0,"_f/F886.png","_f/F794.png","norev"
29,104,0,0,2,-1,"0","_f/F380.png - _f/F772.png","norev"
29,105,1,0,2,-1,"0","_m/M536.png - _m/M423.png","norev"
29,106,0,0,3,-1,"0","_f/F356.png - _f/F486.png","norev"
29,107,0,1,1,0,"_f/F815.png","_f/F566.png","norev"
29,108,0,0,2,-1,"0","_f/F500.png - _f/F613.png","norev"
29,109,0,1,3,1,"_f/F925.png","_f/F418.png","norev"
29,110,0,0,3,-1,"0","_f/F949.png - _f/F791.png","norev"
29,111,1,1,1,1,"_m/M575.png","_m/M692.png","norev"
29,112,1,1,3,1,"_m/M920.png","_m/M531.png","norev"
29,113,1,0,2,-1,"0","_m/M712.png - _m/M352.png","norev"
29,114,0,0,1,-1,"0","_f/F651.png - _f/F824.png","norev"
29,115,0,1,4,1,"_f/F490.png","_f/F367.png","norev"
29,116,0,0,2,-1,"0","_f/F799.png - _f/F758.png","norev"
29,117,0,1,4,1,"_f/F560.png","_f/F645.png","norev"
29,118,1,1,1,1,"_m/M389.png","_m/M771.png","norev"
29,119,1,1,2,1,"_m/M756.png","_m/M891.png","norev"
29,120,0,0,2,-1,"0","_f/F578.png - _f/F483.png","norev"
29,121,0,1,3,1,"_f/F547.png","_f/F780.png","norev"
29,122,0,1,2,0,"_f/F390.png","_f/F699.png","norev"
29,123,1,0,1,-1,"0","_m/M378.png - _m/M667.png","norev"
29,124,1,1,3,1,"_m/M797.png","_m/M446.png","norev"
29,125,1,0,2,-1,"0","_m/M833.png - _m/M670.png","norev"
29,126,1,0,1,-1,"0","_m/M739.png - _m/M826.png","norev"
29,127,1,0,3,-1,"0","_m/M932.png - _m/M513.png","norev"
29,128,1,1,4,1,"_m/M930.png","_m/M406.png","norev"
29,129,1,1,4,0,"_m/M733.png","_m/M689.png","norev"
29,130,1,1,2,0,"_m/M364.png","_m/M784.png","norev"
29,131,0,1,3,0,"_f/F381.png","_f/F444.png","norev"
29,132,1,0,2,-1,"0","_m/M563.png - _m/M376.png","norev"
29,133,1,0,3,-1,"0","_m/M401.png - _m/M538.png","norev"
29,134,1,0,4,-1,"0","_m/M844.png - _m/M609.png","norev"
29,135,1,1,1,1,"_m/M793.png","_m/M887.png","norev"
29,136,1,1,2,0,"_m/M408.png","_m/M664.png","norev"
29,137,1,1,2,0,"_m/M725.png","_m/M335.png","norev"
29,138,1,0,3,-1,"0","_m/M507.png - _m/M851.png","norev"
29,139,1,1,3,1,"_m/M419.png","_m/M721.png","norev"
29,140,0,1,3,0,"_f/F452.png","_f/F387.png","norev"
29,141,1,1,2,0,"_m/M328.png","_m/M787.png","norev"
29,142,0,0,2,-1,"0","_f/F384.png - _f/F523.png","norev"
29,143,0,1,3,0,"_f/F480.png","_f/F621.png","norev"
29,144,0,1,3,1,"_f/F379.png","_f/F948.png","norev"
29,145,1,0,3,-1,"0","_m/M613.png - _m/M430.png","norev"
29,146,1,1,4,1,"_m/M764.png","_m/M480.png","norev"
29,147,0,1,4,0,"_f/F940.png","_f/F611.png","norev"
29,148,1,1,4,1,"_m/M766.png","_m/M619.png","norev"
29,149,1,0,2,-1,"0","_m/M623.png - _m/M643.png","norev"
29,150,1,0,1,-1,"0","_m/M816.png - _m/M506.png","norev"
29,151,0,0,2,-1,"0","_f/F724.png - _f/F753.png","norev"
29,152,1,1,1,1,"_m/M549.png","_m/M702.png","norev"
29,153,1,1,1,0,"_m/M828.png","_m/M516.png","norev"
29,154,0,0,2,-1,"0","_f/F676.png - _f/F907.png","norev"
29,155,0,0,2,-1,"0","_f/F646.png - _f/F612.png","norev"
29,156,0,1,3,0,"_f/F729.png","_f/F628.png","norev"
29,157,1,1,3,1,"_m/M411.png","_m/M948.png","norev"
29,158,0,0,1,-1,"0","_f/F331.png - _f/F423.png","norev"
29,159,1,0,3,-1,"0","_m/M662.png - _m/M372.png","norev"
29,160,0,1,4,1,"_f/F845.png","_f/F846.png","norev"
29,161,1,0,1,-1,"0","_m/M479.png - _m/M410.png","norev"
29,162,0,0,2,-1,"0","_f/F623.png - _f/F355.png","norev"
29,163,1,0,3,-1,"0","_m/M329.png - _m/M591.png","norev"
29,164,0,1,4,1,"_f/F463.png","_f/F449.png","norev"
29,165,1,0,2,-1,"0","_m/M818.png - _m/M795.png","norev"
29,166,1,0,2,-1,"0","_m/M490.png - _m/M564.png","norev"
29,167,1,0,3,-1,"0","_m/M849.png - _m/M421.png","norev"
29,168,0,0,3,-1,"0","_f/F697.png - _f/F597.png","norev"
29,169,0,1,3,1,"_f/F438.png","_f/F733.png","norev"
29,170,0,0,4,-1,"0","_f/F429.png - _f/F664.png","norev"
29,171,1,0,3,-1,"0","_m/M717.png - _m/M384.png","norev"
29,172,0,1,2,0,"_f/F456.png","_f/F909.png","norev"
29,173,1,0,1,-1,"0","_m/M350.png - _m/M557.png","norev"
29,174,0,1,2,0,"_f/F337.png","_f/F723.png","norev"
29,175,1,0,3,-1,"0","_m/M734.png - _m/M871.png","norev"
29,176,0,0,2,-1,"0","_f/F625.png - _f/F764.png","norev"
29,177,1,0,2,-1,"0","_m/M786.png - _m/M351.png","norev"
29,178,1,1,4,0,"_m/M684.png","_m/M361.png","norev"
29,179,0,1,2,0,"_f/F900.png","_f/F858.png","norev"
29,180,1,0,1,-1,"0","_m/M753.png - _m/M417.png","norev"
29,181,0,0,2,-1,"0","_f/F904.png - _f/F831.png","norev"
29,182,1,1,1,0,"_m/M540.png","_m/M461.png","norev"
29,183,1,0,2,-1,"0","_m/M882.png - _m/M840.png","norev"
29,184,0,1,4,1,"_f/F383.png","_f/F545.png","norev"
29,185,0,0,3,-1,"0","_f/F536.png - _f/F595.png","norev"
29,186,0,1,3,1,"_f/F579.png","_f/F746.png","norev"
29,187,0,1,1,1,"_f/F419.png","_f/F378.png","norev"
29,188,0,0,2,-1,"0","_f/F366.png - _f/F852.png","norev"
29,189,1,1,4,0,"_m/M713.png","_m/M543.png","norev"
29,190,1,1,3,1,"_m/M912.png","_m/M441.png","norev"
29,191,0,1,4,0,"_f/F528.png","_f/F742.png","norev"
29,192,1,0,1,-1,"0","_m/M485.png - _m/M656.png","norev"
29,193,1,1,1,0,"_m/M580.png","_m/M396.png","norev"
29,194,0,0,2,-1,"0","_f/F475.png - _f/F853.png","norev"
29,195,0,0,3,-1,"0","_f/F721.png - _f/F590.png","norev"
29,196,0,1,2,1,"_f/F637.png","_f/F890.png","norev"
29,197,0,1,2,1,"_f/F706.png","_f/F451.png","norev"
29,198,1,1,3,1,"_m/M824.png","_m/M394.png","norev"
29,199,0,1,3,1,"_f/F838.png","_f/F790.png","norev"
29,200,1,0,3,-1,"0","_m/M547.png - _m/M740.png","norev"
30,1,0,0,2,-1,"0","_f/F568.png - _f/F430.png","norev"
30,2,1,0,3,-1,"0","_m/M514.png - _m/M796.png","norev"
30,3,0,1,2,1,"_f/F406.png","_f/F509.png","norev"
30,4,1,0,1,-1,"0","_m/M775.png - _m/M754.png","norev"
30,5,0,1,1,0,"_f/F900.png","_f/F327.png","norev"
30,6,1,0,1,-1,"0","_m/M532.png - _m/M806.png","norev"
30,7,1,1,4,1,"_m/M621.png","_m/M503.png","norev"
30,8,0,1,1,0,"_f/F605.png","_f/F464.png","norev"
30,9,0,0,1,-1,"0","_f/F782.png - _f/F767.png","norev"
30,10,0,0,1,-1,"0","_f/F855.png - _f/F825.png","norev"
30,11,1,1,2,0,"_m/M368.png","_m/M725.png","norev"
30,12,0,0,3,-1,"0","_f/F848.png - _f/F777.png","norev"
30,13,1,0,2,-1,"0","_m/M717.png - _m/M728.png","norev"
30,14,1,0,3,-1,"0","_m/M849.png - _m/M472.png","norev"
30,15,0,1,3,1,"_f/F894.png","_f/F922.png","norev"
30,16,1,0,1,-1,"0","_m/M928.png - _m/M412.png","norev"
30,17,1,0,1,-1,"0","_m/M609.png - _m/M766.png","norev"
30,18,0,1,4,0,"_f/F736.png","_f/F940.png","norev"
30,19,0,1,3,0,"_f/F791.png","_f/F434.png","norev"
30,20,1,1,4,1,"_m/M893.png","_m/M748.png","norev"
30,21,0,0,2,-1,"0","_f/F604.png - _f/F626.png","norev"
30,22,1,1,4,1,"_m/M648.png","_m/M883.png","norev"
30,23,1,0,3,-1,"0","_m/M879.png - _m/M536.png","norev"
30,24,1,0,2,-1,"0","_m/M791.png - _m/M577.png","norev"
30,25,0,1,4,1,"_f/F575.png","_f/F403.png","norev"
30,26,0,1,2,1,"_f/F368.png","_f/F746.png","norev"
30,27,1,1,2,0,"_m/M764.png","_m/M423.png","norev"
30,28,1,0,1,-1,"0","_m/M334.png - _m/M729.png","norev"
30,29,0,0,1,-1,"0","_f/F556.png - _f/F726.png","norev"
30,30,1,1,4,0,"_m/M637.png","_m/M388.png","norev"
30,31,1,1,2,0,"_m/M457.png","_m/M929.png","norev"
30,32,1,0,2,-1,"0","_m/M622.png - _m/M694.png","norev"
30,33,1,1,3,1,"_m/M674.png","_m/M419.png","norev"
30,34,0,0,1,-1,"0","_f/F837.png - _f/F624.png","norev"
30,35,1,0,2,-1,"0","_m/M411.png - _m/M518.png","norev"
30,36,1,0,1,-1,"0","_m/M750.png - _m/M811.png","norev"
30,37,0,1,1,0,"_f/F778.png","_f/F433.png","norev"
30,38,0,0,2,-1,"0","_f/F928.png - _f/F658.png","norev"
30,39,0,0,1,-1,"0","_f/F811.png - _f/F561.png","norev"
30,40,0,1,4,1,"_f/F786.png","_f/F599.png","norev"
30,41,1,1,4,1,"_m/M552.png","_m/M474.png","norev"
30,42,1,1,4,0,"_m/M639.png","_m/M783.png","norev"
30,43,1,0,2,-1,"0","_m/M688.png - _m/M541.png","norev"
30,44,1,1,2,1,"_m/M493.png","_m/M933.png","norev"
30,45,1,1,4,1,"_m/M853.png","_m/M682.png","norev"
30,46,0,1,2,1,"_f/F356.png","_f/F817.png","norev"
30,47,0,0,2,-1,"0","_f/F815.png - _f/F606.png","norev"
30,48,1,0,3,-1,"0","_m/M498.png - _m/M909.png","norev"
30,49,1,1,4,1,"_m/M410.png","_m/M731.png","norev"
30,50,0,0,1,-1,"0","_f/F854.png - _f/F439.png","norev"
30,51,1,1,4,0,"_m/M618.png","_m/M553.png","norev"
30,52,0,1,2,1,"_f/F500.png","_f/F657.png","norev"
30,53,0,0,4,-1,"0","_f/F468.png - _f/F660.png","norev"
30,54,1,1,3,1,"_m/M402.png","_m/M512.png","norev"
30,55,0,0,1,-1,"0","_f/F543.png - _f/F738.png","norev"
30,56,0,0,1,-1,"0","_f/F805.png - _f/F747.png","norev"
30,57,0,0,1,-1,"0","_f/F617.png - _f/F542.png","norev"
30,58,1,0,2,-1,"0","_m/M350.png - _m/M901.png","norev"
30,59,1,1,3,1,"_m/M482.png","_m/M627.png","norev"
30,60,0,1,3,1,"_f/F869.png","_f/F640.png","norev"
30,61,1,0,2,-1,"0","_m/M848.png - _m/M831.png","norev"
30,62,0,0,2,-1,"0","_f/F892.png - _f/F335.png","norev"
30,63,0,0,2,-1,"0","_f/F925.png - _f/F571.png","norev"
30,64,1,1,3,0,"_m/M455.png","_m/M784.png","norev"
30,65,1,0,3,-1,"0","_m/M625.png - _m/M940.png","norev"
30,66,1,0,1,-1,"0","_m/M486.png - _m/M642.png","norev"
30,67,0,0,2,-1,"0","_f/F852.png - _f/F428.png","norev"
30,68,1,0,2,-1,"0","_m/M860.png - _m/M730.png","norev"
30,69,0,0,1,-1,"0","_f/F753.png - _f/F387.png","norev"
30,70,1,0,4,-1,"0","_m/M708.png - _m/M633.png","norev"
30,71,0,0,2,-1,"0","_f/F552.png - _f/F401.png","norev"
30,72,0,0,1,-1,"0","_f/F600.png - _f/F945.png","norev"
30,73,0,1,3,1,"_f/F419.png","_f/F765.png","norev"
30,74,0,1,2,0,"_f/F792.png","_f/F382.png","norev"
30,75,0,1,4,1,"_f/F744.png","_f/F386.png","norev"
30,76,0,1,2,1,"_f/F579.png","_f/F929.png","norev"
30,77,0,1,2,0,"_f/F531.png","_f/F909.png","norev"
30,78,1,0,2,-1,"0","_m/M504.png - _m/M793.png","norev"
30,79,0,1,2,1,"_f/F867.png","_f/F697.png","norev"
30,80,1,0,1,-1,"0","_m/M839.png - _m/M597.png","norev"
30,81,0,0,2,-1,"0","_f/F521.png - _f/F511.png","norev"
30,82,1,1,4,1,"_m/M579.png","_m/M652.png","norev"
30,83,0,0,1,-1,"0","_f/F781.png - _f/F438.png","norev"
30,84,1,0,1,-1,"0","_m/M460.png - _m/M330.png","norev"
30,85,1,0,1,-1,"0","_m/M822.png - _m/M602.png","norev"
30,86,1,1,2,0,"_m/M538.png","_m/M936.png","norev"
30,87,1,1,3,1,"_m/M571.png","_m/M868.png","norev"
30,88,0,1,3,1,"_f/F420.png","_f/F802.png","norev"
30,89,0,1,3,1,"_f/F847.png","_f/F562.png","norev"
30,90,0,1,1,0,"_f/F938.png","_f/F755.png","norev"
30,91,1,0,3,-1,"0","_m/M456.png - _m/M450.png","norev"
30,92,1,0,3,-1,"0","_m/M779.png - _m/M889.png","norev"
30,93,1,0,1,-1,"0","_m/M946.png - _m/M834.png","norev"
30,94,1,1,1,0,"_m/M526.png","_m/M590.png","norev"
30,95,0,1,4,1,"_f/F665.png","_f/F668.png","norev"
30,96,1,1,4,1,"_m/M789.png","_m/M843.png","norev"
30,97,1,1,1,0,"_m/M612.png","_m/M524.png","norev"
30,98,0,1,2,0,"_f/F701.png","_f/F943.png","norev"
30,99,0,0,2,-1,"0","_f/F544.png - _f/F707.png","norev"
30,100,1,0,1,-1,"0","_m/M531.png - _m/M844.png","norev"
30,101,0,0,4,-1,"0","_f/F832.png - _f/F949.png","norev"
30,102,1,0,2,-1,"0","_m/M354.png - _m/M680.png","norev"
30,103,0,0,2,-1,"0","_f/F888.png - _f/F365.png","norev"
30,104,0,0,2,-1,"0","_f/F486.png - _f/F804.png","norev"
30,105,0,0,1,-1,"0","_f/F423.png - _f/F919.png","norev"
30,106,1,1,4,1,"_m/M568.png","_m/M385.png","norev"
30,107,0,1,4,1,"_f/F541.png","_f/F734.png","norev"
30,108,1,0,3,-1,"0","_m/M704.png - _m/M774.png","norev"
30,109,1,0,2,-1,"0","_m/M336.png - _m/M944.png","norev"
30,110,1,1,1,1,"_m/M559.png","_m/M640.png","norev"
30,111,1,1,3,1,"_m/M576.png","_m/M681.png","norev"
30,112,0,1,2,0,"_f/F819.png","_f/F418.png","norev"
30,113,0,0,1,-1,"0","_f/F385.png - _f/F796.png","norev"
30,114,1,1,1,0,"_m/M845.png","_m/M359.png","norev"
30,115,0,1,2,1,"_f/F914.png","_f/F689.png","norev"
30,116,1,0,2,-1,"0","_m/M613.png - _m/M516.png","norev"
30,117,1,0,4,-1,"0","_m/M382.png - _m/M887.png","norev"
30,118,1,1,2,0,"_m/M600.png","_m/M807.png","norev"
30,119,1,1,1,1,"_m/M523.png","_m/M478.png","norev"
30,120,0,1,4,1,"_f/F490.png","_f/F768.png","norev"
30,121,1,0,2,-1,"0","_m/M582.png - _m/M777.png","norev"
30,122,0,1,4,1,"_f/F614.png","_f/F377.png","norev"
30,123,0,0,4,-1,"0","_f/F326.png - _f/F824.png","norev"
30,124,0,1,2,0,"_f/F483.png","_f/F787.png","norev"
30,125,1,1,4,1,"_m/M628.png","_m/M647.png","norev"
30,126,0,0,2,-1,"0","_f/F942.png - _f/F839.png","norev"
30,127,1,0,3,-1,"0","_m/M395.png - _m/M752.png","norev"
30,128,1,1,1,0,"_m/M723.png","_m/M501.png","norev"
30,129,0,0,3,-1,"0","_f/F723.png - _f/F346.png","norev"
30,130,0,1,4,1,"_f/F885.png","_f/F902.png","norev"
30,131,1,1,1,0,"_m/M916.png","_m/M403.png","norev"
30,132,0,1,4,1,"_f/F895.png","_f/F645.png","norev"
30,133,0,0,2,-1,"0","_f/F698.png - _f/F525.png","norev"
30,134,0,1,3,0,"_f/F743.png","_f/F351.png","norev"
30,135,0,0,1,-1,"0","_f/F845.png - _f/F527.png","norev"
30,136,1,0,2,-1,"0","_m/M406.png - _m/M788.png","norev"
30,137,0,1,4,1,"_f/F711.png","_f/F748.png","norev"
30,138,0,1,4,1,"_f/F866.png","_f/F833.png","norev"
30,139,0,0,2,-1,"0","_f/F920.png - _f/F373.png","norev"
30,140,0,0,1,-1,"0","_f/F750.png - _f/F764.png","norev"
30,141,0,0,1,-1,"0","_f/F844.png - _f/F795.png","norev"
30,142,0,1,3,1,"_f/F361.png","_f/F841.png","norev"
30,143,0,1,4,0,"_f/F760.png","_f/F785.png","norev"
30,144,1,1,3,1,"_m/M872.png","_m/M537.png","norev"
30,145,0,1,4,1,"_f/F339.png","_f/F687.png","norev"
30,146,0,1,3,1,"_f/F809.png","_f/F836.png","norev"
30,147,1,0,2,-1,"0","_m/M631.png - _m/M687.png","norev"
30,148,1,1,4,1,"_m/M714.png","_m/M841.png","norev"
30,149,0,1,4,1,"_f/F868.png","_f/F355.png","norev"
30,150,1,0,2,-1,"0","_m/M360.png - _m/M549.png","norev"
30,151,0,1,4,1,"_f/F504.png","_f/F564.png","norev"
30,152,0,0,2,-1,"0","_f/F727.png - _f/F558.png","norev"
30,153,0,0,1,-1,"0","_f/F800.png - _f/F916.png","norev"
30,154,1,1,4,0,"_m/M462.png","_m/M862.png","norev"
30,155,0,0,2,-1,"0","_f/F636.png - _f/F751.png","norev"
30,156,1,1,4,1,"_m/M494.png","_m/M751.png","norev"
30,157,1,1,1,1,"_m/M799.png","_m/M548.png","norev"
30,158,0,1,2,1,"_f/F609.png","_f/F601.png","norev"
30,159,1,1,2,1,"_m/M665.png","_m/M343.png","norev"
30,160,1,1,2,0,"_m/M877.png","_m/M656.png","norev"
30,161,0,1,4,1,"_f/F695.png","_f/F905.png","norev"
30,162,0,0,2,-1,"0","_f/F452.png - _f/F850.png","norev"
30,163,1,0,1,-1,"0","_m/M345.png - _m/M874.png","norev"
30,164,1,1,4,1,"_m/M630.png","_m/M441.png","norev"
30,165,1,0,3,-1,"0","_m/M420.png - _m/M373.png","norev"
30,166,1,1,2,1,"_m/M663.png","_m/M495.png","norev"
30,167,1,0,2,-1,"0","_m/M605.png - _m/M545.png","norev"
30,168,0,1,4,1,"_f/F647.png","_f/F843.png","norev"
30,169,0,0,2,-1,"0","_f/F671.png - _f/F502.png","norev"
30,170,1,1,2,1,"_m/M907.png","_m/M770.png","norev"
30,171,0,1,2,1,"_f/F926.png","_f/F520.png","norev"
30,172,0,1,2,0,"_f/F519.png","_f/F477.png","norev"
30,173,1,1,2,1,"_m/M768.png","_m/M436.png","norev"
30,174,0,0,3,-1,"0","_f/F798.png - _f/F586.png","norev"
30,175,0,1,3,0,"_f/F771.png","_f/F883.png","norev"
30,176,1,0,1,-1,"0","_m/M529.png - _m/M364.png","norev"
30,177,1,0,1,-1,"0","_m/M492.png - _m/M546.png","norev"
30,178,0,0,3,-1,"0","_f/F627.png - _f/F334.png","norev"
30,179,0,0,1,-1,"0","_f/F903.png - _f/F699.png","norev"
30,180,0,1,2,0,"_f/F789.png","_f/F469.png","norev"
30,181,0,0,3,-1,"0","_f/F357.png - _f/F602.png","norev"
30,182,1,1,1,0,"_m/M490.png","_m/M747.png","norev"
30,183,1,0,2,-1,"0","_m/M332.png - _m/M797.png","norev"
30,184,0,0,1,-1,"0","_f/F496.png - _f/F875.png","norev"
30,185,1,0,2,-1,"0","_m/M626.png - _m/M700.png","norev"
30,186,1,1,2,0,"_m/M683.png","_m/M854.png","norev"
30,187,1,0,1,-1,"0","_m/M413.png - _m/M863.png","norev"
30,188,1,0,2,-1,"0","_m/M558.png - _m/M505.png","norev"
30,189,1,0,1,-1,"0","_m/M556.png - _m/M507.png","norev"
30,190,1,1,4,1,"_m/M488.png","_m/M882.png","norev"
30,191,0,0,3,-1,"0","_f/F337.png - _f/F513.png","norev"
30,192,1,1,1,1,"_m/M669.png","_m/M475.png","norev"
30,193,0,1,4,1,"_f/F915.png","_f/F538.png","norev"
30,194,0,1,2,0,"_f/F523.png","_f/F425.png","norev"
30,195,0,0,1,-1,"0","_f/F655.png - _f/F628.png","norev"
30,196,1,1,2,0,"_m/M897.png","_m/M566.png","norev"
30,197,1,1,2,0,"_m/M660.png","_m/M649.png","norev"
30,198,1,0,1,-1,"0","_m/M857.png - _m/M509.png","norev"
30,199,0,0,4,-1,"0","_f/F522.png - _f/F823.png","norev"
30,200,1,1,4,1,"_m/M327.png","_m/M584.png","norev"
31,1,0,1,3,1,"_f/F416.png","_f/F626.png","norev"
31,2,1,1,3,0,"_m/M690.png","_m/M412.png","norev"
31,3,0,0,2,-1,"0","_f/F735.png - _f/F935.png","norev"
31,4,1,1,4,0,"_m/M854.png","_m/M870.png","norev"
31,5,1,1,1,0,"_m/M804.png","_m/M327.png","norev"
31,6,1,1,3,1,"_m/M620.png","_m/M596.png","norev"
31,7,1,1,4,1,"_m/M417.png","_m/M422.png","norev"
31,8,1,1,3,1,"_m/M495.png","_m/M933.png","norev"
31,9,1,1,3,1,"_m/M560.png","_m/M732.png","norev"
31,10,1,0,1,-1,"0","_m/M762.png - _m/M464.png","norev"
31,11,1,0,1,-1,"0","_m/M626.png - _m/M499.png","norev"
31,12,1,1,3,1,"_m/M542.png","_m/M638.png","norev"
31,13,1,0,1,-1,"0","_m/M819.png - _m/M574.png","norev"
31,14,1,0,3,-1,"0","_m/M668.png - _m/M770.png","norev"
31,15,0,0,1,-1,"0","_f/F630.png - _f/F515.png","norev"
31,16,0,1,4,0,"_f/F904.png","_f/F870.png","norev"
31,17,0,0,3,-1,"0","_f/F526.png - _f/F463.png","norev"
31,18,0,1,3,1,"_f/F377.png","_f/F706.png","norev"
31,19,1,0,1,-1,"0","_m/M950.png - _m/M375.png","norev"
31,20,0,1,3,1,"_f/F808.png","_f/F381.png","norev"
31,21,1,1,3,0,"_m/M362.png","_m/M428.png","norev"
31,22,0,0,1,-1,"0","_f/F581.png - _f/F543.png","norev"
31,23,1,1,2,0,"_m/M789.png","_m/M802.png","norev"
31,24,0,1,2,0,"_f/F428.png","_f/F642.png","norev"
31,25,0,1,3,1,"_f/F673.png","_f/F558.png","norev"
31,26,0,0,2,-1,"0","_f/F350.png - _f/F881.png","norev"
31,27,0,1,4,1,"_f/F373.png","_f/F629.png","norev"
31,28,1,0,4,-1,"0","_m/M709.png - _m/M530.png","norev"
31,29,1,0,4,-1,"0","_m/M885.png - _m/M842.png","norev"
31,30,0,0,3,-1,"0","_f/F689.png - _f/F594.png","norev"
31,31,0,1,2,1,"_f/F575.png","_f/F784.png","norev"
31,32,1,1,3,1,"_m/M394.png","_m/M639.png","norev"
31,33,0,1,1,0,"_f/F792.png","_f/F737.png","norev"
31,34,0,1,2,1,"_f/F650.png","_f/F628.png","norev"
31,35,1,1,3,1,"_m/M914.png","_m/M445.png","norev"
31,36,1,0,1,-1,"0","_m/M655.png - _m/M403.png","norev"
31,37,1,0,2,-1,"0","_m/M948.png - _m/M654.png","norev"
31,38,0,1,3,1,"_f/F897.png","_f/F570.png","norev"
31,39,1,0,4,-1,"0","_m/M479.png - _m/M386.png","norev"
31,40,1,1,2,1,"_m/M364.png","_m/M537.png","norev"
31,41,0,1,3,1,"_f/F930.png","_f/F913.png","norev"
31,42,1,1,2,0,"_m/M557.png","_m/M520.png","norev"
31,43,0,0,1,-1,"0","_f/F614.png - _f/F661.png","norev"
31,44,1,1,3,1,"_m/M884.png","_m/M485.png","norev"
31,45,1,0,1,-1,"0","_m/M345.png - _m/M733.png","norev"
31,46,1,0,1,-1,"0","_m/M674.png - _m/M357.png","norev"
31,47,0,1,3,0,"_f/F757.png","_f/F427.png","norev"
31,48,0,0,3,-1,"0","_f/F886.png - _f/F767.png","norev"
31,49,0,1,2,1,"_f/F596.png","_f/F454.png","norev"
31,50,1,1,2,1,"_m/M586.png","_m/M745.png","norev"
31,51,1,0,2,-1,"0","_m/M492.png - _m/M929.png","norev"
31,52,1,0,2,-1,"0","_m/M544.png - _m/M514.png","norev"
31,53,0,0,3,-1,"0","_f/F675.png - _f/F900.png","norev"
31,54,0,0,3,-1,"0","_f/F636.png - _f/F402.png","norev"
31,55,0,0,2,-1,"0","_f/F346.png - _f/F415.png","norev"
31,56,0,0,1,-1,"0","_f/F328.png - _f/F419.png","norev"
31,57,1,0,3,-1,"0","_m/M480.png - _m/M647.png","norev"
31,58,1,1,1,0,"_m/M570.png","_m/M856.png","norev"
31,59,0,0,3,-1,"0","_f/F688.png - _f/F657.png","norev"
31,60,0,0,1,-1,"0","_f/F641.png - _f/F545.png","norev"
31,61,0,0,2,-1,"0","_f/F850.png - _f/F494.png","norev"
31,62,1,0,2,-1,"0","_m/M437.png - _m/M791.png","norev"
31,63,0,1,3,1,"_f/F696.png","_f/F616.png","norev"
31,64,1,1,3,0,"_m/M491.png","_m/M826.png","norev"
31,65,1,1,2,1,"_m/M910.png","_m/M932.png","norev"
31,66,0,0,4,-1,"0","_f/F531.png - _f/F592.png","norev"
31,67,0,0,3,-1,"0","_f/F679.png - _f/F510.png","norev"
31,68,0,1,1,1,"_f/F736.png","_f/F745.png","norev"
31,69,0,0,2,-1,"0","_f/F940.png - _f/F546.png","norev"
31,70,1,1,2,0,"_m/M893.png","_m/M671.png","norev"
31,71,1,1,3,0,"_m/M919.png","_m/M699.png","norev"
31,72,1,1,4,1,"_m/M424.png","_m/M487.png","norev"
31,73,0,1,4,0,"_f/F801.png","_f/F694.png","norev"
31,74,1,0,2,-1,"0","_m/M667.png - _m/M651.png","norev"
31,75,1,0,3,-1,"0","_m/M722.png - _m/M923.png","norev"
31,76,1,0,2,-1,"0","_m/M635.png - _m/M658.png","norev"
31,77,0,1,1,1,"_f/F456.png","_f/F479.png","norev"
31,78,1,1,3,1,"_m/M502.png","_m/M800.png","norev"
31,79,1,1,4,1,"_m/M390.png","_m/M867.png","norev"
31,80,0,1,3,1,"_f/F908.png","_f/F671.png","norev"
31,81,0,0,1,-1,"0","_f/F701.png - _f/F766.png","norev"
31,82,0,1,4,1,"_f/F547.png","_f/F522.png","norev"
31,83,0,0,3,-1,"0","_f/F832.png - _f/F787.png","norev"
31,84,0,1,4,1,"_f/F681.png","_f/F483.png","norev"
31,85,1,0,2,-1,"0","_m/M465.png - _m/M861.png","norev"
31,86,0,1,3,1,"_f/F564.png","_f/F449.png","norev"
31,87,1,1,1,1,"_m/M803.png","_m/M349.png","norev"
31,88,1,1,2,1,"_m/M799.png","_m/M695.png","norev"
31,89,1,1,3,0,"_m/M779.png","_m/M768.png","norev"
31,90,0,1,3,0,"_f/F746.png","_f/F421.png","norev"
31,91,0,0,2,-1,"0","_f/F361.png - _f/F442.png","norev"
31,92,0,1,1,0,"_f/F760.png","_f/F562.png","norev"
31,93,1,0,3,-1,"0","_m/M705.png - _m/M735.png","norev"
31,94,0,0,2,-1,"0","_f/F795.png - _f/F595.png","norev"
31,95,0,1,2,1,"_f/F865.png","_f/F619.png","norev"
31,96,1,1,2,1,"_m/M931.png","_m/M559.png","norev"
31,97,1,0,3,-1,"0","_m/M940.png - _m/M568.png","norev"
31,98,1,0,1,-1,"0","_m/M934.png - _m/M749.png","norev"
31,99,1,1,3,0,"_m/M567.png","_m/M888.png","norev"
31,100,0,0,3,-1,"0","_f/F818.png - _f/F372.png","norev"
31,101,0,0,1,-1,"0","_f/F355.png - _f/F752.png","norev"
31,102,0,1,2,0,"_f/F326.png","_f/F669.png","norev"
31,103,1,0,3,-1,"0","_m/M376.png - _m/M860.png","norev"
31,104,0,0,1,-1,"0","_f/F618.png - _f/F869.png","norev"
31,105,0,0,3,-1,"0","_f/F934.png - _f/F493.png","norev"
31,106,1,0,2,-1,"0","_m/M903.png - _m/M949.png","norev"
31,107,1,0,1,-1,"0","_m/M458.png - _m/M552.png","norev"
31,108,0,1,2,0,"_f/F345.png","_f/F649.png","norev"
31,109,1,0,3,-1,"0","_m/M599.png - _m/M906.png","norev"
31,110,0,0,4,-1,"0","_f/F344.png - _f/F798.png","norev"
31,111,0,1,3,1,"_f/F590.png","_f/F946.png","norev"
31,112,1,0,2,-1,"0","_m/M859.png - _m/M815.png","norev"
31,113,1,1,4,1,"_m/M871.png","_m/M558.png","norev"
31,114,1,1,2,0,"_m/M862.png","_m/M728.png","norev"
31,115,0,0,2,-1,"0","_f/F635.png - _f/F556.png","norev"
31,116,1,0,3,-1,"0","_m/M478.png - _m/M823.png","norev"
31,117,1,1,3,0,"_m/M526.png","_m/M759.png","norev"
31,118,0,0,2,-1,"0","_f/F388.png - _f/F876.png","norev"
31,119,1,0,2,-1,"0","_m/M398.png - _m/M611.png","norev"
31,120,0,0,1,-1,"0","_f/F405.png - _f/F645.png","norev"
31,121,0,0,2,-1,"0","_f/F663.png - _f/F467.png","norev"
31,122,1,1,3,0,"_m/M603.png","_m/M645.png","norev"
31,123,1,1,3,1,"_m/M847.png","_m/M363.png","norev"
31,124,1,1,1,0,"_m/M771.png","_m/M754.png","norev"
31,125,1,0,2,-1,"0","_m/M938.png - _m/M447.png","norev"
31,126,1,1,3,1,"_m/M489.png","_m/M924.png","norev"
31,127,0,1,1,1,"_f/F485.png","_f/F721.png","norev"
31,128,1,0,2,-1,"0","_m/M612.png - _m/M630.png","norev"
31,129,0,1,2,1,"_f/F482.png","_f/F893.png","norev"
31,130,0,0,3,-1,"0","_f/F534.png - _f/F513.png","norev"
31,131,0,0,2,-1,"0","_f/F740.png - _f/F640.png","norev"
31,132,0,0,1,-1,"0","_f/F748.png - _f/F327.png","norev"
31,133,0,1,4,1,"_f/F486.png","_f/F813.png","norev"
31,134,0,1,4,1,"_f/F728.png","_f/F615.png","norev"
31,135,1,1,3,0,"_m/M512.png","_m/M775.png","norev"
31,136,1,0,2,-1,"0","_m/M926.png - _m/M831.png","norev"
31,137,0,1,3,0,"_f/F609.png","_f/F506.png","norev"
31,138,1,0,2,-1,"0","_m/M669.png - _m/M539.png","norev"
31,139,0,1,4,0,"_f/F852.png","_f/F817.png","norev"
31,140,1,0,3,-1,"0","_m/M498.png - _m/M519.png","norev"
31,141,1,1,3,1,"_m/M500.png","_m/M744.png","norev"
31,142,0,1,2,1,"_f/F914.png","_f/F370.png","norev"
31,143,1,0,3,-1,"0","_m/M725.png - _m/M943.png","norev"
31,144,1,0,2,-1,"0","_m/M774.png - _m/M813.png","norev"
31,145,1,0,3,-1,"0","_m/M593.png - _m/M927.png","norev"
31,146,1,1,3,0,"_m/M792.png","_m/M673.png","norev"
31,147,0,1,1,0,"_f/F771.png","_f/F375.png","norev"
31,148,0,0,2,-1,"0","_f/F544.png - _f/F843.png","norev"
31,149,1,0,4,-1,"0","_m/M467.png - _m/M663.png","norev"
31,150,1,1,2,1,"_m/M548.png","_m/M729.png","norev"
31,151,1,1,1,1,"_m/M426.png","_m/M755.png","norev"
31,152,1,1,2,0,"_m/M685.png","_m/M869.png","norev"
31,153,1,0,3,-1,"0","_m/M550.png - _m/M368.png","norev"
31,154,0,1,3,1,"_f/F353.png","_f/F682.png","norev"
31,155,1,0,2,-1,"0","_m/M736.png - _m/M584.png","norev"
31,156,1,1,1,0,"_m/M798.png","_m/M619.png","norev"
31,157,0,1,3,0,"_f/F707.png","_f/F521.png","norev"
31,158,0,1,3,1,"_f/F943.png","_f/F718.png","norev"
31,159,0,1,3,1,"_f/F586.png","_f/F936.png","norev"
31,160,0,0,3,-1,"0","_f/F815.png - _f/F625.png","norev"
31,161,1,1,2,1,"_m/M720.png","_m/M441.png","norev"
31,162,0,0,3,-1,"0","_f/F540.png - _f/F842.png","norev"
31,163,0,1,4,1,"_f/F716.png","_f/F910.png","norev"
31,164,0,1,3,1,"_f/F422.png","_f/F488.png","norev"
31,165,0,1,3,1,"_f/F620.png","_f/F359.png","norev"
31,166,0,0,2,-1,"0","_f/F352.png - _f/F950.png","norev"
31,167,0,0,3,-1,"0","_f/F639.png - _f/F637.png","norev"
31,168,0,0,1,-1,"0","_f/F435.png - _f/F836.png","norev"
31,169,1,0,3,-1,"0","_m/M714.png - _m/M451.png","norev"
31,170,0,1,4,1,"_f/F826.png","_f/F443.png","norev"
31,171,0,1,3,1,"_f/F862.png","_f/F783.png","norev"
31,172,1,1,3,1,"_m/M857.png","_m/M637.png","norev"
31,173,0,0,2,-1,"0","_f/F810.png - _f/F947.png","norev"
31,174,0,1,3,1,"_f/F849.png","_f/F684.png","norev"
31,175,0,1,1,1,"_f/F512.png","_f/F772.png","norev"
31,176,1,0,1,-1,"0","_m/M731.png - _m/M460.png","norev"
31,177,1,1,4,1,"_m/M427.png","_m/M706.png","norev"
31,178,0,1,2,0,"_f/F785.png","_f/F474.png","norev"
31,179,1,0,3,-1,"0","_m/M373.png - _m/M592.png","norev"
31,180,0,1,2,0,"_f/F429.png","_f/F602.png","norev"
31,181,0,0,2,-1,"0","_f/F447.png - _f/F758.png","norev"
31,182,0,0,3,-1,"0","_f/F509.png - _f/F651.png","norev"
31,183,1,0,1,-1,"0","_m/M640.png - _m/M652.png","norev"
31,184,1,1,2,0,"_m/M484.png","_m/M872.png","norev"
31,185,0,0,2,-1,"0","_f/F492.png - _f/F704.png","norev"
31,186,0,0,3,-1,"0","_f/F695.png - _f/F539.png","norev"
31,187,1,0,4,-1,"0","_m/M536.png - _m/M565.png","norev"
31,188,0,0,3,-1,"0","_f/F478.png - _f/F356.png","norev"
31,189,0,0,1,-1,"0","_f/F572.png - _f/F329.png","norev"
31,190,1,1,2,1,"_m/M393.png","_m/M517.png","norev"
31,191,0,1,4,1,"_f/F426.png","_f/F922.png","norev"
31,192,1,0,3,-1,"0","_m/M481.png - _m/M750.png","norev"
31,193,1,0,1,-1,"0","_m/M886.png - _m/M473.png","norev"
31,194,1,1,2,1,"_m/M385.png","_m/M507.png","norev"
31,195,1,0,2,-1,"0","_m/M331.png - _m/M610.png","norev"
31,196,0,0,3,-1,"0","_f/F662.png - _f/F507.png","norev"
31,197,0,0,3,-1,"0","_f/F790.png - _f/F477.png","norev"
31,198,1,1,2,1,"_m/M747.png","_m/M344.png","norev"
31,199,0,0,4,-1,"0","_f/F839.png - _f/F378.png","norev"
31,200,1,0,3,-1,"0","_m/M676.png - _m/M873.png","norev"
32,1,1,1,4,1,"_m/M718.png","_m/M482.png","norev"
32,2,0,1,4,1,"_f/F582.png","_f/F769.png","norev"
32,3,1,1,4,0,"_m/M640.png","_m/M478.png","norev"
32,4,1,0,1,-1,"0","_m/M452.png - _m/M833.png","norev"
32,5,0,1,3,1,"_f/F539.png","_f/F793.png","norev"
32,6,1,1,4,1,"_m/M809.png","_m/M586.png","norev"
32,7,0,1,1,0,"_f/F383.png","_f/F803.png","norev"
32,8,0,0,1,-1,"0","_f/F794.png - _f/F743.png","norev"
32,9,0,0,1,-1,"0","_f/F852.png - _f/F942.png","norev"
32,10,1,1,2,0,"_m/M651.png","_m/M523.png","norev"
32,11,1,0,1,-1,"0","_m/M358.png - _m/M950.png","norev"
32,12,1,0,2,-1,"0","_m/M581.png - _m/M414.png","norev"
32,13,1,0,2,-1,"0","_m/M599.png - _m/M911.png","norev"
32,14,1,0,3,-1,"0","_m/M628.png - _m/M549.png","norev"
32,15,1,1,3,1,"_m/M329.png","_m/M669.png","norev"
32,16,1,1,2,0,"_m/M654.png","_m/M354.png","norev"
32,17,1,0,2,-1,"0","_m/M658.png - _m/M780.png","norev"
32,18,1,1,2,0,"_m/M627.png","_m/M713.png","norev"
32,19,1,1,2,0,"_m/M848.png","_m/M503.png","norev"
32,20,0,0,4,-1,"0","_f/F827.png - _f/F759.png","norev"
32,21,0,0,2,-1,"0","_f/F857.png - _f/F570.png","norev"
32,22,1,0,4,-1,"0","_m/M814.png - _m/M923.png","norev"
32,23,1,1,3,0,"_m/M805.png","_m/M533.png","norev"
32,24,1,1,2,0,"_m/M925.png","_m/M932.png","norev"
32,25,1,0,2,-1,"0","_m/M579.png - _m/M418.png","norev"
32,26,0,1,3,0,"_f/F802.png","_f/F377.png","norev"
32,27,1,0,2,-1,"0","_m/M618.png - _m/M839.png","norev"
32,28,0,0,3,-1,"0","_f/F534.png - _f/F773.png","norev"
32,29,0,0,2,-1,"0","_f/F503.png - _f/F840.png","norev"
32,30,0,1,2,0,"_f/F748.png","_f/F629.png","norev"
32,31,1,0,3,-1,"0","_m/M339.png - _m/M844.png","norev"
32,32,1,1,2,1,"_m/M497.png","_m/M714.png","norev"
32,33,0,1,3,0,"_f/F413.png","_f/F815.png","norev"
32,34,1,1,4,1,"_m/M621.png","_m/M624.png","norev"
32,35,1,1,3,1,"_m/M945.png","_m/M476.png","norev"
32,36,1,0,1,-1,"0","_m/M600.png - _m/M898.png","norev"
32,37,1,0,1,-1,"0","_m/M470.png - _m/M397.png","norev"
32,38,0,1,3,1,"_f/F939.png","_f/F792.png","norev"
32,39,1,0,1,-1,"0","_m/M552.png - _m/M457.png","norev"
32,40,0,0,1,-1,"0","_f/F674.png - _f/F354.png","norev"
32,41,0,0,2,-1,"0","_f/F623.png - _f/F700.png","norev"
32,42,0,1,3,1,"_f/F937.png","_f/F449.png","norev"
32,43,0,0,3,-1,"0","_f/F510.png - _f/F496.png","norev"
32,44,0,1,4,1,"_f/F905.png","_f/F465.png","norev"
32,45,1,0,3,-1,"0","_m/M755.png - _m/M386.png","norev"
32,46,1,1,3,1,"_m/M796.png","_m/M557.png","norev"
32,47,1,0,1,-1,"0","_m/M544.png - _m/M435.png","norev"
32,48,1,0,3,-1,"0","_m/M824.png - _m/M357.png","norev"
32,49,0,0,1,-1,"0","_f/F448.png - _f/F682.png","norev"
32,50,0,0,1,-1,"0","_f/F690.png - _f/F616.png","norev"
32,51,0,0,1,-1,"0","_f/F363.png - _f/F662.png","norev"
32,52,0,1,4,1,"_f/F566.png","_f/F479.png","norev"
32,53,0,1,4,1,"_f/F536.png","_f/F371.png","norev"
32,54,1,1,3,0,"_m/M370.png","_m/M903.png","norev"
32,55,0,0,1,-1,"0","_f/F468.png - _f/F356.png","norev"
32,56,1,0,2,-1,"0","_m/M496.png - _m/M504.png","norev"
32,57,0,1,4,1,"_f/F778.png","_f/F412.png","norev"
32,58,0,0,2,-1,"0","_f/F868.png - _f/F890.png","norev"
32,59,0,0,1,-1,"0","_f/F672.png - _f/F669.png","norev"
32,60,1,0,3,-1,"0","_m/M682.png - _m/M764.png","norev"
32,61,1,0,1,-1,"0","_m/M422.png - _m/M685.png","norev"
32,62,1,1,2,0,"_m/M637.png","_m/M775.png","norev"
32,63,0,0,3,-1,"0","_f/F648.png - _f/F807.png","norev"
32,64,0,0,1,-1,"0","_f/F638.png - _f/F860.png","norev"
32,65,1,1,4,1,"_m/M810.png","_m/M664.png","norev"
32,66,1,1,3,1,"_m/M595.png","_m/M349.png","norev"
32,67,1,1,4,1,"_m/M515.png","_m/M725.png","norev"
32,68,1,0,2,-1,"0","_m/M670.png - _m/M399.png","norev"
32,69,1,1,2,1,"_m/M690.png","_m/M485.png","norev"
32,70,0,0,2,-1,"0","_f/F889.png - _f/F640.png","norev"
32,71,1,0,1,-1,"0","_m/M831.png - _m/M520.png","norev"
32,72,1,0,2,-1,"0","_m/M459.png - _m/M567.png","norev"
32,73,1,1,2,0,"_m/M851.png","_m/M551.png","norev"
32,74,1,1,4,1,"_m/M798.png","_m/M657.png","norev"
32,75,1,0,3,-1,"0","_m/M355.png - _m/M861.png","norev"
32,76,0,0,1,-1,"0","_f/F822.png - _f/F576.png","norev"
32,77,0,1,2,0,"_f/F463.png","_f/F768.png","norev"
32,78,0,1,2,0,"_f/F600.png","_f/F723.png","norev"
32,79,1,0,3,-1,"0","_m/M570.png - _m/M679.png","norev"
32,80,0,0,2,-1,"0","_f/F861.png - _f/F799.png","norev"
32,81,1,1,3,0,"_m/M674.png","_m/M822.png","norev"
32,82,1,0,3,-1,"0","_m/M508.png - _m/M488.png","norev"
32,83,1,1,1,1,"_m/M507.png","_m/M742.png","norev"
32,84,1,1,3,0,"_m/M569.png","_m/M680.png","norev"
32,85,1,0,1,-1,"0","_m/M947.png - _m/M607.png","norev"
32,86,0,1,2,0,"_f/F935.png","_f/F685.png","norev"
32,87,0,0,2,-1,"0","_f/F821.png - _f/F756.png","norev"
32,88,0,0,4,-1,"0","_f/F650.png - _f/F869.png","norev"
32,89,0,0,3,-1,"0","_f/F567.png - _f/F870.png","norev"
32,90,1,1,4,1,"_m/M494.png","_m/M890.png","norev"
32,91,0,0,2,-1,"0","_f/F653.png - _f/F844.png","norev"
32,92,1,0,2,-1,"0","_m/M723.png - _m/M701.png","norev"
32,93,0,0,2,-1,"0","_f/F619.png - _f/F659.png","norev"
32,94,1,0,2,-1,"0","_m/M430.png - _m/M466.png","norev"
32,95,0,0,2,-1,"0","_f/F625.png - _f/F605.png","norev"
32,96,0,0,2,-1,"0","_f/F488.png - _f/F406.png","norev"
32,97,0,1,2,1,"_f/F767.png","_f/F636.png","norev"
32,98,0,1,2,1,"_f/F643.png","_f/F666.png","norev"
32,99,0,1,4,1,"_f/F928.png","_f/F506.png","norev"
32,100,1,1,2,0,"_m/M928.png","_m/M474.png","norev"
32,101,1,1,3,1,"_m/M366.png","_m/M815.png","norev"
32,102,0,0,2,-1,"0","_f/F667.png - _f/F359.png","norev"
32,103,1,1,3,0,"_m/M847.png","_m/M328.png","norev"
32,104,0,1,2,1,"_f/F671.png","_f/F923.png","norev"
32,105,0,0,4,-1,"0","_f/F656.png - _f/F469.png","norev"
32,106,0,1,4,0,"_f/F841.png","_f/F441.png","norev"
32,107,0,1,3,0,"_f/F357.png","_f/F565.png","norev"
32,108,1,0,3,-1,"0","_m/M592.png - _m/M428.png","norev"
32,109,0,0,2,-1,"0","_f/F706.png - _f/F507.png","norev"
32,110,0,0,1,-1,"0","_f/F504.png - _f/F336.png","norev"
32,111,0,1,2,1,"_f/F502.png","_f/F481.png","norev"
32,112,0,0,2,-1,"0","_f/F688.png - _f/F753.png","norev"
32,113,0,1,4,1,"_f/F558.png","_f/F838.png","norev"
32,114,1,0,3,-1,"0","_m/M431.png - _m/M441.png","norev"
32,115,1,0,2,-1,"0","_m/M696.png - _m/M529.png","norev"
32,116,0,0,3,-1,"0","_f/F877.png - _f/F439.png","norev"
32,117,1,1,2,0,"_m/M942.png","_m/M715.png","norev"
32,118,0,1,2,1,"_f/F810.png","_f/F641.png","norev"
32,119,1,1,3,1,"_m/M912.png","_m/M527.png","norev"
32,120,0,0,3,-1,"0","_f/F447.png - _f/F925.png","norev"
32,121,1,0,3,-1,"0","_m/M560.png - _m/M862.png","norev"
32,122,0,0,2,-1,"0","_f/F391.png - _f/F476.png","norev"
32,123,0,0,3,-1,"0","_f/F407.png - _f/F458.png","norev"
32,124,0,0,3,-1,"0","_f/F646.png - _f/F417.png","norev"
32,125,1,0,2,-1,"0","_m/M771.png - _m/M584.png","norev"
32,126,1,0,2,-1,"0","_m/M420.png - _m/M512.png","norev"
32,127,1,0,3,-1,"0","_m/M398.png - _m/M808.png","norev"
32,128,0,1,3,1,"_f/F944.png","_f/F591.png","norev"
32,129,1,0,3,-1,"0","_m/M741.png - _m/M917.png","norev"
32,130,1,1,2,0,"_m/M843.png","_m/M652.png","norev"
32,131,0,1,2,1,"_f/F912.png","_f/F813.png","norev"
32,132,0,1,3,1,"_f/F509.png","_f/F353.png","norev"
32,133,0,1,2,1,"_f/F825.png","_f/F720.png","norev"
32,134,0,1,2,0,"_f/F596.png","_f/F713.png","norev"
32,135,0,1,3,0,"_f/F425.png","_f/F747.png","norev"
32,136,0,1,3,0,"_f/F552.png","_f/F738.png","norev"
32,137,0,0,3,-1,"0","_f/F564.png - _f/F369.png","norev"
32,138,1,0,3,-1,"0","_m/M362.png - _m/M547.png","norev"
32,139,1,1,3,1,"_m/M774.png","_m/M876.png","norev"
32,140,0,0,1,-1,"0","_f/F709.png - _f/F806.png","norev"
32,141,1,1,1,1,"_m/M603.png","_m/M648.png","norev"
32,142,0,0,2,-1,"0","_f/F665.png - _f/F555.png","norev"
32,143,1,1,3,0,"_m/M546.png","_m/M842.png","norev"
32,144,0,0,3,-1,"0","_f/F828.png - _f/F420.png","norev"
32,145,1,0,2,-1,"0","_m/M411.png - _m/M449.png","norev"
32,146,0,0,2,-1,"0","_f/F771.png - _f/F340.png","norev"
32,147,0,1,2,0,"_f/F698.png","_f/F654.png","norev"
32,148,1,1,3,1,"_m/M345.png","_m/M785.png","norev"
32,149,1,1,2,1,"_m/M683.png","_m/M653.png","norev"
32,150,0,1,3,0,"_f/F579.png","_f/F843.png","norev"
32,151,1,1,2,0,"_m/M794.png","_m/M530.png","norev"
32,152,0,0,3,-1,"0","_f/F398.png - _f/F559.png","norev"
32,153,1,1,2,1,"_m/M360.png","_m/M400.png","norev"
32,154,1,1,2,1,"_m/M498.png","_m/M620.png","norev"
32,155,0,0,2,-1,"0","_f/F818.png - _f/F938.png","norev"
32,156,1,0,3,-1,"0","_m/M858.png - _m/M391.png","norev"
32,157,1,1,3,1,"_m/M596.png","_m/M447.png","norev"
32,158,0,1,2,1,"_f/F824.png","_f/F834.png","norev"
32,159,1,1,2,0,"_m/M443.png","_m/M417.png","norev"
32,160,1,0,3,-1,"0","_m/M865.png - _m/M384.png","norev"
32,161,1,1,2,1,"_m/M423.png","_m/M458.png","norev"
32,162,0,0,2,-1,"0","_f/F678.png - _f/F715.png","norev"
32,163,0,0,2,-1,"0","_f/F560.png - _f/F435.png","norev"
32,164,0,1,3,1,"_f/F586.png","_f/F517.png","norev"
32,165,1,1,4,1,"_m/M907.png","_m/M522.png","norev"
32,166,0,1,3,1,"_f/F744.png","_f/F735.png","norev"
32,167,0,1,3,0,"_f/F772.png","_f/F787.png","norev"
32,168,1,0,2,-1,"0","_m/M661.png - _m/M454.png","norev"
32,169,0,1,2,1,"_f/F722.png","_f/F497.png","norev"
32,170,0,0,1,-1,"0","_f/F578.png - _f/F691.png","norev"
32,171,1,0,2,-1,"0","_m/M883.png - _m/M921.png","norev"
32,172,0,1,2,1,"_f/F615.png","_f/F626.png","norev"
32,173,0,0,2,-1,"0","_f/F409.png - _f/F355.png","norev"
32,174,1,1,3,1,"_m/M509.png","_m/M395.png","norev"
32,175,1,0,4,-1,"0","_m/M759.png - _m/M781.png","norev"
32,176,0,1,2,0,"_f/F790.png","_f/F438.png","norev"
32,177,1,1,3,1,"_m/M495.png","_m/M726.png","norev"
32,178,0,1,3,1,"_f/F694.png","_f/F500.png","norev"
32,179,1,1,2,0,"_m/M924.png","_m/M615.png","norev"
32,180,0,0,3,-1,"0","_f/F947.png - _f/F711.png","norev"
32,181,0,1,2,0,"_f/F717.png","_f/F940.png","norev"
32,182,0,1,1,1,"_f/F426.png","_f/F392.png","norev"
32,183,1,1,4,1,"_m/M832.png","_m/M934.png","norev"
32,184,0,1,3,1,"_f/F836.png","_f/F373.png","norev"
32,185,1,0,1,-1,"0","_m/M371.png - _m/M728.png","norev"
32,186,1,1,3,1,"_m/M910.png","_m/M745.png","norev"
32,187,1,0,3,-1,"0","_m/M481.png - _m/M849.png","norev"
32,188,1,0,2,-1,"0","_m/M817.png - _m/M751.png","norev"
32,189,0,1,3,1,"_f/F379.png","_f/F913.png","norev"
32,190,0,1,4,1,"_f/F501.png","_f/F520.png","norev"
32,191,1,0,3,-1,"0","_m/M818.png - _m/M860.png","norev"
32,192,0,1,2,1,"_f/F457.png","_f/F611.png","norev"
32,193,1,0,2,-1,"0","_m/M589.png - _m/M382.png","norev"
32,194,0,1,3,1,"_f/F705.png","_f/F775.png","norev"
32,195,1,1,4,1,"_m/M524.png","_m/M838.png","norev"
32,196,1,0,4,-1,"0","_m/M675.png - _m/M413.png","norev"
32,197,1,0,3,-1,"0","_m/M889.png - _m/M593.png","norev"
32,198,0,0,1,-1,"0","_f/F581.png - _f/F382.png","norev"
32,199,0,1,3,1,"_f/F327.png","_f/F571.png","norev"
32,200,0,1,1,0,"_f/F652.png","_f/F521.png","norev"
33,1,1,1,1,0,"_m/M474.png","_m/M777.png","norev"
33,2,1,1,3,1,"_m/M799.png","_m/M498.png","norev"
33,3,0,1,4,1,"_f/F490.png","_f/F778.png","norev"
33,4,0,1,4,1,"_f/F547.png","_f/F358.png","norev"
33,5,0,1,2,1,"_f/F891.png","_f/F525.png","norev"
33,6,0,0,2,-1,"0","_f/F446.png - _f/F389.png","norev"
33,7,0,1,4,1,"_f/F365.png","_f/F760.png","norev"
33,8,0,1,4,1,"_f/F491.png","_f/F718.png","norev"
33,9,0,1,3,0,"_f/F582.png","_f/F864.png","norev"
33,10,0,1,2,1,"_f/F537.png","_f/F636.png","norev"
33,11,1,0,2,-1,"0","_m/M932.png - _m/M901.png","norev"
33,12,1,0,1,-1,"0","_m/M466.png - _m/M942.png","norev"
33,13,1,1,2,1,"_m/M631.png","_m/M810.png","norev"
33,14,0,0,1,-1,"0","_f/F664.png - _f/F375.png","norev"
33,15,1,0,2,-1,"0","_m/M766.png - _m/M885.png","norev"
33,16,0,1,4,1,"_f/F433.png","_f/F712.png","norev"
33,17,1,1,1,1,"_m/M703.png","_m/M856.png","norev"
33,18,0,0,2,-1,"0","_f/F566.png - _f/F713.png","norev"
33,19,0,0,1,-1,"0","_f/F799.png - _f/F336.png","norev"
33,20,1,1,4,1,"_m/M923.png","_m/M724.png","norev"
33,21,1,1,1,0,"_m/M678.png","_m/M530.png","norev"
33,22,1,1,3,1,"_m/M797.png","_m/M868.png","norev"
33,23,0,0,2,-1,"0","_f/F627.png - _f/F827.png","norev"
33,24,0,1,4,1,"_f/F558.png","_f/F432.png","norev"
33,25,0,1,1,0,"_f/F736.png","_f/F697.png","norev"
33,26,1,0,1,-1,"0","_m/M731.png - _m/M550.png","norev"
33,27,1,1,4,1,"_m/M934.png","_m/M581.png","norev"
33,28,1,0,2,-1,"0","_m/M328.png - _m/M346.png","norev"
33,29,1,1,4,1,"_m/M794.png","_m/M448.png","norev"
33,30,0,1,2,1,"_f/F727.png","_f/F373.png","norev"
33,31,1,1,4,1,"_m/M882.png","_m/M540.png","norev"
33,32,1,0,1,-1,"0","_m/M372.png - _m/M562.png","norev"
33,33,0,1,2,1,"_f/F710.png","_f/F415.png","norev"
33,34,0,1,3,1,"_f/F504.png","_f/F836.png","norev"
33,35,1,1,1,1,"_m/M596.png","_m/M529.png","norev"
33,36,1,1,1,1,"_m/M651.png","_m/M928.png","norev"
33,37,0,0,1,-1,"0","_f/F880.png - _f/F707.png","norev"
33,38,1,0,1,-1,"0","_m/M927.png - _m/M735.png","norev"
33,39,1,1,4,1,"_m/M393.png","_m/M720.png","norev"
33,40,0,1,3,1,"_f/F592.png","_f/F677.png","norev"
33,41,1,1,4,1,"_m/M871.png","_m/M525.png","norev"
33,42,1,0,3,-1,"0","_m/M412.png - _m/M739.png","norev"
33,43,0,0,2,-1,"0","_f/F486.png - _f/F686.png","norev"
33,44,1,1,4,1,"_m/M389.png","_m/M853.png","norev"
33,45,0,1,3,1,"_f/F943.png","_f/F906.png","norev"
33,46,0,1,4,1,"_f/F338.png","_f/F822.png","norev"
33,47,0,1,4,1,"_f/F343.png","_f/F939.png","norev"
33,48,1,0,2,-1,"0","_m/M487.png - _m/M541.png","norev"
33,49,0,1,3,1,"_f/F928.png","_f/F944.png","norev"
33,50,0,0,2,-1,"0","_f/F363.png - _f/F342.png","norev"
33,51,0,0,2,-1,"0","_f/F670.png - _f/F720.png","norev"
33,52,0,0,1,-1,"0","_f/F859.png - _f/F359.png","norev"
33,53,1,0,1,-1,"0","_m/M689.png - _m/M531.png","norev"
33,54,0,1,4,1,"_f/F646.png","_f/F405.png","norev"
33,55,1,1,2,1,"_m/M717.png","_m/M395.png","norev"
33,56,1,0,2,-1,"0","_m/M475.png - _m/M519.png","norev"
33,57,0,1,1,0,"_f/F489.png","_f/F617.png","norev"
33,58,1,1,2,1,"_m/M417.png","_m/M742.png","norev"
33,59,1,1,3,0,"_m/M747.png","_m/M409.png","norev"
33,60,0,1,3,1,"_f/F406.png","_f/F622.png","norev"
33,61,1,1,3,1,"_m/M623.png","_m/M642.png","norev"
33,62,0,1,2,1,"_f/F429.png","_f/F534.png","norev"
33,63,1,1,4,1,"_m/M488.png","_m/M693.png","norev"
33,64,0,1,1,1,"_f/F696.png","_f/F465.png","norev"
33,65,1,1,2,1,"_m/M690.png","_m/M650.png","norev"
33,66,1,0,2,-1,"0","_m/M920.png - _m/M860.png","norev"
33,67,1,0,2,-1,"0","_m/M903.png - _m/M663.png","norev"
33,68,1,0,2,-1,"0","_m/M618.png - _m/M688.png","norev"
33,69,1,0,1,-1,"0","_m/M736.png - _m/M578.png","norev"
33,70,0,0,1,-1,"0","_f/F795.png - _f/F665.png","norev"
33,71,0,0,2,-1,"0","_f/F564.png - _f/F469.png","norev"
33,72,1,1,4,1,"_m/M896.png","_m/M607.png","norev"
33,73,0,0,1,-1,"0","_f/F653.png - _f/F936.png","norev"
33,74,0,0,1,-1,"0","_f/F893.png - _f/F857.png","norev"
33,75,0,1,4,1,"_f/F872.png","_f/F682.png","norev"
33,76,1,1,2,0,"_m/M816.png","_m/M545.png","norev"
33,77,1,0,1,-1,"0","_m/M823.png - _m/M653.png","norev"
33,78,0,1,4,1,"_f/F461.png","_f/F573.png","norev"
33,79,1,1,3,1,"_m/M762.png","_m/M440.png","norev"
33,80,0,0,1,-1,"0","_f/F829.png - _f/F535.png","norev"
33,81,0,0,2,-1,"0","_f/F706.png - _f/F457.png","norev"
33,82,0,0,1,-1,"0","_f/F703.png - _f/F424.png","norev"
33,83,1,0,2,-1,"0","_m/M669.png - _m/M886.png","norev"
33,84,0,1,4,1,"_f/F888.png","_f/F692.png","norev"
33,85,1,1,2,0,"_m/M467.png","_m/M807.png","norev"
33,86,0,1,2,1,"_f/F561.png","_f/F459.png","norev"
33,87,0,0,4,-1,"0","_f/F753.png - _f/F364.png","norev"
33,88,0,0,2,-1,"0","_f/F884.png - _f/F514.png","norev"
33,89,1,0,2,-1,"0","_m/M740.png - _m/M478.png","norev"
33,90,0,0,2,-1,"0","_f/F568.png - _f/F770.png","norev"
33,91,1,1,3,1,"_m/M332.png","_m/M681.png","norev"
33,92,1,0,1,-1,"0","_m/M936.png - _m/M883.png","norev"
33,93,0,1,3,1,"_f/F495.png","_f/F689.png","norev"
33,94,1,0,1,-1,"0","_m/M455.png - _m/M435.png","norev"
33,95,0,0,1,-1,"0","_f/F583.png - _f/F752.png","norev"
33,96,0,1,3,1,"_f/F731.png","_f/F509.png","norev"
33,97,1,0,2,-1,"0","_m/M713.png - _m/M819.png","norev"
33,98,1,0,3,-1,"0","_m/M633.png - _m/M503.png","norev"
33,99,0,0,2,-1,"0","_f/F522.png - _f/F593.png","norev"
33,100,0,0,1,-1,"0","_f/F493.png - _f/F608.png","norev"
33,101,0,0,3,-1,"0","_f/F711.png - _f/F802.png","norev"
33,102,1,0,3,-1,"0","_m/M468.png - _m/M588.png","norev"
33,103,1,0,1,-1,"0","_m/M538.png - _m/M624.png","norev"
33,104,0,0,3,-1,"0","_f/F334.png - _f/F839.png","norev"
33,105,1,1,4,1,"_m/M547.png","_m/M558.png","norev"
33,106,0,0,2,-1,"0","_f/F746.png - _f/F480.png","norev"
33,107,0,1,4,1,"_f/F675.png","_f/F934.png","norev"
33,108,1,0,1,-1,"0","_m/M946.png - _m/M430.png","norev"
33,109,1,0,3,-1,"0","_m/M891.png - _m/M706.png","norev"
33,110,0,1,4,1,"_f/F690.png","_f/F949.png","norev"
33,111,1,0,1,-1,"0","_m/M371.png - _m/M606.png","norev"
33,112,1,1,2,1,"_m/M420.png","_m/M369.png","norev"
33,113,0,0,1,-1,"0","_f/F942.png - _f/F687.png","norev"
33,114,0,1,3,1,"_f/F853.png","_f/F377.png","norev"
33,115,1,1,4,1,"_m/M912.png","_m/M360.png","norev"
33,116,0,0,3,-1,"0","_f/F354.png - _f/F398.png","norev"
33,117,0,1,4,1,"_f/F767.png","_f/F876.png","norev"
33,118,0,1,4,1,"_f/F761.png","_f/F882.png","norev"
33,119,1,0,1,-1,"0","_m/M922.png - _m/M782.png","norev"
33,120,1,0,2,-1,"0","_m/M660.png - _m/M574.png","norev"
33,121,0,0,2,-1,"0","_f/F494.png - _f/F445.png","norev"
33,122,1,0,2,-1,"0","_m/M548.png - _m/M364.png","norev"
33,123,0,0,1,-1,"0","_f/F403.png - _f/F898.png","norev"
33,124,0,1,2,0,"_f/F702.png","_f/F849.png","norev"
33,125,0,1,1,1,"_f/F940.png","_f/F922.png","norev"
33,126,0,1,2,1,"_f/F344.png","_f/F831.png","norev"
33,127,1,1,2,1,"_m/M609.png","_m/M645.png","norev"
33,128,1,0,2,-1,"0","_m/M827.png - _m/M888.png","norev"
33,129,0,0,2,-1,"0","_f/F820.png - _f/F458.png","norev"
33,130,1,1,4,1,"_m/M452.png","_m/M338.png","norev"
33,131,0,0,1,-1,"0","_f/F449.png - _f/F395.png","norev"
33,132,0,0,2,-1,"0","_f/F578.png - _f/F482.png","norev"
33,133,0,0,1,-1,"0","_f/F889.png - _f/F945.png","norev"
33,134,0,1,2,1,"_f/F755.png","_f/F846.png","norev"
33,135,1,0,2,-1,"0","_m/M647.png - _m/M411.png","norev"
33,136,1,1,1,1,"_m/M329.png","_m/M565.png","norev"
33,137,1,1,3,1,"_m/M482.png","_m/M876.png","norev"
33,138,0,0,2,-1,"0","_f/F668.png - _f/F810.png","norev"
33,139,0,0,2,-1,"0","_f/F789.png - _f/F330.png","norev"
33,140,1,0,1,-1,"0","_m/M639.png - _m/M603.png","norev"
33,141,1,1,2,1,"_m/M472.png","_m/M821.png","norev"
33,142,0,0,2,-1,"0","_f/F793.png - _f/F502.png","norev"
33,143,1,1,4,1,"_m/M416.png","_m/M757.png","norev"
33,144,0,0,2,-1,"0","_f/F580.png - _f/F419.png","norev"
33,145,0,1,3,1,"_f/F892.png","_f/F545.png","norev"
33,146,1,0,1,-1,"0","_m/M649.png - _m/M438.png","norev"
33,147,1,0,3,-1,"0","_m/M625.png - _m/M622.png","norev"
33,148,0,0,3,-1,"0","_f/F575.png - _f/F468.png","norev"
33,149,0,1,3,0,"_f/F498.png","_f/F917.png","norev"
33,150,0,0,2,-1,"0","_f/F911.png - _f/F436.png","norev"
33,151,0,1,2,1,"_f/F488.png","_f/F605.png","norev"
33,152,1,1,3,1,"_m/M537.png","_m/M613.png","norev"
33,153,1,1,4,1,"_m/M368.png","_m/M342.png","norev"
33,154,1,0,1,-1,"0","_m/M879.png - _m/M536.png","norev"
33,155,0,1,3,1,"_f/F873.png","_f/F384.png","norev"
33,156,1,0,1,-1,"0","_m/M837.png - _m/M573.png","norev"
33,157,1,1,4,1,"_m/M878.png","_m/M481.png","norev"
33,158,1,0,2,-1,"0","_m/M589.png - _m/M722.png","norev"
33,159,1,0,1,-1,"0","_m/M453.png - _m/M910.png","norev"
33,160,0,1,4,1,"_f/F452.png","_f/F705.png","norev"
33,161,1,0,2,-1,"0","_m/M756.png - _m/M832.png","norev"
33,162,1,1,3,0,"_m/M691.png","_m/M858.png","norev"
33,163,0,1,4,1,"_f/F555.png","_f/F800.png","norev"
33,164,0,0,2,-1,"0","_f/F370.png - _f/F450.png","norev"
33,165,1,1,1,1,"_m/M601.png","_m/M551.png","norev"
33,166,0,0,3,-1,"0","_f/F615.png - _f/F528.png","norev"
33,167,0,0,1,-1,"0","_f/F818.png - _f/F738.png","norev"
33,168,0,0,2,-1,"0","_f/F353.png - _f/F388.png","norev"
33,169,1,0,1,-1,"0","_m/M865.png - _m/M831.png","norev"
33,170,1,0,4,-1,"0","_m/M796.png - _m/M839.png","norev"
33,171,0,0,2,-1,"0","_f/F656.png - _f/F918.png","norev"
33,172,1,1,4,1,"_m/M763.png","_m/M358.png","norev"
33,173,0,1,3,1,"_f/F821.png","_f/F897.png","norev"
33,174,0,1,2,0,"_f/F383.png","_f/F407.png","norev"
33,175,1,1,1,1,"_m/M506.png","_m/M367.png","norev"
33,176,1,0,2,-1,"0","_m/M701.png - _m/M862.png","norev"
33,177,1,0,1,-1,"0","_m/M852.png - _m/M501.png","norev"
33,178,1,1,3,0,"_m/M617.png","_m/M355.png","norev"
33,179,1,0,1,-1,"0","_m/M513.png - _m/M753.png","norev"
33,180,1,0,2,-1,"0","_m/M887.png - _m/M576.png","norev"
33,181,0,0,1,-1,"0","_f/F722.png - _f/F825.png","norev"
33,182,0,1,4,1,"_f/F685.png","_f/F946.png","norev"
33,183,0,1,4,1,"_f/F805.png","_f/F730.png","norev"
33,184,0,0,2,-1,"0","_f/F937.png - _f/F623.png","norev"
33,185,1,0,3,-1,"0","_m/M711.png - _m/M486.png","norev"
33,186,1,0,1,-1,"0","_m/M394.png - _m/M771.png","norev"
33,187,1,0,2,-1,"0","_m/M824.png - _m/M843.png","norev"
33,188,1,1,2,1,"_m/M844.png","_m/M767.png","norev"
33,189,0,1,1,0,"_f/F717.png","_f/F832.png","norev"
33,190,0,0,2,-1,"0","_f/F435.png - _f/F533.png","norev"
33,191,1,1,4,1,"_m/M515.png","_m/M679.png","norev"
33,192,0,1,2,1,"_f/F367.png","_f/F550.png","norev"
33,193,1,1,4,1,"_m/M407.png","_m/M469.png","norev"
33,194,0,0,2,-1,"0","_f/F659.png - _f/F413.png","norev"
33,195,1,1,1,0,"_m/M662.png","_m/M829.png","norev"
33,196,1,0,3,-1,"0","_m/M875.png - _m/M387.png","norev"
33,197,1,1,2,1,"_m/M719.png","_m/M479.png","norev"
33,198,1,1,1,0,"_m/M432.png","_m/M919.png","norev"
33,199,1,1,2,1,"_m/M507.png","_m/M941.png","norev"
33,200,0,0,1,-1,"0","_f/F556.png - _f/F869.png","norev"
34,1,1,1,4,1,"_m/M372.png","_m/M487.png","norev"
34,2,1,0,3,-1,"0","_m/M665.png - _m/M837.png","norev"
34,3,1,1,3,0,"_m/M417.png","_m/M479.png","norev"
34,4,1,1,1,1,"_m/M730.png","_m/M924.png","norev"
34,5,0,0,4,-1,"0","_f/F735.png - _f/F465.png","norev"
34,6,0,0,1,-1,"0","_f/F862.png - _f/F721.png","norev"
34,7,1,0,1,-1,"0","_m/M782.png - _m/M682.png","norev"
34,8,0,0,1,-1,"0","_f/F421.png - _f/F333.png","norev"
34,9,0,1,2,1,"_f/F900.png","_f/F727.png","norev"
34,10,0,0,3,-1,"0","_f/F543.png - _f/F733.png","norev"
34,11,1,1,4,1,"_m/M597.png","_m/M567.png","norev"
34,12,1,0,2,-1,"0","_m/M459.png - _m/M401.png","norev"
34,13,0,0,2,-1,"0","_f/F585.png - _f/F607.png","norev"
34,14,0,1,3,1,"_f/F632.png","_f/F941.png","norev"
34,15,0,0,1,-1,"0","_f/F797.png - _f/F806.png","norev"
34,16,1,1,4,1,"_m/M395.png","_m/M764.png","norev"
34,17,0,1,2,1,"_f/F641.png","_f/F505.png","norev"
34,18,0,0,1,-1,"0","_f/F326.png - _f/F667.png","norev"
34,19,1,0,4,-1,"0","_m/M337.png - _m/M825.png","norev"
34,20,1,0,1,-1,"0","_m/M942.png - _m/M430.png","norev"
34,21,0,1,4,1,"_f/F728.png","_f/F781.png","norev"
34,22,0,0,1,-1,"0","_f/F628.png - _f/F544.png","norev"
34,23,0,1,4,0,"_f/F415.png","_f/F411.png","norev"
34,24,1,1,2,1,"_m/M663.png","_m/M531.png","norev"
34,25,0,1,1,0,"_f/F600.png","_f/F482.png","norev"
34,26,0,1,4,1,"_f/F349.png","_f/F528.png","norev"
34,27,0,1,3,1,"_f/F644.png","_f/F330.png","norev"
34,28,1,1,3,0,"_m/M554.png","_m/M752.png","norev"
34,29,0,0,1,-1,"0","_f/F882.png - _f/F576.png","norev"
34,30,0,0,2,-1,"0","_f/F493.png - _f/F818.png","norev"
34,31,0,0,2,-1,"0","_f/F682.png - _f/F596.png","norev"
34,32,1,1,2,1,"_m/M402.png","_m/M884.png","norev"
34,33,1,0,2,-1,"0","_m/M482.png - _m/M516.png","norev"
34,34,1,1,3,1,"_m/M910.png","_m/M499.png","norev"
34,35,1,0,3,-1,"0","_m/M534.png - _m/M342.png","norev"
34,36,0,0,2,-1,"0","_f/F419.png - _f/F678.png","norev"
34,37,1,1,3,0,"_m/M497.png","_m/M839.png","norev"
34,38,1,0,1,-1,"0","_m/M883.png - _m/M852.png","norev"
34,39,0,1,4,1,"_f/F368.png","_f/F466.png","norev"
34,40,1,1,4,1,"_m/M542.png","_m/M785.png","norev"
34,41,1,0,1,-1,"0","_m/M863.png - _m/M486.png","norev"
34,42,1,1,3,1,"_m/M772.png","_m/M845.png","norev"
34,43,0,1,1,1,"_f/F620.png","_f/F935.png","norev"
34,44,0,1,1,0,"_f/F826.png","_f/F903.png","norev"
34,45,1,1,3,1,"_m/M343.png","_m/M576.png","norev"
34,46,0,1,3,1,"_f/F730.png","_f/F722.png","norev"
34,47,0,1,4,1,"_f/F830.png","_f/F905.png","norev"
34,48,0,1,4,1,"_f/F341.png","_f/F405.png","norev"
34,49,0,1,3,1,"_f/F456.png","_f/F795.png","norev"
34,50,0,1,4,1,"_f/F464.png","_f/F889.png","norev"
34,51,1,1,2,0,"_m/M607.png","_m/M689.png","norev"
34,52,1,1,1,1,"_m/M660.png","_m/M799.png","norev"
34,53,1,0,1,-1,"0","_m/M552.png - _m/M903.png","norev"
34,54,1,0,2,-1,"0","_m/M833.png - _m/M902.png","norev"
34,55,1,0,3,-1,"0","_m/M368.png - _m/M591.png","norev"
34,56,0,1,4,1,"_f/F761.png","_f/F937.png","norev"
34,57,0,1,3,1,"_f/F367.png","_f/F377.png","norev"
34,58,1,0,4,-1,"0","_m/M528.png - _m/M570.png","norev"
34,59,0,1,4,1,"_f/F898.png","_f/F433.png","norev"
34,60,1,1,3,1,"_m/M687.png","_m/M771.png","norev"
34,61,0,0,2,-1,"0","_f/F757.png - _f/F362.png","norev"
34,62,0,1,4,1,"_f/F854.png","_f/F521.png","norev"
34,63,0,0,3,-1,"0","_f/F392.png - _f/F524.png","norev"
34,64,1,1,4,1,"_m/M378.png","_m/M875.png","norev"
34,65,1,1,1,1,"_m/M737.png","_m/M727.png","norev"
34,66,0,1,4,1,"_f/F942.png","_f/F420.png","norev"
34,67,0,0,1,-1,"0","_f/F479.png - _f/F651.png","norev"
34,68,1,1,2,1,"_m/M930.png","_m/M509.png","norev"
34,69,1,1,1,1,"_m/M793.png","_m/M521.png","norev"
34,70,0,1,3,1,"_f/F745.png","_f/F619.png","norev"
34,71,0,1,2,1,"_f/F449.png","_f/F386.png","norev"
34,72,0,1,4,1,"_f/F598.png","_f/F892.png","norev"
34,73,0,0,2,-1,"0","_f/F689.png - _f/F753.png","norev"
34,74,0,0,4,-1,"0","_f/F578.png - _f/F910.png","norev"
34,75,0,0,2,-1,"0","_f/F343.png - _f/F527.png","norev"
34,76,1,0,4,-1,"0","_m/M610.png - _m/M452.png","norev"
34,77,0,1,1,0,"_f/F497.png","_f/F472.png","norev"
34,78,0,0,3,-1,"0","_f/F812.png - _f/F574.png","norev"
34,79,0,0,2,-1,"0","_f/F469.png - _f/F610.png","norev"
34,80,1,0,3,-1,"0","_m/M472.png - _m/M702.png","norev"
34,81,0,0,3,-1,"0","_f/F621.png - _f/F747.png","norev"
34,82,0,0,4,-1,"0","_f/F911.png - _f/F532.png","norev"
34,83,1,0,1,-1,"0","_m/M438.png - _m/M328.png","norev"
34,84,1,0,1,-1,"0","_m/M647.png - _m/M449.png","norev"
34,85,0,0,1,-1,"0","_f/F868.png - _f/F541.png","norev"
34,86,0,0,3,-1,"0","_f/F873.png - _f/F875.png","norev"
34,87,1,0,1,-1,"0","_m/M376.png - _m/M861.png","norev"
34,88,1,1,3,0,"_m/M422.png","_m/M899.png","norev"
34,89,0,1,4,1,"_f/F445.png","_f/F788.png","norev"
34,90,1,1,4,1,"_m/M667.png","_m/M561.png","norev"
34,91,1,0,1,-1,"0","_m/M456.png - _m/M812.png","norev"
34,92,0,1,1,0,"_f/F537.png","_f/F424.png","norev"
34,93,1,0,1,-1,"0","_m/M777.png - _m/M911.png","norev"
34,94,0,0,1,-1,"0","_f/F756.png - _f/F561.png","norev"
34,95,1,1,4,1,"_m/M947.png","_m/M738.png","norev"
34,96,1,0,3,-1,"0","_m/M556.png - _m/M822.png","norev"
34,97,1,0,1,-1,"0","_m/M463.png - _m/M840.png","norev"
34,98,0,0,2,-1,"0","_f/F867.png - _f/F715.png","norev"
34,99,0,1,3,0,"_f/F459.png","_f/F692.png","norev"
34,100,0,0,1,-1,"0","_f/F827.png - _f/F496.png","norev"
34,101,0,0,2,-1,"0","_f/F550.png - _f/F361.png","norev"
34,102,1,0,3,-1,"0","_m/M654.png - _m/M748.png","norev"
34,103,1,0,1,-1,"0","_m/M476.png - _m/M651.png","norev"
34,104,1,1,4,1,"_m/M388.png","_m/M362.png","norev"
34,105,1,1,3,1,"_m/M644.png","_m/M688.png","norev"
34,106,1,0,1,-1,"0","_m/M555.png - _m/M629.png","norev"
34,107,1,0,2,-1,"0","_m/M373.png - _m/M935.png","norev"
34,108,0,1,3,1,"_f/F713.png","_f/F636.png","norev"
34,109,0,1,4,1,"_f/F939.png","_f/F918.png","norev"
34,110,1,0,1,-1,"0","_m/M848.png - _m/M922.png","norev"
34,111,0,0,4,-1,"0","_f/F936.png - _f/F507.png","norev"
34,112,0,0,1,-1,"0","_f/F766.png - _f/F684.png","norev"
34,113,0,1,4,1,"_f/F695.png","_f/F442.png","norev"
34,114,0,1,3,1,"_f/F512.png","_f/F703.png","norev"
34,115,0,0,1,-1,"0","_f/F929.png - _f/F453.png","norev"
34,116,0,1,4,0,"_f/F895.png","_f/F388.png","norev"
34,117,1,1,2,1,"_m/M674.png","_m/M790.png","norev"
34,118,0,1,2,0,"_f/F805.png","_f/F384.png","norev"
34,119,1,0,4,-1,"0","_m/M646.png - _m/M901.png","norev"
34,120,0,0,3,-1,"0","_f/F803.png - _f/F796.png","norev"
34,121,1,1,1,1,"_m/M439.png","_m/M347.png","norev"
34,122,0,1,4,1,"_f/F351.png","_f/F519.png","norev"
34,123,1,0,4,-1,"0","_m/M781.png - _m/M684.png","norev"
34,124,1,1,3,0,"_m/M722.png","_m/M715.png","norev"
34,125,0,1,3,1,"_f/F664.png","_f/F426.png","norev"
34,126,1,1,1,0,"_m/M515.png","_m/M900.png","norev"
34,127,1,1,2,0,"_m/M904.png","_m/M676.png","norev"
34,128,1,1,4,1,"_m/M592.png","_m/M581.png","norev"
34,129,1,0,4,-1,"0","_m/M412.png - _m/M455.png","norev"
34,130,0,1,3,0,"_f/F336.png","_f/F615.png","norev"
34,131,0,1,4,0,"_f/F755.png","_f/F565.png","norev"
34,132,0,1,2,1,"_f/F821.png","_f/F375.png","norev"
34,133,0,1,4,1,"_f/F547.png","_f/F764.png","norev"
34,134,1,1,3,1,"_m/M740.png","_m/M474.png","norev"
34,135,1,1,2,0,"_m/M754.png","_m/M701.png","norev"
34,136,0,1,4,1,"_f/F740.png","_f/F779.png","norev"
34,137,1,1,3,0,"_m/M393.png","_m/M598.png","norev"
34,138,0,0,4,-1,"0","_f/F429.png - _f/F451.png","norev"
34,139,1,1,4,1,"_m/M744.png","_m/M723.png","norev"
34,140,1,0,2,-1,"0","_m/M536.png - _m/M429.png","norev"
34,141,1,1,3,1,"_m/M714.png","_m/M851.png","norev"
34,142,1,0,2,-1,"0","_m/M605.png - _m/M939.png","norev"
34,143,1,0,3,-1,"0","_m/M921.png - _m/M374.png","norev"
34,144,0,0,3,-1,"0","_f/F858.png - _f/F724.png","norev"
34,145,0,0,3,-1,"0","_f/F337.png - _f/F364.png","norev"
34,146,0,0,2,-1,"0","_f/F559.png - _f/F742.png","norev"
34,147,0,0,2,-1,"0","_f/F338.png - _f/F691.png","norev"
34,148,0,1,4,1,"_f/F877.png","_f/F344.png","norev"
34,149,0,1,2,1,"_f/F696.png","_f/F489.png","norev"
34,150,0,0,4,-1,"0","_f/F509.png - _f/F457.png","norev"
34,151,0,0,3,-1,"0","_f/F441.png - _f/F856.png","norev"
34,152,0,0,3,-1,"0","_f/F923.png - _f/F723.png","norev"
34,153,1,0,3,-1,"0","_m/M351.png - _m/M484.png","norev"
34,154,1,1,1,0,"_m/M735.png","_m/M400.png","norev"
34,155,1,1,1,1,"_m/M433.png","_m/M481.png","norev"
34,156,1,0,2,-1,"0","_m/M895.png - _m/M880.png","norev"
34,157,1,0,2,-1,"0","_m/M361.png - _m/M885.png","norev"
34,158,0,1,3,0,"_f/F427.png","_f/F401.png","norev"
34,159,1,1,3,1,"_m/M950.png","_m/M760.png","norev"
34,160,1,0,4,-1,"0","_m/M675.png - _m/M767.png","norev"
34,161,1,0,2,-1,"0","_m/M703.png - _m/M549.png","norev"
34,162,1,1,4,0,"_m/M913.png","_m/M525.png","norev"
34,163,1,1,2,1,"_m/M877.png","_m/M742.png","norev"
34,164,1,1,2,1,"_m/M808.png","_m/M926.png","norev"
34,165,0,0,3,-1,"0","_f/F455.png - _f/F450.png","norev"
34,166,0,1,3,1,"_f/F604.png","_f/F642.png","norev"
34,167,1,1,3,1,"_m/M537.png","_m/M353.png","norev"
34,168,0,0,3,-1,"0","_f/F633.png - _f/F848.png","norev"
34,169,0,0,2,-1,"0","_f/F409.png - _f/F640.png","norev"
34,170,0,0,3,-1,"0","_f/F807.png - _f/F841.png","norev"
34,171,1,0,3,-1,"0","_m/M502.png - _m/M424.png","norev"
34,172,1,1,3,1,"_m/M454.png","_m/M919.png","norev"
34,173,0,0,4,-1,"0","_f/F463.png - _f/F416.png","norev"
34,174,1,0,2,-1,"0","_m/M798.png - _m/M630.png","norev"
34,175,1,0,3,-1,"0","_m/M615.png - _m/M582.png","norev"
34,176,1,0,2,-1,"0","_m/M634.png - _m/M642.png","norev"
34,177,1,0,2,-1,"0","_m/M671.png - _m/M936.png","norev"
34,178,0,1,3,1,"_f/F880.png","_f/F718.png","norev"
34,179,0,1,1,1,"_f/F609.png","_f/F399.png","norev"
34,180,0,1,1,0,"_f/F717.png","_f/F440.png","norev"
34,181,1,0,1,-1,"0","_m/M330.png - _m/M673.png","norev"
34,182,1,1,3,1,"_m/M643.png","_m/M868.png","norev"
34,183,1,1,2,1,"_m/M407.png","_m/M550.png","norev"
34,184,0,0,3,-1,"0","_f/F584.png - _f/F373.png","norev"
34,185,1,0,2,-1,"0","_m/M492.png - _m/M631.png","norev"
34,186,1,0,1,-1,"0","_m/M609.png - _m/M446.png","norev"
34,187,1,0,3,-1,"0","_m/M544.png - _m/M887.png","norev"
34,188,0,0,3,-1,"0","_f/F823.png - _f/F602.png","norev"
34,189,0,1,3,1,"_f/F523.png","_f/F844.png","norev"
34,190,0,1,4,1,"_f/F647.png","_f/F331.png","norev"
34,191,1,0,2,-1,"0","_m/M522.png - _m/M933.png","norev"
34,192,1,1,3,1,"_m/M495.png","_m/M575.png","norev"
34,193,0,0,3,-1,"0","_f/F340.png - _f/F572.png","norev"
34,194,0,0,1,-1,"0","_f/F833.png - _f/F843.png","norev"
34,195,1,0,3,-1,"0","_m/M410.png - _m/M666.png","norev"
34,196,0,0,1,-1,"0","_f/F686.png - _f/F931.png","norev"
34,197,1,0,2,-1,"0","_m/M602.png - _m/M776.png","norev"
34,198,1,1,3,0,"_m/M656.png","_m/M753.png","norev"
34,199,1,1,4,1,"_m/M426.png","_m/M718.png","norev"
34,200,1,1,3,1,"_m/M867.png","_m/M690.png","norev"
35,1,1,1,4,1,"_m/M414.png","_m/M598.png","norev"
35,2,0,0,2,-1,"0","_f/F624.png - _f/F592.png","norev"
35,3,1,1,4,1,"_m/M494.png","_m/M523.png","norev"
35,4,0,1,4,1,"_f/F833.png","_f/F908.png","norev"
35,5,1,1,4,1,"_m/M891.png","_m/M847.png","norev"
35,6,0,0,2,-1,"0","_f/F674.png - _f/F821.png","norev"
35,7,0,0,2,-1,"0","_f/F879.png - _f/F504.png","norev"
35,8,0,1,3,1,"_f/F595.png","_f/F413.png","norev"
35,9,1,1,2,1,"_m/M646.png","_m/M562.png","norev"
35,10,1,1,3,1,"_m/M672.png","_m/M692.png","norev"
35,11,0,0,2,-1,"0","_f/F806.png - _f/F380.png","norev"
35,12,1,0,2,-1,"0","_m/M445.png - _m/M575.png","norev"
35,13,0,0,1,-1,"0","_f/F640.png - _f/F841.png","norev"
35,14,1,1,4,1,"_m/M892.png","_m/M551.png","norev"
35,15,1,0,4,-1,"0","_m/M348.png - _m/M649.png","norev"
35,16,1,0,3,-1,"0","_m/M443.png - _m/M753.png","norev"
35,17,0,0,2,-1,"0","_f/F702.png - _f/F929.png","norev"
35,18,1,1,4,1,"_m/M830.png","_m/M703.png","norev"
35,19,0,1,2,0,"_f/F477.png","_f/F794.png","norev"
35,20,0,1,2,1,"_f/F891.png","_f/F937.png","norev"
35,21,0,0,2,-1,"0","_f/F421.png - _f/F938.png","norev"
35,22,0,0,2,-1,"0","_f/F676.png - _f/F752.png","norev"
35,23,0,1,3,1,"_f/F605.png","_f/F340.png","norev"
35,24,0,1,4,1,"_f/F677.png","_f/F919.png","norev"
35,25,1,0,2,-1,"0","_m/M398.png - _m/M915.png","norev"
35,26,1,0,2,-1,"0","_m/M762.png - _m/M840.png","norev"
35,27,0,1,4,1,"_f/F720.png","_f/F679.png","norev"
35,28,0,1,4,1,"_f/F896.png","_f/F386.png","norev"
35,29,0,0,3,-1,"0","_f/F525.png - _f/F880.png","norev"
35,30,1,0,3,-1,"0","_m/M588.png - _m/M714.png","norev"
35,31,0,1,4,1,"_f/F944.png","_f/F346.png","norev"
35,32,1,0,2,-1,"0","_m/M480.png - _m/M492.png","norev"
35,33,0,1,3,1,"_f/F743.png","_f/F712.png","norev"
35,34,1,0,2,-1,"0","_m/M547.png - _m/M502.png","norev"
35,35,1,0,2,-1,"0","_m/M702.png - _m/M330.png","norev"
35,36,0,0,2,-1,"0","_f/F502.png - _f/F470.png","norev"
35,37,0,0,1,-1,"0","_f/F643.png - _f/F609.png","norev"
35,38,0,1,2,1,"_f/F711.png","_f/F517.png","norev"
35,39,0,1,4,1,"_f/F345.png","_f/F526.png","norev"
35,40,1,1,4,1,"_m/M352.png","_m/M740.png","norev"
35,41,1,0,2,-1,"0","_m/M878.png - _m/M520.png","norev"
35,42,0,0,2,-1,"0","_f/F478.png - _f/F574.png","norev"
35,43,0,0,1,-1,"0","_f/F723.png - _f/F443.png","norev"
35,44,0,0,1,-1,"0","_f/F740.png - _f/F330.png","norev"
35,45,1,1,4,1,"_m/M376.png","_m/M783.png","norev"
35,46,1,1,4,1,"_m/M413.png","_m/M856.png","norev"
35,47,0,1,3,1,"_f/F939.png","_f/F333.png","norev"
35,48,0,1,3,1,"_f/F800.png","_f/F878.png","norev"
35,49,0,0,1,-1,"0","_f/F371.png - _f/F904.png","norev"
35,50,1,1,3,1,"_m/M525.png","_m/M410.png","norev"
35,51,1,1,3,1,"_m/M329.png","_m/M535.png","norev"
35,52,1,1,4,1,"_m/M769.png","_m/M661.png","norev"
35,53,1,0,3,-1,"0","_m/M687.png - _m/M852.png","norev"
35,54,1,1,2,0,"_m/M901.png","_m/M917.png","norev"
35,55,1,0,1,-1,"0","_m/M505.png - _m/M406.png","norev"
35,56,1,0,1,-1,"0","_m/M767.png - _m/M644.png","norev"
35,57,0,0,2,-1,"0","_f/F535.png - _f/F598.png","norev"
35,58,1,0,2,-1,"0","_m/M835.png - _m/M567.png","norev"
35,59,1,0,2,-1,"0","_m/M497.png - _m/M725.png","norev"
35,60,0,1,3,1,"_f/F402.png","_f/F946.png","norev"
35,61,1,1,3,1,"_m/M834.png","_m/M895.png","norev"
35,62,1,0,2,-1,"0","_m/M788.png - _m/M483.png","norev"
35,63,0,1,4,1,"_f/F552.png","_f/F696.png","norev"
35,64,0,0,1,-1,"0","_f/F687.png - _f/F358.png","norev"
35,65,1,0,2,-1,"0","_m/M536.png - _m/M724.png","norev"
35,66,1,0,2,-1,"0","_m/M533.png - _m/M713.png","norev"
35,67,0,1,4,1,"_f/F442.png","_f/F901.png","norev"
35,68,1,0,3,-1,"0","_m/M495.png - _m/M757.png","norev"
35,69,1,1,4,1,"_m/M521.png","_m/M464.png","norev"
35,70,0,0,2,-1,"0","_f/F668.png - _f/F616.png","norev"
35,71,0,1,3,1,"_f/F638.png","_f/F905.png","norev"
35,72,1,0,2,-1,"0","_m/M360.png - _m/M603.png","norev"
35,73,1,0,3,-1,"0","_m/M674.png - _m/M658.png","norev"
35,74,0,0,2,-1,"0","_f/F476.png - _f/F392.png","norev"
35,75,0,1,4,1,"_f/F755.png","_f/F534.png","norev"
35,76,1,0,2,-1,"0","_m/M636.png - _m/M929.png","norev"
35,77,1,1,2,1,"_m/M554.png","_m/M890.png","norev"
35,78,0,1,3,1,"_f/F436.png","_f/F550.png","norev"
35,79,1,0,3,-1,"0","_m/M832.png - _m/M796.png","norev"
35,80,0,0,2,-1,"0","_f/F760.png - _f/F867.png","norev"
35,81,0,0,2,-1,"0","_f/F564.png - _f/F830.png","norev"
35,82,1,1,2,1,"_m/M419.png","_m/M877.png","norev"
35,83,1,1,2,1,"_m/M886.png","_m/M418.png","norev"
35,84,1,0,2,-1,"0","_m/M538.png - _m/M850.png","norev"
35,85,1,0,2,-1,"0","_m/M869.png - _m/M363.png","norev"
35,86,1,0,2,-1,"0","_m/M838.png - _m/M657.png","norev"
35,87,0,0,1,-1,"0","_f/F559.png - _f/F420.png","norev"
35,88,0,0,1,-1,"0","_f/F659.png - _f/F399.png","norev"
35,89,0,0,1,-1,"0","_f/F653.png - _f/F846.png","norev"
35,90,1,1,2,1,"_m/M836.png","_m/M600.png","norev"
35,91,0,0,2,-1,"0","_f/F766.png - _f/F701.png","norev"
35,92,0,1,3,1,"_f/F553.png","_f/F680.png","norev"
35,93,1,0,2,-1,"0","_m/M601.png - _m/M742.png","norev"
35,94,1,1,3,0,"_m/M632.png","_m/M843.png","norev"
35,95,1,1,2,1,"_m/M383.png","_m/M947.png","norev"
35,96,1,1,2,1,"_m/M865.png","_m/M659.png","norev"
35,97,0,0,3,-1,"0","_f/F357.png - _f/F597.png","norev"
35,98,1,1,3,1,"_m/M722.png","_m/M927.png","norev"
35,99,0,0,2,-1,"0","_f/F438.png - _f/F795.png","norev"
35,100,1,1,3,1,"_m/M353.png","_m/M931.png","norev"
35,101,0,0,1,-1,"0","_f/F462.png - _f/F538.png","norev"
35,102,1,0,1,-1,"0","_m/M934.png - _m/M737.png","norev"
35,103,1,1,2,1,"_m/M811.png","_m/M549.png","norev"
35,104,1,1,3,1,"_m/M764.png","_m/M879.png","norev"
35,105,0,1,3,1,"_f/F942.png","_f/F941.png","norev"
35,106,0,0,1,-1,"0","_f/F745.png - _f/F704.png","norev"
35,107,1,0,2,-1,"0","_m/M470.png - _m/M641.png","norev"
35,108,1,1,4,1,"_m/M455.png","_m/M375.png","norev"
35,109,1,0,2,-1,"0","_m/M814.png - _m/M749.png","norev"
35,110,1,0,2,-1,"0","_m/M511.png - _m/M898.png","norev"
35,111,0,0,2,-1,"0","_f/F886.png - _f/F473.png","norev"
35,112,1,1,2,1,"_m/M808.png","_m/M338.png","norev"
35,113,0,0,2,-1,"0","_f/F759.png - _f/F707.png","norev"
35,114,0,0,2,-1,"0","_f/F816.png - _f/F530.png","norev"
35,115,0,0,2,-1,"0","_f/F765.png - _f/F685.png","norev"
35,116,0,1,3,1,"_f/F377.png","_f/F445.png","norev"
35,117,0,1,3,1,"_f/F648.png","_f/F780.png","norev"
35,118,0,0,1,-1,"0","_f/F426.png - _f/F513.png","norev"
35,119,0,0,2,-1,"0","_f/F827.png - _f/F407.png","norev"
35,120,1,1,3,0,"_m/M586.png","_m/M621.png","norev"
35,121,0,1,2,1,"_f/F887.png","_f/F359.png","norev"
35,122,1,0,2,-1,"0","_m/M477.png - _m/M946.png","norev"
35,123,1,1,3,1,"_m/M630.png","_m/M391.png","norev"
35,124,0,1,3,1,"_f/F414.png","_f/F352.png","norev"
35,125,1,0,2,-1,"0","_m/M828.png - _m/M334.png","norev"
35,126,1,0,2,-1,"0","_m/M760.png - _m/M416.png","norev"
35,127,1,0,2,-1,"0","_m/M602.png - _m/M426.png","norev"
35,128,0,1,2,1,"_f/F810.png","_f/F568.png","norev"
35,129,0,1,2,1,"_f/F511.png","_f/F936.png","norev"
35,130,0,1,2,1,"_f/F910.png","_f/F342.png","norev"
35,131,0,1,2,0,"_f/F877.png","_f/F540.png","norev"
35,132,0,1,2,1,"_f/F412.png","_f/F903.png","norev"
35,133,0,1,2,1,"_f/F599.png","_f/F801.png","norev"
35,134,1,1,3,1,"_m/M866.png","_m/M773.png","norev"
35,135,0,1,3,1,"_f/F654.png","_f/F625.png","norev"
35,136,1,0,2,-1,"0","_m/M427.png - _m/M805.png","norev"
35,137,0,1,2,0,"_f/F758.png","_f/F725.png","norev"
35,138,0,0,2,-1,"0","_f/F618.png - _f/F773.png","norev"
35,139,1,1,2,1,"_m/M848.png","_m/M478.png","norev"
35,140,0,1,3,1,"_f/F642.png","_f/F348.png","norev"
35,141,0,0,2,-1,"0","_f/F733.png - _f/F362.png","norev"
35,142,0,0,2,-1,"0","_f/F689.png - _f/F925.png","norev"
35,143,1,0,2,-1,"0","_m/M532.png - _m/M463.png","norev"
35,144,1,1,4,1,"_m/M676.png","_m/M484.png","norev"
35,145,1,1,2,1,"_m/M870.png","_m/M627.png","norev"
35,146,1,1,2,0,"_m/M709.png","_m/M656.png","norev"
35,147,0,0,2,-1,"0","_f/F769.png - _f/F531.png","norev"
35,148,0,0,2,-1,"0","_f/F855.png - _f/F353.png","norev"
35,149,1,1,4,1,"_m/M775.png","_m/M723.png","norev"
35,150,1,1,2,0,"_m/M610.png","_m/M500.png","norev"
35,151,0,1,4,1,"_f/F465.png","_f/F363.png","norev"
35,152,0,0,2,-1,"0","_f/F684.png - _f/F562.png","norev"
35,153,1,0,3,-1,"0","_m/M861.png - _m/M790.png","norev"
35,154,1,0,2,-1,"0","_m/M941.png - _m/M513.png","norev"
35,155,1,1,2,1,"_m/M558.png","_m/M429.png","norev"
35,156,1,0,2,-1,"0","_m/M439.png - _m/M793.png","norev"
35,157,0,0,2,-1,"0","_f/F594.png - _f/F834.png","norev"
35,158,1,0,2,-1,"0","_m/M436.png - _m/M810.png","norev"
35,159,1,0,2,-1,"0","_m/M826.png - _m/M451.png","norev"
35,160,1,0,3,-1,"0","_m/M806.png - _m/M797.png","norev"
35,161,1,1,3,0,"_m/M720.png","_m/M612.png","norev"
35,162,0,1,3,1,"_f/F617.png","_f/F527.png","norev"
35,163,1,1,3,0,"_m/M506.png","_m/M721.png","norev"
35,164,0,1,2,1,"_f/F754.png","_f/F924.png","norev"
35,165,1,0,2,-1,"0","_m/M595.png - _m/M727.png","norev"
35,166,0,1,2,1,"_f/F567.png","_f/F366.png","norev"
35,167,1,1,4,1,"_m/M488.png","_m/M501.png","norev"
35,168,1,1,2,0,"_m/M587.png","_m/M906.png","norev"
35,169,0,0,1,-1,"0","_f/F826.png - _f/F789.png","norev"
35,170,0,1,3,1,"_f/F593.png","_f/F364.png","norev"
35,171,0,0,2,-1,"0","_f/F805.png - _f/F719.png","norev"
35,172,0,1,2,0,"_f/F732.png","_f/F490.png","norev"
35,173,0,0,2,-1,"0","_f/F405.png - _f/F726.png","norev"
35,174,0,0,2,-1,"0","_f/F387.png - _f/F422.png","norev"
35,175,0,1,1,1,"_f/F463.png","_f/F391.png","norev"
35,176,1,0,2,-1,"0","_m/M864.png - _m/M718.png","norev"
35,177,1,0,2,-1,"0","_m/M572.png - _m/M359.png","norev"
35,178,0,0,2,-1,"0","_f/F870.png - _f/F629.png","norev"
35,179,1,1,3,1,"_m/M844.png","_m/M347.png","norev"
35,180,0,1,2,1,"_f/F782.png","_f/F874.png","norev"
35,181,0,0,1,-1,"0","_f/F815.png - _f/F627.png","norev"
35,182,1,1,2,1,"_m/M459.png","_m/M726.png","norev"
35,183,0,1,2,1,"_f/F578.png","_f/F388.png","norev"
35,184,1,1,3,1,"_m/M349.png","_m/M944.png","norev"
35,185,0,1,2,1,"_f/F499.png","_f/F367.png","norev"
35,186,1,1,2,1,"_m/M555.png","_m/M597.png","norev"
35,187,0,1,2,0,"_f/F457.png","_f/F669.png","norev"
35,188,1,0,3,-1,"0","_m/M489.png - _m/M378.png","norev"
35,189,0,0,2,-1,"0","_f/F603.png - _f/F556.png","norev"
35,190,0,0,2,-1,"0","_f/F326.png - _f/F848.png","norev"
35,191,1,0,2,-1,"0","_m/M883.png - _m/M902.png","norev"
35,192,1,1,3,0,"_m/M537.png","_m/M498.png","norev"
35,193,1,1,3,1,"_m/M415.png","_m/M858.png","norev"
35,194,1,0,1,-1,"0","_m/M831.png - _m/M640.png","norev"
35,195,0,1,1,0,"_f/F396.png","_f/F709.png","norev"
35,196,0,1,3,1,"_f/F724.png","_f/F899.png","norev"
35,197,0,1,3,1,"_f/F466.png","_f/F503.png","norev"
35,198,1,0,2,-1,"0","_m/M435.png - _m/M782.png","norev"
35,199,1,1,2,0,"_m/M493.png","_m/M910.png","norev"
35,200,0,1,2,1,"_f/F828.png","_f/F339.png","norev"
36,1,1,1,2,0,"_m/M821.png","_m/M801.png","norev"
36,2,1,1,1,1,"_m/M895.png","_m/M366.png","norev"
36,3,1,0,3,-1,"0","_m/M372.png - _m/M391.png","norev"
36,4,0,0,2,-1,"0","_f/F884.png - _f/F749.png","norev"
36,5,0,0,1,-1,"0","_f/F690.png - _f/F708.png","norev"
36,6,0,1,4,0,"_f/F931.png","_f/F520.png","norev"
36,7,0,1,3,0,"_f/F921.png","_f/F455.png","norev"
36,8,0,1,3,0,"_f/F386.png","_f/F770.png","norev"
36,9,1,1,3,0,"_m/M744.png","_m/M789.png","norev"
36,10,1,1,1,0,"_m/M554.png","_m/M881.png","norev"
36,11,0,0,3,-1,"0","_f/F657.png - _f/F932.png","norev"
36,12,0,1,2,0,"_f/F759.png","_f/F462.png","norev"
36,13,0,0,3,-1,"0","_f/F862.png - _f/F648.png","norev"
36,14,0,1,4,1,"_f/F503.png","_f/F383.png","norev"
36,15,0,0,3,-1,"0","_f/F797.png - _f/F670.png","norev"
36,16,1,0,1,-1,"0","_m/M507.png - _m/M395.png","norev"
36,17,0,1,2,0,"_f/F458.png","_f/F686.png","norev"
36,18,0,0,4,-1,"0","_f/F641.png - _f/F877.png","norev"
36,19,1,1,3,0,"_m/M838.png","_m/M855.png","norev"
36,20,0,0,2,-1,"0","_f/F586.png - _f/F546.png","norev"
36,21,1,1,3,1,"_m/M865.png","_m/M483.png","norev"
36,22,0,1,2,1,"_f/F646.png","_f/F836.png","norev"
36,23,0,0,4,-1,"0","_f/F353.png - _f/F509.png","norev"
36,24,1,0,3,-1,"0","_m/M912.png - _m/M751.png","norev"
36,25,1,1,2,1,"_m/M804.png","_m/M782.png","norev"
36,26,0,0,3,-1,"0","_f/F413.png - _f/F894.png","norev"
36,27,1,1,2,1,"_m/M550.png","_m/M539.png","norev"
36,28,0,1,1,1,"_f/F576.png","_f/F837.png","norev"
36,29,0,0,3,-1,"0","_f/F901.png - _f/F883.png","norev"
36,30,0,0,3,-1,"0","_f/F896.png - _f/F614.png","norev"
36,31,1,1,2,0,"_m/M419.png","_m/M461.png","norev"
36,32,1,1,3,0,"_m/M624.png","_m/M903.png","norev"
36,33,1,0,1,-1,"0","_m/M671.png - _m/M515.png","norev"
36,34,1,0,3,-1,"0","_m/M683.png - _m/M558.png","norev"
36,35,1,0,2,-1,"0","_m/M544.png - _m/M869.png","norev"
36,36,0,0,3,-1,"0","_f/F869.png - _f/F548.png","norev"
36,37,0,1,4,1,"_f/F709.png","_f/F828.png","norev"
36,38,0,0,2,-1,"0","_f/F544.png - _f/F531.png","norev"
36,39,1,0,3,-1,"0","_m/M502.png - _m/M532.png","norev"
36,40,0,1,3,1,"_f/F675.png","_f/F865.png","norev"
36,41,0,0,3,-1,"0","_f/F712.png - _f/F697.png","norev"
36,42,0,0,2,-1,"0","_f/F682.png - _f/F585.png","norev"
36,43,0,1,1,1,"_f/F756.png","_f/F637.png","norev"
36,44,0,0,2,-1,"0","_f/F472.png - _f/F555.png","norev"
36,45,1,0,3,-1,"0","_m/M871.png - _m/M886.png","norev"
36,46,0,1,4,1,"_f/F416.png","_f/F482.png","norev"
36,47,1,1,3,1,"_m/M546.png","_m/M937.png","norev"
36,48,1,0,3,-1,"0","_m/M824.png - _m/M563.png","norev"
36,49,1,0,3,-1,"0","_m/M405.png - _m/M503.png","norev"
36,50,1,0,2,-1,"0","_m/M358.png - _m/M908.png","norev"
36,51,1,1,3,0,"_m/M641.png","_m/M877.png","norev"
36,52,0,0,2,-1,"0","_f/F687.png - _f/F365.png","norev"
36,53,0,1,1,0,"_f/F537.png","_f/F796.png","norev"
36,54,1,0,4,-1,"0","_m/M598.png - _m/M417.png","norev"
36,55,1,0,3,-1,"0","_m/M445.png - _m/M924.png","norev"
36,56,0,0,4,-1,"0","_f/F565.png - _f/F601.png","norev"
36,57,0,0,3,-1,"0","_f/F668.png - _f/F326.png","norev"
36,58,1,1,4,1,"_m/M774.png","_m/M482.png","norev"
36,59,1,1,4,1,"_m/M848.png","_m/M379.png","norev"
36,60,1,1,2,0,"_m/M500.png","_m/M807.png","norev"
36,61,1,1,2,0,"_m/M880.png","_m/M765.png","norev"
36,62,0,0,3,-1,"0","_f/F838.png - _f/F790.png","norev"
36,63,0,0,3,-1,"0","_f/F830.png - _f/F941.png","norev"
36,64,1,0,4,-1,"0","_m/M942.png - _m/M643.png","norev"
36,65,0,1,3,0,"_f/F587.png","_f/F912.png","norev"
36,66,0,0,2,-1,"0","_f/F673.png - _f/F479.png","norev"
36,67,0,1,3,0,"_f/F772.png","_f/F671.png","norev"
36,68,1,0,3,-1,"0","_m/M688.png - _m/M602.png","norev"
36,69,0,0,3,-1,"0","_f/F466.png - _f/F742.png","norev"
36,70,1,0,2,-1,"0","_m/M806.png - _m/M328.png","norev"
36,71,0,0,4,-1,"0","_f/F339.png - _f/F360.png","norev"
36,72,0,0,3,-1,"0","_f/F872.png - _f/F468.png","norev"
36,73,1,1,3,0,"_m/M823.png","_m/M384.png","norev"
36,74,1,0,3,-1,"0","_m/M401.png - _m/M517.png","norev"
36,75,1,1,4,1,"_m/M926.png","_m/M409.png","norev"
36,76,1,0,1,-1,"0","_m/M736.png - _m/M629.png","norev"
36,77,0,1,4,0,"_f/F647.png","_f/F518.png","norev"
36,78,1,0,4,-1,"0","_m/M700.png - _m/M722.png","norev"
36,79,1,1,4,1,"_m/M805.png","_m/M929.png","norev"
36,80,1,1,2,1,"_m/M618.png","_m/M892.png","norev"
36,81,0,0,2,-1,"0","_f/F936.png - _f/F606.png","norev"
36,82,0,0,2,-1,"0","_f/F659.png - _f/F351.png","norev"
36,83,1,1,4,1,"_m/M875.png","_m/M945.png","norev"
36,84,1,1,3,1,"_m/M342.png","_m/M884.png","norev"
36,85,1,1,4,1,"_m/M439.png","_m/M847.png","norev"
36,86,0,1,3,1,"_f/F832.png","_f/F526.png","norev"
36,87,0,0,2,-1,"0","_f/F335.png - _f/F724.png","norev"
36,88,1,1,3,0,"_m/M510.png","_m/M659.png","norev"
36,89,1,0,3,-1,"0","_m/M752.png - _m/M369.png","norev"
36,90,1,0,2,-1,"0","_m/M527.png - _m/M851.png","norev"
36,91,0,1,4,0,"_f/F823.png","_f/F821.png","norev"
36,92,0,1,1,0,"_f/F490.png","_f/F737.png","norev"
36,93,1,0,1,-1,"0","_m/M716.png - _m/M815.png","norev"
36,94,1,1,4,0,"_m/M918.png","_m/M826.png","norev"
36,95,0,1,3,1,"_f/F632.png","_f/F471.png","norev"
36,96,0,0,2,-1,"0","_f/F718.png - _f/F621.png","norev"
36,97,0,0,3,-1,"0","_f/F374.png - _f/F898.png","norev"
36,98,1,1,4,0,"_m/M714.png","_m/M746.png","norev"
36,99,0,1,2,1,"_f/F652.png","_f/F542.png","norev"
36,100,0,0,3,-1,"0","_f/F942.png - _f/F521.png","norev"
36,101,1,1,4,0,"_m/M423.png","_m/M947.png","norev"
36,102,1,1,3,1,"_m/M421.png","_m/M668.png","norev"
36,103,1,0,1,-1,"0","_m/M556.png - _m/M607.png","norev"
36,104,0,0,3,-1,"0","_f/F338.png - _f/F658.png","norev"
36,105,0,1,1,0,"_f/F734.png","_f/F739.png","norev"
36,106,0,0,2,-1,"0","_f/F889.png - _f/F635.png","norev"
36,107,0,1,3,1,"_f/F508.png","_f/F692.png","norev"
36,108,0,1,2,0,"_f/F451.png","_f/F947.png","norev"
36,109,1,1,3,1,"_m/M431.png","_m/M717.png","norev"
36,110,1,0,3,-1,"0","_m/M932.png - _m/M331.png","norev"
36,111,1,1,2,1,"_m/M415.png","_m/M585.png","norev"
36,112,0,1,2,1,"_f/F402.png","_f/F361.png","norev"
36,113,1,0,3,-1,"0","_m/M436.png - _m/M734.png","norev"
36,114,1,0,2,-1,"0","_m/M606.png - _m/M825.png","norev"
36,115,1,0,4,-1,"0","_m/M645.png - _m/M335.png","norev"
36,116,1,1,3,0,"_m/M475.png","_m/M858.png","norev"
36,117,1,1,2,1,"_m/M686.png","_m/M344.png","norev"
36,118,1,0,2,-1,"0","_m/M732.png - _m/M447.png","norev"
36,119,0,1,3,0,"_f/F887.png","_f/F861.png","norev"
36,120,1,1,3,0,"_m/M591.png","_m/M612.png","norev"
36,121,0,0,2,-1,"0","_f/F354.png - _f/F929.png","norev"
36,122,0,1,1,1,"_f/F672.png","_f/F833.png","norev"
36,123,0,1,2,1,"_f/F949.png","_f/F610.png","norev"
36,124,1,0,3,-1,"0","_m/M711.png - _m/M862.png","norev"
36,125,1,1,4,0,"_m/M760.png","_m/M545.png","norev"
36,126,1,0,4,-1,"0","_m/M654.png - _m/M350.png","norev"
36,127,1,1,4,0,"_m/M388.png","_m/M709.png","norev"
36,128,1,1,2,0,"_m/M600.png","_m/M615.png","norev"
36,129,0,1,3,0,"_f/F431.png","_f/F948.png","norev"
36,130,0,1,3,1,"_f/F406.png","_f/F580.png","norev"
36,131,0,1,3,1,"_f/F630.png","_f/F685.png","norev"
36,132,1,0,3,-1,"0","_m/M712.png - _m/M860.png","norev"
36,133,1,0,2,-1,"0","_m/M336.png - _m/M467.png","norev"
36,134,1,0,3,-1,"0","_m/M696.png - _m/M371.png","norev"
36,135,1,0,2,-1,"0","_m/M829.png - _m/M691.png","norev"
36,136,0,0,3,-1,"0","_f/F600.png - _f/F506.png","norev"
36,137,1,0,2,-1,"0","_m/M429.png - _m/M437.png","norev"
36,138,0,0,3,-1,"0","_f/F874.png - _f/F711.png","norev"
36,139,0,1,3,0,"_f/F417.png","_f/F777.png","norev"
36,140,1,1,4,0,"_m/M605.png","_m/M883.png","norev"
36,141,0,1,2,1,"_f/F460.png","_f/F619.png","norev"
36,142,1,0,2,-1,"0","_m/M387.png - _m/M352.png","norev"
36,143,1,1,3,0,"_m/M571.png","_m/M946.png","norev"
36,144,0,1,2,0,"_f/F867.png","_f/F816.png","norev"
36,145,1,0,3,-1,"0","_m/M799.png - _m/M675.png","norev"
36,146,1,1,3,0,"_m/M565.png","_m/M636.png","norev"
36,147,0,0,2,-1,"0","_f/F401.png - _f/F653.png","norev"
36,148,0,1,3,1,"_f/F525.png","_f/F880.png","norev"
36,149,0,0,2,-1,"0","_f/F846.png - _f/F399.png","norev"
36,150,0,1,3,0,"_f/F694.png","_f/F574.png","norev"
36,151,0,0,3,-1,"0","_f/F876.png - _f/F492.png","norev"
36,152,0,0,3,-1,"0","_f/F766.png - _f/F617.png","norev"
36,153,1,0,4,-1,"0","_m/M914.png - _m/M523.png","norev"
36,154,0,1,2,1,"_f/F430.png","_f/F841.png","norev"
36,155,0,1,2,0,"_f/F900.png","_f/F582.png","norev"
36,156,0,0,2,-1,"0","_f/F612.png - _f/F380.png","norev"
36,157,1,1,3,0,"_m/M846.png","_m/M759.png","norev"
36,158,1,0,3,-1,"0","_m/M499.png - _m/M822.png","norev"
36,159,0,1,3,0,"_f/F608.png","_f/F629.png","norev"
36,160,1,1,2,0,"_m/M340.png","_m/M747.png","norev"
36,161,1,0,2,-1,"0","_m/M771.png - _m/M425.png","norev"
36,162,1,0,3,-1,"0","_m/M402.png - _m/M646.png","norev"
36,163,0,0,3,-1,"0","_f/F429.png - _f/F839.png","norev"
36,164,1,1,2,0,"_m/M337.png","_m/M380.png","norev"
36,165,1,0,2,-1,"0","_m/M549.png - _m/M569.png","norev"
36,166,1,0,2,-1,"0","_m/M422.png - _m/M936.png","norev"
36,167,0,1,3,1,"_f/F397.png","_f/F732.png","norev"
36,168,0,0,3,-1,"0","_f/F562.png - _f/F731.png","norev"
36,169,1,1,4,0,"_m/M787.png","_m/M587.png","norev"
36,170,1,0,3,-1,"0","_m/M478.png - _m/M567.png","norev"
36,171,0,1,3,0,"_f/F552.png","_f/F767.png","norev"
36,172,1,1,4,1,"_m/M433.png","_m/M811.png","norev"
36,173,1,1,2,0,"_m/M468.png","_m/M513.png","norev"
36,174,0,1,3,1,"_f/F881.png","_f/F511.png","norev"
36,175,0,0,2,-1,"0","_f/F643.png - _f/F789.png","norev"
36,176,0,1,2,0,"_f/F366.png","_f/F781.png","norev"
36,177,1,0,3,-1,"0","_m/M940.png - _m/M476.png","norev"
36,178,1,1,4,1,"_m/M660.png","_m/M856.png","norev"
36,179,1,0,3,-1,"0","_m/M341.png - _m/M723.png","norev"
36,180,0,1,3,0,"_f/F363.png","_f/F710.png","norev"
36,181,0,1,4,1,"_f/F856.png","_f/F499.png","norev"
36,182,0,0,2,-1,"0","_f/F735.png - _f/F457.png","norev"
36,183,1,1,4,1,"_m/M837.png","_m/M923.png","norev"
36,184,1,0,4,-1,"0","_m/M570.png - _m/M448.png","norev"
36,185,0,0,2,-1,"0","_f/F454.png - _f/F923.png","norev"
36,186,0,0,2,-1,"0","_f/F595.png - _f/F558.png","norev"
36,187,1,0,2,-1,"0","_m/M538.png - _m/M647.png","norev"
36,188,0,0,2,-1,"0","_f/F667.png - _f/F505.png","norev"
36,189,0,1,3,1,"_f/F578.png","_f/F852.png","norev"
36,190,1,1,4,1,"_m/M561.png","_m/M867.png","norev"
36,191,1,1,2,1,"_m/M622.png","_m/M609.png","norev"
36,192,0,1,4,1,"_f/F438.png","_f/F715.png","norev"
36,193,0,0,2,-1,"0","_f/F927.png - _f/F533.png","norev"
36,194,0,0,2,-1,"0","_f/F720.png - _f/F434.png","norev"
36,195,1,0,2,-1,"0","_m/M385.png - _m/M672.png","norev"
36,196,1,1,2,0,"_m/M832.png","_m/M905.png","norev"
36,197,0,1,3,1,"_f/F481.png","_f/F408.png","norev"
36,198,0,1,3,1,"_f/F640.png","_f/F450.png","norev"
36,199,1,0,3,-1,"0","_m/M879.png - _m/M741.png","norev"
36,200,0,1,1,0,"_f/F390.png","_f/F805.png","norev"
37,1,0,0,1,-1,"0","_f/F806.png - _f/F481.png","norev"
37,2,0,0,2,-1,"0","_f/F922.png - _f/F394.png","norev"
37,3,1,0,3,-1,"0","_m/M918.png - _m/M525.png","norev"
37,4,1,1,2,0,"_m/M830.png","_m/M379.png","norev"
37,5,1,0,2,-1,"0","_m/M536.png - _m/M575.png","norev"
37,6,0,1,4,0,"_f/F383.png","_f/F573.png","norev"
37,7,0,1,2,0,"_f/F579.png","_f/F921.png","norev"
37,8,1,1,3,1,"_m/M746.png","_m/M911.png","norev"
37,9,1,0,2,-1,"0","_m/M808.png - _m/M885.png","norev"
37,10,1,1,2,0,"_m/M921.png","_m/M837.png","norev"
37,11,0,1,1,1,"_f/F820.png","_f/F365.png","norev"
37,12,0,0,3,-1,"0","_f/F803.png - _f/F336.png","norev"
37,13,1,0,1,-1,"0","_m/M831.png - _m/M458.png","norev"
37,14,0,1,2,1,"_f/F374.png","_f/F904.png","norev"
37,15,0,1,2,1,"_f/F777.png","_f/F699.png","norev"
37,16,1,0,3,-1,"0","_m/M548.png - _m/M530.png","norev"
37,17,1,0,2,-1,"0","_m/M887.png - _m/M858.png","norev"
37,18,1,0,2,-1,"0","_m/M709.png - _m/M810.png","norev"
37,19,1,1,1,0,"_m/M535.png","_m/M658.png","norev"
37,20,1,0,3,-1,"0","_m/M500.png - _m/M909.png","norev"
37,21,0,1,4,1,"_f/F543.png","_f/F680.png","norev"
37,22,0,1,3,0,"_f/F719.png","_f/F767.png","norev"
37,23,0,0,2,-1,"0","_f/F697.png - _f/F500.png","norev"
37,24,1,1,3,0,"_m/M486.png","_m/M515.png","norev"
37,25,1,1,4,1,"_m/M601.png","_m/M431.png","norev"
37,26,0,1,3,1,"_f/F787.png","_f/F717.png","norev"
37,27,1,0,1,-1,"0","_m/M627.png - _m/M742.png","norev"
37,28,1,0,2,-1,"0","_m/M785.png - _m/M592.png","norev"
37,29,0,1,3,0,"_f/F558.png","_f/F881.png","norev"
37,30,1,1,2,1,"_m/M740.png","_m/M717.png","norev"
37,31,0,1,2,1,"_f/F338.png","_f/F721.png","norev"
37,32,1,0,3,-1,"0","_m/M778.png - _m/M664.png","norev"
37,33,1,0,1,-1,"0","_m/M612.png - _m/M433.png","norev"
37,34,1,1,3,1,"_m/M787.png","_m/M489.png","norev"
37,35,1,1,2,1,"_m/M465.png","_m/M493.png","norev"
37,36,0,1,1,1,"_f/F850.png","_f/F738.png","norev"
37,37,0,0,2,-1,"0","_f/F551.png - _f/F724.png","norev"
37,38,0,0,2,-1,"0","_f/F794.png - _f/F334.png","norev"
37,39,1,0,2,-1,"0","_m/M819.png - _m/M457.png","norev"
37,40,0,1,2,0,"_f/F931.png","_f/F588.png","norev"
37,41,1,0,3,-1,"0","_m/M804.png - _m/M356.png","norev"
37,42,1,0,2,-1,"0","_m/M868.png - _m/M619.png","norev"
37,43,0,1,3,1,"_f/F852.png","_f/F714.png","norev"
37,44,0,0,2,-1,"0","_f/F377.png - _f/F902.png","norev"
37,45,0,0,2,-1,"0","_f/F696.png - _f/F935.png","norev"
37,46,0,1,3,1,"_f/F490.png","_f/F361.png","norev"
37,47,1,1,2,0,"_m/M436.png","_m/M773.png","norev"
37,48,0,0,3,-1,"0","_f/F389.png - _f/F426.png","norev"
37,49,0,1,2,0,"_f/F604.png","_f/F839.png","norev"
37,50,1,1,3,0,"_m/M878.png","_m/M813.png","norev"
37,51,1,0,2,-1,"0","_m/M890.png - _m/M353.png","norev"
37,52,0,0,2,-1,"0","_f/F703.png - _f/F837.png","norev"
37,53,0,1,3,0,"_f/F401.png","_f/F678.png","norev"
37,54,0,1,2,0,"_f/F376.png","_f/F818.png","norev"
37,55,0,1,3,1,"_f/F529.png","_f/F685.png","norev"
37,56,1,1,2,1,"_m/M475.png","_m/M574.png","norev"
37,57,0,1,4,1,"_f/F840.png","_f/F563.png","norev"
37,58,1,0,2,-1,"0","_m/M508.png - _m/M659.png","norev"
37,59,0,1,1,1,"_f/F538.png","_f/F399.png","norev"
37,60,0,1,2,0,"_f/F854.png","_f/F352.png","norev"
37,61,1,1,3,1,"_m/M820.png","_m/M730.png","norev"
37,62,1,0,2,-1,"0","_m/M854.png - _m/M469.png","norev"
37,63,1,1,2,0,"_m/M701.png","_m/M643.png","norev"
37,64,1,0,2,-1,"0","_m/M899.png - _m/M637.png","norev"
37,65,1,1,3,1,"_m/M586.png","_m/M479.png","norev"
37,66,0,0,3,-1,"0","_f/F656.png - _f/F541.png","norev"
37,67,0,0,2,-1,"0","_f/F474.png - _f/F720.png","norev"
37,68,1,1,2,1,"_m/M809.png","_m/M562.png","norev"
37,69,1,1,1,1,"_m/M337.png","_m/M853.png","norev"
37,70,1,1,2,1,"_m/M657.png","_m/M570.png","norev"
37,71,1,1,3,1,"_m/M863.png","_m/M438.png","norev"
37,72,0,1,4,1,"_f/F715.png","_f/F792.png","norev"
37,73,1,1,2,1,"_m/M797.png","_m/M691.png","norev"
37,74,1,1,2,1,"_m/M812.png","_m/M698.png","norev"
37,75,0,1,2,1,"_f/F746.png","_f/F480.png","norev"
37,76,0,0,3,-1,"0","_f/F860.png - _f/F851.png","norev"
37,77,0,1,3,1,"_f/F853.png","_f/F436.png","norev"
37,78,1,0,2,-1,"0","_m/M426.png - _m/M845.png","norev"
37,79,1,1,4,1,"_m/M724.png","_m/M478.png","norev"
37,80,1,0,2,-1,"0","_m/M687.png - _m/M900.png","norev"
37,81,0,1,3,1,"_f/F564.png","_f/F846.png","norev"
37,82,1,0,3,-1,"0","_m/M542.png - _m/M446.png","norev"
37,83,1,0,2,-1,"0","_m/M722.png - _m/M647.png","norev"
37,84,0,0,2,-1,"0","_f/F629.png - _f/F623.png","norev"
37,85,0,0,1,-1,"0","_f/F345.png - _f/F331.png","norev"
37,86,1,1,3,1,"_m/M371.png","_m/M846.png","norev"
37,87,0,1,2,0,"_f/F702.png","_f/F906.png","norev"
37,88,1,0,3,-1,"0","_m/M564.png - _m/M842.png","norev"
37,89,0,1,3,1,"_f/F594.png","_f/F878.png","norev"
37,90,0,0,2,-1,"0","_f/F440.png - _f/F838.png","norev"
37,91,1,1,3,0,"_m/M704.png","_m/M495.png","norev"
37,92,1,0,2,-1,"0","_m/M734.png - _m/M382.png","norev"
37,93,1,0,1,-1,"0","_m/M930.png - _m/M441.png","norev"
37,94,0,0,3,-1,"0","_f/F732.png - _f/F889.png","norev"
37,95,0,0,3,-1,"0","_f/F431.png - _f/F930.png","norev"
37,96,1,0,2,-1,"0","_m/M481.png - _m/M615.png","norev"
37,97,0,0,2,-1,"0","_f/F671.png - _f/F664.png","norev"
37,98,0,1,2,0,"_f/F493.png","_f/F507.png","norev"
37,99,0,1,2,1,"_f/F943.png","_f/F842.png","norev"
37,100,0,0,1,-1,"0","_f/F526.png - _f/F615.png","norev"
37,101,1,1,2,1,"_m/M705.png","_m/M949.png","norev"
37,102,0,0,3,-1,"0","_f/F527.png - _f/F634.png","norev"
37,103,0,1,2,1,"_f/F476.png","_f/F333.png","norev"
37,104,0,0,2,-1,"0","_f/F740.png - _f/F718.png","norev"
37,105,0,1,4,1,"_f/F741.png","_f/F373.png","norev"
37,106,1,0,3,-1,"0","_m/M867.png - _m/M923.png","norev"
37,107,1,0,3,-1,"0","_m/M683.png - _m/M584.png","norev"
37,108,0,0,2,-1,"0","_f/F884.png - _f/F519.png","norev"
37,109,0,0,2,-1,"0","_f/F499.png - _f/F863.png","norev"
37,110,0,1,2,0,"_f/F911.png","_f/F758.png","norev"
37,111,1,1,3,1,"_m/M545.png","_m/M461.png","norev"
37,112,1,0,1,-1,"0","_m/M474.png - _m/M840.png","norev"
37,113,0,0,3,-1,"0","_f/F824.png - _f/F947.png","norev"
37,114,0,1,2,1,"_f/F896.png","_f/F782.png","norev"
37,115,1,0,2,-1,"0","_m/M857.png - _m/M521.png","norev"
37,116,0,0,2,-1,"0","_f/F811.png - _f/F894.png","norev"
37,117,0,0,2,-1,"0","_f/F395.png - _f/F582.png","norev"
37,118,0,0,3,-1,"0","_f/F418.png - _f/F915.png","norev"
37,119,1,1,2,0,"_m/M847.png","_m/M636.png","norev"
37,120,0,0,2,-1,"0","_f/F484.png - _f/F683.png","norev"
37,121,1,1,3,1,"_m/M490.png","_m/M384.png","norev"
37,122,0,0,2,-1,"0","_f/F667.png - _f/F438.png","norev"
37,123,0,1,3,1,"_f/F528.png","_f/F375.png","norev"
37,124,0,0,2,-1,"0","_f/F522.png - _f/F936.png","norev"
37,125,0,0,2,-1,"0","_f/F917.png - _f/F617.png","norev"
37,126,1,1,2,1,"_m/M498.png","_m/M916.png","norev"
37,127,0,0,1,-1,"0","_f/F913.png - _f/F576.png","norev"
37,128,0,1,3,1,"_f/F557.png","_f/F659.png","norev"
37,129,0,0,2,-1,"0","_f/F542.png - _f/F808.png","norev"
37,130,0,0,3,-1,"0","_f/F487.png - _f/F509.png","norev"
37,131,0,1,3,1,"_f/F520.png","_f/F925.png","norev"
37,132,1,1,1,0,"_m/M406.png","_m/M907.png","norev"
37,133,0,1,3,1,"_f/F779.png","_f/F765.png","norev"
37,134,1,1,3,1,"_m/M622.png","_m/M395.png","norev"
37,135,1,1,2,0,"_m/M708.png","_m/M774.png","norev"
37,136,1,1,2,1,"_m/M425.png","_m/M599.png","norev"
37,137,1,1,2,1,"_m/M735.png","_m/M333.png","norev"
37,138,1,1,3,1,"_m/M616.png","_m/M591.png","norev"
37,139,1,0,2,-1,"0","_m/M775.png - _m/M851.png","norev"
37,140,1,1,2,1,"_m/M378.png","_m/M696.png","norev"
37,141,0,0,3,-1,"0","_f/F843.png - _f/F815.png","norev"
37,142,1,0,2,-1,"0","_m/M541.png - _m/M364.png","norev"
37,143,1,0,2,-1,"0","_m/M912.png - _m/M784.png","norev"
37,144,0,1,3,1,"_f/F448.png","_f/F627.png","norev"
37,145,1,1,2,0,"_m/M347.png","_m/M929.png","norev"
37,146,1,1,3,0,"_m/M640.png","_m/M454.png","norev"
37,147,1,0,2,-1,"0","_m/M713.png - _m/M613.png","norev"
37,148,0,0,1,-1,"0","_f/F752.png - _f/F781.png","norev"
37,149,1,0,3,-1,"0","_m/M779.png - _m/M538.png","norev"
37,150,1,1,4,1,"_m/M374.png","_m/M715.png","norev"
37,151,0,0,3,-1,"0","_f/F932.png - _f/F597.png","norev"
37,152,0,0,2,-1,"0","_f/F606.png - _f/F485.png","norev"
37,153,0,0,2,-1,"0","_f/F677.png - _f/F417.png","norev"
37,154,0,1,3,1,"_f/F778.png","_f/F450.png","norev"
37,155,1,0,2,-1,"0","_m/M602.png - _m/M924.png","norev"
37,156,1,0,2,-1,"0","_m/M334.png - _m/M466.png","norev"
37,157,0,1,1,0,"_f/F514.png","_f/F713.png","norev"
37,158,1,1,2,0,"_m/M403.png","_m/M354.png","norev"
37,159,1,1,3,1,"_m/M882.png","_m/M561.png","norev"
37,160,0,0,2,-1,"0","_f/F388.png - _f/F534.png","norev"
37,161,1,0,2,-1,"0","_m/M350.png - _m/M910.png","norev"
37,162,1,0,2,-1,"0","_m/M399.png - _m/M432.png","norev"
37,163,1,1,2,0,"_m/M518.png","_m/M679.png","norev"
37,164,0,1,2,1,"_f/F769.png","_f/F692.png","norev"
37,165,0,1,3,0,"_f/F757.png","_f/F651.png","norev"
37,166,1,0,3,-1,"0","_m/M351.png - _m/M605.png","norev"
37,167,0,0,3,-1,"0","_f/F809.png - _f/F900.png","norev"
37,168,0,1,2,0,"_f/F638.png","_f/F518.png","norev"
37,169,0,0,2,-1,"0","_f/F727.png - _f/F655.png","norev"
37,170,0,0,1,-1,"0","_f/F691.png - _f/F764.png","norev"
37,171,0,1,2,1,"_f/F607.png","_f/F763.png","norev"
37,172,0,0,2,-1,"0","_f/F716.png - _f/F601.png","norev"
37,173,1,1,3,0,"_m/M526.png","_m/M546.png","norev"
37,174,0,0,2,-1,"0","_f/F669.png - _f/F670.png","norev"
37,175,1,0,2,-1,"0","_m/M609.png - _m/M482.png","norev"
37,176,0,0,3,-1,"0","_f/F744.png - _f/F927.png","norev"
37,177,0,1,3,1,"_f/F645.png","_f/F693.png","norev"
37,178,1,1,2,0,"_m/M832.png","_m/M447.png","norev"
37,179,1,1,2,1,"_m/M913.png","_m/M600.png","norev"
37,180,0,0,3,-1,"0","_f/F891.png - _f/F654.png","norev"
37,181,1,1,2,1,"_m/M547.png","_m/M641.png","norev"
37,182,0,0,2,-1,"0","_f/F350.png - _f/F912.png","norev"
37,183,0,1,2,1,"_f/F836.png","_f/F359.png","norev"
37,184,1,0,3,-1,"0","_m/M678.png - _m/M865.png","norev"
37,185,1,1,2,1,"_m/M476.png","_m/M413.png","norev"
37,186,0,1,4,1,"_f/F761.png","_f/F646.png","norev"
37,187,1,0,2,-1,"0","_m/M866.png - _m/M484.png","norev"
37,188,0,1,2,1,"_f/F626.png","_f/F342.png","norev"
37,189,1,1,2,1,"_m/M884.png","_m/M771.png","norev"
37,190,1,0,1,-1,"0","_m/M756.png - _m/M423.png","norev"
37,191,0,1,2,1,"_f/F502.png","_f/F570.png","norev"
37,192,1,0,3,-1,"0","_m/M903.png - _m/M895.png","norev"
37,193,1,1,3,1,"_m/M699.png","_m/M914.png","norev"
37,194,1,0,2,-1,"0","_m/M677.png - _m/M390.png","norev"
37,195,0,0,2,-1,"0","_f/F405.png - _f/F876.png","norev"
37,196,1,0,1,-1,"0","_m/M939.png - _m/M850.png","norev"
37,197,1,1,2,1,"_m/M928.png","_m/M891.png","norev"
37,198,1,0,3,-1,"0","_m/M666.png - _m/M805.png","norev"
37,199,0,1,4,1,"_f/F653.png","_f/F372.png","norev"
37,200,1,0,1,-1,"0","_m/M762.png - _m/M874.png","norev"
38,1,0,0,1,-1,"0","_f/F328.png - _f/F533.png","norev"
38,2,1,1,4,1,"_m/M521.png","_m/M837.png","norev"
38,3,0,1,2,1,"_f/F564.png","_f/F601.png","norev"
38,4,1,0,1,-1,"0","_m/M655.png - _m/M779.png","norev"
38,5,0,0,1,-1,"0","_f/F746.png - _f/F595.png","norev"
38,6,0,0,3,-1,"0","_f/F525.png - _f/F506.png","norev"
38,7,0,1,1,0,"_f/F453.png","_f/F604.png","norev"
38,8,1,0,1,-1,"0","_m/M901.png - _m/M388.png","norev"
38,9,0,0,1,-1,"0","_f/F661.png - _f/F831.png","norev"
38,10,1,1,3,1,"_m/M354.png","_m/M493.png","norev"
38,11,1,1,4,1,"_m/M615.png","_m/M811.png","norev"
38,12,0,1,3,1,"_f/F531.png","_f/F822.png","norev"
38,13,1,1,1,0,"_m/M938.png","_m/M801.png","norev"
38,14,0,0,1,-1,"0","_f/F541.png - _f/F690.png","norev"
38,15,1,0,3,-1,"0","_m/M827.png - _m/M534.png","norev"
38,16,1,0,1,-1,"0","_m/M939.png - _m/M883.png","norev"
38,17,0,0,1,-1,"0","_f/F466.png - _f/F682.png","norev"
38,18,1,1,2,1,"_m/M790.png","_m/M707.png","norev"
38,19,1,1,3,1,"_m/M847.png","_m/M391.png","norev"
38,20,1,0,1,-1,"0","_m/M731.png - _m/M839.png","norev"
38,21,0,0,1,-1,"0","_f/F684.png - _f/F853.png","norev"
38,22,1,1,2,1,"_m/M450.png","_m/M678.png","norev"
38,23,1,1,2,0,"_m/M815.png","_m/M836.png","norev"
38,24,0,0,1,-1,"0","_f/F330.png - _f/F866.png","norev"
38,25,0,0,1,-1,"0","_f/F410.png - _f/F851.png","norev"
38,26,1,0,2,-1,"0","_m/M432.png - _m/M709.png","norev"
38,27,0,0,2,-1,"0","_f/F552.png - _f/F490.png","norev"
38,28,0,0,2,-1,"0","_f/F810.png - _f/F390.png","norev"
38,29,1,0,1,-1,"0","_m/M629.png - _m/M668.png","norev"
38,30,1,0,1,-1,"0","_m/M463.png - _m/M436.png","norev"
38,31,0,1,3,0,"_f/F600.png","_f/F888.png","norev"
38,32,1,1,1,1,"_m/M888.png","_m/M438.png","norev"
38,33,1,1,2,0,"_m/M525.png","_m/M713.png","norev"
38,34,1,0,2,-1,"0","_m/M929.png - _m/M576.png","norev"
38,35,0,0,1,-1,"0","_f/F427.png - _f/F737.png","norev"
38,36,1,1,3,1,"_m/M365.png","_m/M757.png","norev"
38,37,1,1,2,0,"_m/M343.png","_m/M368.png","norev"
38,38,1,1,3,0,"_m/M808.png","_m/M687.png","norev"
38,39,1,0,1,-1,"0","_m/M921.png - _m/M679.png","norev"
38,40,0,0,2,-1,"0","_f/F777.png - _f/F887.png","norev"
38,41,1,0,1,-1,"0","_m/M769.png - _m/M755.png","norev"
38,42,0,1,3,1,"_f/F787.png","_f/F936.png","norev"
38,43,1,1,4,1,"_m/M376.png","_m/M555.png","norev"
38,44,0,1,3,1,"_f/F450.png","_f/F588.png","norev"
38,45,0,1,4,1,"_f/F652.png","_f/F369.png","norev"
38,46,0,0,1,-1,"0","_f/F349.png - _f/F808.png","norev"
38,47,0,1,3,1,"_f/F815.png","_f/F635.png","norev"
38,48,0,1,3,1,"_f/F785.png","_f/F625.png","norev"
38,49,1,0,1,-1,"0","_m/M911.png - _m/M364.png","norev"
38,50,0,1,2,1,"_f/F333.png","_f/F916.png","norev"
38,51,1,0,2,-1,"0","_m/M784.png - _m/M657.png","norev"
38,52,1,1,3,0,"_m/M833.png","_m/M344.png","norev"
38,53,0,1,1,1,"_f/F367.png","_f/F548.png","norev"
38,54,0,1,1,1,"_f/F363.png","_f/F614.png","norev"
38,55,0,0,3,-1,"0","_f/F394.png - _f/F380.png","norev"
38,56,0,0,1,-1,"0","_f/F497.png - _f/F473.png","norev"
38,57,0,0,2,-1,"0","_f/F343.png - _f/F712.png","norev"
38,58,1,0,2,-1,"0","_m/M882.png - _m/M370.png","norev"
38,59,0,0,1,-1,"0","_f/F656.png - _f/F870.png","norev"
38,60,0,1,1,1,"_f/F760.png","_f/F859.png","norev"
38,61,1,1,3,1,"_m/M798.png","_m/M500.png","norev"
38,62,1,0,1,-1,"0","_m/M367.png - _m/M503.png","norev"
38,63,1,0,1,-1,"0","_m/M872.png - _m/M598.png","norev"
38,64,1,0,3,-1,"0","_m/M540.png - _m/M584.png","norev"
38,65,0,0,1,-1,"0","_f/F501.png - _f/F638.png","norev"
38,66,1,0,1,-1,"0","_m/M348.png - _m/M937.png","norev"
38,67,1,0,2,-1,"0","_m/M387.png - _m/M412.png","norev"
38,68,0,0,2,-1,"0","_f/F650.png - _f/F509.png","norev"
38,69,0,0,2,-1,"0","_f/F408.png - _f/F647.png","norev"
38,70,0,1,3,0,"_f/F357.png","_f/F677.png","norev"
38,71,0,0,1,-1,"0","_f/F894.png - _f/F504.png","norev"
38,72,0,1,2,0,"_f/F912.png","_f/F471.png","norev"
38,73,1,1,2,0,"_m/M442.png","_m/M511.png","norev"
38,74,1,0,2,-1,"0","_m/M538.png - _m/M573.png","norev"
38,75,1,1,3,1,"_m/M542.png","_m/M405.png","norev"
38,76,1,0,2,-1,"0","_m/M897.png - _m/M595.png","norev"
38,77,1,0,3,-1,"0","_m/M415.png - _m/M822.png","norev"
38,78,0,0,2,-1,"0","_f/F946.png - _f/F669.png","norev"
38,79,0,1,1,1,"_f/F688.png","_f/F840.png","norev"
38,80,1,1,2,1,"_m/M904.png","_m/M821.png","norev"
38,81,1,0,2,-1,"0","_m/M498.png - _m/M795.png","norev"
38,82,0,0,2,-1,"0","_f/F341.png - _f/F855.png","norev"
38,83,0,0,1,-1,"0","_f/F755.png - _f/F819.png","norev"
38,84,1,1,1,0,"_m/M664.png","_m/M512.png","norev"
38,85,1,0,3,-1,"0","_m/M658.png - _m/M530.png","norev"
38,86,1,0,2,-1,"0","_m/M896.png - _m/M439.png","norev"
38,87,1,1,2,1,"_m/M578.png","_m/M762.png","norev"
38,88,0,0,2,-1,"0","_f/F470.png - _f/F476.png","norev"
38,89,0,1,3,1,"_f/F529.png","_f/F365.png","norev"
38,90,1,0,1,-1,"0","_m/M444.png - _m/M869.png","norev"
38,91,0,0,1,-1,"0","_f/F512.png - _f/F792.png","norev"
38,92,0,0,1,-1,"0","_f/F869.png - _f/F615.png","norev"
38,93,0,1,1,1,"_f/F646.png","_f/F452.png","norev"
38,94,1,0,2,-1,"0","_m/M458.png - _m/M448.png","norev"
38,95,0,1,3,1,"_f/F340.png","_f/F526.png","norev"
38,96,1,1,2,1,"_m/M697.png","_m/M486.png","norev"
38,97,1,1,1,1,"_m/M649.png","_m/M419.png","norev"
38,98,0,0,2,-1,"0","_f/F864.png - _f/F417.png","norev"
38,99,1,1,3,1,"_m/M496.png","_m/M526.png","norev"
38,100,1,1,1,1,"_m/M638.png","_m/M404.png","norev"
38,101,0,1,3,1,"_f/F397.png","_f/F733.png","norev"
38,102,0,1,2,1,"_f/F920.png","_f/F520.png","norev"
38,103,0,1,1,0,"_f/F472.png","_f/F738.png","norev"
38,104,1,1,3,1,"_m/M813.png","_m/M447.png","norev"
38,105,1,1,2,1,"_m/M834.png","_m/M768.png","norev"
38,106,0,1,2,1,"_f/F510.png","_f/F412.png","norev"
38,107,1,1,4,1,"_m/M749.png","_m/M949.png","norev"
38,108,0,0,2,-1,"0","_f/F347.png - _f/F697.png","norev"
38,109,1,1,3,1,"_m/M880.png","_m/M382.png","norev"
38,110,0,1,1,1,"_f/F749.png","_f/F714.png","norev"
38,111,1,0,3,-1,"0","_m/M610.png - _m/M466.png","norev"
38,112,0,1,1,1,"_f/F767.png","_f/F653.png","norev"
38,113,1,1,2,0,"_m/M912.png","_m/M807.png","norev"
38,114,1,1,3,1,"_m/M586.png","_m/M583.png","norev"
38,115,1,1,2,1,"_m/M456.png","_m/M874.png","norev"
38,116,1,1,4,1,"_m/M380.png","_m/M725.png","norev"
38,117,1,0,2,-1,"0","_m/M934.png - _m/M689.png","norev"
38,118,1,0,1,-1,"0","_m/M913.png - _m/M805.png","norev"
38,119,0,1,2,0,"_f/F865.png","_f/F395.png","norev"
38,120,1,0,1,-1,"0","_m/M423.png - _m/M545.png","norev"
38,121,0,1,2,0,"_f/F703.png","_f/F486.png","norev"
38,122,0,1,2,1,"_f/F460.png","_f/F451.png","norev"
38,123,0,1,3,1,"_f/F590.png","_f/F696.png","norev"
38,124,1,0,2,-1,"0","_m/M624.png - _m/M940.png","norev"
38,125,0,1,3,0,"_f/F757.png","_f/F551.png","norev"
38,126,0,1,1,1,"_f/F403.png","_f/F589.png","norev"
38,127,0,0,1,-1,"0","_f/F329.png - _f/F443.png","norev"
38,128,0,0,2,-1,"0","_f/F641.png - _f/F485.png","norev"
38,129,1,0,3,-1,"0","_m/M635.png - _m/M673.png","norev"
38,130,0,1,2,1,"_f/F634.png","_f/F521.png","norev"
38,131,1,0,2,-1,"0","_m/M369.png - _m/M743.png","norev"
38,132,0,0,2,-1,"0","_f/F482.png - _f/F692.png","norev"
38,133,0,1,4,1,"_f/F705.png","_f/F567.png","norev"
38,134,0,1,2,0,"_f/F836.png","_f/F699.png","norev"
38,135,0,1,2,0,"_f/F623.png","_f/F368.png","norev"
38,136,0,0,1,-1,"0","_f/F709.png - _f/F426.png","norev"
38,137,0,1,4,1,"_f/F336.png","_f/F915.png","norev"
38,138,0,1,1,1,"_f/F691.png","_f/F350.png","norev"
38,139,1,0,2,-1,"0","_m/M891.png - _m/M703.png","norev"
38,140,0,0,1,-1,"0","_f/F536.png - _f/F605.png","norev"
38,141,0,1,3,1,"_f/F361.png","_f/F659.png","norev"
38,142,1,1,1,1,"_m/M669.png","_m/M831.png","norev"
38,143,0,1,4,1,"_f/F388.png","_f/F717.png","norev"
38,144,1,1,4,1,"_m/M494.png","_m/M408.png","norev"
38,145,1,0,2,-1,"0","_m/M495.png - _m/M560.png","norev"
38,146,1,0,2,-1,"0","_m/M389.png - _m/M590.png","norev"
38,147,1,0,2,-1,"0","_m/M401.png - _m/M377.png","norev"
38,148,1,1,3,1,"_m/M597.png","_m/M362.png","norev"
38,149,1,1,4,1,"_m/M457.png","_m/M736.png","norev"
38,150,1,0,3,-1,"0","_m/M544.png - _m/M558.png","norev"
38,151,1,1,3,0,"_m/M459.png","_m/M353.png","norev"
38,152,0,1,3,0,"_f/F376.png","_f/F441.png","norev"
38,153,1,0,2,-1,"0","_m/M478.png - _m/M760.png","norev"
38,154,0,0,1,-1,"0","_f/F897.png - _f/F549.png","norev"
38,155,1,0,1,-1,"0","_m/M909.png - _m/M517.png","norev"
38,156,0,0,2,-1,"0","_f/F386.png - _f/F405.png","norev"
38,157,1,1,3,1,"_m/M752.png","_m/M908.png","norev"
38,158,1,0,2,-1,"0","_m/M698.png - _m/M422.png","norev"
38,159,0,0,2,-1,"0","_f/F829.png - _f/F825.png","norev"
38,160,1,1,3,0,"_m/M620.png","_m/M759.png","norev"
38,161,0,0,1,-1,"0","_f/F798.png - _f/F582.png","norev"
38,162,0,0,3,-1,"0","_f/F877.png - _f/F560.png","norev"
38,163,0,0,1,-1,"0","_f/F550.png - _f/F713.png","norev"
38,164,0,1,2,1,"_f/F613.png","_f/F331.png","norev"
38,165,0,1,4,1,"_f/F534.png","_f/F681.png","norev"
38,166,1,1,4,1,"_m/M356.png","_m/M918.png","norev"
38,167,1,1,2,0,"_m/M738.png","_m/M642.png","norev"
38,168,1,0,2,-1,"0","_m/M612.png - _m/M715.png","norev"
38,169,0,1,2,1,"_f/F882.png","_f/F668.png","norev"
38,170,0,1,2,1,"_f/F574.png","_f/F481.png","norev"
38,171,1,0,1,-1,"0","_m/M476.png - _m/M737.png","norev"
38,172,1,1,2,1,"_m/M508.png","_m/M770.png","norev"
38,173,0,1,2,0,"_f/F827.png","_f/F708.png","norev"
38,174,1,0,3,-1,"0","_m/M553.png - _m/M639.png","norev"
38,175,0,0,2,-1,"0","_f/F875.png - _f/F327.png","norev"
38,176,1,1,2,1,"_m/M514.png","_m/M838.png","norev"
38,177,0,0,4,-1,"0","_f/F557.png - _f/F351.png","norev"
38,178,0,1,2,0,"_f/F335.png","_f/F334.png","norev"
38,179,1,0,2,-1,"0","_m/M585.png - _m/M413.png","norev"
38,180,0,0,1,-1,"0","_f/F871.png - _f/F644.png","norev"
38,181,0,1,3,1,"_f/F948.png","_f/F930.png","norev"
38,182,0,1,3,1,"_f/F794.png","_f/F683.png","norev"
38,183,1,0,1,-1,"0","_m/M559.png - _m/M855.png","norev"
38,184,1,1,2,0,"_m/M746.png","_m/M643.png","norev"
38,185,1,1,4,1,"_m/M936.png","_m/M619.png","norev"
38,186,1,1,2,1,"_m/M614.png","_m/M606.png","norev"
38,187,0,0,1,-1,"0","_f/F694.png - _f/F474.png","norev"
38,188,0,0,3,-1,"0","_f/F862.png - _f/F597.png","norev"
38,189,1,0,3,-1,"0","_m/M479.png - _m/M858.png","norev"
38,190,1,1,3,1,"_m/M625.png","_m/M691.png","norev"
38,191,1,1,2,1,"_m/M409.png","_m/M686.png","norev"
38,192,0,0,1,-1,"0","_f/F784.png - _f/F900.png","norev"
38,193,0,0,3,-1,"0","_f/F923.png - _f/F809.png","norev"
38,194,0,0,3,-1,"0","_f/F545.png - _f/F660.png","norev"
38,195,1,0,2,-1,"0","_m/M632.png - _m/M570.png","norev"
38,196,0,0,1,-1,"0","_f/F826.png - _f/F778.png","norev"
38,197,1,1,4,1,"_m/M907.png","_m/M617.png","norev"
38,198,0,1,2,0,"_f/F503.png","_f/F362.png","norev"
38,199,1,0,2,-1,"0","_m/M561.png - _m/M587.png","norev"
38,200,0,1,3,1,"_f/F914.png","_f/F645.png","norev"
39,1,0,0,4,-1,"0","_f/F633.png - _f/F516.png","norev"
39,2,0,1,4,1,"_f/F341.png","_f/F582.png","norev"
39,3,1,1,4,1,"_m/M811.png","_m/M930.png","norev"
39,4,0,1,4,0,"_f/F785.png","_f/F652.png","norev"
39,5,1,1,4,0,"_m/M389.png","_m/M331.png","norev"
39,6,1,0,2,-1,"0","_m/M857.png - _m/M850.png","norev"
39,7,1,1,2,1,"_m/M401.png","_m/M645.png","norev"
39,8,0,1,4,1,"_f/F620.png","_f/F608.png","norev"
39,9,1,0,2,-1,"0","_m/M404.png - _m/M702.png","norev"
39,10,1,0,3,-1,"0","_m/M593.png - _m/M678.png","norev"
39,11,0,1,4,1,"_f/F731.png","_f/F799.png","norev"
39,12,1,0,2,-1,"0","_m/M656.png - _m/M738.png","norev"
39,13,1,1,3,0,"_m/M368.png","_m/M834.png","norev"
39,14,1,0,1,-1,"0","_m/M625.png - _m/M482.png","norev"
39,15,1,1,2,0,"_m/M542.png","_m/M665.png","norev"
39,16,0,0,2,-1,"0","_f/F675.png - _f/F697.png","norev"
39,17,1,1,3,1,"_m/M581.png","_m/M835.png","norev"
39,18,0,0,4,-1,"0","_f/F833.png - _f/F460.png","norev"
39,19,1,0,2,-1,"0","_m/M493.png - _m/M902.png","norev"
39,20,0,1,4,1,"_f/F769.png","_f/F546.png","norev"
39,21,1,1,3,1,"_m/M347.png","_m/M768.png","norev"
39,22,0,0,2,-1,"0","_f/F752.png - _f/F363.png","norev"
39,23,0,1,3,1,"_f/F649.png","_f/F388.png","norev"
39,24,1,0,2,-1,"0","_m/M663.png - _m/M330.png","norev"
39,25,0,0,2,-1,"0","_f/F499.png - _f/F892.png","norev"
39,26,0,0,4,-1,"0","_f/F819.png - _f/F744.png","norev"
39,27,1,0,2,-1,"0","_m/M453.png - _m/M398.png","norev"
39,28,0,0,4,-1,"0","_f/F813.png - _f/F498.png","norev"
39,29,1,1,2,1,"_m/M602.png","_m/M726.png","norev"
39,30,1,1,3,1,"_m/M893.png","_m/M526.png","norev"
39,31,1,1,2,1,"_m/M752.png","_m/M470.png","norev"
39,32,0,0,1,-1,"0","_f/F399.png - _f/F876.png","norev"
39,33,1,1,4,1,"_m/M547.png","_m/M577.png","norev"
39,34,0,1,3,0,"_f/F853.png","_f/F766.png","norev"
39,35,1,1,2,0,"_m/M763.png","_m/M396.png","norev"
39,36,1,0,1,-1,"0","_m/M732.png - _m/M851.png","norev"
39,37,1,0,2,-1,"0","_m/M934.png - _m/M495.png","norev"
39,38,1,0,1,-1,"0","_m/M929.png - _m/M408.png","norev"
39,39,0,1,3,0,"_f/F670.png","_f/F400.png","norev"
39,40,0,1,3,1,"_f/F419.png","_f/F922.png","norev"
39,41,1,0,2,-1,"0","_m/M913.png - _m/M737.png","norev"
39,42,0,0,2,-1,"0","_f/F904.png - _f/F869.png","norev"
39,43,0,1,4,1,"_f/F677.png","_f/F650.png","norev"
39,44,1,1,3,0,"_m/M583.png","_m/M721.png","norev"
39,45,1,0,2,-1,"0","_m/M463.png - _m/M715.png","norev"
39,46,1,1,2,0,"_m/M402.png","_m/M933.png","norev"
39,47,0,1,3,1,"_f/F586.png","_f/F424.png","norev"
39,48,1,0,1,-1,"0","_m/M529.png - _m/M412.png","norev"
39,49,0,0,1,-1,"0","_f/F534.png - _f/F776.png","norev"
39,50,1,1,4,1,"_m/M855.png","_m/M382.png","norev"
39,51,1,1,4,0,"_m/M447.png","_m/M925.png","norev"
39,52,0,0,4,-1,"0","_f/F674.png - _f/F889.png","norev"
39,53,0,0,3,-1,"0","_f/F778.png - _f/F662.png","norev"
39,54,0,1,2,1,"_f/F445.png","_f/F937.png","norev"
39,55,1,1,3,0,"_m/M894.png","_m/M635.png","norev"
39,56,1,0,2,-1,"0","_m/M675.png - _m/M950.png","norev"
39,57,0,0,4,-1,"0","_f/F920.png - _f/F420.png","norev"
39,58,0,0,1,-1,"0","_f/F908.png - _f/F868.png","norev"
39,59,0,1,1,1,"_f/F883.png","_f/F497.png","norev"
39,60,0,0,3,-1,"0","_f/F699.png - _f/F732.png","norev"
39,61,0,0,2,-1,"0","_f/F330.png - _f/F693.png","norev"
39,62,1,0,2,-1,"0","_m/M736.png - _m/M745.png","norev"
39,63,0,0,2,-1,"0","_f/F432.png - _f/F389.png","norev"
39,64,0,0,2,-1,"0","_f/F739.png - _f/F566.png","norev"
39,65,0,1,3,1,"_f/F345.png","_f/F834.png","norev"
39,66,1,1,2,1,"_m/M701.png","_m/M474.png","norev"
39,67,1,1,3,0,"_m/M697.png","_m/M417.png","norev"
39,68,1,0,1,-1,"0","_m/M891.png - _m/M419.png","norev"
39,69,1,0,2,-1,"0","_m/M376.png - _m/M390.png","norev"
39,70,0,1,3,1,"_f/F397.png","_f/F557.png","norev"
39,71,0,1,2,1,"_f/F394.png","_f/F392.png","norev"
39,72,0,1,2,0,"_f/F768.png","_f/F483.png","norev"
39,73,0,0,2,-1,"0","_f/F446.png - _f/F738.png","norev"
39,74,1,0,3,-1,"0","_m/M539.png - _m/M741.png","norev"
39,75,0,0,2,-1,"0","_f/F396.png - _f/F625.png","norev"
39,76,1,0,2,-1,"0","_m/M578.png - _m/M513.png","norev"
39,77,0,0,3,-1,"0","_f/F496.png - _f/F403.png","norev"
39,78,0,1,3,1,"_f/F429.png","_f/F659.png","norev"
39,79,1,1,2,1,"_m/M795.png","_m/M571.png","norev"
39,80,0,1,2,1,"_f/F628.png","_f/F418.png","norev"
39,81,0,1,3,1,"_f/F355.png","_f/F811.png","norev"
39,82,1,1,2,1,"_m/M461.png","_m/M938.png","norev"
39,83,0,0,3,-1,"0","_f/F940.png - _f/F631.png","norev"
39,84,0,1,1,1,"_f/F808.png","_f/F762.png","norev"
39,85,1,0,2,-1,"0","_m/M383.png - _m/M531.png","norev"
39,86,1,1,2,0,"_m/M723.png","_m/M877.png","norev"
39,87,0,0,3,-1,"0","_f/F603.png - _f/F692.png","norev"
39,88,0,1,3,0,"_f/F749.png","_f/F664.png","norev"
39,89,1,1,2,1,"_m/M883.png","_m/M869.png","norev"
39,90,0,1,2,1,"_f/F366.png","_f/F740.png","norev"
39,91,0,0,3,-1,"0","_f/F626.png - _f/F950.png","norev"
39,92,0,1,3,0,"_f/F821.png","_f/F521.png","norev"
39,93,0,0,4,-1,"0","_f/F855.png - _f/F854.png","norev"
39,94,0,1,2,1,"_f/F506.png","_f/F593.png","norev"
39,95,1,0,2,-1,"0","_m/M832.png - _m/M686.png","norev"
39,96,0,0,4,-1,"0","_f/F613.png - _f/F629.png","norev"
39,97,0,0,1,-1,"0","_f/F533.png - _f/F598.png","norev"
39,98,1,1,3,1,"_m/M366.png","_m/M343.png","norev"
39,99,0,0,4,-1,"0","_f/F551.png - _f/F832.png","norev"
39,100,0,0,3,-1,"0","_f/F461.png - _f/F579.png","norev"
39,101,1,0,1,-1,"0","_m/M906.png - _m/M435.png","norev"
39,102,0,0,2,-1,"0","_f/F835.png - _f/F688.png","norev"
39,103,1,1,1,1,"_m/M916.png","_m/M348.png","norev"
39,104,0,1,2,0,"_f/F792.png","_f/F387.png","norev"
39,105,1,0,2,-1,"0","_m/M780.png - _m/M800.png","norev"
39,106,0,0,2,-1,"0","_f/F487.png - _f/F609.png","norev"
39,107,1,1,1,1,"_m/M882.png","_m/M946.png","norev"
39,108,1,0,2,-1,"0","_m/M785.png - _m/M559.png","norev"
39,109,1,1,3,1,"_m/M911.png","_m/M932.png","norev"
39,110,0,0,3,-1,"0","_f/F685.png - _f/F621.png","norev"
39,111,0,0,2,-1,"0","_f/F503.png - _f/F380.png","norev"
39,112,1,0,2,-1,"0","_m/M771.png - _m/M646.png","norev"
39,113,1,0,2,-1,"0","_m/M622.png - _m/M648.png","norev"
39,114,0,1,1,1,"_f/F451.png","_f/F912.png","norev"
39,115,1,1,2,1,"_m/M788.png","_m/M346.png","norev"
39,116,0,0,4,-1,"0","_f/F502.png - _f/F701.png","norev"
39,117,0,1,3,0,"_f/F711.png","_f/F351.png","norev"
39,118,1,1,2,1,"_m/M632.png","_m/M413.png","norev"
39,119,1,0,2,-1,"0","_m/M687.png - _m/M448.png","norev"
39,120,0,1,4,1,"_f/F863.png","_f/F612.png","norev"
39,121,1,0,2,-1,"0","_m/M587.png - _m/M380.png","norev"
39,122,0,0,2,-1,"0","_f/F895.png - _f/F542.png","norev"
39,123,1,0,2,-1,"0","_m/M433.png - _m/M922.png","norev"
39,124,0,1,3,1,"_f/F809.png","_f/F938.png","norev"
39,125,0,0,4,-1,"0","_f/F902.png - _f/F689.png","norev"
39,126,1,1,2,0,"_m/M712.png","_m/M566.png","norev"
39,127,1,1,3,1,"_m/M552.png","_m/M415.png","norev"
39,128,1,1,4,1,"_m/M556.png","_m/M659.png","norev"
39,129,0,1,3,0,"_f/F336.png","_f/F683.png","norev"
39,130,0,1,3,0,"_f/F614.png","_f/F679.png","norev"
39,131,1,0,2,-1,"0","_m/M568.png - _m/M899.png","norev"
39,132,1,0,1,-1,"0","_m/M487.png - _m/M928.png","norev"
39,133,1,1,1,0,"_m/M429.png","_m/M728.png","norev"
39,134,0,1,4,1,"_f/F770.png","_f/F493.png","norev"
39,135,0,0,3,-1,"0","_f/F491.png - _f/F826.png","norev"
39,136,1,0,2,-1,"0","_m/M921.png - _m/M484.png","norev"
39,137,0,0,3,-1,"0","_f/F537.png - _f/F377.png","norev"
39,138,0,1,3,0,"_f/F512.png","_f/F550.png","norev"
39,139,1,1,2,0,"_m/M633.png","_m/M353.png","norev"
39,140,0,0,1,-1,"0","_f/F775.png - _f/F411.png","norev"
39,141,1,0,1,-1,"0","_m/M667.png - _m/M773.png","norev"
39,142,0,1,3,1,"_f/F611.png","_f/F905.png","norev"
39,143,1,0,4,-1,"0","_m/M519.png - _m/M636.png","norev"
39,144,0,0,3,-1,"0","_f/F873.png - _f/F513.png","norev"
39,145,0,0,2,-1,"0","_f/F917.png - _f/F894.png","norev"
39,146,1,1,1,1,"_m/M926.png","_m/M710.png","norev"
39,147,1,0,1,-1,"0","_m/M914.png - _m/M896.png","norev"
39,148,0,1,3,1,"_f/F703.png","_f/F539.png","norev"
39,149,0,0,2,-1,"0","_f/F480.png - _f/F678.png","norev"
39,150,1,0,1,-1,"0","_m/M532.png - _m/M422.png","norev"
39,151,1,0,1,-1,"0","_m/M541.png - _m/M386.png","norev"
39,152,0,1,4,1,"_f/F803.png","_f/F478.png","norev"
39,153,0,1,3,0,"_f/F851.png","_f/F486.png","norev"
39,154,0,1,2,0,"_f/F822.png","_f/F800.png","norev"
39,155,1,1,3,1,"_m/M506.png","_m/M594.png","norev"
39,156,0,0,4,-1,"0","_f/F667.png - _f/F576.png","norev"
39,157,1,1,2,1,"_m/M870.png","_m/M477.png","norev"
39,158,1,1,2,1,"_m/M820.png","_m/M438.png","norev"
39,159,0,0,1,-1,"0","_f/F481.png - _f/F861.png","norev"
39,160,0,1,3,1,"_f/F540.png","_f/F558.png","norev"
39,161,1,1,2,0,"_m/M563.png","_m/M393.png","norev"
39,162,1,0,2,-1,"0","_m/M601.png - _m/M525.png","norev"
39,163,0,1,1,0,"_f/F433.png","_f/F780.png","norev"
39,164,1,1,2,1,"_m/M650.png","_m/M833.png","norev"
39,165,1,1,3,0,"_m/M868.png","_m/M843.png","norev"
39,166,0,1,2,1,"_f/F871.png","_f/F504.png","norev"
39,167,0,0,3,-1,"0","_f/F880.png - _f/F522.png","norev"
39,168,1,0,1,-1,"0","_m/M430.png - _m/M886.png","norev"
39,169,1,1,1,1,"_m/M677.png","_m/M634.png","norev"
39,170,0,1,4,0,"_f/F698.png","_f/F751.png","norev"
39,171,1,1,1,0,"_m/M709.png","_m/M945.png","norev"
39,172,1,0,2,-1,"0","_m/M629.png - _m/M349.png","norev"
39,173,0,1,3,0,"_f/F841.png","_f/F617.png","norev"
39,174,1,1,1,0,"_m/M838.png","_m/M411.png","norev"
39,175,1,1,1,1,"_m/M825.png","_m/M378.png","norev"
39,176,0,1,3,1,"_f/F567.png","_f/F374.png","norev"
39,177,0,0,3,-1,"0","_f/F347.png - _f/F782.png","norev"
39,178,1,1,1,0,"_m/M597.png","_m/M746.png","norev"
39,179,1,0,2,-1,"0","_m/M876.png - _m/M630.png","norev"
39,180,0,1,3,1,"_f/F916.png","_f/F737.png","norev"
39,181,1,0,3,-1,"0","_m/M711.png - _m/M504.png","norev"
39,182,1,0,1,-1,"0","_m/M657.png - _m/M416.png","norev"
39,183,1,0,2,-1,"0","_m/M681.png - _m/M912.png","norev"
39,184,1,1,2,1,"_m/M374.png","_m/M672.png","norev"
39,185,1,0,2,-1,"0","_m/M377.png - _m/M676.png","norev"
39,186,0,0,2,-1,"0","_f/F454.png - _f/F651.png","norev"
39,187,1,0,3,-1,"0","_m/M717.png - _m/M714.png","norev"
39,188,0,0,3,-1,"0","_f/F369.png - _f/F668.png","norev"
39,189,0,1,3,1,"_f/F881.png","_f/F543.png","norev"
39,190,0,1,3,1,"_f/F777.png","_f/F364.png","norev"
39,191,0,0,3,-1,"0","_f/F532.png - _f/F730.png","norev"
39,192,1,1,3,0,"_m/M845.png","_m/M551.png","norev"
39,193,1,1,3,1,"_m/M351.png","_m/M670.png","norev"
39,194,0,1,3,0,"_f/F878.png","_f/F846.png","norev"
39,195,1,0,3,-1,"0","_m/M501.png - _m/M778.png","norev"
39,196,1,0,2,-1,"0","_m/M544.png - _m/M522.png","norev"
39,197,1,0,3,-1,"0","_m/M725.png - _m/M727.png","norev"
39,198,0,1,2,1,"_f/F936.png","_f/F382.png","norev"
39,199,1,1,3,1,"_m/M685.png","_m/M442.png","norev"
39,200,0,0,2,-1,"0","_f/F914.png - _f/F375.png","norev"
40,1,0,0,3,-1,"0","_f/F430.png - _f/F543.png","norev"
40,2,1,0,3,-1,"0","_m/M639.png - _m/M410.png","norev"
40,3,0,1,2,0,"_f/F811.png","_f/F599.png","norev"
40,4,1,0,3,-1,"0","_m/M446.png - _m/M493.png","norev"
40,5,0,1,3,0,"_f/F930.png","_f/F695.png","norev"
40,6,1,0,1,-1,"0","_m/M915.png - _m/M393.png","norev"
40,7,1,1,2,0,"_m/M795.png","_m/M535.png","norev"
40,8,0,1,3,1,"_f/F762.png","_f/F949.png","norev"
40,9,0,0,3,-1,"0","_f/F748.png - _f/F891.png","norev"
40,10,0,0,2,-1,"0","_f/F647.png - _f/F623.png","norev"
40,11,1,0,4,-1,"0","_m/M486.png - _m/M424.png","norev"
40,12,0,0,3,-1,"0","_f/F341.png - _f/F577.png","norev"
40,13,1,0,2,-1,"0","_m/M892.png - _m/M821.png","norev"
40,14,1,0,1,-1,"0","_m/M327.png - _m/M779.png","norev"
40,15,1,0,2,-1,"0","_m/M762.png - _m/M943.png","norev"
40,16,1,1,3,0,"_m/M851.png","_m/M784.png","norev"
40,17,0,1,2,1,"_f/F368.png","_f/F595.png","norev"
40,18,1,1,1,1,"_m/M866.png","_m/M827.png","norev"
40,19,0,1,2,0,"_f/F918.png","_f/F898.png","norev"
40,20,0,0,2,-1,"0","_f/F572.png - _f/F892.png","norev"
40,21,0,1,3,1,"_f/F650.png","_f/F862.png","norev"
40,22,0,0,4,-1,"0","_f/F407.png - _f/F669.png","norev"
40,23,1,1,3,1,"_m/M502.png","_m/M764.png","norev"
40,24,0,0,2,-1,"0","_f/F571.png - _f/F675.png","norev"
40,25,0,0,1,-1,"0","_f/F826.png - _f/F767.png","norev"
40,26,0,1,1,0,"_f/F477.png","_f/F746.png","norev"
40,27,0,0,1,-1,"0","_f/F367.png - _f/F391.png","norev"
40,28,0,0,3,-1,"0","_f/F475.png - _f/F696.png","norev"
40,29,1,0,2,-1,"0","_m/M429.png - _m/M710.png","norev"
40,30,0,1,3,1,"_f/F788.png","_f/F517.png","norev"
40,31,0,0,3,-1,"0","_f/F803.png - _f/F651.png","norev"
40,32,1,1,3,0,"_m/M635.png","_m/M818.png","norev"
40,33,0,0,2,-1,"0","_f/F900.png - _f/F453.png","norev"
40,34,1,1,3,0,"_m/M632.png","_m/M415.png","norev"
40,35,0,0,3,-1,"0","_f/F648.png - _f/F521.png","norev"
40,36,1,0,3,-1,"0","_m/M757.png - _m/M793.png","norev"
40,37,1,1,2,1,"_m/M772.png","_m/M731.png","norev"
40,38,1,0,4,-1,"0","_m/M865.png - _m/M879.png","norev"
40,39,1,0,2,-1,"0","_m/M893.png - _m/M631.png","norev"
40,40,1,0,4,-1,"0","_m/M927.png - _m/M430.png","norev"
40,41,0,0,3,-1,"0","_f/F438.png - _f/F419.png","norev"
40,42,1,0,2,-1,"0","_m/M619.png - _m/M546.png","norev"
40,43,0,1,2,0,"_f/F867.png","_f/F878.png","norev"
40,44,0,0,2,-1,"0","_f/F869.png - _f/F784.png","norev"
40,45,1,1,1,1,"_m/M363.png","_m/M453.png","norev"
40,46,0,1,2,1,"_f/F612.png","_f/F358.png","norev"
40,47,0,0,2,-1,"0","_f/F388.png - _f/F609.png","norev"
40,48,0,1,2,0,"_f/F828.png","_f/F717.png","norev"
40,49,0,1,3,0,"_f/F730.png","_f/F940.png","norev"
40,50,0,0,1,-1,"0","_f/F845.png - _f/F912.png","norev"
40,51,0,1,3,0,"_f/F538.png","_f/F398.png","norev"
40,52,1,1,1,1,"_m/M626.png","_m/M874.png","norev"
40,53,1,0,2,-1,"0","_m/M336.png - _m/M335.png","norev"
40,54,0,0,1,-1,"0","_f/F347.png - _f/F622.png","norev"
40,55,1,0,3,-1,"0","_m/M407.png - _m/M794.png","norev"
40,56,1,1,3,0,"_m/M395.png","_m/M768.png","norev"
40,57,1,1,2,0,"_m/M579.png","_m/M947.png","norev"
40,58,1,0,3,-1,"0","_m/M750.png - _m/M580.png","norev"
40,59,0,1,2,1,"_f/F851.png","_f/F714.png","norev"
40,60,1,0,4,-1,"0","_m/M618.png - _m/M376.png","norev"
40,61,0,1,3,1,"_f/F945.png","_f/F332.png","norev"
40,62,0,1,3,1,"_f/F733.png","_f/F513.png","norev"
40,63,0,0,3,-1,"0","_f/F924.png - _f/F925.png","norev"
40,64,1,1,2,1,"_m/M727.png","_m/M470.png","norev"
40,65,0,0,3,-1,"0","_f/F763.png - _f/F519.png","norev"
40,66,1,1,3,0,"_m/M748.png","_m/M512.png","norev"
40,67,1,0,2,-1,"0","_m/M718.png - _m/M449.png","norev"
40,68,1,1,1,0,"_m/M380.png","_m/M440.png","norev"
40,69,0,0,3,-1,"0","_f/F510.png - _f/F672.png","norev"
40,70,1,1,2,1,"_m/M755.png","_m/M850.png","norev"
40,71,0,1,4,1,"_f/F370.png","_f/F894.png","norev"
40,72,1,0,3,-1,"0","_m/M435.png - _m/M652.png","norev"
40,73,1,1,3,1,"_m/M411.png","_m/M577.png","norev"
40,74,1,0,2,-1,"0","_m/M556.png - _m/M399.png","norev"
40,75,1,1,1,1,"_m/M670.png","_m/M366.png","norev"
40,76,0,0,2,-1,"0","_f/F859.png - _f/F899.png","norev"
40,77,1,1,2,1,"_m/M734.png","_m/M559.png","norev"
40,78,1,1,4,0,"_m/M769.png","_m/M488.png","norev"
40,79,0,1,3,0,"_f/F914.png","_f/F708.png","norev"
40,80,1,0,3,-1,"0","_m/M341.png - _m/M471.png","norev"
40,81,0,1,4,1,"_f/F889.png","_f/F421.png","norev"
40,82,0,1,2,0,"_f/F712.png","_f/F461.png","norev"
40,83,1,0,1,-1,"0","_m/M403.png - _m/M743.png","norev"
40,84,0,1,1,0,"_f/F820.png","_f/F906.png","norev"
40,85,0,1,2,1,"_f/F877.png","_f/F745.png","norev"
40,86,0,1,3,0,"_f/F542.png","_f/F578.png","norev"
40,87,0,1,2,1,"_f/F950.png","_f/F616.png","norev"
40,88,0,1,3,1,"_f/F469.png","_f/F472.png","norev"
40,89,0,1,1,0,"_f/F838.png","_f/F902.png","norev"
40,90,1,0,4,-1,"0","_m/M820.png - _m/M570.png","norev"
40,91,1,0,2,-1,"0","_m/M838.png - _m/M640.png","norev"
40,92,0,1,3,1,"_f/F654.png","_f/F743.png","norev"
40,93,1,0,3,-1,"0","_m/M483.png - _m/M826.png","norev"
40,94,0,1,4,1,"_f/F429.png","_f/F536.png","norev"
40,95,0,0,2,-1,"0","_f/F903.png - _f/F534.png","norev"
40,96,1,0,1,-1,"0","_m/M864.png - _m/M330.png","norev"
40,97,0,1,2,0,"_f/F454.png","_f/F354.png","norev"
40,98,0,1,2,1,"_f/F470.png","_f/F801.png","norev"
40,99,0,0,3,-1,"0","_f/F464.png - _f/F504.png","norev"
40,100,1,0,3,-1,"0","_m/M473.png - _m/M537.png","norev"
40,101,0,1,2,1,"_f/F674.png","_f/F466.png","norev"
40,102,0,0,1,-1,"0","_f/F489.png - _f/F741.png","norev"
40,103,1,1,2,1,"_m/M475.png","_m/M630.png","norev"
40,104,0,1,3,0,"_f/F870.png","_f/F468.png","norev"
40,105,0,0,1,-1,"0","_f/F825.png - _f/F365.png","norev"
40,106,1,1,1,1,"_m/M930.png","_m/M348.png","norev"
40,107,0,0,3,-1,"0","_f/F562.png - _f/F915.png","norev"
40,108,0,0,2,-1,"0","_f/F423.png - _f/F664.png","norev"
40,109,0,0,1,-1,"0","_f/F795.png - _f/F693.png","norev"
40,110,1,1,3,1,"_m/M616.png","_m/M834.png","norev"
40,111,1,0,3,-1,"0","_m/M589.png - _m/M840.png","norev"
40,112,1,1,3,1,"_m/M711.png","_m/M585.png","norev"
40,113,0,0,3,-1,"0","_f/F334.png - _f/F532.png","norev"
40,114,1,0,3,-1,"0","_m/M931.png - _m/M513.png","norev"
40,115,1,0,2,-1,"0","_m/M467.png - _m/M328.png","norev"
40,116,1,0,2,-1,"0","_m/M540.png - _m/M715.png","norev"
40,117,1,1,3,1,"_m/M653.png","_m/M373.png","norev"
40,118,0,0,3,-1,"0","_f/F525.png - _f/F773.png","norev"
40,119,0,1,1,1,"_f/F792.png","_f/F690.png","norev"
40,120,1,1,2,0,"_m/M720.png","_m/M454.png","norev"
40,121,1,0,4,-1,"0","_m/M910.png - _m/M398.png","norev"
40,122,0,1,3,0,"_f/F447.png","_f/F637.png","norev"
40,123,1,0,2,-1,"0","_m/M894.png - _m/M425.png","norev"
40,124,0,1,2,0,"_f/F911.png","_f/F810.png","norev"
40,125,0,0,1,-1,"0","_f/F852.png - _f/F335.png","norev"
40,126,1,0,2,-1,"0","_m/M948.png - _m/M871.png","norev"
40,127,1,1,2,0,"_m/M441.png","_m/M421.png","norev"
40,128,0,1,2,1,"_f/F333.png","_f/F928.png","norev"
40,129,1,0,3,-1,"0","_m/M405.png - _m/M445.png","norev"
40,130,0,1,1,1,"_f/F742.png","_f/F875.png","norev"
40,131,0,0,3,-1,"0","_f/F718.png - _f/F814.png","norev"
40,132,1,0,2,-1,"0","_m/M334.png - _m/M753.png","norev"
40,133,0,0,2,-1,"0","_f/F758.png - _f/F381.png","norev"
40,134,1,1,2,1,"_m/M730.png","_m/M806.png","norev"
40,135,1,1,3,0,"_m/M489.png","_m/M575.png","norev"
40,136,1,0,1,-1,"0","_m/M704.png - _m/M541.png","norev"
40,137,1,0,2,-1,"0","_m/M899.png - _m/M717.png","norev"
40,138,1,0,3,-1,"0","_m/M756.png - _m/M586.png","norev"
40,139,0,1,3,1,"_f/F723.png","_f/F876.png","norev"
40,140,0,1,3,1,"_f/F860.png","_f/F768.png","norev"
40,141,0,0,2,-1,"0","_f/F574.png - _f/F402.png","norev"
40,142,0,0,1,-1,"0","_f/F720.png - _f/F871.png","norev"
40,143,1,1,2,1,"_m/M758.png","_m/M726.png","norev"
40,144,0,1,1,0,"_f/F449.png","_f/F498.png","norev"
40,145,0,1,3,1,"_f/F751.png","_f/F343.png","norev"
40,146,0,1,3,0,"_f/F643.png","_f/F821.png","norev"
40,147,0,0,1,-1,"0","_f/F487.png - _f/F593.png","norev"
40,148,0,1,1,1,"_f/F817.png","_f/F590.png","norev"
40,149,0,1,2,1,"_f/F353.png","_f/F329.png","norev"
40,150,1,1,3,1,"_m/M587.png","_m/M742.png","norev"
40,151,1,1,3,0,"_m/M472.png","_m/M369.png","norev"
40,152,0,0,2,-1,"0","_f/F668.png - _f/F697.png","norev"
40,153,1,1,1,0,"_m/M740.png","_m/M870.png","norev"
40,154,1,1,3,0,"_m/M663.png","_m/M922.png","norev"
40,155,1,0,2,-1,"0","_m/M329.png - _m/M604.png","norev"
40,156,1,1,2,1,"_m/M703.png","_m/M339.png","norev"
40,157,1,1,3,1,"_m/M533.png","_m/M459.png","norev"
40,158,0,0,2,-1,"0","_f/F910.png - _f/F837.png","norev"
40,159,0,0,1,-1,"0","_f/F467.png - _f/F833.png","norev"
40,160,1,0,2,-1,"0","_m/M614.png - _m/M833.png","norev"
40,161,0,0,2,-1,"0","_f/F642.png - _f/F880.png","norev"
40,162,1,0,3,-1,"0","_m/M582.png - _m/M461.png","norev"
40,163,0,0,2,-1,"0","_f/F575.png - _f/F486.png","norev"
40,164,0,1,1,1,"_f/F533.png","_f/F726.png","norev"
40,165,0,1,3,0,"_f/F380.png","_f/F463.png","norev"
40,166,1,0,3,-1,"0","_m/M783.png - _m/M418.png","norev"
40,167,0,1,2,0,"_f/F842.png","_f/F864.png","norev"
40,168,0,0,3,-1,"0","_f/F731.png - _f/F559.png","norev"
40,169,1,0,3,-1,"0","_m/M863.png - _m/M882.png","norev"
40,170,1,1,2,0,"_m/M853.png","_m/M699.png","norev"
40,171,1,1,2,0,"_m/M356.png","_m/M368.png","norev"
40,172,1,0,1,-1,"0","_m/M527.png - _m/M571.png","norev"
40,173,1,0,3,-1,"0","_m/M854.png - _m/M923.png","norev"
40,174,0,0,2,-1,"0","_f/F588.png - _f/F689.png","norev"
40,175,0,0,2,-1,"0","_f/F420.png - _f/F444.png","norev"
40,176,1,1,2,0,"_m/M515.png","_m/M665.png","norev"
40,177,0,0,2,-1,"0","_f/F387.png - _f/F425.png","norev"
40,178,0,1,1,1,"_f/F946.png","_f/F493.png","norev"
40,179,1,1,1,1,"_m/M666.png","_m/M786.png","norev"
40,180,1,1,2,1,"_m/M388.png","_m/M505.png","norev"
40,181,0,0,2,-1,"0","_f/F793.png - _f/F374.png","norev"
40,182,1,0,2,-1,"0","_m/M907.png - _m/M812.png","norev"
40,183,1,0,2,-1,"0","_m/M332.png - _m/M465.png","norev"
40,184,0,0,2,-1,"0","_f/F678.png - _f/F474.png","norev"
40,185,1,1,2,0,"_m/M359.png","_m/M499.png","norev"
40,186,1,0,1,-1,"0","_m/M800.png - _m/M814.png","norev"
40,187,1,1,2,0,"_m/M350.png","_m/M643.png","norev"
40,188,0,1,2,0,"_f/F431.png","_f/F563.png","norev"
40,189,1,1,3,1,"_m/M591.png","_m/M524.png","norev"
40,190,0,1,3,1,"_f/F873.png","_f/F527.png","norev"
40,191,1,1,2,0,"_m/M662.png","_m/M397.png","norev"
40,192,1,1,3,0,"_m/M858.png","_m/M623.png","norev"
40,193,0,0,2,-1,"0","_f/F581.png - _f/F948.png","norev"
40,194,0,0,3,-1,"0","_f/F679.png - _f/F883.png","norev"
40,195,1,1,2,0,"_m/M792.png","_m/M747.png","norev"
40,196,1,1,3,1,"_m/M669.png","_m/M375.png","norev"
40,197,1,0,3,-1,"0","_m/M725.png - _m/M646.png","norev"
40,198,1,1,2,0,"_m/M562.png","_m/M945.png","norev"
40,199,1,1,3,1,"_m/M744.png","_m/M491.png","norev"
40,200,1,1,2,0,"_m/M696.png","_m/M808.png","norev"
41,1,0,1,3,1,"_f/F799.png","_f/F820.png","norev"
41,2,1,0,2,-1,"0","_m/M774.png - _m/M830.png","norev"
41,3,0,0,1,-1,"0","_f/F704.png - _f/F844.png","norev"
41,4,0,1,4,1,"_f/F402.png","_f/F498.png","norev"
41,5,0,0,3,-1,"0","_f/F874.png - _f/F888.png","norev"
41,6,1,0,4,-1,"0","_m/M442.png - _m/M498.png","norev"
41,7,0,0,2,-1,"0","_f/F423.png - _f/F628.png","norev"
41,8,0,0,2,-1,"0","_f/F919.png - _f/F784.png","norev"
41,9,0,1,4,1,"_f/F795.png","_f/F412.png","norev"
41,10,1,1,3,1,"_m/M802.png","_m/M761.png","norev"
41,11,1,0,2,-1,"0","_m/M536.png - _m/M519.png","norev"
41,12,1,0,2,-1,"0","_m/M642.png - _m/M838.png","norev"
41,13,1,1,4,1,"_m/M806.png","_m/M849.png","norev"
41,14,1,1,3,1,"_m/M918.png","_m/M435.png","norev"
41,15,1,0,3,-1,"0","_m/M811.png - _m/M571.png","norev"
41,16,1,1,2,1,"_m/M471.png","_m/M520.png","norev"
41,17,1,0,2,-1,"0","_m/M466.png - _m/M888.png","norev"
41,18,1,0,2,-1,"0","_m/M647.png - _m/M641.png","norev"
41,19,0,0,2,-1,"0","_f/F819.png - _f/F718.png","norev"
41,20,1,1,4,1,"_m/M385.png","_m/M522.png","norev"
41,21,0,1,2,1,"_f/F757.png","_f/F576.png","norev"
41,22,1,0,3,-1,"0","_m/M397.png - _m/M759.png","norev"
41,23,1,0,2,-1,"0","_m/M623.png - _m/M884.png","norev"
41,24,0,1,4,1,"_f/F730.png","_f/F664.png","norev"
41,25,1,1,1,0,"_m/M336.png","_m/M406.png","norev"
41,26,0,0,2,-1,"0","_f/F513.png - _f/F568.png","norev"
41,27,1,1,4,1,"_m/M557.png","_m/M936.png","norev"
41,28,1,0,1,-1,"0","_m/M598.png - _m/M770.png","norev"
41,29,1,1,4,1,"_m/M366.png","_m/M337.png","norev"
41,30,0,0,1,-1,"0","_f/F531.png - _f/F851.png","norev"
41,31,0,1,3,1,"_f/F388.png","_f/F798.png","norev"
41,32,0,0,1,-1,"0","_f/F901.png - _f/F510.png","norev"
41,33,0,0,1,-1,"0","_f/F770.png - _f/F432.png","norev"
41,34,1,1,3,1,"_m/M479.png","_m/M938.png","norev"
41,35,1,0,1,-1,"0","_m/M548.png - _m/M766.png","norev"
41,36,1,1,2,0,"_m/M681.png","_m/M353.png","norev"
41,37,1,1,2,1,"_m/M660.png","_m/M652.png","norev"
41,38,0,0,1,-1,"0","_f/F749.png - _f/F485.png","norev"
41,39,1,1,3,1,"_m/M481.png","_m/M451.png","norev"
41,40,0,1,2,1,"_f/F763.png","_f/F879.png","norev"
41,41,0,0,1,-1,"0","_f/F786.png - _f/F625.png","norev"
41,42,0,1,3,1,"_f/F946.png","_f/F604.png","norev"
41,43,1,0,2,-1,"0","_m/M725.png - _m/M379.png","norev"
41,44,1,1,4,1,"_m/M904.png","_m/M851.png","norev"
41,45,0,0,4,-1,"0","_f/F347.png - _f/F726.png","norev"
41,46,1,0,1,-1,"0","_m/M703.png - _m/M569.png","norev"
41,47,1,0,1,-1,"0","_m/M742.png - _m/M359.png","norev"
41,48,0,0,1,-1,"0","_f/F833.png - _f/F633.png","norev"
41,49,0,1,2,0,"_f/F861.png","_f/F791.png","norev"
41,50,0,1,3,0,"_f/F439.png","_f/F649.png","norev"
41,51,1,1,4,1,"_m/M426.png","_m/M845.png","norev"
41,52,0,0,1,-1,"0","_f/F708.png - _f/F912.png","norev"
41,53,1,1,2,1,"_m/M814.png","_m/M393.png","norev"
41,54,0,1,2,1,"_f/F677.png","_f/F340.png","norev"
41,55,0,0,3,-1,"0","_f/F875.png - _f/F648.png","norev"
41,56,1,1,4,1,"_m/M395.png","_m/M878.png","norev"
41,57,1,1,1,1,"_m/M516.png","_m/M810.png","norev"
41,58,1,0,2,-1,"0","_m/M433.png - _m/M595.png","norev"
41,59,0,0,2,-1,"0","_f/F759.png - _f/F650.png","norev"
41,60,1,0,1,-1,"0","_m/M688.png - _m/M512.png","norev"
41,61,0,1,4,1,"_f/F778.png","_f/F779.png","norev"
41,62,0,1,1,0,"_f/F756.png","_f/F638.png","norev"
41,63,0,0,1,-1,"0","_f/F408.png - _f/F837.png","norev"
41,64,0,0,4,-1,"0","_f/F942.png - _f/F380.png","norev"
41,65,0,0,1,-1,"0","_f/F644.png - _f/F675.png","norev"
41,66,0,0,1,-1,"0","_f/F329.png - _f/F871.png","norev"
41,67,1,0,1,-1,"0","_m/M937.png - _m/M639.png","norev"
41,68,1,1,3,1,"_m/M748.png","_m/M511.png","norev"
41,69,0,1,3,1,"_f/F560.png","_f/F424.png","norev"
41,70,1,0,3,-1,"0","_m/M545.png - _m/M552.png","norev"
41,71,0,1,2,0,"_f/F557.png","_f/F692.png","norev"
41,72,0,1,2,1,"_f/F856.png","_f/F825.png","norev"
41,73,0,0,1,-1,"0","_f/F546.png - _f/F358.png","norev"
41,74,0,0,2,-1,"0","_f/F878.png - _f/F891.png","norev"
41,75,0,1,3,1,"_f/F865.png","_f/F805.png","norev"
41,76,0,1,3,1,"_f/F781.png","_f/F830.png","norev"
41,77,0,0,1,-1,"0","_f/F348.png - _f/F660.png","norev"
41,78,1,1,2,1,"_m/M635.png","_m/M405.png","norev"
41,79,1,1,4,1,"_m/M839.png","_m/M558.png","norev"
41,80,0,0,2,-1,"0","_f/F425.png - _f/F538.png","norev"
41,81,0,0,1,-1,"0","_f/F941.png - _f/F787.png","norev"
41,82,0,1,4,1,"_f/F583.png","_f/F661.png","norev"
41,83,1,0,3,-1,"0","_m/M910.png - _m/M472.png","norev"
41,84,0,0,1,-1,"0","_f/F792.png - _f/F652.png","norev"
41,85,0,0,1,-1,"0","_f/F566.png - _f/F421.png","norev"
41,86,0,0,3,-1,"0","_f/F626.png - _f/F641.png","norev"
41,87,1,0,2,-1,"0","_m/M392.png - _m/M875.png","norev"
41,88,0,1,3,1,"_f/F676.png","_f/F428.png","norev"
41,89,1,1,3,1,"_m/M454.png","_m/M554.png","norev"
41,90,0,1,4,1,"_f/F467.png","_f/F815.png","norev"
41,91,1,0,1,-1,"0","_m/M926.png - _m/M347.png","norev"
41,92,1,1,4,1,"_m/M431.png","_m/M708.png","norev"
41,93,0,1,1,0,"_f/F728.png","_f/F906.png","norev"
41,94,1,0,1,-1,"0","_m/M377.png - _m/M419.png","norev"
41,95,1,1,2,0,"_m/M401.png","_m/M362.png","norev"
41,96,0,1,4,1,"_f/F673.png","_f/F450.png","norev"
41,97,1,1,1,0,"_m/M823.png","_m/M794.png","norev"
41,98,1,0,1,-1,"0","_m/M574.png - _m/M518.png","norev"
41,99,1,1,1,0,"_m/M747.png","_m/M804.png","norev"
41,100,1,0,2,-1,"0","_m/M793.png - _m/M659.png","norev"
41,101,1,1,4,1,"_m/M542.png","_m/M741.png","norev"
41,102,1,1,1,1,"_m/M428.png","_m/M486.png","norev"
41,103,1,1,2,1,"_m/M649.png","_m/M508.png","norev"
41,104,1,0,1,-1,"0","_m/M444.png - _m/M374.png","norev"
41,105,0,1,2,0,"_f/F846.png","_f/F920.png","norev"
41,106,0,0,1,-1,"0","_f/F657.png - _f/F862.png","norev"
41,107,0,0,1,-1,"0","_f/F922.png - _f/F433.png","norev"
41,108,0,1,2,1,"_f/F344.png","_f/F562.png","norev"
41,109,1,1,2,1,"_m/M460.png","_m/M410.png","norev"
41,110,1,0,2,-1,"0","_m/M448.png - _m/M648.png","norev"
41,111,1,1,4,1,"_m/M856.png","_m/M383.png","norev"
41,112,0,0,1,-1,"0","_f/F533.png - _f/F611.png","norev"
41,113,0,0,1,-1,"0","_f/F647.png - _f/F637.png","norev"
41,114,0,1,2,0,"_f/F631.png","_f/F808.png","norev"
41,115,1,0,3,-1,"0","_m/M525.png - _m/M546.png","norev"
41,116,1,0,2,-1,"0","_m/M494.png - _m/M585.png","norev"
41,117,0,1,4,0,"_f/F442.png","_f/F793.png","norev"
41,118,1,0,3,-1,"0","_m/M882.png - _m/M464.png","norev"
41,119,1,1,2,1,"_m/M890.png","_m/M792.png","norev"
41,120,1,0,1,-1,"0","_m/M628.png - _m/M627.png","norev"
41,121,1,0,1,-1,"0","_m/M731.png - _m/M881.png","norev"
41,122,0,1,4,1,"_f/F656.png","_f/F484.png","norev"
41,123,1,1,2,1,"_m/M530.png","_m/M553.png","norev"
41,124,0,1,2,1,"_f/F814.png","_f/F654.png","norev"
41,125,0,0,3,-1,"0","_f/F541.png - _f/F911.png","norev"
41,126,0,1,2,1,"_f/F435.png","_f/F338.png","norev"
41,127,1,0,2,-1,"0","_m/M916.png - _m/M664.png","norev"
41,128,0,0,2,-1,"0","_f/F518.png - _f/F369.png","norev"
41,129,1,1,4,1,"_m/M897.png","_m/M712.png","norev"
41,130,1,0,1,-1,"0","_m/M780.png - _m/M827.png","norev"
41,131,0,0,1,-1,"0","_f/F429.png - _f/F680.png","norev"
41,132,0,1,4,1,"_f/F554.png","_f/F909.png","norev"
41,133,1,1,4,1,"_m/M749.png","_m/M438.png","norev"
41,134,0,1,1,0,"_f/F490.png","_f/F466.png","norev"
41,135,1,1,2,1,"_m/M422.png","_m/M779.png","norev"
41,136,0,1,2,1,"_f/F937.png","_f/F624.png","norev"
41,137,0,0,2,-1,"0","_f/F417.png - _f/F558.png","norev"
41,138,1,0,2,-1,"0","_m/M480.png - _m/M531.png","norev"
41,139,1,0,1,-1,"0","_m/M633.png - _m/M586.png","norev"
41,140,1,1,1,1,"_m/M662.png","_m/M670.png","norev"
41,141,1,0,1,-1,"0","_m/M821.png - _m/M529.png","norev"
41,142,0,1,1,0,"_f/F746.png","_f/F367.png","norev"
41,143,0,0,3,-1,"0","_f/F553.png - _f/F440.png","norev"
41,144,1,0,2,-1,"0","_m/M570.png - _m/M491.png","norev"
41,145,1,0,2,-1,"0","_m/M692.png - _m/M860.png","norev"
41,146,0,0,2,-1,"0","_f/F572.png - _f/F540.png","norev"
41,147,0,1,2,0,"_f/F548.png","_f/F614.png","norev"
41,148,1,1,2,1,"_m/M710.png","_m/M550.png","norev"
41,149,1,0,3,-1,"0","_m/M675.png - _m/M734.png","norev"
41,150,0,0,1,-1,"0","_f/F789.png - _f/F930.png","norev"
41,151,0,1,4,1,"_f/F473.png","_f/F551.png","norev"
41,152,0,1,4,1,"_f/F539.png","_f/F804.png","norev"
41,153,0,1,4,1,"_f/F430.png","_f/F701.png","norev"
41,154,0,0,1,-1,"0","_f/F416.png - _f/F727.png","norev"
41,155,1,0,1,-1,"0","_m/M562.png - _m/M429.png","norev"
41,156,0,0,1,-1,"0","_f/F418.png - _f/F401.png","norev"
41,157,1,0,1,-1,"0","_m/M404.png - _m/M900.png","norev"
41,158,0,1,4,1,"_f/F666.png","_f/F620.png","norev"
41,159,0,1,1,0,"_f/F330.png","_f/F461.png","norev"
41,160,1,1,1,1,"_m/M339.png","_m/M909.png","norev"
41,161,1,0,1,-1,"0","_m/M655.png - _m/M750.png","norev"
41,162,1,0,1,-1,"0","_m/M746.png - _m/M932.png","norev"
41,163,0,0,3,-1,"0","_f/F943.png - _f/F767.png","norev"
41,164,1,0,3,-1,"0","_m/M564.png - _m/M594.png","norev"
41,165,0,0,1,-1,"0","_f/F931.png - _f/F386.png","norev"
41,166,0,1,1,1,"_f/F564.png","_f/F361.png","norev"
41,167,0,0,1,-1,"0","_f/F488.png - _f/F855.png","norev"
41,168,0,1,4,1,"_f/F936.png","_f/F712.png","norev"
41,169,1,0,2,-1,"0","_m/M899.png - _m/M745.png","norev"
41,170,0,1,1,1,"_f/F622.png","_f/F593.png","norev"
41,171,1,1,2,0,"_m/M346.png","_m/M782.png","norev"
41,172,1,1,3,1,"_m/M674.png","_m/M539.png","norev"
41,173,1,0,1,-1,"0","_m/M335.png - _m/M567.png","norev"
41,174,1,1,2,0,"_m/M658.png","_m/M836.png","norev"
41,175,1,0,2,-1,"0","_m/M940.png - _m/M901.png","norev"
41,176,0,0,1,-1,"0","_f/F743.png - _f/F571.png","norev"
41,177,1,1,3,1,"_m/M417.png","_m/M682.png","norev"
41,178,0,1,1,0,"_f/F552.png","_f/F703.png","norev"
41,179,0,0,1,-1,"0","_f/F895.png - _f/F678.png","norev"
41,180,0,0,1,-1,"0","_f/F520.png - _f/F843.png","norev"
41,181,0,1,1,1,"_f/F334.png","_f/F455.png","norev"
41,182,1,1,2,1,"_m/M465.png","_m/M668.png","norev"
41,183,1,1,1,0,"_m/M457.png","_m/M757.png","norev"
41,184,1,0,1,-1,"0","_m/M813.png - _m/M631.png","norev"
41,185,1,0,1,-1,"0","_m/M934.png - _m/M332.png","norev"
41,186,0,1,4,1,"_f/F508.png","_f/F378.png","norev"
41,187,1,1,3,1,"_m/M478.png","_m/M699.png","norev"
41,188,1,1,1,1,"_m/M499.png","_m/M614.png","norev"
41,189,1,1,1,0,"_m/M434.png","_m/M364.png","norev"
41,190,0,0,1,-1,"0","_f/F713.png - _f/F601.png","norev"
41,191,1,1,2,0,"_m/M630.png","_m/M355.png","norev"
41,192,1,1,1,1,"_m/M727.png","_m/M733.png","norev"
41,193,0,0,1,-1,"0","_f/F944.png - _f/F575.png","norev"
41,194,0,1,1,1,"_f/F441.png","_f/F364.png","norev"
41,195,0,1,4,1,"_f/F448.png","_f/F782.png","norev"
41,196,0,1,1,1,"_f/F783.png","_f/F341.png","norev"
41,197,0,0,1,-1,"0","_f/F492.png - _f/F445.png","norev"
41,198,1,0,2,-1,"0","_m/M930.png - _m/M776.png","norev"
41,199,0,1,4,0,"_f/F771.png","_f/F753.png","norev"
41,200,1,1,2,0,"_m/M791.png","_m/M447.png","norev"
42,1,1,1,4,1,"_m/M687.png","_m/M939.png","norev"
42,2,1,1,3,1,"_m/M492.png","_m/M416.png","norev"
42,3,1,0,3,-1,"0","_m/M539.png - _m/M342.png","norev"
42,4,0,0,3,-1,"0","_f/F803.png - _f/F789.png","norev"
42,5,0,0,2,-1,"0","_f/F339.png - _f/F417.png","norev"
42,6,1,1,4,1,"_m/M862.png","_m/M379.png","norev"
42,7,1,1,1,0,"_m/M911.png","_m/M928.png","norev"
42,8,1,1,3,1,"_m/M771.png","_m/M444.png","norev"
42,9,1,0,2,-1,"0","_m/M377.png - _m/M588.png","norev"
42,10,1,1,4,0,"_m/M692.png","_m/M357.png","norev"
42,11,1,0,2,-1,"0","_m/M873.png - _m/M924.png","norev"
42,12,0,0,3,-1,"0","_f/F630.png - _f/F390.png","norev"
42,13,1,0,2,-1,"0","_m/M664.png - _m/M524.png","norev"
42,14,0,1,4,0,"_f/F858.png","_f/F905.png","norev"
42,15,0,0,2,-1,"0","_f/F448.png - _f/F946.png","norev"
42,16,1,0,3,-1,"0","_m/M949.png - _m/M332.png","norev"
42,17,1,1,4,1,"_m/M556.png","_m/M439.png","norev"
42,18,0,1,4,1,"_f/F779.png","_f/F653.png","norev"
42,19,1,1,4,1,"_m/M675.png","_m/M407.png","norev"
42,20,1,1,2,0,"_m/M358.png","_m/M896.png","norev"
42,21,0,1,3,1,"_f/F430.png","_f/F432.png","norev"
42,22,0,1,2,0,"_f/F330.png","_f/F593.png","norev"
42,23,0,0,3,-1,"0","_f/F925.png - _f/F836.png","norev"
42,24,0,1,2,0,"_f/F918.png","_f/F746.png","norev"
42,25,0,0,2,-1,"0","_f/F659.png - _f/F938.png","norev"
42,26,1,1,3,1,"_m/M512.png","_m/M818.png","norev"
42,27,0,0,3,-1,"0","_f/F443.png - _f/F586.png","norev"
42,28,1,1,3,0,"_m/M697.png","_m/M865.png","norev"
42,29,0,0,2,-1,"0","_f/F341.png - _f/F581.png","norev"
42,30,1,1,3,1,"_m/M710.png","_m/M486.png","norev"
42,31,0,1,3,1,"_f/F674.png","_f/F550.png","norev"
42,32,0,0,2,-1,"0","_f/F478.png - _f/F619.png","norev"
42,33,1,0,3,-1,"0","_m/M634.png - _m/M460.png","norev"
42,34,1,0,3,-1,"0","_m/M757.png - _m/M718.png","norev"
42,35,0,0,4,-1,"0","_f/F695.png - _f/F509.png","norev"
42,36,1,0,3,-1,"0","_m/M821.png - _m/M883.png","norev"
42,37,1,0,2,-1,"0","_m/M747.png - _m/M741.png","norev"
42,38,0,1,3,1,"_f/F622.png","_f/F367.png","norev"
42,39,1,0,2,-1,"0","_m/M648.png - _m/M642.png","norev"
42,40,1,1,4,0,"_m/M730.png","_m/M560.png","norev"
42,41,0,0,2,-1,"0","_f/F493.png - _f/F872.png","norev"
42,42,1,0,3,-1,"0","_m/M372.png - _m/M736.png","norev"
42,43,1,1,2,0,"_m/M709.png","_m/M667.png","norev"
42,44,1,0,3,-1,"0","_m/M770.png - _m/M590.png","norev"
42,45,0,1,4,1,"_f/F520.png","_f/F389.png","norev"
42,46,1,0,3,-1,"0","_m/M497.png - _m/M426.png","norev"
42,47,0,1,2,0,"_f/F538.png","_f/F703.png","norev"
42,48,0,0,4,-1,"0","_f/F809.png - _f/F788.png","norev"
42,49,1,0,3,-1,"0","_m/M506.png - _m/M523.png","norev"
42,50,0,0,2,-1,"0","_f/F687.png - _f/F680.png","norev"
42,51,0,0,3,-1,"0","_f/F724.png - _f/F913.png","norev"
42,52,1,1,3,0,"_m/M775.png","_m/M773.png","norev"
42,53,0,1,3,1,"_f/F898.png","_f/F571.png","norev"
42,54,1,0,4,-1,"0","_m/M863.png - _m/M923.png","norev"
42,55,0,0,3,-1,"0","_f/F439.png - _f/F879.png","norev"
42,56,0,0,2,-1,"0","_f/F661.png - _f/F635.png","norev"
42,57,1,0,3,-1,"0","_m/M938.png - _m/M831.png","norev"
42,58,0,0,3,-1,"0","_f/F656.png - _f/F819.png","norev"
42,59,0,0,2,-1,"0","_f/F668.png - _f/F491.png","norev"
42,60,1,1,2,0,"_m/M694.png","_m/M464.png","norev"
42,61,1,0,3,-1,"0","_m/M948.png - _m/M553.png","norev"
42,62,1,0,3,-1,"0","_m/M825.png - _m/M504.png","norev"
42,63,1,1,2,1,"_m/M755.png","_m/M670.png","norev"
42,64,0,1,3,1,"_f/F867.png","_f/F427.png","norev"
42,65,0,1,2,0,"_f/F648.png","_f/F884.png","norev"
42,66,1,1,3,1,"_m/M525.png","_m/M612.png","norev"
42,67,1,1,2,0,"_m/M633.png","_m/M449.png","norev"
42,68,0,0,3,-1,"0","_f/F625.png - _f/F575.png","norev"
42,69,1,0,3,-1,"0","_m/M933.png - _m/M561.png","norev"
42,70,1,1,3,1,"_m/M398.png","_m/M832.png","norev"
42,71,0,1,3,1,"_f/F388.png","_f/F921.png","norev"
42,72,0,1,3,1,"_f/F467.png","_f/F806.png","norev"
42,73,0,1,2,0,"_f/F706.png","_f/F376.png","norev"
42,74,1,1,4,0,"_m/M877.png","_m/M452.png","norev"
42,75,0,1,3,0,"_f/F421.png","_f/F360.png","norev"
42,76,1,0,3,-1,"0","_m/M895.png - _m/M400.png","norev"
42,77,1,1,2,0,"_m/M420.png","_m/M677.png","norev"
42,78,1,0,3,-1,"0","_m/M384.png - _m/M436.png","norev"
42,79,1,0,3,-1,"0","_m/M805.png - _m/M373.png","norev"
42,80,0,0,3,-1,"0","_f/F544.png - _f/F393.png","norev"
42,81,0,1,3,0,"_f/F909.png","_f/F486.png","norev"
42,82,1,1,3,0,"_m/M434.png","_m/M785.png","norev"
42,83,0,0,4,-1,"0","_f/F590.png - _f/F864.png","norev"
42,84,0,0,3,-1,"0","_f/F563.png - _f/F817.png","norev"
42,85,1,1,3,0,"_m/M695.png","_m/M500.png","norev"
42,86,0,1,2,0,"_f/F537.png","_f/F885.png","norev"
42,87,1,1,3,0,"_m/M822.png","_m/M499.png","norev"
42,88,0,1,2,0,"_f/F567.png","_f/F414.png","norev"
42,89,1,0,3,-1,"0","_m/M851.png - _m/M815.png","norev"
42,90,0,1,3,1,"_f/F411.png","_f/F588.png","norev"
42,91,1,0,3,-1,"0","_m/M935.png - _m/M797.png","norev"
42,92,0,0,2,-1,"0","_f/F662.png - _f/F800.png","norev"
42,93,0,1,3,0,"_f/F510.png","_f/F846.png","norev"
42,94,1,0,3,-1,"0","_m/M680.png - _m/M328.png","norev"
42,95,0,1,3,1,"_f/F744.png","_f/F454.png","norev"
42,96,0,0,3,-1,"0","_f/F763.png - _f/F852.png","norev"
42,97,1,0,3,-1,"0","_m/M580.png - _m/M501.png","norev"
42,98,0,1,3,1,"_f/F335.png","_f/F791.png","norev"
42,99,1,1,2,1,"_m/M502.png","_m/M519.png","norev"
42,100,0,0,3,-1,"0","_f/F616.png - _f/F447.png","norev"
42,101,1,1,3,1,"_m/M545.png","_m/M566.png","norev"
42,102,1,1,3,0,"_m/M376.png","_m/M765.png","norev"
42,103,1,0,3,-1,"0","_m/M340.png - _m/M688.png","norev"
42,104,0,0,3,-1,"0","_f/F473.png - _f/F618.png","norev"
42,105,1,0,1,-1,"0","_m/M627.png - _m/M592.png","norev"
42,106,1,0,3,-1,"0","_m/M876.png - _m/M330.png","norev"
42,107,0,0,3,-1,"0","_f/F351.png - _f/F506.png","norev"
42,108,1,1,3,1,"_m/M606.png","_m/M639.png","norev"
42,109,0,1,3,1,"_f/F794.png","_f/F863.png","norev"
42,110,0,0,3,-1,"0","_f/F772.png - _f/F533.png","norev"
42,111,1,0,2,-1,"0","_m/M850.png - _m/M640.png","norev"
42,112,0,1,3,1,"_f/F613.png","_f/F760.png","norev"
42,113,1,1,3,0,"_m/M405.png","_m/M380.png","norev"
42,114,0,0,3,-1,"0","_f/F403.png - _f/F501.png","norev"
42,115,0,1,3,1,"_f/F723.png","_f/F546.png","norev"
42,116,1,0,3,-1,"0","_m/M517.png - _m/M397.png","norev"
42,117,1,0,4,-1,"0","_m/M914.png - _m/M714.png","norev"
42,118,1,1,3,1,"_m/M469.png","_m/M355.png","norev"
42,119,1,0,3,-1,"0","_m/M720.png - _m/M409.png","norev"
42,120,0,0,3,-1,"0","_f/F465.png - _f/F669.png","norev"
42,121,0,1,3,1,"_f/F357.png","_f/F435.png","norev"
42,122,1,1,2,1,"_m/M827.png","_m/M861.png","norev"
42,123,0,0,3,-1,"0","_f/F696.png - _f/F434.png","norev"
42,124,0,1,3,1,"_f/F705.png","_f/F576.png","norev"
42,125,1,0,3,-1,"0","_m/M456.png - _m/M703.png","norev"
42,126,0,1,3,1,"_f/F328.png","_f/F436.png","norev"
42,127,1,1,4,0,"_m/M334.png","_m/M617.png","norev"
42,128,0,0,3,-1,"0","_f/F340.png - _f/F649.png","norev"
42,129,0,1,3,0,"_f/F785.png","_f/F869.png","norev"
42,130,1,1,3,0,"_m/M750.png","_m/M418.png","norev"
42,131,1,0,2,-1,"0","_m/M665.png - _m/M685.png","norev"
42,132,0,1,3,1,"_f/F948.png","_f/F402.png","norev"
42,133,1,0,3,-1,"0","_m/M599.png - _m/M656.png","norev"
42,134,1,1,3,1,"_m/M628.png","_m/M749.png","norev"
42,135,1,0,3,-1,"0","_m/M702.png - _m/M753.png","norev"
42,136,0,0,3,-1,"0","_f/F935.png - _f/F944.png","norev"
42,137,0,1,3,0,"_f/F358.png","_f/F693.png","norev"
42,138,1,1,3,1,"_m/M388.png","_m/M438.png","norev"
42,139,0,0,3,-1,"0","_f/F844.png - _f/F499.png","norev"
42,140,1,0,3,-1,"0","_m/M926.png - _m/M587.png","norev"
42,141,1,1,3,1,"_m/M571.png","_m/M653.png","norev"
42,142,1,1,3,1,"_m/M385.png","_m/M608.png","norev"
42,143,0,0,3,-1,"0","_f/F451.png - _f/F764.png","norev"
42,144,0,1,3,0,"_f/F728.png","_f/F824.png","norev"
42,145,0,1,3,1,"_f/F740.png","_f/F442.png","norev"
42,146,1,0,3,-1,"0","_m/M721.png - _m/M616.png","norev"
42,147,0,1,3,1,"_f/F841.png","_f/F926.png","norev"
42,148,0,0,2,-1,"0","_f/F754.png - _f/F545.png","norev"
42,149,0,0,3,-1,"0","_f/F897.png - _f/F893.png","norev"
42,150,0,1,3,0,"_f/F850.png","_f/F751.png","norev"
42,151,0,0,3,-1,"0","_f/F490.png - _f/F552.png","norev"
42,152,1,0,3,-1,"0","_m/M706.png - _m/M415.png","norev"
42,153,1,1,4,1,"_m/M676.png","_m/M424.png","norev"
42,154,1,1,3,0,"_m/M909.png","_m/M834.png","norev"
42,155,0,0,3,-1,"0","_f/F759.png - _f/F676.png","norev"
42,156,0,1,3,0,"_f/F420.png","_f/F874.png","norev"
42,157,1,0,3,-1,"0","_m/M549.png - _m/M360.png","norev"
42,158,0,0,3,-1,"0","_f/F701.png - _f/F804.png","norev"
42,159,0,0,3,-1,"0","_f/F476.png - _f/F899.png","norev"
42,160,0,1,2,1,"_f/F589.png","_f/F908.png","norev"
42,161,0,1,3,1,"_f/F337.png","_f/F425.png","norev"
42,162,1,1,3,0,"_m/M448.png","_m/M813.png","norev"
42,163,1,0,3,-1,"0","_m/M777.png - _m/M869.png","norev"
42,164,1,0,3,-1,"0","_m/M733.png - _m/M427.png","norev"
42,165,0,1,3,1,"_f/F395.png","_f/F600.png","norev"
42,166,0,0,3,-1,"0","_f/F704.png - _f/F375.png","norev"
42,167,1,0,3,-1,"0","_m/M774.png - _m/M886.png","norev"
42,168,0,0,3,-1,"0","_f/F686.png - _f/F378.png","norev"
42,169,1,0,3,-1,"0","_m/M766.png - _m/M902.png","norev"
42,170,1,1,3,1,"_m/M684.png","_m/M941.png","norev"
42,171,0,0,3,-1,"0","_f/F936.png - _f/F471.png","norev"
42,172,1,1,3,1,"_m/M351.png","_m/M654.png","norev"
42,173,0,1,3,1,"_f/F366.png","_f/F636.png","norev"
42,174,1,1,3,0,"_m/M806.png","_m/M898.png","norev"
42,175,0,1,3,0,"_f/F914.png","_f/F903.png","norev"
42,176,0,1,3,1,"_f/F702.png","_f/F949.png","norev"
42,177,1,1,3,1,"_m/M474.png","_m/M435.png","norev"
42,178,0,1,3,1,"_f/F574.png","_f/F572.png","norev"
42,179,1,1,3,0,"_m/M432.png","_m/M488.png","norev"
42,180,0,0,3,-1,"0","_f/F855.png - _f/F583.png","norev"
42,181,0,0,3,-1,"0","_f/F910.png - _f/F496.png","norev"
42,182,0,0,3,-1,"0","_f/F397.png - _f/F637.png","norev"
42,183,1,1,4,1,"_m/M333.png","_m/M579.png","norev"
42,184,0,1,3,0,"_f/F596.png","_f/F502.png","norev"
42,185,0,0,3,-1,"0","_f/F727.png - _f/F514.png","norev"
42,186,1,1,3,1,"_m/M441.png","_m/M359.png","norev"
42,187,0,0,3,-1,"0","_f/F831.png - _f/F553.png","norev"
42,188,0,1,3,1,"_f/F548.png","_f/F521.png","norev"
42,189,1,1,3,0,"_m/M354.png","_m/M352.png","norev"
42,190,0,1,3,1,"_f/F830.png","_f/F407.png","norev"
42,191,0,1,3,0,"_f/F549.png","_f/F812.png","norev"
42,192,1,0,3,-1,"0","_m/M884.png - _m/M728.png","norev"
42,193,1,1,3,1,"_m/M408.png","_m/M660.png","norev"
42,194,1,0,2,-1,"0","_m/M391.png - _m/M783.png","norev"
42,195,0,0,2,-1,"0","_f/F551.png - _f/F343.png","norev"
42,196,1,0,3,-1,"0","_m/M453.png - _m/M655.png","norev"
42,197,0,1,3,1,"_f/F419.png","_f/F835.png","norev"
42,198,1,0,3,-1,"0","_m/M404.png - _m/M574.png","norev"
42,199,0,1,3,1,"_f/F457.png","_f/F426.png","norev"
42,200,1,0,3,-1,"0","_m/M514.png - _m/M442.png","norev"
43,1,1,0,2,-1,"0","_m/M710.png - _m/M430.png","norev"
43,2,0,0,3,-1,"0","_f/F461.png - _f/F948.png","norev"
43,3,0,0,2,-1,"0","_f/F437.png - _f/F469.png","norev"
43,4,0,1,4,1,"_f/F728.png","_f/F920.png","norev"
43,5,1,0,3,-1,"0","_m/M595.png - _m/M910.png","norev"
43,6,1,1,2,1,"_m/M917.png","_m/M699.png","norev"
43,7,1,1,2,1,"_m/M865.png","_m/M789.png","norev"
43,8,0,0,2,-1,"0","_f/F342.png - _f/F901.png","norev"
43,9,0,0,2,-1,"0","_f/F897.png - _f/F830.png","norev"
43,10,0,1,1,0,"_f/F549.png","_f/F889.png","norev"
43,11,0,0,2,-1,"0","_f/F638.png - _f/F739.png","norev"
43,12,0,0,2,-1,"0","_f/F331.png - _f/F590.png","norev"
43,13,1,0,2,-1,"0","_m/M420.png - _m/M392.png","norev"
43,14,0,0,2,-1,"0","_f/F633.png - _f/F578.png","norev"
43,15,1,1,3,1,"_m/M877.png","_m/M326.png","norev"
43,16,0,1,3,1,"_f/F888.png","_f/F873.png","norev"
43,17,0,1,3,1,"_f/F733.png","_f/F597.png","norev"
43,18,0,0,1,-1,"0","_f/F763.png - _f/F395.png","norev"
43,19,1,1,2,0,"_m/M402.png","_m/M485.png","norev"
43,20,0,1,4,1,"_f/F837.png","_f/F644.png","norev"
43,21,1,0,3,-1,"0","_m/M943.png - _m/M363.png","norev"
43,22,0,0,2,-1,"0","_f/F782.png - _f/F599.png","norev"
43,23,1,0,2,-1,"0","_m/M849.png - _m/M911.png","norev"
43,24,0,1,2,1,"_f/F831.png","_f/F409.png","norev"
43,25,0,0,1,-1,"0","_f/F401.png - _f/F611.png","norev"
43,26,1,1,1,1,"_m/M784.png","_m/M668.png","norev"
43,27,0,1,1,0,"_f/F628.png","_f/F942.png","norev"
43,28,0,0,2,-1,"0","_f/F709.png - _f/F941.png","norev"
43,29,1,1,3,1,"_m/M448.png","_m/M833.png","norev"
43,30,1,1,1,1,"_m/M536.png","_m/M501.png","norev"
43,31,1,1,1,0,"_m/M554.png","_m/M614.png","norev"
43,32,0,1,3,1,"_f/F823.png","_f/F521.png","norev"
43,33,0,1,3,1,"_f/F368.png","_f/F877.png","norev"
43,34,1,1,4,1,"_m/M480.png","_m/M476.png","norev"
43,35,0,0,2,-1,"0","_f/F584.png - _f/F463.png","norev"
43,36,1,0,2,-1,"0","_m/M852.png - _m/M569.png","norev"
43,37,0,0,2,-1,"0","_f/F570.png - _f/F413.png","norev"
43,38,0,0,2,-1,"0","_f/F558.png - _f/F557.png","norev"
43,39,1,1,2,0,"_m/M727.png","_m/M860.png","norev"
43,40,0,1,4,1,"_f/F362.png","_f/F585.png","norev"
43,41,1,1,2,1,"_m/M343.png","_m/M400.png","norev"
43,42,0,0,2,-1,"0","_f/F743.png - _f/F643.png","norev"
43,43,1,0,2,-1,"0","_m/M688.png - _m/M711.png","norev"
43,44,0,0,1,-1,"0","_f/F856.png - _f/F703.png","norev"
43,45,1,0,2,-1,"0","_m/M377.png - _m/M848.png","norev"
43,46,0,1,2,0,"_f/F825.png","_f/F354.png","norev"
43,47,0,1,4,1,"_f/F402.png","_f/F416.png","norev"
43,48,1,0,2,-1,"0","_m/M407.png - _m/M344.png","norev"
43,49,0,1,2,0,"_f/F616.png","_f/F531.png","norev"
43,50,1,0,2,-1,"0","_m/M783.png - _m/M599.png","norev"
43,51,0,0,2,-1,"0","_f/F776.png - _f/F327.png","norev"
43,52,0,1,2,0,"_f/F418.png","_f/F905.png","norev"
43,53,1,1,3,1,"_m/M902.png","_m/M504.png","norev"
43,54,1,0,2,-1,"0","_m/M948.png - _m/M535.png","norev"
43,55,0,0,3,-1,"0","_f/F903.png - _f/F781.png","norev"
43,56,1,1,3,0,"_m/M652.png","_m/M481.png","norev"
43,57,1,1,4,1,"_m/M516.png","_m/M712.png","norev"
43,58,0,1,3,1,"_f/F861.png","_f/F604.png","norev"
43,59,1,1,4,1,"_m/M871.png","_m/M563.png","norev"
43,60,0,1,2,1,"_f/F603.png","_f/F787.png","norev"
43,61,1,0,2,-1,"0","_m/M620.png - _m/M534.png","norev"
43,62,0,0,2,-1,"0","_f/F440.png - _f/F522.png","norev"
43,63,0,0,2,-1,"0","_f/F580.png - _f/F936.png","norev"
43,64,0,0,2,-1,"0","_f/F538.png - _f/F386.png","norev"
43,65,1,1,2,0,"_m/M793.png","_m/M500.png","norev"
43,66,1,0,2,-1,"0","_m/M819.png - _m/M926.png","norev"
43,67,1,0,2,-1,"0","_m/M605.png - _m/M779.png","norev"
43,68,0,1,2,1,"_f/F752.png","_f/F488.png","norev"
43,69,0,1,1,1,"_f/F898.png","_f/F847.png","norev"
43,70,0,1,2,0,"_f/F591.png","_f/F734.png","norev"
43,71,1,0,2,-1,"0","_m/M787.png - _m/M351.png","norev"
43,72,1,0,2,-1,"0","_m/M422.png - _m/M698.png","norev"
43,73,1,0,2,-1,"0","_m/M714.png - _m/M479.png","norev"
43,74,1,0,2,-1,"0","_m/M845.png - _m/M762.png","norev"
43,75,1,0,1,-1,"0","_m/M880.png - _m/M437.png","norev"
43,76,0,0,3,-1,"0","_f/F879.png - _f/F705.png","norev"
43,77,1,0,2,-1,"0","_m/M944.png - _m/M615.png","norev"
43,78,1,0,1,-1,"0","_m/M894.png - _m/M404.png","norev"
43,79,0,0,2,-1,"0","_f/F568.png - _f/F798.png","norev"
43,80,0,0,2,-1,"0","_f/F917.png - _f/F548.png","norev"
43,81,0,1,4,1,"_f/F503.png","_f/F885.png","norev"
43,82,1,0,3,-1,"0","_m/M418.png - _m/M888.png","norev"
43,83,1,0,2,-1,"0","_m/M456.png - _m/M497.png","norev"
43,84,0,0,3,-1,"0","_f/F816.png - _f/F596.png","norev"
43,85,1,1,3,1,"_m/M586.png","_m/M854.png","norev"
43,86,1,1,3,1,"_m/M457.png","_m/M664.png","norev"
43,87,1,1,2,1,"_m/M533.png","_m/M763.png","norev"
43,88,0,1,3,0,"_f/F436.png","_f/F890.png","norev"
43,89,0,1,3,1,"_f/F415.png","_f/F403.png","norev"
43,90,0,1,2,1,"_f/F389.png","_f/F400.png","norev"
43,91,1,1,2,0,"_m/M756.png","_m/M893.png","norev"
43,92,1,0,2,-1,"0","_m/M685.png - _m/M465.png","norev"
43,93,1,0,3,-1,"0","_m/M468.png - _m/M941.png","norev"
43,94,1,1,2,0,"_m/M750.png","_m/M591.png","norev"
43,95,1,1,4,1,"_m/M520.png","_m/M679.png","norev"
43,96,0,1,2,0,"_f/F379.png","_f/F518.png","norev"
43,97,1,0,2,-1,"0","_m/M914.png - _m/M808.png","norev"
43,98,1,1,4,1,"_m/M721.png","_m/M412.png","norev"
43,99,1,1,2,1,"_m/M671.png","_m/M593.png","norev"
43,100,1,1,1,0,"_m/M329.png","_m/M924.png","norev"
43,101,1,1,2,1,"_m/M890.png","_m/M524.png","norev"
43,102,1,1,1,1,"_m/M733.png","_m/M798.png","norev"
43,103,0,1,2,1,"_f/F880.png","_f/F875.png","norev"
43,104,1,1,2,1,"_m/M758.png","_m/M509.png","norev"
43,105,1,0,3,-1,"0","_m/M788.png - _m/M634.png","norev"
43,106,1,0,2,-1,"0","_m/M627.png - _m/M655.png","norev"
43,107,1,1,2,1,"_m/M942.png","_m/M633.png","norev"
43,108,1,1,2,0,"_m/M484.png","_m/M673.png","norev"
43,109,1,1,3,0,"_m/M388.png","_m/M525.png","norev"
43,110,1,0,2,-1,"0","_m/M912.png - _m/M477.png","norev"
43,111,0,0,2,-1,"0","_f/F480.png - _f/F938.png","norev"
43,112,0,1,2,1,"_f/F908.png","_f/F698.png","norev"
43,113,1,1,2,1,"_m/M722.png","_m/M674.png","norev"
43,114,0,0,3,-1,"0","_f/F496.png - _f/F785.png","norev"
43,115,1,0,3,-1,"0","_m/M757.png - _m/M687.png","norev"
43,116,1,0,2,-1,"0","_m/M726.png - _m/M381.png","norev"
43,117,1,0,1,-1,"0","_m/M810.png - _m/M628.png","norev"
43,118,1,1,2,1,"_m/M574.png","_m/M643.png","norev"
43,119,1,1,3,1,"_m/M370.png","_m/M380.png","norev"
43,120,1,1,2,1,"_m/M841.png","_m/M560.png","norev"
43,121,1,0,2,-1,"0","_m/M797.png - _m/M625.png","norev"
43,122,0,1,3,0,"_f/F640.png","_f/F352.png","norev"
43,123,0,1,2,1,"_f/F814.png","_f/F883.png","norev"
43,124,0,0,2,-1,"0","_f/F695.png - _f/F404.png","norev"
43,125,1,0,2,-1,"0","_m/M371.png - _m/M796.png","norev"
43,126,1,0,2,-1,"0","_m/M338.png - _m/M529.png","norev"
43,127,1,0,2,-1,"0","_m/M823.png - _m/M609.png","norev"
43,128,1,0,2,-1,"0","_m/M684.png - _m/M772.png","norev"
43,129,0,0,1,-1,"0","_f/F924.png - _f/F749.png","norev"
43,130,1,1,2,0,"_m/M700.png","_m/M602.png","norev"
43,131,1,1,2,1,"_m/M528.png","_m/M922.png","norev"
43,132,1,1,3,1,"_m/M557.png","_m/M440.png","norev"
43,133,1,0,2,-1,"0","_m/M455.png - _m/M505.png","norev"
43,134,0,1,4,1,"_f/F813.png","_f/F534.png","norev"
43,135,1,0,2,-1,"0","_m/M462.png - _m/M446.png","norev"
43,136,0,1,2,0,"_f/F541.png","_f/F665.png","norev"
43,137,0,1,4,1,"_f/F915.png","_f/F663.png","norev"
43,138,1,1,3,0,"_m/M454.png","_m/M741.png","norev"
43,139,1,0,2,-1,"0","_m/M512.png - _m/M935.png","norev"
43,140,0,0,2,-1,"0","_f/F827.png - _f/F586.png","norev"
43,141,0,0,2,-1,"0","_f/F573.png - _f/F821.png","norev"
43,142,0,1,2,0,"_f/F931.png","_f/F818.png","norev"
43,143,0,0,3,-1,"0","_f/F840.png - _f/F773.png","norev"
43,144,1,0,3,-1,"0","_m/M778.png - _m/M770.png","norev"
43,145,0,1,2,0,"_f/F338.png","_f/F727.png","norev"
43,146,1,0,2,-1,"0","_m/M483.png - _m/M349.png","norev"
43,147,0,0,2,-1,"0","_f/F382.png - _f/F615.png","norev"
43,148,0,1,2,0,"_f/F793.png","_f/F593.png","norev"
43,149,0,1,3,0,"_f/F383.png","_f/F724.png","norev"
43,150,0,1,4,1,"_f/F714.png","_f/F740.png","norev"
43,151,0,1,4,1,"_f/F770.png","_f/F635.png","norev"
43,152,0,0,2,-1,"0","_f/F688.png - _f/F769.png","norev"
43,153,1,0,2,-1,"0","_m/M947.png - _m/M905.png","norev"
43,154,0,0,3,-1,"0","_f/F551.png - _f/F351.png","norev"
43,155,0,1,3,1,"_f/F689.png","_f/F687.png","norev"
43,156,0,0,2,-1,"0","_f/F637.png - _f/F460.png","norev"
43,157,0,1,2,1,"_f/F472.png","_f/F485.png","norev"
43,158,1,1,2,0,"_m/M774.png","_m/M572.png","norev"
43,159,1,1,2,0,"_m/M656.png","_m/M537.png","norev"
43,160,0,1,2,1,"_f/F625.png","_f/F666.png","norev"
43,161,1,1,2,1,"_m/M899.png","_m/M419.png","norev"
43,162,0,0,2,-1,"0","_f/F467.png - _f/F390.png","norev"
43,163,0,0,1,-1,"0","_f/F424.png - _f/F484.png","norev"
43,164,1,1,2,1,"_m/M782.png","_m/M578.png","norev"
43,165,0,0,2,-1,"0","_f/F896.png - _f/F556.png","norev"
43,166,1,0,2,-1,"0","_m/M706.png - _m/M466.png","norev"
43,167,0,0,2,-1,"0","_f/F809.png - _f/F774.png","norev"
43,168,0,1,3,1,"_f/F660.png","_f/F341.png","norev"
43,169,1,1,3,1,"_m/M361.png","_m/M839.png","norev"
43,170,0,0,2,-1,"0","_f/F679.png - _f/F927.png","norev"
43,171,1,1,2,1,"_m/M449.png","_m/M929.png","norev"
43,172,0,1,3,0,"_f/F872.png","_f/F677.png","norev"
43,173,0,0,3,-1,"0","_f/F594.png - _f/F852.png","norev"
43,174,0,1,2,1,"_f/F710.png","_f/F462.png","norev"
43,175,0,0,3,-1,"0","_f/F822.png - _f/F398.png","norev"
43,176,0,1,2,1,"_f/F855.png","_f/F836.png","norev"
43,177,1,0,2,-1,"0","_m/M580.png - _m/M346.png","norev"
43,178,0,0,1,-1,"0","_f/F423.png - _f/F373.png","norev"
43,179,0,0,1,-1,"0","_f/F762.png - _f/F784.png","norev"
43,180,1,1,1,0,"_m/M461.png","_m/M691.png","norev"
43,181,0,1,3,1,"_f/F365.png","_f/F947.png","norev"
43,182,1,0,2,-1,"0","_m/M630.png - _m/M939.png","norev"
43,183,0,1,2,1,"_f/F795.png","_f/F583.png","norev"
43,184,1,1,2,1,"_m/M768.png","_m/M908.png","norev"
43,185,0,0,2,-1,"0","_f/F859.png - _f/F459.png","norev"
43,186,0,1,4,1,"_f/F359.png","_f/F414.png","norev"
43,187,1,1,3,0,"_m/M754.png","_m/M840.png","norev"
43,188,0,1,2,1,"_f/F471.png","_f/F491.png","norev"
43,189,1,1,2,0,"_m/M650.png","_m/M553.png","norev"
43,190,1,0,3,-1,"0","_m/M718.png - _m/M374.png","norev"
43,191,0,0,2,-1,"0","_f/F702.png - _f/F783.png","norev"
43,192,0,1,2,1,"_f/F574.png","_f/F691.png","norev"
43,193,1,0,2,-1,"0","_m/M801.png - _m/M648.png","norev"
43,194,0,0,2,-1,"0","_f/F807.png - _f/F499.png","norev"
43,195,1,0,2,-1,"0","_m/M332.png - _m/M928.png","norev"
43,196,1,1,2,0,"_m/M879.png","_m/M458.png","norev"
43,197,1,0,2,-1,"0","_m/M527.png - _m/M473.png","norev"
43,198,0,0,3,-1,"0","_f/F937.png - _f/F529.png","norev"
43,199,0,0,2,-1,"0","_f/F572.png - _f/F741.png","norev"
43,200,0,1,3,1,"_f/F939.png","_f/F494.png","norev"
44,1,0,1,4,1,"_f/F819.png","_f/F881.png","norev"
44,2,0,0,1,-1,"0","_f/F885.png - _f/F691.png","norev"
44,3,0,1,4,1,"_f/F510.png","_f/F607.png","norev"
44,4,1,0,3,-1,"0","_m/M625.png - _m/M417.png","norev"
44,5,0,0,3,-1,"0","_f/F737.png - _f/F928.png","norev"
44,6,0,1,3,1,"_f/F913.png","_f/F875.png","norev"
44,7,0,0,2,-1,"0","_f/F882.png - _f/F728.png","norev"
44,8,1,1,4,1,"_m/M689.png","_m/M683.png","norev"
44,9,1,0,3,-1,"0","_m/M640.png - _m/M703.png","norev"
44,10,0,1,2,1,"_f/F360.png","_f/F780.png","norev"
44,11,1,0,1,-1,"0","_m/M383.png - _m/M651.png","norev"
44,12,1,1,1,0,"_m/M408.png","_m/M597.png","norev"
44,13,0,1,4,1,"_f/F617.png","_f/F804.png","norev"
44,14,1,0,2,-1,"0","_m/M767.png - _m/M399.png","norev"
44,15,1,1,1,0,"_m/M815.png","_m/M650.png","norev"
44,16,0,0,3,-1,"0","_f/F934.png - _f/F903.png","norev"
44,17,0,1,4,1,"_f/F935.png","_f/F447.png","norev"
44,18,1,0,1,-1,"0","_m/M450.png - _m/M429.png","norev"
44,19,1,1,1,1,"_m/M897.png","_m/M763.png","norev"
44,20,1,1,4,1,"_m/M937.png","_m/M405.png","norev"
44,21,1,0,2,-1,"0","_m/M467.png - _m/M451.png","norev"
44,22,0,0,1,-1,"0","_f/F789.png - _f/F547.png","norev"
44,23,0,0,2,-1,"0","_f/F554.png - _f/F845.png","norev"
44,24,1,1,3,1,"_m/M675.png","_m/M903.png","norev"
44,25,1,1,4,1,"_m/M852.png","_m/M742.png","norev"
44,26,1,0,1,-1,"0","_m/M802.png - _m/M549.png","norev"
44,27,1,0,2,-1,"0","_m/M456.png - _m/M342.png","norev"
44,28,0,0,4,-1,"0","_f/F643.png - _f/F636.png","norev"
44,29,0,0,2,-1,"0","_f/F905.png - _f/F659.png","norev"
44,30,0,1,1,1,"_f/F611.png","_f/F786.png","norev"
44,31,1,1,3,1,"_m/M646.png","_m/M416.png","norev"
44,32,1,1,1,0,"_m/M593.png","_m/M809.png","norev"
44,33,1,0,1,-1,"0","_m/M459.png - _m/M449.png","norev"
44,34,0,0,3,-1,"0","_f/F921.png - _f/F753.png","norev"
44,35,0,0,2,-1,"0","_f/F422.png - _f/F708.png","norev"
44,36,0,1,3,1,"_f/F799.png","_f/F476.png","norev"
44,37,1,0,1,-1,"0","_m/M655.png - _m/M464.png","norev"
44,38,0,0,3,-1,"0","_f/F742.png - _f/F574.png","norev"
44,39,1,0,3,-1,"0","_m/M409.png - _m/M610.png","norev"
44,40,1,0,1,-1,"0","_m/M936.png - _m/M352.png","norev"
44,41,0,0,3,-1,"0","_f/F849.png - _f/F638.png","norev"
44,42,0,0,3,-1,"0","_f/F343.png - _f/F567.png","norev"
44,43,1,1,3,0,"_m/M899.png","_m/M353.png","norev"
44,44,1,0,1,-1,"0","_m/M821.png - _m/M419.png","norev"
44,45,0,0,3,-1,"0","_f/F385.png - _f/F384.png","norev"
44,46,1,1,4,1,"_m/M775.png","_m/M476.png","norev"
44,47,0,0,2,-1,"0","_f/F654.png - _f/F836.png","norev"
44,48,0,0,1,-1,"0","_f/F687.png - _f/F714.png","norev"
44,49,0,0,3,-1,"0","_f/F848.png - _f/F615.png","norev"
44,50,1,1,2,1,"_m/M664.png","_m/M653.png","norev"
44,51,1,0,1,-1,"0","_m/M622.png - _m/M529.png","norev"
44,52,1,1,1,1,"_m/M735.png","_m/M800.png","norev"
44,53,1,0,2,-1,"0","_m/M791.png - _m/M364.png","norev"
44,54,0,0,4,-1,"0","_f/F579.png - _f/F629.png","norev"
44,55,0,0,2,-1,"0","_f/F858.png - _f/F693.png","norev"
44,56,0,1,2,0,"_f/F499.png","_f/F925.png","norev"
44,57,0,0,4,-1,"0","_f/F685.png - _f/F888.png","norev"
44,58,1,1,3,0,"_m/M594.png","_m/M659.png","norev"
44,59,0,1,4,0,"_f/F778.png","_f/F816.png","norev"
44,60,1,1,3,1,"_m/M789.png","_m/M490.png","norev"
44,61,0,1,4,1,"_f/F584.png","_f/F578.png","norev"
44,62,1,0,3,-1,"0","_m/M374.png - _m/M545.png","norev"
44,63,0,0,1,-1,"0","_f/F716.png - _f/F781.png","norev"
44,64,0,0,1,-1,"0","_f/F392.png - _f/F365.png","norev"
44,65,0,1,2,1,"_f/F374.png","_f/F894.png","norev"
44,66,1,0,3,-1,"0","_m/M835.png - _m/M607.png","norev"
44,67,0,0,3,-1,"0","_f/F941.png - _f/F648.png","norev"
44,68,0,0,2,-1,"0","_f/F496.png - _f/F391.png","norev"
44,69,1,1,4,1,"_m/M514.png","_m/M562.png","norev"
44,70,0,1,3,1,"_f/F852.png","_f/F771.png","norev"
44,71,0,0,3,-1,"0","_f/F457.png - _f/F637.png","norev"
44,72,0,1,3,1,"_f/F566.png","_f/F864.png","norev"
44,73,0,1,3,0,"_f/F656.png","_f/F528.png","norev"
44,74,0,1,3,1,"_f/F396.png","_f/F350.png","norev"
44,75,0,0,2,-1,"0","_f/F644.png - _f/F418.png","norev"
44,76,1,0,1,-1,"0","_m/M326.png - _m/M539.png","norev"
44,77,1,0,3,-1,"0","_m/M378.png - _m/M784.png","norev"
44,78,1,1,1,0,"_m/M658.png","_m/M884.png","norev"
44,79,1,0,1,-1,"0","_m/M874.png - _m/M716.png","norev"
44,80,1,1,2,0,"_m/M926.png","_m/M720.png","norev"
44,81,1,0,1,-1,"0","_m/M534.png - _m/M895.png","norev"
44,82,1,1,2,1,"_m/M528.png","_m/M396.png","norev"
44,83,1,1,3,1,"_m/M401.png","_m/M654.png","norev"
44,84,0,0,3,-1,"0","_f/F509.png - _f/F415.png","norev"
44,85,1,1,4,1,"_m/M824.png","_m/M560.png","norev"
44,86,1,1,4,0,"_m/M333.png","_m/M927.png","norev"
44,87,1,1,4,1,"_m/M878.png","_m/M463.png","norev"
44,88,1,1,3,0,"_m/M894.png","_m/M550.png","norev"
44,89,0,0,3,-1,"0","_f/F560.png - _f/F511.png","norev"
44,90,1,0,3,-1,"0","_m/M444.png - _m/M638.png","norev"
44,91,1,0,4,-1,"0","_m/M360.png - _m/M614.png","norev"
44,92,0,1,4,1,"_f/F821.png","_f/F450.png","norev"
44,93,0,1,4,1,"_f/F432.png","_f/F331.png","norev"
44,94,1,1,2,0,"_m/M553.png","_m/M388.png","norev"
44,95,0,0,1,-1,"0","_f/F512.png - _f/F550.png","norev"
44,96,0,1,3,1,"_f/F899.png","_f/F929.png","norev"
44,97,0,1,2,1,"_f/F529.png","_f/F735.png","norev"
44,98,0,1,4,1,"_f/F438.png","_f/F481.png","norev"
44,99,1,1,1,1,"_m/M678.png","_m/M420.png","norev"
44,100,1,0,3,-1,"0","_m/M533.png - _m/M834.png","norev"
44,101,0,0,2,-1,"0","_f/F525.png - _f/F363.png","norev"
44,102,1,1,1,0,"_m/M712.png","_m/M925.png","norev"
44,103,1,0,1,-1,"0","_m/M819.png - _m/M566.png","norev"
44,104,0,0,3,-1,"0","_f/F402.png - _f/F861.png","norev"
44,105,0,0,2,-1,"0","_f/F507.png - _f/F936.png","norev"
44,106,0,1,3,0,"_f/F556.png","_f/F495.png","norev"
44,107,0,1,1,1,"_f/F745.png","_f/F835.png","norev"
44,108,0,0,3,-1,"0","_f/F682.png - _f/F738.png","norev"
44,109,1,0,3,-1,"0","_m/M912.png - _m/M826.png","norev"
44,110,1,1,2,0,"_m/M760.png","_m/M865.png","norev"
44,111,1,0,2,-1,"0","_m/M359.png - _m/M639.png","norev"
44,112,0,1,4,1,"_f/F493.png","_f/F475.png","norev"
44,113,0,0,2,-1,"0","_f/F622.png - _f/F345.png","norev"
44,114,0,0,2,-1,"0","_f/F639.png - _f/F502.png","norev"
44,115,1,0,3,-1,"0","_m/M589.png - _m/M940.png","norev"
44,116,1,0,2,-1,"0","_m/M436.png - _m/M856.png","norev"
44,117,1,0,3,-1,"0","_m/M552.png - _m/M680.png","norev"
44,118,1,0,3,-1,"0","_m/M911.png - _m/M567.png","norev"
44,119,0,1,4,0,"_f/F791.png","_f/F933.png","norev"
44,120,1,1,4,1,"_m/M546.png","_m/M613.png","norev"
44,121,1,0,2,-1,"0","_m/M781.png - _m/M609.png","norev"
44,122,1,0,3,-1,"0","_m/M572.png - _m/M812.png","norev"
44,123,0,1,1,1,"_f/F328.png","_f/F439.png","norev"
44,124,0,0,1,-1,"0","_f/F329.png - _f/F822.png","norev"
44,125,1,0,1,-1,"0","_m/M770.png - _m/M604.png","norev"
44,126,1,0,4,-1,"0","_m/M758.png - _m/M779.png","norev"
44,127,0,1,1,1,"_f/F620.png","_f/F833.png","norev"
44,128,1,1,3,0,"_m/M494.png","_m/M949.png","norev"
44,129,1,1,2,1,"_m/M728.png","_m/M786.png","norev"
44,130,1,0,3,-1,"0","_m/M540.png - _m/M347.png","norev"
44,131,0,0,1,-1,"0","_f/F734.png - _f/F341.png","norev"
44,132,1,1,2,0,"_m/M734.png","_m/M938.png","norev"
44,133,1,0,2,-1,"0","_m/M501.png - _m/M904.png","norev"
44,134,0,1,1,0,"_f/F459.png","_f/F375.png","norev"
44,135,0,0,2,-1,"0","_f/F403.png - _f/F802.png","norev"
44,136,0,0,2,-1,"0","_f/F332.png - _f/F720.png","norev"
44,137,0,1,3,1,"_f/F531.png","_f/F423.png","norev"
44,138,1,1,2,1,"_m/M833.png","_m/M816.png","norev"
44,139,1,1,2,1,"_m/M358.png","_m/M795.png","norev"
44,140,0,0,4,-1,"0","_f/F577.png - _f/F650.png","norev"
44,141,0,0,3,-1,"0","_f/F718.png - _f/F869.png","norev"
44,142,1,1,3,0,"_m/M336.png","_m/M915.png","norev"
44,143,1,1,4,1,"_m/M570.png","_m/M327.png","norev"
44,144,1,1,3,1,"_m/M634.png","_m/M571.png","norev"
44,145,0,1,2,0,"_f/F916.png","_f/F484.png","norev"
44,146,0,1,4,1,"_f/F868.png","_f/F754.png","norev"
44,147,1,1,4,0,"_m/M498.png","_m/M732.png","norev"
44,148,0,1,3,1,"_f/F664.png","_f/F347.png","norev"
44,149,0,1,3,0,"_f/F442.png","_f/F886.png","norev"
44,150,1,0,2,-1,"0","_m/M626.png - _m/M452.png","norev"
44,151,1,1,3,1,"_m/M466.png","_m/M731.png","norev"
44,152,0,1,3,1,"_f/F406.png","_f/F798.png","norev"
44,153,1,1,4,1,"_m/M394.png","_m/M910.png","norev"
44,154,1,1,2,0,"_m/M596.png","_m/M510.png","norev"
44,155,0,1,3,1,"_f/F779.png","_f/F645.png","norev"
44,156,1,0,3,-1,"0","_m/M649.png - _m/M600.png","norev"
44,157,0,0,3,-1,"0","_f/F569.png - _f/F891.png","norev"
44,158,0,0,1,-1,"0","_f/F449.png - _f/F561.png","norev"
44,159,0,0,4,-1,"0","_f/F684.png - _f/F379.png","norev"
44,160,0,0,2,-1,"0","_f/F770.png - _f/F467.png","norev"
44,161,1,1,3,1,"_m/M433.png","_m/M796.png","norev"
44,162,1,1,3,1,"_m/M873.png","_m/M475.png","norev"
44,163,1,1,2,0,"_m/M698.png","_m/M707.png","norev"
44,164,0,1,3,1,"_f/F354.png","_f/F700.png","norev"
44,165,0,0,3,-1,"0","_f/F477.png - _f/F747.png","norev"
44,166,0,1,3,1,"_f/F573.png","_f/F762.png","norev"
44,167,0,1,2,1,"_f/F451.png","_f/F823.png","norev"
44,168,0,1,1,1,"_f/F389.png","_f/F545.png","norev"
44,169,0,0,1,-1,"0","_f/F883.png - _f/F859.png","norev"
44,170,1,0,2,-1,"0","_m/M890.png - _m/M942.png","norev"
44,171,0,1,2,1,"_f/F880.png","_f/F906.png","norev"
44,172,0,1,2,0,"_f/F897.png","_f/F333.png","norev"
44,173,1,0,3,-1,"0","_m/M488.png - _m/M778.png","norev"
44,174,0,1,3,0,"_f/F521.png","_f/F733.png","norev"
44,175,0,1,2,1,"_f/F950.png","_f/F914.png","norev"
44,176,0,1,4,1,"_f/F902.png","_f/F465.png","norev"
44,177,0,0,1,-1,"0","_f/F553.png - _f/F535.png","norev"
44,178,0,1,3,0,"_f/F336.png","_f/F492.png","norev"
44,179,1,0,1,-1,"0","_m/M375.png - _m/M410.png","norev"
44,180,1,1,4,1,"_m/M906.png","_m/M335.png","norev"
44,181,1,0,3,-1,"0","_m/M766.png - _m/M382.png","norev"
44,182,1,1,3,0,"_m/M541.png","_m/M687.png","norev"
44,183,1,0,1,-1,"0","_m/M750.png - _m/M839.png","norev"
44,184,1,0,2,-1,"0","_m/M453.png - _m/M484.png","norev"
44,185,0,0,4,-1,"0","_f/F537.png - _f/F536.png","norev"
44,186,1,1,4,1,"_m/M861.png","_m/M637.png","norev"
44,187,1,0,4,-1,"0","_m/M522.png - _m/M578.png","norev"
44,188,1,0,3,-1,"0","_m/M745.png - _m/M697.png","norev"
44,189,0,0,2,-1,"0","_f/F827.png - _f/F532.png","norev"
44,190,1,1,3,1,"_m/M454.png","_m/M864.png","norev"
44,191,0,1,2,1,"_f/F482.png","_f/F841.png","norev"
44,192,1,1,3,1,"_m/M527.png","_m/M518.png","norev"
44,193,0,1,4,1,"_f/F585.png","_f/F513.png","norev"
44,194,1,0,1,-1,"0","_m/M685.png - _m/M830.png","norev"
44,195,1,0,4,-1,"0","_m/M875.png - _m/M460.png","norev"
44,196,1,1,4,0,"_m/M635.png","_m/M794.png","norev"
44,197,1,0,3,-1,"0","_m/M434.png - _m/M636.png","norev"
44,198,0,1,4,1,"_f/F655.png","_f/F915.png","norev"
44,199,0,1,1,0,"_f/F729.png","_f/F698.png","norev"
44,200,0,1,4,1,"_f/F796.png","_f/F388.png","norev"
45,1,1,1,4,0,"_m/M762.png","_m/M422.png","norev"
45,2,0,0,3,-1,"0","_f/F743.png - _f/F471.png","norev"
45,3,1,0,3,-1,"0","_m/M791.png - _m/M556.png","norev"
45,4,0,0,3,-1,"0","_f/F877.png - _f/F412.png","norev"
45,5,0,0,4,-1,"0","_f/F452.png - _f/F828.png","norev"
45,6,0,0,3,-1,"0","_f/F868.png - _f/F456.png","norev"
45,7,1,0,4,-1,"0","_m/M377.png - _m/M788.png","norev"
45,8,0,0,2,-1,"0","_f/F797.png - _f/F749.png","norev"
45,9,1,0,4,-1,"0","_m/M626.png - _m/M890.png","norev"
45,10,0,1,1,0,"_f/F801.png","_f/F745.png","norev"
45,11,0,0,3,-1,"0","_f/F748.png - _f/F655.png","norev"
45,12,0,1,3,1,"_f/F513.png","_f/F950.png","norev"
45,13,0,1,4,0,"_f/F487.png","_f/F705.png","norev"
45,14,0,0,3,-1,"0","_f/F815.png - _f/F414.png","norev"
45,15,0,0,4,-1,"0","_f/F437.png - _f/F629.png","norev"
45,16,1,0,4,-1,"0","_m/M623.png - _m/M346.png","norev"
45,17,1,0,1,-1,"0","_m/M755.png - _m/M428.png","norev"
45,18,0,0,4,-1,"0","_f/F736.png - _f/F635.png","norev"
45,19,0,1,1,0,"_f/F535.png","_f/F826.png","norev"
45,20,0,0,3,-1,"0","_f/F867.png - _f/F909.png","norev"
45,21,1,0,1,-1,"0","_m/M599.png - _m/M931.png","norev"
45,22,1,1,4,1,"_m/M704.png","_m/M336.png","norev"
45,23,1,1,3,1,"_m/M667.png","_m/M661.png","norev"
45,24,1,1,4,1,"_m/M517.png","_m/M944.png","norev"
45,25,1,0,3,-1,"0","_m/M479.png - _m/M766.png","norev"
45,26,1,0,1,-1,"0","_m/M742.png - _m/M855.png","norev"
45,27,1,0,3,-1,"0","_m/M923.png - _m/M552.png","norev"
45,28,1,1,4,0,"_m/M936.png","_m/M828.png","norev"
45,29,1,1,3,1,"_m/M860.png","_m/M929.png","norev"
45,30,1,0,3,-1,"0","_m/M550.png - _m/M898.png","norev"
45,31,0,1,4,1,"_f/F364.png","_f/F637.png","norev"
45,32,0,0,3,-1,"0","_f/F512.png - _f/F638.png","norev"
45,33,0,0,3,-1,"0","_f/F599.png - _f/F790.png","norev"
45,34,1,0,3,-1,"0","_m/M545.png - _m/M351.png","norev"
45,35,1,1,4,1,"_m/M589.png","_m/M709.png","norev"
45,36,0,1,3,1,"_f/F466.png","_f/F717.png","norev"
45,37,1,0,3,-1,"0","_m/M779.png - _m/M482.png","norev"
45,38,0,1,3,1,"_f/F863.png","_f/F662.png","norev"
45,39,1,1,3,0,"_m/M513.png","_m/M645.png","norev"
45,40,1,1,3,0,"_m/M701.png","_m/M343.png","norev"
45,41,0,1,3,1,"_f/F384.png","_f/F430.png","norev"
45,42,0,1,3,1,"_f/F554.png","_f/F659.png","norev"
45,43,0,0,3,-1,"0","_f/F490.png - _f/F478.png","norev"
45,44,1,1,3,1,"_m/M783.png","_m/M877.png","norev"
45,45,1,1,4,0,"_m/M846.png","_m/M813.png","norev"
45,46,0,0,3,-1,"0","_f/F539.png - _f/F713.png","norev"
45,47,0,0,4,-1,"0","_f/F348.png - _f/F594.png","norev"
45,48,0,1,3,1,"_f/F505.png","_f/F881.png","norev"
45,49,1,1,3,1,"_m/M761.png","_m/M946.png","norev"
45,50,1,0,3,-1,"0","_m/M673.png - _m/M688.png","norev"
45,51,1,0,1,-1,"0","_m/M478.png - _m/M444.png","norev"
45,52,1,0,2,-1,"0","_m/M334.png - _m/M473.png","norev"
45,53,0,1,3,1,"_f/F367.png","_f/F691.png","norev"
45,54,1,0,3,-1,"0","_m/M746.png - _m/M652.png","norev"
45,55,1,1,3,0,"_m/M563.png","_m/M506.png","norev"
45,56,1,1,3,1,"_m/M710.png","_m/M535.png","norev"
45,57,0,1,4,1,"_f/F426.png","_f/F933.png","norev"
45,58,0,0,3,-1,"0","_f/F394.png - _f/F590.png","norev"
45,59,0,0,3,-1,"0","_f/F610.png - _f/F636.png","norev"
45,60,1,1,2,0,"_m/M915.png","_m/M679.png","norev"
45,61,1,0,1,-1,"0","_m/M516.png - _m/M627.png","norev"
45,62,0,1,3,1,"_f/F586.png","_f/F446.png","norev"
45,63,1,1,3,0,"_m/M344.png","_m/M561.png","norev"
45,64,1,1,3,1,"_m/M646.png","_m/M873.png","norev"
45,65,1,1,3,1,"_m/M387.png","_m/M375.png","norev"
45,66,0,1,4,1,"_f/F858.png","_f/F536.png","norev"
45,67,0,1,3,1,"_f/F360.png","_f/F438.png","norev"
45,68,0,1,3,1,"_f/F354.png","_f/F851.png","norev"
45,69,1,0,3,-1,"0","_m/M876.png - _m/M671.png","norev"
45,70,0,1,3,0,"_f/F581.png","_f/F551.png","norev"
45,71,1,0,4,-1,"0","_m/M371.png - _m/M610.png","norev"
45,72,0,0,1,-1,"0","_f/F523.png - _f/F681.png","norev"
45,73,1,1,3,1,"_m/M895.png","_m/M875.png","norev"
45,74,0,1,1,0,"_f/F781.png","_f/F740.png","norev"
45,75,0,1,3,1,"_f/F677.png","_f/F520.png","norev"
45,76,1,0,1,-1,"0","_m/M416.png - _m/M596.png","norev"
45,77,0,0,3,-1,"0","_f/F399.png - _f/F932.png","norev"
45,78,1,0,3,-1,"0","_m/M547.png - _m/M884.png","norev"
45,79,1,1,3,1,"_m/M885.png","_m/M662.png","norev"
45,80,0,1,3,1,"_f/F799.png","_f/F588.png","norev"
45,81,1,0,3,-1,"0","_m/M634.png - _m/M698.png","norev"
45,82,1,1,4,1,"_m/M950.png","_m/M830.png","norev"
45,83,1,0,1,-1,"0","_m/M676.png - _m/M714.png","norev"
45,84,1,1,3,1,"_m/M472.png","_m/M459.png","norev"
45,85,1,1,3,0,"_m/M467.png","_m/M392.png","norev"
45,86,0,1,4,1,"_f/F928.png","_f/F525.png","norev"
45,87,1,1,4,1,"_m/M703.png","_m/M807.png","norev"
45,88,0,1,3,1,"_f/F562.png","_f/F597.png","norev"
45,89,1,0,1,-1,"0","_m/M767.png - _m/M501.png","norev"
45,90,0,1,1,0,"_f/F891.png","_f/F549.png","norev"
45,91,1,0,3,-1,"0","_m/M511.png - _m/M881.png","norev"
45,92,0,0,1,-1,"0","_f/F669.png - _f/F329.png","norev"
45,93,1,0,3,-1,"0","_m/M908.png - _m/M617.png","norev"
45,94,1,0,3,-1,"0","_m/M831.png - _m/M595.png","norev"
45,95,0,0,3,-1,"0","_f/F544.png - _f/F336.png","norev"
45,96,0,1,4,1,"_f/F418.png","_f/F492.png","norev"
45,97,1,0,3,-1,"0","_m/M851.png - _m/M592.png","norev"
45,98,1,0,3,-1,"0","_m/M382.png - _m/M777.png","norev"
45,99,1,0,1,-1,"0","_m/M541.png - _m/M803.png","norev"
45,100,0,1,3,0,"_f/F690.png","_f/F435.png","norev"
45,101,0,1,1,0,"_f/F400.png","_f/F772.png","norev"
45,102,0,0,3,-1,"0","_f/F627.png - _f/F511.png","norev"
45,103,0,1,3,1,"_f/F571.png","_f/F903.png","norev"
45,104,0,0,3,-1,"0","_f/F344.png - _f/F572.png","norev"
45,105,0,0,1,-1,"0","_f/F504.png - _f/F884.png","norev"
45,106,1,1,3,1,"_m/M559.png","_m/M888.png","norev"
45,107,1,1,1,0,"_m/M628.png","_m/M810.png","norev"
45,108,1,0,3,-1,"0","_m/M670.png - _m/M560.png","norev"
45,109,1,1,3,1,"_m/M384.png","_m/M904.png","norev"
45,110,0,0,3,-1,"0","_f/F546.png - _f/F483.png","norev"
45,111,1,1,3,1,"_m/M621.png","_m/M892.png","norev"
45,112,0,1,3,0,"_f/F479.png","_f/F604.png","norev"
45,113,0,0,1,-1,"0","_f/F869.png - _f/F889.png","norev"
45,114,0,1,3,1,"_f/F489.png","_f/F871.png","norev"
45,115,0,1,3,1,"_f/F575.png","_f/F383.png","norev"
45,116,1,0,3,-1,"0","_m/M745.png - _m/M391.png","norev"
45,117,0,0,3,-1,"0","_f/F640.png - _f/F647.png","norev"
45,118,1,0,3,-1,"0","_m/M419.png - _m/M463.png","norev"
45,119,1,0,3,-1,"0","_m/M455.png - _m/M624.png","norev"
45,120,0,0,3,-1,"0","_f/F886.png - _f/F821.png","norev"
45,121,1,1,1,1,"_m/M799.png","_m/M480.png","norev"
45,122,1,0,3,-1,"0","_m/M581.png - _m/M735.png","norev"
45,123,0,0,1,-1,"0","_f/F566.png - _f/F514.png","norev"
45,124,0,0,3,-1,"0","_f/F753.png - _f/F439.png","norev"
45,125,1,1,3,1,"_m/M512.png","_m/M502.png","norev"
45,126,0,1,3,1,"_f/F583.png","_f/F926.png","norev"
45,127,0,1,1,0,"_f/F949.png","_f/F818.png","norev"
45,128,1,0,1,-1,"0","_m/M514.png - _m/M390.png","norev"
45,129,0,1,3,0,"_f/F825.png","_f/F365.png","norev"
45,130,1,1,4,1,"_m/M625.png","_m/M441.png","norev"
45,131,1,1,3,0,"_m/M486.png","_m/M489.png","norev"
45,132,1,0,3,-1,"0","_m/M740.png - _m/M731.png","norev"
45,133,1,0,3,-1,"0","_m/M475.png - _m/M773.png","norev"
45,134,0,1,3,1,"_f/F948.png","_f/F922.png","norev"
45,135,0,0,3,-1,"0","_f/F422.png - _f/F678.png","norev"
45,136,0,1,3,1,"_f/F771.png","_f/F866.png","norev"
45,137,0,0,1,-1,"0","_f/F527.png - _f/F603.png","norev"
45,138,1,1,3,0,"_m/M631.png","_m/M945.png","norev"
45,139,1,1,3,1,"_m/M659.png","_m/M941.png","norev"
45,140,1,1,3,1,"_m/M723.png","_m/M689.png","norev"
45,141,0,1,3,0,"_f/F497.png","_f/F742.png","norev"
45,142,1,0,3,-1,"0","_m/M763.png - _m/M862.png","norev"
45,143,1,0,3,-1,"0","_m/M663.png - _m/M398.png","norev"
45,144,1,0,3,-1,"0","_m/M789.png - _m/M636.png","norev"
45,145,0,0,3,-1,"0","_f/F530.png - _f/F656.png","norev"
45,146,1,1,3,0,"_m/M802.png","_m/M675.png","norev"
45,147,0,1,4,1,"_f/F643.png","_f/F918.png","norev"
45,148,0,0,3,-1,"0","_f/F405.png - _f/F356.png","norev"
45,149,0,1,3,1,"_f/F804.png","_f/F680.png","norev"
45,150,1,1,3,1,"_m/M691.png","_m/M406.png","norev"
45,151,0,1,4,1,"_f/F860.png","_f/F711.png","norev"
45,152,0,1,3,1,"_f/F807.png","_f/F853.png","norev"
45,153,0,1,4,1,"_f/F660.png","_f/F850.png","norev"
45,154,0,0,1,-1,"0","_f/F584.png - _f/F930.png","norev"
45,155,0,0,3,-1,"0","_f/F488.png - _f/F573.png","norev"
45,156,0,1,3,1,"_f/F340.png","_f/F648.png","norev"
45,157,0,1,4,1,"_f/F601.png","_f/F415.png","norev"
45,158,0,0,3,-1,"0","_f/F459.png - _f/F738.png","norev"
45,159,1,0,4,-1,"0","_m/M644.png - _m/M584.png","norev"
45,160,0,0,3,-1,"0","_f/F910.png - _f/F469.png","norev"
45,161,1,1,3,0,"_m/M378.png","_m/M352.png","norev"
45,162,0,0,3,-1,"0","_f/F941.png - _f/F353.png","norev"
45,163,1,0,1,-1,"0","_m/M492.png - _m/M369.png","norev"
45,164,1,1,3,1,"_m/M927.png","_m/M815.png","norev"
45,165,1,0,3,-1,"0","_m/M439.png - _m/M681.png","norev"
45,166,0,0,1,-1,"0","_f/F845.png - _f/F920.png","norev"
45,167,1,1,4,0,"_m/M598.png","_m/M379.png","norev"
45,168,0,0,3,-1,"0","_f/F545.png - _f/F817.png","norev"
45,169,1,1,3,1,"_m/M790.png","_m/M411.png","norev"
45,170,1,1,3,1,"_m/M879.png","_m/M912.png","norev"
45,171,0,1,3,1,"_f/F874.png","_f/F808.png","norev"
45,172,0,0,4,-1,"0","_f/F734.png - _f/F506.png","norev"
45,173,1,1,4,0,"_m/M715.png","_m/M438.png","norev"
45,174,1,1,3,1,"_m/M635.png","_m/M856.png","norev"
45,175,0,0,3,-1,"0","_f/F613.png - _f/F381.png","norev"
45,176,1,1,3,1,"_m/M619.png","_m/M465.png","norev"
45,177,1,1,3,0,"_m/M800.png","_m/M527.png","norev"
45,178,1,1,4,1,"_m/M608.png","_m/M787.png","norev"
45,179,1,0,1,-1,"0","_m/M847.png - _m/M733.png","norev"
45,180,1,1,1,0,"_m/M770.png","_m/M356.png","norev"
45,181,0,1,1,0,"_f/F519.png","_f/F756.png","norev"
45,182,0,0,3,-1,"0","_f/F900.png - _f/F890.png","norev"
45,183,0,0,3,-1,"0","_f/F856.png - _f/F864.png","norev"
45,184,0,0,3,-1,"0","_f/F802.png - _f/F567.png","norev"
45,185,0,0,1,-1,"0","_f/F616.png - _f/F358.png","norev"
45,186,0,1,3,0,"_f/F919.png","_f/F334.png","norev"
45,187,0,0,1,-1,"0","_f/F805.png - _f/F883.png","norev"
45,188,1,1,3,1,"_m/M827.png","_m/M604.png","norev"
45,189,1,1,4,1,"_m/M394.png","_m/M445.png","norev"
45,190,0,1,3,0,"_f/F942.png","_f/F632.png","norev"
45,191,0,1,3,0,"_f/F372.png","_f/F714.png","norev"
45,192,1,0,1,-1,"0","_m/M497.png - _m/M727.png","norev"
45,193,1,0,3,-1,"0","_m/M858.png - _m/M853.png","norev"
45,194,1,0,3,-1,"0","_m/M401.png - _m/M404.png","norev"
45,195,1,0,1,-1,"0","_m/M348.png - _m/M943.png","norev"
45,196,0,1,3,1,"_f/F751.png","_f/F824.png","norev"
45,197,0,1,3,1,"_f/F455.png","_f/F517.png","norev"
45,198,0,0,3,-1,"0","_f/F908.png - _f/F661.png","norev"
45,199,1,0,3,-1,"0","_m/M869.png - _m/M690.png","norev"
45,200,0,0,4,-1,"0","_f/F913.png - _f/F362.png","norev"
46,1,0,0,4,-1,"0","_f/F405.png - _f/F796.png","norev"
46,2,1,1,4,1,"_m/M344.png","_m/M801.png","norev"
46,3,0,1,2,0,"_f/F386.png","_f/F706.png","norev"
46,4,1,0,1,-1,"0","_m/M846.png - _m/M330.png","norev"
46,5,0,1,4,1,"_f/F563.png","_f/F606.png","norev"
46,6,1,1,1,0,"_m/M333.png","_m/M632.png","norev"
46,7,0,1,2,1,"_f/F927.png","_f/F384.png","norev"
46,8,1,0,1,-1,"0","_m/M501.png - _m/M926.png","norev"
46,9,1,1,2,1,"_m/M877.png","_m/M717.png","norev"
46,10,1,0,3,-1,"0","_m/M936.png - _m/M829.png","norev"
46,11,1,0,1,-1,"0","_m/M836.png - _m/M464.png","norev"
46,12,0,1,4,1,"_f/F806.png","_f/F802.png","norev"
46,13,1,1,2,0,"_m/M491.png","_m/M422.png","norev"
46,14,1,1,4,1,"_m/M742.png","_m/M671.png","norev"
46,15,1,1,3,1,"_m/M559.png","_m/M656.png","norev"
46,16,1,0,1,-1,"0","_m/M696.png - _m/M376.png","norev"
46,17,0,0,3,-1,"0","_f/F743.png - _f/F387.png","norev"
46,18,1,1,4,1,"_m/M675.png","_m/M635.png","norev"
46,19,1,1,2,1,"_m/M467.png","_m/M647.png","norev"
46,20,1,1,2,1,"_m/M644.png","_m/M662.png","norev"
46,21,1,0,1,-1,"0","_m/M881.png - _m/M753.png","norev"
46,22,0,0,3,-1,"0","_f/F853.png - _f/F359.png","norev"
46,23,0,1,2,0,"_f/F829.png","_f/F678.png","norev"
46,24,1,1,3,0,"_m/M401.png","_m/M889.png","norev"
46,25,0,1,4,1,"_f/F810.png","_f/F467.png","norev"
46,26,0,1,1,0,"_f/F860.png","_f/F795.png","norev"
46,27,1,1,4,1,"_m/M865.png","_m/M554.png","norev"
46,28,0,1,3,1,"_f/F669.png","_f/F590.png","norev"
46,29,0,1,4,1,"_f/F739.png","_f/F566.png","norev"
46,30,0,1,3,1,"_f/F335.png","_f/F790.png","norev"
46,31,0,0,3,-1,"0","_f/F651.png - _f/F835.png","norev"
46,32,0,1,3,1,"_f/F709.png","_f/F581.png","norev"
46,33,1,0,2,-1,"0","_m/M579.png - _m/M489.png","norev"
46,34,1,0,2,-1,"0","_m/M523.png - _m/M471.png","norev"
46,35,1,1,3,0,"_m/M738.png","_m/M727.png","norev"
46,36,0,1,2,0,"_f/F902.png","_f/F907.png","norev"
46,37,0,0,1,-1,"0","_f/F470.png - _f/F587.png","norev"
46,38,0,0,2,-1,"0","_f/F716.png - _f/F921.png","norev"
46,39,0,0,3,-1,"0","_f/F885.png - _f/F555.png","norev"
46,40,0,1,4,1,"_f/F695.png","_f/F388.png","norev"
46,41,0,1,3,1,"_f/F768.png","_f/F856.png","norev"
46,42,1,1,1,0,"_m/M335.png","_m/M886.png","norev"
46,43,1,0,3,-1,"0","_m/M697.png - _m/M504.png","norev"
46,44,1,0,3,-1,"0","_m/M563.png - _m/M812.png","norev"
46,45,0,1,4,1,"_f/F565.png","_f/F772.png","norev"
46,46,1,0,4,-1,"0","_m/M705.png - _m/M792.png","norev"
46,47,1,1,3,0,"_m/M458.png","_m/M502.png","norev"
46,48,0,0,3,-1,"0","_f/F333.png - _f/F353.png","norev"
46,49,0,1,3,1,"_f/F528.png","_f/F691.png","norev"
46,50,0,0,1,-1,"0","_f/F491.png - _f/F690.png","norev"
46,51,1,0,4,-1,"0","_m/M721.png - _m/M702.png","norev"
46,52,1,0,3,-1,"0","_m/M474.png - _m/M610.png","norev"
46,53,0,0,2,-1,"0","_f/F562.png - _f/F598.png","norev"
46,54,0,1,3,1,"_f/F901.png","_f/F698.png","norev"
46,55,1,0,1,-1,"0","_m/M506.png - _m/M569.png","norev"
46,56,1,1,4,1,"_m/M492.png","_m/M680.png","norev"
46,57,0,1,2,1,"_f/F396.png","_f/F494.png","norev"
46,58,1,1,3,1,"_m/M838.png","_m/M884.png","norev"
46,59,0,0,3,-1,"0","_f/F840.png - _f/F692.png","norev"
46,60,1,0,3,-1,"0","_m/M903.png - _m/M383.png","norev"
46,61,1,0,2,-1,"0","_m/M885.png - _m/M382.png","norev"
46,62,0,1,3,1,"_f/F808.png","_f/F950.png","norev"
46,63,0,1,3,1,"_f/F509.png","_f/F534.png","norev"
46,64,0,0,1,-1,"0","_f/F657.png - _f/F769.png","norev"
46,65,1,1,4,1,"_m/M749.png","_m/M811.png","norev"
46,66,0,0,4,-1,"0","_f/F449.png - _f/F751.png","norev"
46,67,1,1,2,1,"_m/M757.png","_m/M666.png","norev"
46,68,0,0,2,-1,"0","_f/F530.png - _f/F451.png","norev"
46,69,0,0,1,-1,"0","_f/F667.png - _f/F437.png","norev"
46,70,1,0,2,-1,"0","_m/M831.png - _m/M486.png","norev"
46,71,0,0,4,-1,"0","_f/F898.png - _f/F658.png","norev"
46,72,1,1,2,1,"_m/M483.png","_m/M767.png","norev"
46,73,0,0,3,-1,"0","_f/F785.png - _f/F863.png","norev"
46,74,0,1,2,1,"_f/F915.png","_f/F490.png","norev"
46,75,0,0,3,-1,"0","_f/F897.png - _f/F409.png","norev"
46,76,1,0,3,-1,"0","_m/M411.png - _m/M415.png","norev"
46,77,0,1,4,1,"_f/F527.png","_f/F589.png","norev"
46,78,0,0,3,-1,"0","_f/F819.png - _f/F799.png","norev"
46,79,0,1,2,1,"_f/F427.png","_f/F400.png","norev"
46,80,0,0,3,-1,"0","_f/F487.png - _f/F568.png","norev"
46,81,0,0,2,-1,"0","_f/F357.png - _f/F718.png","norev"
46,82,1,0,3,-1,"0","_m/M391.png - _m/M867.png","norev"
46,83,1,1,4,1,"_m/M385.png","_m/M746.png","norev"
46,84,0,1,4,1,"_f/F634.png","_f/F670.png","norev"
46,85,1,1,3,1,"_m/M933.png","_m/M892.png","norev"
46,86,1,0,3,-1,"0","_m/M535.png - _m/M405.png","norev"
46,87,1,0,4,-1,"0","_m/M594.png - _m/M616.png","norev"
46,88,0,1,3,1,"_f/F339.png","_f/F423.png","norev"
46,89,0,1,3,1,"_f/F867.png","_f/F591.png","norev"
46,90,1,0,1,-1,"0","_m/M432.png - _m/M366.png","norev"
46,91,0,0,1,-1,"0","_f/F377.png - _f/F616.png","norev"
46,92,1,0,3,-1,"0","_m/M798.png - _m/M917.png","norev"
46,93,1,0,1,-1,"0","_m/M704.png - _m/M856.png","norev"
46,94,1,0,2,-1,"0","_m/M425.png - _m/M912.png","norev"
46,95,0,1,3,0,"_f/F404.png","_f/F630.png","norev"
46,96,1,0,3,-1,"0","_m/M709.png - _m/M339.png","norev"
46,97,0,1,1,1,"_f/F363.png","_f/F705.png","norev"
46,98,1,1,3,0,"_m/M460.png","_m/M843.png","norev"
46,99,1,1,4,1,"_m/M868.png","_m/M508.png","norev"
46,100,1,1,3,0,"_m/M766.png","_m/M773.png","norev"
46,101,0,0,2,-1,"0","_f/F513.png - _f/F770.png","norev"
46,102,1,0,3,-1,"0","_m/M477.png - _m/M739.png","norev"
46,103,1,1,2,0,"_m/M853.png","_m/M621.png","norev"
46,104,1,1,1,1,"_m/M790.png","_m/M407.png","norev"
46,105,0,1,4,1,"_f/F702.png","_f/F937.png","norev"
46,106,1,0,3,-1,"0","_m/M493.png - _m/M373.png","norev"
46,107,0,0,4,-1,"0","_f/F478.png - _f/F933.png","norev"
46,108,1,0,3,-1,"0","_m/M796.png - _m/M340.png","norev"
46,109,1,1,2,1,"_m/M893.png","_m/M866.png","norev"
46,110,0,0,4,-1,"0","_f/F524.png - _f/F445.png","norev"
46,111,0,1,4,1,"_f/F525.png","_f/F845.png","norev"
46,112,1,1,3,1,"_m/M626.png","_m/M404.png","norev"
46,113,1,1,1,0,"_m/M469.png","_m/M819.png","norev"
46,114,1,0,1,-1,"0","_m/M948.png - _m/M527.png","norev"
46,115,0,1,4,1,"_f/F454.png","_f/F614.png","norev"
46,116,1,1,4,1,"_m/M699.png","_m/M770.png","norev"
46,117,1,0,1,-1,"0","_m/M876.png - _m/M915.png","norev"
46,118,1,0,2,-1,"0","_m/M438.png - _m/M356.png","norev"
46,119,0,0,4,-1,"0","_f/F908.png - _f/F947.png","norev"
46,120,1,0,4,-1,"0","_m/M480.png - _m/M346.png","norev"
46,121,0,1,4,1,"_f/F910.png","_f/F522.png","norev"
46,122,0,1,4,1,"_f/F724.png","_f/F645.png","norev"
46,123,0,1,1,0,"_f/F497.png","_f/F647.png","norev"
46,124,1,0,2,-1,"0","_m/M828.png - _m/M669.png","norev"
46,125,0,1,3,1,"_f/F547.png","_f/F646.png","norev"
46,126,0,0,2,-1,"0","_f/F774.png - _f/F328.png","norev"
46,127,0,0,3,-1,"0","_f/F369.png - _f/F838.png","norev"
46,128,0,1,4,0,"_f/F457.png","_f/F585.png","norev"
46,129,1,0,2,-1,"0","_m/M442.png - _m/M553.png","norev"
46,130,1,1,1,1,"_m/M872.png","_m/M518.png","norev"
46,131,0,0,3,-1,"0","_f/F350.png - _f/F468.png","norev"
46,132,1,1,2,1,"_m/M408.png","_m/M448.png","norev"
46,133,0,0,1,-1,"0","_f/F595.png - _f/F778.png","norev"
46,134,0,1,4,1,"_f/F447.png","_f/F367.png","norev"
46,135,1,0,3,-1,"0","_m/M351.png - _m/M580.png","norev"
46,136,1,1,3,1,"_m/M771.png","_m/M514.png","norev"
46,137,1,1,2,1,"_m/M842.png","_m/M756.png","norev"
46,138,1,1,3,0,"_m/M362.png","_m/M911.png","norev"
46,139,1,1,4,1,"_m/M835.png","_m/M495.png","norev"
46,140,1,0,2,-1,"0","_m/M350.png - _m/M878.png","norev"
46,141,0,1,3,1,"_f/F403.png","_f/F851.png","norev"
46,142,0,1,4,1,"_f/F360.png","_f/F935.png","norev"
46,143,0,0,1,-1,"0","_f/F656.png - _f/F786.png","norev"
46,144,0,0,3,-1,"0","_f/F733.png - _f/F382.png","norev"
46,145,1,0,3,-1,"0","_m/M433.png - _m/M919.png","norev"
46,146,1,1,2,1,"_m/M940.png","_m/M459.png","norev"
46,147,1,0,1,-1,"0","_m/M822.png - _m/M664.png","norev"
46,148,0,0,2,-1,"0","_f/F440.png - _f/F374.png","norev"
46,149,1,0,3,-1,"0","_m/M452.png - _m/M497.png","norev"
46,150,1,0,4,-1,"0","_m/M426.png - _m/M808.png","norev"
46,151,1,1,3,1,"_m/M577.png","_m/M540.png","norev"
46,152,0,0,2,-1,"0","_f/F446.png - _f/F390.png","norev"
46,153,0,0,4,-1,"0","_f/F629.png - _f/F862.png","norev"
46,154,0,1,1,0,"_f/F631.png","_f/F553.png","norev"
46,155,1,1,2,0,"_m/M887.png","_m/M735.png","norev"
46,156,1,1,2,1,"_m/M542.png","_m/M468.png","norev"
46,157,1,0,2,-1,"0","_m/M591.png - _m/M607.png","norev"
46,158,0,1,1,1,"_f/F424.png","_f/F931.png","norev"
46,159,0,0,2,-1,"0","_f/F930.png - _f/F504.png","norev"
46,160,0,1,4,1,"_f/F858.png","_f/F804.png","norev"
46,161,1,1,3,1,"_m/M815.png","_m/M412.png","norev"
46,162,1,0,3,-1,"0","_m/M797.png - _m/M754.png","norev"
46,163,1,0,2,-1,"0","_m/M551.png - _m/M809.png","norev"
46,164,1,0,3,-1,"0","_m/M899.png - _m/M768.png","norev"
46,165,0,1,1,0,"_f/F675.png","_f/F516.png","norev"
46,166,0,0,3,-1,"0","_f/F715.png - _f/F676.png","norev"
46,167,0,0,4,-1,"0","_f/F639.png - _f/F752.png","norev"
46,168,0,1,4,1,"_f/F327.png","_f/F340.png","norev"
46,169,1,1,4,1,"_m/M874.png","_m/M429.png","norev"
46,170,1,1,3,1,"_m/M724.png","_m/M549.png","norev"
46,171,0,0,1,-1,"0","_f/F466.png - _f/F654.png","norev"
46,172,0,0,3,-1,"0","_f/F942.png - _f/F385.png","norev"
46,173,0,1,3,1,"_f/F719.png","_f/F574.png","norev"
46,174,0,0,2,-1,"0","_f/F757.png - _f/F515.png","norev"
46,175,1,1,3,0,"_m/M510.png","_m/M443.png","norev"
46,176,0,1,2,0,"_f/F879.png","_f/F611.png","norev"
46,177,0,0,4,-1,"0","_f/F477.png - _f/F714.png","norev"
46,178,0,0,1,-1,"0","_f/F655.png - _f/F847.png","norev"
46,179,1,0,2,-1,"0","_m/M691.png - _m/M839.png","norev"
46,180,1,1,3,1,"_m/M929.png","_m/M728.png","norev"
46,181,0,0,3,-1,"0","_f/F763.png - _f/F713.png","norev"
46,182,1,0,2,-1,"0","_m/M599.png - _m/M638.png","norev"
46,183,1,0,1,-1,"0","_m/M556.png - _m/M890.png","norev"
46,184,0,1,4,1,"_f/F783.png","_f/F429.png","norev"
46,185,0,1,4,1,"_f/F852.png","_f/F554.png","norev"
46,186,1,1,3,1,"_m/M588.png","_m/M870.png","norev"
46,187,0,0,1,-1,"0","_f/F460.png - _f/F868.png","norev"
46,188,0,0,2,-1,"0","_f/F336.png - _f/F576.png","norev"
46,189,0,1,4,1,"_f/F588.png","_f/F499.png","norev"
46,190,1,1,3,0,"_m/M600.png","_m/M539.png","norev"
46,191,1,1,3,1,"_m/M595.png","_m/M651.png","norev"
46,192,0,1,4,1,"_f/F803.png","_f/F688.png","norev"
46,193,1,1,2,1,"_m/M481.png","_m/M476.png","norev"
46,194,1,1,2,1,"_m/M436.png","_m/M418.png","norev"
46,195,0,0,3,-1,"0","_f/F671.png - _f/F884.png","norev"
46,196,1,0,2,-1,"0","_m/M897.png - _m/M453.png","norev"
46,197,1,0,3,-1,"0","_m/M901.png - _m/M624.png","norev"
46,198,0,0,4,-1,"0","_f/F545.png - _f/F326.png","norev"
46,199,0,0,3,-1,"0","_f/F948.png - _f/F684.png","norev"
46,200,0,0,2,-1,"0","_f/F775.png - _f/F331.png","norev"
47,1,0,1,4,1,"_f/F486.png","_f/F909.png","norev"
47,2,0,0,1,-1,"0","_f/F868.png - _f/F728.png","norev"
47,3,0,1,4,1,"_f/F532.png","_f/F678.png","norev"
47,4,1,1,2,1,"_m/M845.png","_m/M473.png","norev"
47,5,1,1,4,0,"_m/M901.png","_m/M581.png","norev"
47,6,0,0,1,-1,"0","_f/F556.png - _f/F714.png","norev"
47,7,1,1,3,0,"_m/M620.png","_m/M783.png","norev"
47,8,0,1,4,1,"_f/F547.png","_f/F685.png","norev"
47,9,1,1,1,1,"_m/M838.png","_m/M714.png","norev"
47,10,1,1,2,0,"_m/M797.png","_m/M672.png","norev"
47,11,0,1,3,0,"_f/F439.png","_f/F684.png","norev"
47,12,1,1,1,1,"_m/M780.png","_m/M509.png","norev"
47,13,1,0,1,-1,"0","_m/M933.png - _m/M704.png","norev"
47,14,1,0,4,-1,"0","_m/M749.png - _m/M464.png","norev"
47,15,1,0,2,-1,"0","_m/M522.png - _m/M743.png","norev"
47,16,1,1,1,0,"_m/M854.png","_m/M736.png","norev"
47,17,1,1,4,1,"_m/M457.png","_m/M906.png","norev"
47,18,1,0,3,-1,"0","_m/M699.png - _m/M916.png","norev"
47,19,0,0,1,-1,"0","_f/F505.png - _f/F759.png","norev"
47,20,0,1,1,1,"_f/F402.png","_f/F854.png","norev"
47,21,0,0,3,-1,"0","_f/F489.png - _f/F331.png","norev"
47,22,1,1,2,1,"_m/M761.png","_m/M437.png","norev"
47,23,0,1,4,1,"_f/F535.png","_f/F440.png","norev"
47,24,0,1,2,1,"_f/F794.png","_f/F627.png","norev"
47,25,1,0,1,-1,"0","_m/M886.png - _m/M496.png","norev"
47,26,1,0,3,-1,"0","_m/M873.png - _m/M587.png","norev"
47,27,0,1,1,0,"_f/F866.png","_f/F359.png","norev"
47,28,0,0,4,-1,"0","_f/F480.png - _f/F686.png","norev"
47,29,0,0,2,-1,"0","_f/F914.png - _f/F834.png","norev"
47,30,0,0,1,-1,"0","_f/F677.png - _f/F522.png","norev"
47,31,1,1,2,1,"_m/M794.png","_m/M341.png","norev"
47,32,1,1,4,0,"_m/M833.png","_m/M524.png","norev"
47,33,0,0,4,-1,"0","_f/F762.png - _f/F644.png","norev"
47,34,1,1,4,1,"_m/M566.png","_m/M604.png","norev"
47,35,1,1,1,1,"_m/M708.png","_m/M676.png","norev"
47,36,1,1,4,0,"_m/M764.png","_m/M361.png","norev"
47,37,1,1,1,1,"_m/M471.png","_m/M446.png","norev"
47,38,0,0,1,-1,"0","_f/F613.png - _f/F776.png","norev"
47,39,1,1,4,1,"_m/M364.png","_m/M755.png","norev"
47,40,1,0,3,-1,"0","_m/M602.png - _m/M841.png","norev"
47,41,0,0,4,-1,"0","_f/F848.png - _f/F570.png","norev"
47,42,1,1,3,1,"_m/M856.png","_m/M558.png","norev"
47,43,0,1,1,1,"_f/F622.png","_f/F624.png","norev"
47,44,0,1,3,1,"_f/F717.png","_f/F607.png","norev"
47,45,0,0,1,-1,"0","_f/F456.png - _f/F419.png","norev"
47,46,1,0,4,-1,"0","_m/M661.png - _m/M679.png","norev"
47,47,1,1,4,0,"_m/M926.png","_m/M785.png","norev"
47,48,0,0,4,-1,"0","_f/F859.png - _f/F617.png","norev"
47,49,1,0,4,-1,"0","_m/M788.png - _m/M924.png","norev"
47,50,1,0,1,-1,"0","_m/M655.png - _m/M434.png","norev"
47,51,0,1,1,1,"_f/F786.png","_f/F921.png","norev"
47,52,1,1,4,1,"_m/M826.png","_m/M652.png","norev"
47,53,1,1,1,1,"_m/M504.png","_m/M458.png","norev"
47,54,0,1,4,1,"_f/F667.png","_f/F719.png","norev"
47,55,1,0,1,-1,"0","_m/M570.png - _m/M564.png","norev"
47,56,1,1,4,1,"_m/M404.png","_m/M416.png","norev"
47,57,1,0,1,-1,"0","_m/M754.png - _m/M353.png","norev"
47,58,1,1,4,1,"_m/M772.png","_m/M426.png","norev"
47,59,1,0,1,-1,"0","_m/M691.png - _m/M468.png","norev"
47,60,0,0,4,-1,"0","_f/F351.png - _f/F911.png","norev"
47,61,0,1,1,0,"_f/F605.png","_f/F785.png","norev"
47,62,1,1,4,1,"_m/M646.png","_m/M947.png","norev"
47,63,1,0,2,-1,"0","_m/M855.png - _m/M600.png","norev"
47,64,0,1,4,1,"_f/F496.png","_f/F741.png","norev"
47,65,0,0,1,-1,"0","_f/F509.png - _f/F924.png","norev"
47,66,1,0,3,-1,"0","_m/M820.png - _m/M499.png","norev"
47,67,0,0,1,-1,"0","_f/F898.png - _f/F498.png","norev"
47,68,0,0,4,-1,"0","_f/F804.png - _f/F555.png","norev"
47,69,0,1,1,1,"_f/F376.png","_f/F752.png","norev"
47,70,1,0,4,-1,"0","_m/M861.png - _m/M889.png","norev"
47,71,0,0,1,-1,"0","_f/F549.png - _f/F561.png","norev"
47,72,0,1,4,1,"_f/F404.png","_f/F553.png","norev"
47,73,0,0,3,-1,"0","_f/F632.png - _f/F900.png","norev"
47,74,0,1,3,0,"_f/F670.png","_f/F788.png","norev"
47,75,1,0,4,-1,"0","_m/M527.png - _m/M720.png","norev"
47,76,0,1,1,0,"_f/F597.png","_f/F663.png","norev"
47,77,1,1,3,0,"_m/M793.png","_m/M671.png","norev"
47,78,0,1,4,1,"_f/F432.png","_f/F796.png","norev"
47,79,0,1,3,1,"_f/F389.png","_f/F625.png","norev"
47,80,0,0,1,-1,"0","_f/F328.png - _f/F621.png","norev"
47,81,0,0,1,-1,"0","_f/F757.png - _f/F623.png","norev"
47,82,0,1,1,1,"_f/F676.png","_f/F417.png","norev"
47,83,0,0,4,-1,"0","_f/F888.png - _f/F467.png","norev"
47,84,1,1,3,1,"_m/M762.png","_m/M377.png","norev"
47,85,0,0,1,-1,"0","_f/F899.png - _f/F726.png","norev"
47,86,1,0,3,-1,"0","_m/M616.png - _m/M908.png","norev"
47,87,0,1,1,1,"_f/F815.png","_f/F562.png","norev"
47,88,0,0,1,-1,"0","_f/F483.png - _f/F558.png","norev"
47,89,0,1,4,1,"_f/F429.png","_f/F695.png","norev"
47,90,0,0,1,-1,"0","_f/F671.png - _f/F466.png","norev"
47,91,0,1,2,1,"_f/F430.png","_f/F679.png","norev"
47,92,0,0,4,-1,"0","_f/F869.png - _f/F660.png","norev"
47,93,1,0,1,-1,"0","_m/M650.png - _m/M837.png","norev"
47,94,0,0,1,-1,"0","_f/F523.png - _f/F601.png","norev"
47,95,0,0,2,-1,"0","_f/F337.png - _f/F392.png","norev"
47,96,0,1,3,0,"_f/F386.png","_f/F691.png","norev"
47,97,0,1,4,1,"_f/F907.png","_f/F800.png","norev"
47,98,1,1,4,0,"_m/M553.png","_m/M352.png","norev"
47,99,1,1,4,1,"_m/M442.png","_m/M914.png","norev"
47,100,0,0,1,-1,"0","_f/F372.png - _f/F697.png","norev"
47,101,1,1,4,1,"_m/M572.png","_m/M417.png","norev"
47,102,0,1,4,0,"_f/F910.png","_f/F943.png","norev"
47,103,1,0,4,-1,"0","_m/M413.png - _m/M824.png","norev"
47,104,0,0,1,-1,"0","_f/F443.png - _f/F745.png","norev"
47,105,0,0,3,-1,"0","_f/F592.png - _f/F744.png","norev"
47,106,0,1,1,0,"_f/F468.png","_f/F492.png","norev"
47,107,1,1,4,1,"_m/M492.png","_m/M525.png","norev"
47,108,0,1,3,1,"_f/F950.png","_f/F531.png","norev"
47,109,1,0,1,-1,"0","_m/M435.png - _m/M347.png","norev"
47,110,1,1,1,1,"_m/M786.png","_m/M469.png","norev"
47,111,0,1,1,0,"_f/F369.png","_f/F447.png","norev"
47,112,1,0,4,-1,"0","_m/M807.png - _m/M790.png","norev"
47,113,1,0,1,-1,"0","_m/M543.png - _m/M881.png","norev"
47,114,1,0,4,-1,"0","_m/M340.png - _m/M474.png","norev"
47,115,0,1,2,0,"_f/F333.png","_f/F765.png","norev"
47,116,1,1,1,0,"_m/M948.png","_m/M654.png","norev"
47,117,1,0,4,-1,"0","_m/M740.png - _m/M382.png","norev"
47,118,0,0,1,-1,"0","_f/F591.png - _f/F416.png","norev"
47,119,1,1,4,1,"_m/M623.png","_m/M698.png","norev"
47,120,1,1,4,0,"_m/M638.png","_m/M392.png","norev"
47,121,1,0,1,-1,"0","_m/M486.png - _m/M438.png","norev"
47,122,0,1,4,1,"_f/F749.png","_f/F340.png","norev"
47,123,0,0,1,-1,"0","_f/F563.png - _f/F706.png","norev"
47,124,0,0,3,-1,"0","_f/F674.png - _f/F454.png","norev"
47,125,0,1,2,1,"_f/F362.png","_f/F664.png","norev"
47,126,1,0,1,-1,"0","_m/M669.png - _m/M871.png","norev"
47,127,1,0,1,-1,"0","_m/M688.png - _m/M584.png","norev"
47,128,1,0,4,-1,"0","_m/M338.png - _m/M603.png","norev"
47,129,0,0,3,-1,"0","_f/F947.png - _f/F922.png","norev"
47,130,1,1,4,1,"_m/M351.png","_m/M734.png","norev"
47,131,1,1,2,1,"_m/M346.png","_m/M495.png","norev"
47,132,0,0,4,-1,"0","_f/F873.png - _f/F390.png","norev"
47,133,0,0,4,-1,"0","_f/F427.png - _f/F635.png","norev"
47,134,0,0,1,-1,"0","_f/F767.png - _f/F593.png","norev"
47,135,0,1,4,1,"_f/F341.png","_f/F517.png","norev"
47,136,0,0,3,-1,"0","_f/F665.png - _f/F353.png","norev"
47,137,1,0,3,-1,"0","_m/M419.png - _m/M430.png","norev"
47,138,0,1,1,1,"_f/F875.png","_f/F867.png","norev"
47,139,1,1,2,0,"_m/M866.png","_m/M747.png","norev"
47,140,1,0,4,-1,"0","_m/M432.png - _m/M784.png","norev"
47,141,0,1,1,1,"_f/F826.png","_f/F647.png","norev"
47,142,0,1,3,1,"_f/F459.png","_f/F550.png","norev"
47,143,0,0,1,-1,"0","_f/F778.png - _f/F370.png","norev"
47,144,1,0,4,-1,"0","_m/M769.png - _m/M418.png","norev"
47,145,1,1,3,0,"_m/M802.png","_m/M409.png","norev"
47,146,0,1,1,1,"_f/F886.png","_f/F789.png","norev"
47,147,1,1,1,1,"_m/M850.png","_m/M902.png","norev"
47,148,0,0,4,-1,"0","_f/F803.png - _f/F560.png","norev"
47,149,1,1,3,0,"_m/M453.png","_m/M511.png","norev"
47,150,1,1,3,1,"_m/M607.png","_m/M870.png","norev"
47,151,0,1,4,1,"_f/F463.png","_f/F604.png","norev"
47,152,1,0,2,-1,"0","_m/M422.png - _m/M694.png","norev"
47,153,0,0,1,-1,"0","_f/F448.png - _f/F418.png","norev"
47,154,0,1,3,0,"_f/F835.png","_f/F705.png","norev"
47,155,0,1,1,1,"_f/F673.png","_f/F451.png","norev"
47,156,1,0,4,-1,"0","_m/M403.png - _m/M878.png","norev"
47,157,1,1,3,1,"_m/M907.png","_m/M549.png","norev"
47,158,0,0,4,-1,"0","_f/F488.png - _f/F642.png","norev"
47,159,0,1,4,1,"_f/F739.png","_f/F620.png","norev"
47,160,0,0,1,-1,"0","_f/F504.png - _f/F740.png","norev"
47,161,1,0,3,-1,"0","_m/M814.png - _m/M895.png","norev"
47,162,0,1,1,0,"_f/F366.png","_f/F348.png","norev"
47,163,1,1,1,0,"_m/M575.png","_m/M830.png","norev"
47,164,1,0,2,-1,"0","_m/M390.png - _m/M626.png","norev"
47,165,0,1,3,1,"_f/F383.png","_f/F490.png","norev"
47,166,1,1,1,1,"_m/M576.png","_m/M574.png","norev"
47,167,1,0,1,-1,"0","_m/M917.png - _m/M480.png","norev"
47,168,0,0,2,-1,"0","_f/F633.png - _f/F382.png","norev"
47,169,1,0,3,-1,"0","_m/M393.png - _m/M444.png","norev"
47,170,1,0,4,-1,"0","_m/M711.png - _m/M606.png","norev"
47,171,1,0,1,-1,"0","_m/M817.png - _m/M759.png","norev"
47,172,0,0,3,-1,"0","_f/F675.png - _f/F860.png","norev"
47,173,1,1,1,1,"_m/M792.png","_m/M713.png","norev"
47,174,0,1,1,1,"_f/F481.png","_f/F536.png","norev"
47,175,1,1,3,1,"_m/M619.png","_m/M337.png","norev"
47,176,1,0,4,-1,"0","_m/M592.png - _m/M722.png","norev"
47,177,1,0,1,-1,"0","_m/M360.png - _m/M683.png","norev"
47,178,0,0,1,-1,"0","_f/F609.png - _f/F687.png","norev"
47,179,0,1,3,1,"_f/F629.png","_f/F636.png","norev"
47,180,1,0,3,-1,"0","_m/M485.png - _m/M733.png","norev"
47,181,0,1,1,1,"_f/F931.png","_f/F482.png","norev"
47,182,0,0,4,-1,"0","_f/F945.png - _f/F936.png","norev"
47,183,1,0,4,-1,"0","_m/M681.png - _m/M751.png","norev"
47,184,1,1,2,0,"_m/M639.png","_m/M327.png","norev"
47,185,1,1,3,0,"_m/M645.png","_m/M773.png","norev"
47,186,0,0,4,-1,"0","_f/F884.png - _f/F630.png","norev"
47,187,0,1,4,0,"_f/F475.png","_f/F449.png","norev"
47,188,1,0,2,-1,"0","_m/M510.png - _m/M537.png","norev"
47,189,1,0,1,-1,"0","_m/M779.png - _m/M757.png","norev"
47,190,1,1,3,1,"_m/M777.png","_m/M367.png","norev"
47,191,0,0,1,-1,"0","_f/F896.png - _f/F820.png","norev"
47,192,1,0,3,-1,"0","_m/M717.png - _m/M400.png","norev"
47,193,1,0,4,-1,"0","_m/M388.png - _m/M359.png","norev"
47,194,0,0,4,-1,"0","_f/F457.png - _f/F648.png","norev"
47,195,1,1,4,0,"_m/M503.png","_m/M716.png","norev"
47,196,0,1,1,0,"_f/F572.png","_f/F928.png","norev"
47,197,1,0,1,-1,"0","_m/M538.png - _m/M735.png","norev"
47,198,1,0,2,-1,"0","_m/M381.png - _m/M535.png","norev"
47,199,1,1,4,0,"_m/M344.png","_m/M633.png","norev"
47,200,0,1,3,0,"_f/F442.png","_f/F344.png","norev"
48,1,0,0,1,-1,"0","_f/F446.png - _f/F707.png","norev"
48,2,1,0,2,-1,"0","_m/M651.png - _m/M439.png","norev"
48,3,0,1,4,0,"_f/F347.png","_f/F491.png","norev"
48,4,0,1,1,1,"_f/F735.png","_f/F697.png","norev"
48,5,0,1,3,0,"_f/F555.png","_f/F332.png","norev"
48,6,0,1,4,1,"_f/F677.png","_f/F579.png","norev"
48,7,1,0,2,-1,"0","_m/M947.png - _m/M748.png","norev"
48,8,0,0,2,-1,"0","_f/F794.png - _f/F803.png","norev"
48,9,0,0,2,-1,"0","_f/F517.png - _f/F771.png","norev"
48,10,0,1,1,1,"_f/F395.png","_f/F359.png","norev"
48,11,0,0,1,-1,"0","_f/F930.png - _f/F327.png","norev"
48,12,0,0,2,-1,"0","_f/F749.png - _f/F912.png","norev"
48,13,0,0,2,-1,"0","_f/F721.png - _f/F854.png","norev"
48,14,0,0,2,-1,"0","_f/F784.png - _f/F366.png","norev"
48,15,1,1,3,1,"_m/M754.png","_m/M363.png","norev"
48,16,1,0,1,-1,"0","_m/M761.png - _m/M750.png","norev"
48,17,1,1,2,1,"_m/M506.png","_m/M642.png","norev"
48,18,0,0,2,-1,"0","_f/F520.png - _f/F495.png","norev"
48,19,0,0,1,-1,"0","_f/F831.png - _f/F795.png","norev"
48,20,1,1,4,1,"_m/M891.png","_m/M782.png","norev"
48,21,0,0,2,-1,"0","_f/F543.png - _f/F569.png","norev"
48,22,0,1,3,1,"_f/F683.png","_f/F456.png","norev"
48,23,0,1,2,0,"_f/F752.png","_f/F393.png","norev"
48,24,0,0,2,-1,"0","_f/F672.png - _f/F405.png","norev"
48,25,1,1,1,1,"_m/M490.png","_m/M406.png","norev"
48,26,1,0,1,-1,"0","_m/M438.png - _m/M615.png","norev"
48,27,1,1,4,1,"_m/M390.png","_m/M912.png","norev"
48,28,0,0,3,-1,"0","_f/F462.png - _f/F643.png","norev"
48,29,1,0,3,-1,"0","_m/M740.png - _m/M813.png","norev"
48,30,1,0,4,-1,"0","_m/M608.png - _m/M645.png","norev"
48,31,1,1,2,0,"_m/M359.png","_m/M474.png","norev"
48,32,0,1,1,0,"_f/F762.png","_f/F532.png","norev"
48,33,1,0,3,-1,"0","_m/M499.png - _m/M906.png","norev"
48,34,0,1,2,1,"_f/F392.png","_f/F627.png","norev"
48,35,0,0,2,-1,"0","_f/F744.png - _f/F864.png","norev"
48,36,1,1,2,0,"_m/M510.png","_m/M780.png","norev"
48,37,0,0,2,-1,"0","_f/F542.png - _f/F736.png","norev"
48,38,1,1,2,1,"_m/M772.png","_m/M529.png","norev"
48,39,1,1,3,1,"_m/M650.png","_m/M798.png","norev"
48,40,0,1,3,1,"_f/F660.png","_f/F730.png","norev"
48,41,1,1,2,0,"_m/M471.png","_m/M588.png","norev"
48,42,1,1,2,1,"_m/M734.png","_m/M521.png","norev"
48,43,0,0,1,-1,"0","_f/F612.png - _f/F728.png","norev"
48,44,0,1,1,0,"_f/F459.png","_f/F518.png","norev"
48,45,1,1,1,1,"_m/M370.png","_m/M855.png","norev"
48,46,1,0,2,-1,"0","_m/M641.png - _m/M515.png","norev"
48,47,1,0,2,-1,"0","_m/M868.png - _m/M448.png","norev"
48,48,0,0,2,-1,"0","_f/F889.png - _f/F847.png","norev"
48,49,0,1,1,1,"_f/F414.png","_f/F796.png","norev"
48,50,1,1,3,0,"_m/M402.png","_m/M713.png","norev"
48,51,1,1,2,1,"_m/M917.png","_m/M920.png","norev"
48,52,1,0,1,-1,"0","_m/M862.png - _m/M805.png","norev"
48,53,1,0,1,-1,"0","_m/M636.png - _m/M535.png","norev"
48,54,1,1,3,1,"_m/M511.png","_m/M845.png","norev"
48,55,0,0,2,-1,"0","_f/F357.png - _f/F474.png","norev"
48,56,1,0,1,-1,"0","_m/M527.png - _m/M560.png","norev"
48,57,0,1,2,1,"_f/F429.png","_f/F682.png","norev"
48,58,1,0,3,-1,"0","_m/M886.png - _m/M637.png","norev"
48,59,1,0,2,-1,"0","_m/M596.png - _m/M914.png","norev"
48,60,0,0,2,-1,"0","_f/F932.png - _f/F522.png","norev"
48,61,0,1,3,1,"_f/F653.png","_f/F398.png","norev"
48,62,1,1,2,1,"_m/M342.png","_m/M918.png","norev"
48,63,0,1,4,1,"_f/F844.png","_f/F373.png","norev"
48,64,0,1,3,0,"_f/F539.png","_f/F512.png","norev"
48,65,1,0,2,-1,"0","_m/M925.png - _m/M889.png","norev"
48,66,1,0,1,-1,"0","_m/M924.png - _m/M770.png","norev"
48,67,1,1,2,1,"_m/M804.png","_m/M522.png","norev"
48,68,0,1,1,1,"_f/F929.png","_f/F785.png","norev"
48,69,1,1,3,0,"_m/M586.png","_m/M764.png","norev"
48,70,0,0,2,-1,"0","_f/F536.png - _f/F875.png","norev"
48,71,1,0,3,-1,"0","_m/M712.png - _m/M662.png","norev"
48,72,1,0,2,-1,"0","_m/M442.png - _m/M826.png","norev"
48,73,0,1,1,1,"_f/F342.png","_f/F423.png","norev"
48,74,1,1,2,1,"_m/M623.png","_m/M940.png","norev"
48,75,0,1,3,1,"_f/F769.png","_f/F792.png","norev"
48,76,1,0,2,-1,"0","_m/M722.png - _m/M619.png","norev"
48,77,0,0,3,-1,"0","_f/F345.png - _f/F689.png","norev"
48,78,0,1,2,1,"_f/F587.png","_f/F341.png","norev"
48,79,0,1,1,0,"_f/F893.png","_f/F822.png","norev"
48,80,0,1,2,0,"_f/F530.png","_f/F534.png","norev"
48,81,1,1,2,0,"_m/M938.png","_m/M407.png","norev"
48,82,1,0,2,-1,"0","_m/M929.png - _m/M551.png","norev"
48,83,1,1,3,1,"_m/M885.png","_m/M496.png","norev"
48,84,1,1,4,1,"_m/M393.png","_m/M644.png","norev"
48,85,0,1,3,1,"_f/F415.png","_f/F734.png","norev"
48,86,0,0,2,-1,"0","_f/F901.png - _f/F601.png","norev"
48,87,1,0,3,-1,"0","_m/M611.png - _m/M431.png","norev"
48,88,1,0,2,-1,"0","_m/M358.png - _m/M468.png","norev"
48,89,0,0,3,-1,"0","_f/F443.png - _f/F550.png","norev"
48,90,0,1,2,0,"_f/F693.png","_f/F706.png","norev"
48,91,0,1,2,1,"_f/F499.png","_f/F835.png","norev"
48,92,0,1,4,1,"_f/F760.png","_f/F717.png","norev"
48,93,1,1,3,1,"_m/M639.png","_m/M859.png","norev"
48,94,1,1,2,1,"_m/M777.png","_m/M348.png","norev"
48,95,1,1,3,0,"_m/M414.png","_m/M860.png","norev"
48,96,1,0,2,-1,"0","_m/M944.png - _m/M575.png","norev"
48,97,1,1,2,0,"_m/M467.png","_m/M928.png","norev"
48,98,0,1,3,1,"_f/F910.png","_f/F503.png","norev"
48,99,1,0,1,-1,"0","_m/M876.png - _m/M385.png","norev"
48,100,1,1,1,0,"_m/M437.png","_m/M841.png","norev"
48,101,1,1,2,1,"_m/M932.png","_m/M433.png","norev"
48,102,1,0,2,-1,"0","_m/M850.png - _m/M331.png","norev"
48,103,1,1,2,1,"_m/M684.png","_m/M413.png","norev"
48,104,1,1,2,1,"_m/M858.png","_m/M530.png","norev"
48,105,1,0,2,-1,"0","_m/M908.png - _m/M409.png","norev"
48,106,1,0,3,-1,"0","_m/M647.png - _m/M866.png","norev"
48,107,1,1,4,1,"_m/M365.png","_m/M617.png","norev"
48,108,0,0,1,-1,"0","_f/F918.png - _f/F708.png","norev"
48,109,0,1,3,0,"_f/F836.png","_f/F607.png","norev"
48,110,0,0,3,-1,"0","_f/F337.png - _f/F399.png","norev"
48,111,0,0,2,-1,"0","_f/F559.png - _f/F753.png","norev"
48,112,0,1,1,1,"_f/F678.png","_f/F401.png","norev"
48,113,1,0,2,-1,"0","_m/M801.png - _m/M878.png","norev"
48,114,1,1,3,1,"_m/M566.png","_m/M572.png","norev"
48,115,1,1,3,1,"_m/M457.png","_m/M341.png","norev"
48,116,1,1,2,1,"_m/M871.png","_m/M895.png","norev"
48,117,1,1,1,1,"_m/M707.png","_m/M531.png","norev"
48,118,0,0,2,-1,"0","_f/F934.png - _f/F404.png","norev"
48,119,0,0,2,-1,"0","_f/F431.png - _f/F816.png","norev"
48,120,0,1,3,1,"_f/F439.png","_f/F790.png","norev"
48,121,0,1,2,0,"_f/F447.png","_f/F907.png","norev"
48,122,0,1,3,0,"_f/F383.png","_f/F506.png","norev"
48,123,1,0,3,-1,"0","_m/M374.png - _m/M646.png","norev"
48,124,1,0,1,-1,"0","_m/M787.png - _m/M819.png","norev"
48,125,0,0,2,-1,"0","_f/F676.png - _f/F510.png","norev"
48,126,0,0,2,-1,"0","_f/F430.png - _f/F700.png","norev"
48,127,0,0,2,-1,"0","_f/F783.png - _f/F608.png","norev"
48,128,1,0,2,-1,"0","_m/M874.png - _m/M708.png","norev"
48,129,0,0,2,-1,"0","_f/F722.png - _f/F811.png","norev"
48,130,0,1,2,0,"_f/F346.png","_f/F411.png","norev"
48,131,1,0,3,-1,"0","_m/M444.png - _m/M806.png","norev"
48,132,0,0,2,-1,"0","_f/F829.png - _f/F690.png","norev"
48,133,0,0,2,-1,"0","_f/F772.png - _f/F863.png","norev"
48,134,1,1,2,1,"_m/M818.png","_m/M571.png","norev"
48,135,1,0,2,-1,"0","_m/M547.png - _m/M705.png","norev"
48,136,1,0,2,-1,"0","_m/M554.png - _m/M872.png","norev"
48,137,0,1,2,1,"_f/F438.png","_f/F508.png","norev"
48,138,0,0,3,-1,"0","_f/F516.png - _f/F528.png","norev"
48,139,1,1,3,1,"_m/M340.png","_m/M561.png","norev"
48,140,0,1,1,1,"_f/F367.png","_f/F380.png","norev"
48,141,1,0,2,-1,"0","_m/M714.png - _m/M771.png","norev"
48,142,0,0,3,-1,"0","_f/F585.png - _f/F859.png","norev"
48,143,0,0,2,-1,"0","_f/F397.png - _f/F563.png","norev"
48,144,0,1,2,0,"_f/F581.png","_f/F832.png","norev"
48,145,1,1,3,0,"_m/M946.png","_m/M695.png","norev"
48,146,1,0,2,-1,"0","_m/M922.png - _m/M916.png","norev"
48,147,0,1,4,1,"_f/F434.png","_f/F452.png","norev"
48,148,0,0,2,-1,"0","_f/F862.png - _f/F618.png","norev"
48,149,0,0,2,-1,"0","_f/F465.png - _f/F674.png","norev"
48,150,1,0,2,-1,"0","_m/M579.png - _m/M635.png","norev"
48,151,1,1,3,1,"_m/M594.png","_m/M762.png","norev"
48,152,0,0,2,-1,"0","_f/F909.png - _f/F879.png","norev"
48,153,0,0,2,-1,"0","_f/F878.png - _f/F330.png","norev"
48,154,1,0,2,-1,"0","_m/M593.png - _m/M610.png","norev"
48,155,1,0,2,-1,"0","_m/M898.png - _m/M450.png","norev"
48,156,1,0,2,-1,"0","_m/M595.png - _m/M387.png","norev"
48,157,0,1,3,1,"_f/F950.png","_f/F425.png","norev"
48,158,1,1,3,1,"_m/M765.png","_m/M405.png","norev"
48,159,0,1,2,1,"_f/F763.png","_f/F699.png","norev"
48,160,1,0,2,-1,"0","_m/M441.png - _m/M546.png","norev"
48,161,1,1,2,1,"_m/M513.png","_m/M533.png","norev"
48,162,0,1,1,1,"_f/F714.png","_f/F931.png","norev"
48,163,0,1,2,1,"_f/F523.png","_f/F418.png","norev"
48,164,0,0,2,-1,"0","_f/F377.png - _f/F514.png","norev"
48,165,1,1,3,1,"_m/M861.png","_m/M526.png","norev"
48,166,0,0,2,-1,"0","_f/F904.png - _f/F469.png","norev"
48,167,1,0,2,-1,"0","_m/M880.png - _m/M796.png","norev"
48,168,1,0,2,-1,"0","_m/M384.png - _m/M738.png","norev"
48,169,0,0,2,-1,"0","_f/F388.png - _f/F688.png","norev"
48,170,0,0,2,-1,"0","_f/F632.png - _f/F805.png","norev"
48,171,1,1,3,0,"_m/M327.png","_m/M865.png","norev"
48,172,0,1,2,0,"_f/F903.png","_f/F818.png","norev"
48,173,1,1,3,1,"_m/M580.png","_m/M851.png","norev"
48,174,1,1,2,1,"_m/M816.png","_m/M485.png","norev"
48,175,0,0,1,-1,"0","_f/F761.png - _f/F651.png","norev"
48,176,1,0,2,-1,"0","_m/M685.png - _m/M723.png","norev"
48,177,1,0,2,-1,"0","_m/M500.png - _m/M624.png","norev"
48,178,0,0,2,-1,"0","_f/F636.png - _f/F477.png","norev"
48,179,1,1,2,1,"_m/M893.png","_m/M638.png","norev"
48,180,0,1,3,1,"_f/F681.png","_f/F703.png","norev"
48,181,0,1,2,0,"_f/F892.png","_f/F515.png","norev"
48,182,0,1,1,1,"_f/F527.png","_f/F371.png","norev"
48,183,1,1,4,1,"_m/M494.png","_m/M548.png","norev"
48,184,0,1,3,1,"_f/F842.png","_f/F454.png","norev"
48,185,0,0,2,-1,"0","_f/F630.png - _f/F764.png","norev"
48,186,0,1,2,1,"_f/F369.png","_f/F519.png","norev"
48,187,0,0,2,-1,"0","_f/F351.png - _f/F420.png","norev"
48,188,1,1,2,0,"_m/M487.png","_m/M789.png","norev"
48,189,0,1,2,1,"_f/F356.png","_f/F492.png","norev"
48,190,0,0,1,-1,"0","_f/F638.png - _f/F809.png","norev"
48,191,1,0,3,-1,"0","_m/M913.png - _m/M488.png","norev"
48,192,0,0,2,-1,"0","_f/F374.png - _f/F928.png","norev"
48,193,1,0,3,-1,"0","_m/M820.png - _m/M843.png","norev"
48,194,1,1,2,1,"_m/M864.png","_m/M687.png","norev"
48,195,0,1,2,0,"_f/F485.png","_f/F501.png","norev"
48,196,1,0,2,-1,"0","_m/M659.png - _m/M675.png","norev"
48,197,1,0,2,-1,"0","_m/M534.png - _m/M831.png","norev"
48,198,1,1,2,0,"_m/M634.png","_m/M830.png","norev"
48,199,1,0,2,-1,"0","_m/M769.png - _m/M620.png","norev"
48,200,0,1,3,0,"_f/F444.png","_f/F613.png","norev"
